user_id,group,segment,converted,latency_ms,time_on_page_sec
9658,control,mobile,0,155.73,34.19
18730,control,tablet,0,214.31,68.99
4709,treatment,desktop,0,228.24,35.16
12034,control,mobile,0,222.5,27.75
4203,treatment,desktop,1,234.31,39.21
5766,treatment,desktop,0,166.4,29.55
3300,treatment,desktop,0,213.34,37.16
11677,control,mobile,0,278.74,43.43
2327,treatment,desktop,0,185.56,35.23
13017,control,mobile,0,184.14,91.8
10020,control,mobile,0,191.96,39.85
16785,treatment,mobile,0,174.22,55.5
7418,treatment,desktop,0,214.07,46.55
13060,control,mobile,0,239.87,57.99
16103,treatment,mobile,0,243.11,31.85
15762,treatment,mobile,0,215.86,182.46
10111,control,mobile,0,239.13,47.89
3530,treatment,desktop,0,234.46,59.14
15335,treatment,mobile,0,230.28,37.36
15959,treatment,mobile,0,194.99,52.05
10519,control,mobile,0,197.62,44.41
18344,control,tablet,1,200.74,91.45
13075,control,mobile,0,197.15,38.65
17626,control,tablet,1,232.52,25.55
18694,control,tablet,1,256.99,80.54
9063,control,mobile,0,226.51,61.24
13522,control,mobile,1,224.97,60.49
18814,control,tablet,0,278.37,29.61
11311,control,mobile,0,207.78,47.12
14095,control,mobile,0,207.63,69.67
16571,treatment,mobile,0,236.37,125.01
16807,treatment,mobile,0,187.48,51.9
1521,treatment,desktop,0,209.17,21.82
2645,treatment,desktop,0,242.27,40.03
14438,control,mobile,0,248.57,59.68
4651,treatment,desktop,0,209.8,72.27
10631,control,mobile,0,190.5,59.56
5122,treatment,desktop,0,272.63,90.89
15321,treatment,mobile,0,233.77,31.82
19284,treatment,tablet,0,166.24,35.93
364,control,desktop,0,198.21,42.2
13170,control,mobile,0,283.3,86.66
8433,control,mobile,0,194.1,56.51
11414,control,mobile,0,204.38,41.38
12851,control,mobile,0,181.33,67.41
13158,control,mobile,0,261.44,56.92
11991,control,mobile,0,244.31,73.22
12170,control,mobile,0,250.69,34.22
6833,treatment,desktop,0,219.25,52.52
12220,control,mobile,0,216.32,117.14
13428,control,mobile,0,224.31,38.83
18414,control,tablet,0,258.26,100.65
3437,treatment,desktop,0,247.67,65.07
15371,treatment,mobile,0,216.47,49.36
2485,treatment,desktop,0,276.32,107.14
11785,control,mobile,0,235.43,52.35
10761,control,mobile,0,233.41,99.07
18043,control,tablet,0,299.41,58.65
14408,control,mobile,0,268.16,58.34
2950,treatment,desktop,1,227.01,92.03
5682,treatment,desktop,0,170.02,54.63
10239,control,mobile,0,287.09,69.88
16080,treatment,mobile,0,208.49,39.81
4329,treatment,desktop,0,214.14,20.66
3963,treatment,desktop,0,151.74,54.85
5666,treatment,desktop,0,213.78,47.54
10795,control,mobile,0,260.22,53.44
10601,control,mobile,0,235.25,76.66
17985,control,tablet,0,192.85,82.3
3209,treatment,desktop,0,215.78,41.78
10075,control,mobile,0,189.18,65.02
12031,control,mobile,0,171.88,110.51
260,control,desktop,0,213.48,37.82
9767,control,mobile,0,192.82,71.17
7263,treatment,desktop,0,241.22,85.31
18064,control,tablet,0,231.6,108.19
10018,control,mobile,0,224.84,121.61
16647,treatment,mobile,0,220.21,52.9
11102,control,mobile,0,193.54,51.11
14392,control,mobile,0,221.41,32.11
220,control,desktop,1,208.67,72.94
6623,treatment,desktop,1,230.99,100.35
10118,control,mobile,0,230.06,75.99
4362,treatment,desktop,0,236.25,31.26
9432,control,mobile,0,175.33,67.08
4944,treatment,desktop,0,183.91,60.66
18006,control,tablet,1,241.69,43.32
14345,control,mobile,0,192.28,43.22
6597,treatment,desktop,1,253.12,31.62
19605,treatment,tablet,0,214.51,57.31
16404,treatment,mobile,0,262.91,79.08
19988,treatment,tablet,0,235.06,45.06
14659,control,mobile,1,170.76,29.64
7454,treatment,desktop,0,178.39,56.82
296,control,desktop,1,267.81,34.13
15373,treatment,mobile,0,184.04,63.1
16688,treatment,mobile,0,248.97,20.96
5895,treatment,desktop,0,229.87,127.51
13130,control,mobile,0,153.82,19.49
15975,treatment,mobile,0,204.45,31.82
15094,control,mobile,0,193.84,116.73
15411,treatment,mobile,0,190.82,37.91
2945,treatment,desktop,0,209.33,71.61
13586,control,mobile,0,241.43,42.03
12362,control,mobile,0,209.42,66.69
14506,control,mobile,0,224.71,41.86
17079,treatment,mobile,0,214.31,46.79
6142,treatment,desktop,0,237.39,75.57
1429,treatment,desktop,0,233.35,51.08
15716,treatment,mobile,0,192.12,40.29
12601,control,mobile,0,192.36,52.7
18732,control,tablet,0,236.19,55.71
19791,treatment,tablet,0,219.79,41.13
527,control,desktop,0,249.9,53.61
5346,treatment,desktop,1,178.73,76.47
743,control,desktop,0,191.79,47.75
19154,treatment,tablet,0,245.69,56.21
17303,treatment,mobile,0,268.39,38.09
8514,control,mobile,0,231.58,39.73
18507,control,tablet,0,269.99,69.48
16614,treatment,mobile,0,207.49,34.37
18623,control,tablet,0,195.61,42.9
14570,control,mobile,0,201.36,49.12
8979,control,mobile,0,224.93,28.41
2715,treatment,desktop,0,211.66,26.14
16068,treatment,mobile,0,202.31,109.79
15684,treatment,mobile,0,220.41,47.11
13144,control,mobile,0,241.64,63.65
8115,treatment,desktop,0,186.48,82.98
9648,control,mobile,0,248.11,75.02
5945,treatment,desktop,0,154.51,63.56
16948,treatment,mobile,0,269.06,36.17
5246,treatment,desktop,0,153.71,51.65
3221,treatment,desktop,0,233.59,69.3
1681,treatment,desktop,0,197.89,22.21
9870,control,mobile,0,230.77,24.09
17376,treatment,mobile,0,221.85,18.48
7220,treatment,desktop,0,223.31,22.59
6011,treatment,desktop,0,250.14,40.04
5684,treatment,desktop,0,229.41,59.05
1777,treatment,desktop,0,203.57,18.88
14254,control,mobile,0,236.26,99.37
17239,treatment,mobile,0,251.46,101.24
15895,treatment,mobile,0,175.35,27.67
11561,control,mobile,0,217.33,66.39
17470,treatment,mobile,0,231.44,38.33
6067,treatment,desktop,1,243.99,20.14
7159,treatment,desktop,0,216.45,41.76
16844,treatment,mobile,0,184.61,50.34
6551,treatment,desktop,0,238.28,49.35
918,control,desktop,0,252.79,93.4
5675,treatment,desktop,1,220.33,31.97
7001,treatment,desktop,0,205.51,31.63
2558,treatment,desktop,0,203.17,150.27
18297,control,tablet,0,226.7,109.9
3129,treatment,desktop,0,202.94,91.31
16189,treatment,mobile,0,250.93,24.24
13288,control,mobile,0,265.85,21.03
12728,control,mobile,0,191.71,36.18
304,control,desktop,0,235.72,84.72
9911,control,mobile,0,226.09,17.25
10110,control,mobile,0,193.9,91.41
6891,treatment,desktop,0,267.88,37.05
13479,control,mobile,0,224.53,43.55
18512,control,tablet,0,225.82,20.14
16034,treatment,mobile,0,237.53,41.45
12971,control,mobile,0,185.46,61.87
16242,treatment,mobile,0,266.95,56.5
8792,control,mobile,0,178.57,36.47
7389,treatment,desktop,0,233.33,40.02
9381,control,mobile,0,214.39,63.68
12306,control,mobile,0,264.39,42.38
11804,control,mobile,0,182.87,34.13
12144,control,mobile,0,233.38,56.67
19130,treatment,tablet,0,184.85,37.37
881,control,desktop,0,159.37,46.25
8822,control,mobile,0,221.78,34.52
2369,treatment,desktop,0,234.74,49.3
18179,control,tablet,0,208.99,46.76
15928,treatment,mobile,0,207.15,90.87
14004,control,mobile,0,201.82,50.23
9010,control,mobile,0,211.31,16.54
18106,control,tablet,0,205.35,49.35
13457,control,mobile,0,234.42,35.1
14283,control,mobile,0,237.58,68.14
19911,treatment,tablet,1,250.61,78.97
11401,control,mobile,0,275.95,62.53
1530,treatment,desktop,0,222.07,40.56
535,control,desktop,1,239.69,43.17
13015,control,mobile,0,206.04,52.48
9779,control,mobile,0,233.32,63.86
13789,control,mobile,0,230.32,31.25
367,control,desktop,0,247.02,41.0
7802,treatment,desktop,0,263.21,36.67
11629,control,mobile,0,212.73,42.41
4689,treatment,desktop,0,188.11,19.83
2976,treatment,desktop,0,246.3,80.58
8205,control,mobile,0,232.04,54.85
5191,treatment,desktop,0,194.43,73.07
13717,control,mobile,1,242.93,31.26
4806,treatment,desktop,0,240.88,177.19
9420,control,mobile,0,239.66,38.54
6449,treatment,desktop,0,292.39,45.91
15551,treatment,mobile,0,243.55,33.03
18323,control,tablet,0,249.09,37.53
13312,control,mobile,0,266.59,89.84
19930,treatment,tablet,0,242.37,24.32
5233,treatment,desktop,0,240.69,98.31
10178,control,mobile,0,223.14,35.39
728,control,desktop,0,238.37,30.73
7824,treatment,desktop,0,218.06,37.81
18562,control,tablet,0,215.9,76.59
5003,treatment,desktop,0,250.68,103.45
15139,treatment,mobile,0,190.07,24.56
12795,control,mobile,0,214.09,47.12
3766,treatment,desktop,0,259.34,69.89
19539,treatment,tablet,0,246.87,31.05
16430,treatment,mobile,0,187.06,78.43
2851,treatment,desktop,0,185.24,28.47
16421,treatment,mobile,0,226.38,22.62
16531,treatment,mobile,0,264.66,63.36
16692,treatment,mobile,0,269.83,39.5
19269,treatment,tablet,0,282.72,54.46
10571,control,mobile,0,202.62,36.41
13630,control,mobile,0,182.83,112.37
1565,treatment,desktop,0,163.42,29.48
15826,treatment,mobile,0,242.42,25.56
1189,control,desktop,0,191.29,16.95
19510,treatment,tablet,0,205.81,73.89
10621,control,mobile,0,193.34,25.3
6754,treatment,desktop,0,186.62,61.31
5962,treatment,desktop,0,216.74,110.07
16287,treatment,mobile,0,237.58,78.97
16153,treatment,mobile,0,220.63,59.64
14926,control,mobile,0,228.38,68.62
18618,control,tablet,0,258.22,68.2
9974,control,mobile,0,278.5,45.31
18128,control,tablet,1,182.89,92.64
12906,control,mobile,0,206.85,76.0
7735,treatment,desktop,0,230.68,30.92
12098,control,mobile,0,172.41,80.55
19447,treatment,tablet,0,248.7,32.58
18956,control,tablet,0,198.82,51.85
4869,treatment,desktop,0,212.77,53.64
14632,control,mobile,1,292.72,31.58
294,control,desktop,0,230.16,74.71
16813,treatment,mobile,0,185.37,37.42
17349,treatment,mobile,0,226.74,68.31
4088,treatment,desktop,0,234.64,16.2
14532,control,mobile,0,209.69,93.01
15163,treatment,mobile,0,194.55,108.25
15302,treatment,mobile,0,247.85,52.98
17772,control,tablet,0,190.05,44.47
3240,treatment,desktop,1,270.64,42.71
1534,treatment,desktop,1,243.2,35.56
7182,treatment,desktop,0,213.37,107.9
6506,treatment,desktop,0,238.96,23.65
3475,treatment,desktop,0,167.91,21.74
13554,control,mobile,0,226.55,41.11
1438,treatment,desktop,0,265.43,38.6
6811,treatment,desktop,1,263.34,38.75
8890,control,mobile,0,200.46,54.03
18066,control,tablet,0,208.3,75.14
5125,treatment,desktop,1,231.98,38.94
9345,control,mobile,0,216.91,46.05
6858,treatment,desktop,0,200.42,21.82
1235,treatment,desktop,0,235.2,41.02
18893,control,tablet,0,225.72,23.41
14301,control,mobile,0,213.19,96.12
12045,control,mobile,0,186.26,54.68
11104,control,mobile,0,208.24,40.03
17361,treatment,mobile,0,222.3,46.01
12017,control,mobile,0,187.35,51.38
6251,treatment,desktop,0,271.56,63.71
19966,treatment,tablet,0,235.06,38.97
17757,control,tablet,1,240.5,39.86
1854,treatment,desktop,0,190.48,43.81
3527,treatment,desktop,0,209.44,54.8
8335,control,mobile,1,275.37,72.19
15969,treatment,mobile,0,190.56,34.96
16363,treatment,mobile,0,213.64,25.78
12788,control,mobile,0,211.19,43.87
8782,control,mobile,0,180.28,48.39
19156,treatment,tablet,0,214.81,34.52
4982,treatment,desktop,0,219.47,48.29
1121,control,desktop,0,197.56,29.86
14934,control,mobile,0,211.63,56.03
171,control,desktop,1,260.4,25.76
16204,treatment,mobile,0,264.44,47.05
12579,control,mobile,0,220.72,25.45
12954,control,mobile,0,279.33,43.41
17648,control,tablet,0,256.94,28.02
12146,control,mobile,0,227.5,79.9
8110,treatment,desktop,0,286.19,64.16
2390,treatment,desktop,0,253.11,54.05
13034,control,mobile,0,204.17,99.06
504,control,desktop,0,196.08,40.21
9130,control,mobile,0,251.62,43.2
19793,treatment,tablet,0,265.77,133.2
15377,treatment,mobile,0,233.77,77.14
17132,treatment,mobile,0,212.25,50.73
5763,treatment,desktop,0,229.18,82.28
9458,control,mobile,0,224.95,63.53
17067,treatment,mobile,0,263.09,66.87
6557,treatment,desktop,0,156.84,48.03
6426,treatment,desktop,0,177.3,32.55
11049,control,mobile,0,202.98,51.71
3482,treatment,desktop,0,186.51,62.4
6795,treatment,desktop,0,226.13,36.32
12493,control,mobile,0,193.56,45.22
5431,treatment,desktop,0,233.21,80.92
5593,treatment,desktop,1,241.87,65.41
14891,control,mobile,0,189.36,82.67
10831,control,mobile,0,250.49,64.66
15910,treatment,mobile,0,263.9,31.48
4302,treatment,desktop,0,213.85,26.68
1687,treatment,desktop,0,251.61,38.56
17477,treatment,mobile,0,218.11,90.8
12383,control,mobile,0,208.11,67.03
13150,control,mobile,0,223.62,54.37
11418,control,mobile,1,173.99,67.47
5141,treatment,desktop,0,213.2,71.48
6830,treatment,desktop,0,217.05,48.49
10752,control,mobile,1,219.47,72.15
2748,treatment,desktop,0,224.42,59.11
16332,treatment,mobile,0,208.99,47.93
17792,control,tablet,0,153.69,42.23
11495,control,mobile,0,204.53,29.91
13603,control,mobile,1,267.7,40.16
13159,control,mobile,0,194.04,50.1
8916,control,mobile,0,229.1,27.12
1101,control,desktop,0,278.35,40.03
15706,treatment,mobile,0,270.25,26.46
323,control,desktop,0,225.2,30.66
16147,treatment,mobile,0,201.9,135.36
11607,control,mobile,0,273.87,81.27
16319,treatment,mobile,0,240.07,38.99
7767,treatment,desktop,0,253.99,28.26
19245,treatment,tablet,0,192.86,52.9
5242,treatment,desktop,0,179.58,126.1
1025,control,desktop,0,205.82,33.36
955,control,desktop,0,214.06,52.42
69,control,desktop,0,206.03,41.18
17406,treatment,mobile,0,246.21,25.19
17457,treatment,mobile,0,242.98,23.41
2966,treatment,desktop,0,194.31,136.38
1866,treatment,desktop,0,204.69,97.88
6002,treatment,desktop,0,271.39,13.85
19682,treatment,tablet,0,188.79,45.6
6528,treatment,desktop,0,203.88,52.0
2545,treatment,desktop,0,213.92,43.41
15890,treatment,mobile,0,216.67,31.54
7253,treatment,desktop,0,196.31,17.15
5406,treatment,desktop,0,204.43,11.42
7514,treatment,desktop,0,225.38,58.82
19436,treatment,tablet,1,235.53,81.16
11520,control,mobile,0,249.85,71.2
16916,treatment,mobile,0,198.46,33.07
8308,control,mobile,0,210.39,14.98
8830,control,mobile,0,241.05,64.54
3247,treatment,desktop,0,249.38,46.22
10107,control,mobile,0,308.73,87.88
10563,control,mobile,0,233.03,67.46
19766,treatment,tablet,0,214.85,55.03
12539,control,mobile,0,210.5,41.01
6385,treatment,desktop,0,277.28,41.75
5532,treatment,desktop,0,189.28,74.61
14905,control,mobile,0,159.28,25.71
5557,treatment,desktop,0,217.82,32.59
11718,control,mobile,0,218.65,26.53
6625,treatment,desktop,0,218.77,36.0
9326,control,mobile,0,227.86,19.6
2594,treatment,desktop,1,260.85,82.22
17018,treatment,mobile,0,217.51,25.76
15592,treatment,mobile,0,198.62,23.15
19180,treatment,tablet,1,169.71,49.88
7846,treatment,desktop,0,236.13,41.46
17651,control,tablet,0,191.5,83.1
11096,control,mobile,0,223.04,53.17
947,control,desktop,0,231.95,83.19
4027,treatment,desktop,0,205.11,80.94
12388,control,mobile,0,221.91,30.56
12664,control,mobile,1,202.62,72.55
8370,control,mobile,0,222.03,52.37
5924,treatment,desktop,0,226.96,58.82
5194,treatment,desktop,0,238.13,81.27
3117,treatment,desktop,0,221.1,25.44
3742,treatment,desktop,0,230.08,37.41
14986,control,mobile,0,258.85,16.51
14087,control,mobile,0,215.66,68.58
1306,treatment,desktop,0,258.82,73.51
10934,control,mobile,0,205.92,92.4
3904,treatment,desktop,0,209.63,21.79
11044,control,mobile,0,231.72,22.4
3596,treatment,desktop,0,197.38,48.1
14185,control,mobile,0,280.27,60.11
3120,treatment,desktop,0,221.06,82.66
9501,control,mobile,0,185.55,22.38
15515,treatment,mobile,0,247.27,41.0
13855,control,mobile,0,199.7,34.1
11477,control,mobile,0,259.4,72.25
12931,control,mobile,0,224.19,49.46
9543,control,mobile,0,230.33,50.25
11794,control,mobile,0,228.86,31.08
19370,treatment,tablet,0,250.06,32.28
7546,treatment,desktop,1,224.47,32.8
19846,treatment,tablet,0,246.57,29.91
2254,treatment,desktop,0,171.11,56.09
9809,control,mobile,0,178.96,90.0
4520,treatment,desktop,0,223.92,69.66
18443,control,tablet,0,275.16,22.96
2649,treatment,desktop,0,229.4,31.51
19286,treatment,tablet,0,207.49,104.79
11807,control,mobile,0,222.14,68.49
7666,treatment,desktop,0,298.2,76.27
6189,treatment,desktop,0,188.99,44.28
7684,treatment,desktop,1,198.87,67.96
12174,control,mobile,0,205.65,67.02
14300,control,mobile,0,191.85,103.07
16685,treatment,mobile,0,166.37,41.24
17210,treatment,mobile,0,195.43,50.43
18153,control,tablet,0,222.71,80.87
16885,treatment,mobile,0,256.08,62.78
2346,treatment,desktop,0,221.63,111.99
7837,treatment,desktop,1,268.39,41.86
18424,control,tablet,0,262.55,56.17
15465,treatment,mobile,0,203.0,59.76
9582,control,mobile,0,250.08,37.41
7663,treatment,desktop,1,234.44,52.37
14441,control,mobile,0,229.76,53.32
9197,control,mobile,0,226.68,30.25
5821,treatment,desktop,0,245.5,74.11
13745,control,mobile,0,225.6,63.0
18235,control,tablet,0,200.73,60.46
19251,treatment,tablet,0,266.77,59.67
12284,control,mobile,0,218.58,69.45
18896,control,tablet,0,232.29,76.94
4044,treatment,desktop,0,213.3,66.18
9013,control,mobile,0,179.07,94.58
4289,treatment,desktop,0,213.14,45.45
205,control,desktop,0,169.65,59.76
5603,treatment,desktop,0,231.56,47.19
16352,treatment,mobile,0,199.98,52.5
8233,control,mobile,0,220.47,71.44
14674,control,mobile,0,194.98,55.72
17051,treatment,mobile,0,181.7,65.3
11189,control,mobile,1,216.72,38.13
17777,control,tablet,0,219.48,81.29
1467,treatment,desktop,0,209.58,67.03
8559,control,mobile,0,186.19,48.27
3222,treatment,desktop,0,209.55,45.05
15823,treatment,mobile,1,170.92,81.58
3791,treatment,desktop,0,158.87,95.59
243,control,desktop,0,204.81,84.3
14618,control,mobile,0,223.53,37.16
11692,control,mobile,0,188.22,55.08
2613,treatment,desktop,0,249.2,65.74
3524,treatment,desktop,0,189.13,85.59
12993,control,mobile,0,225.1,58.63
5869,treatment,desktop,0,281.43,40.21
1063,control,desktop,1,159.39,23.21
558,control,desktop,1,200.8,33.26
12282,control,mobile,0,222.03,87.53
17208,treatment,mobile,0,226.76,41.99
5916,treatment,desktop,1,217.79,124.45
8901,control,mobile,0,186.24,31.56
11332,control,mobile,1,235.0,30.17
11385,control,mobile,0,204.34,49.84
10043,control,mobile,0,210.76,48.99
15123,treatment,mobile,1,153.16,22.26
4901,treatment,desktop,0,204.19,56.88
2360,treatment,desktop,0,229.99,62.05
8099,treatment,desktop,0,190.06,33.12
19112,treatment,tablet,0,225.4,55.25
18595,control,tablet,0,241.28,74.87
441,control,desktop,1,240.38,61.55
18987,control,tablet,0,210.6,58.11
12660,control,mobile,0,306.52,32.5
17075,treatment,mobile,0,202.53,43.23
13127,control,mobile,0,259.13,102.52
9318,control,mobile,0,196.17,56.68
15404,treatment,mobile,0,209.18,68.8
9204,control,mobile,0,180.75,103.05
7040,treatment,desktop,1,213.25,35.49
17782,control,tablet,0,198.99,36.27
16563,treatment,mobile,0,211.41,63.69
10764,control,mobile,0,187.13,108.63
15090,control,mobile,0,225.08,28.1
18045,control,tablet,0,228.42,38.01
6129,treatment,desktop,0,187.93,46.36
927,control,desktop,1,228.13,147.69
6331,treatment,desktop,0,139.38,45.53
18069,control,tablet,0,202.93,57.99
2147,treatment,desktop,0,249.63,30.77
8470,control,mobile,0,212.63,24.97
16776,treatment,mobile,0,240.65,79.42
4236,treatment,desktop,0,206.61,54.29
12647,control,mobile,0,232.47,55.28
11522,control,mobile,0,169.27,16.52
11960,control,mobile,0,196.81,57.26
1871,treatment,desktop,0,273.28,56.45
11676,control,mobile,0,228.16,52.93
16310,treatment,mobile,0,286.15,61.54
19871,treatment,tablet,0,207.39,42.63
1810,treatment,desktop,0,282.12,36.38
12491,control,mobile,1,204.34,59.84
14930,control,mobile,0,211.45,59.53
18453,control,tablet,1,246.25,91.0
8644,control,mobile,0,272.52,84.43
18286,control,tablet,0,229.78,22.28
16547,treatment,mobile,0,188.25,30.0
2933,treatment,desktop,0,171.47,52.5
5244,treatment,desktop,0,169.18,37.67
14379,control,mobile,0,190.34,31.12
15958,treatment,mobile,0,241.63,30.08
9907,control,mobile,0,246.49,35.75
4675,treatment,desktop,1,246.15,55.15
1179,control,desktop,1,216.55,35.1
6019,treatment,desktop,0,195.81,34.06
19774,treatment,tablet,0,223.13,59.1
12928,control,mobile,0,244.05,52.51
7422,treatment,desktop,0,189.67,66.06
6340,treatment,desktop,1,193.88,41.18
19072,treatment,tablet,0,159.12,22.13
7368,treatment,desktop,0,198.9,49.86
15210,treatment,mobile,0,203.13,48.99
11599,control,mobile,0,211.62,31.2
16353,treatment,mobile,0,206.8,85.63
5726,treatment,desktop,0,218.54,96.86
14502,control,mobile,0,236.53,40.83
13541,control,mobile,0,235.15,89.9
13210,control,mobile,0,275.65,26.61
19088,treatment,tablet,0,204.26,15.03
17767,control,tablet,0,291.47,32.0
16707,treatment,mobile,0,231.04,26.19
3094,treatment,desktop,0,193.8,71.2
17170,treatment,mobile,0,189.69,17.83
12366,control,mobile,0,300.74,87.65
3868,treatment,desktop,0,173.43,17.89
16108,treatment,mobile,0,206.36,137.06
3991,treatment,desktop,0,193.03,4718.5
1272,treatment,desktop,0,220.87,40.59
12794,control,mobile,0,232.56,51.64
1544,treatment,desktop,1,208.24,58.9
8993,control,mobile,0,245.83,61.32
1928,treatment,desktop,0,229.96,56.27
13767,control,mobile,0,195.14,52.59
4633,treatment,desktop,1,214.43,23.25
13214,control,mobile,0,192.16,45.67
5094,treatment,desktop,0,232.61,17.81
9490,control,mobile,0,231.06,29.78
8282,control,mobile,0,179.56,46.58
4404,treatment,desktop,0,218.35,41.81
16758,treatment,mobile,0,236.63,51.68
12195,control,mobile,0,236.58,40.01
13581,control,mobile,0,246.91,16.24
15641,treatment,mobile,0,229.89,54.05
19634,treatment,tablet,0,227.72,26.4
4259,treatment,desktop,0,245.23,72.43
2970,treatment,desktop,0,185.53,43.3
5915,treatment,desktop,1,192.34,48.73
15966,treatment,mobile,0,225.48,81.13
13899,control,mobile,0,230.47,40.0
14638,control,mobile,0,288.77,20.84
12378,control,mobile,0,196.02,33.09
11405,control,mobile,0,154.03,48.91
14680,control,mobile,0,226.65,83.36
6845,treatment,desktop,0,192.56,16.78
284,control,desktop,0,207.64,110.77
10014,control,mobile,0,272.31,71.66
3313,treatment,desktop,0,214.68,145.74
10567,control,mobile,0,188.24,29.98
11806,control,mobile,0,221.58,41.06
8203,control,mobile,0,220.9,85.54
11885,control,mobile,0,246.91,55.12
145,control,desktop,1,257.98,179.52
16856,treatment,mobile,0,205.98,51.68
16058,treatment,mobile,0,183.9,34.36
523,control,desktop,0,227.28,48.96
17118,treatment,mobile,0,192.66,41.07
4983,treatment,desktop,0,224.14,60.92
14472,control,mobile,0,207.82,52.55
12631,control,mobile,0,292.72,112.6
8871,control,mobile,0,171.21,28.96
14755,control,mobile,0,196.86,101.11
6336,treatment,desktop,1,216.4,59.01
12860,control,mobile,1,208.42,22.55
16641,treatment,mobile,0,195.24,30.88
16386,treatment,mobile,0,168.97,115.22
12080,control,mobile,0,211.5,26.76
13139,control,mobile,0,165.01,44.14
7408,treatment,desktop,0,202.83,49.59
6887,treatment,desktop,0,246.11,48.63
10983,control,mobile,0,254.2,60.64
10990,control,mobile,1,217.05,64.2
13659,control,mobile,0,190.66,31.91
14416,control,mobile,0,258.62,28.77
9308,control,mobile,0,258.64,55.34
14601,control,mobile,0,242.19,141.3
17665,control,tablet,0,241.09,52.81
4936,treatment,desktop,0,251.44,37.91
11032,control,mobile,1,207.58,48.99
18484,control,tablet,0,198.08,27.63
8262,control,mobile,0,199.6,44.34
8759,control,mobile,0,239.07,37.3
16190,treatment,mobile,0,181.6,47.84
9958,control,mobile,1,219.67,47.82
3585,treatment,desktop,1,242.97,31.35
7393,treatment,desktop,0,220.5,59.17
16664,treatment,mobile,0,239.93,41.0
6645,treatment,desktop,0,199.71,79.28
3357,treatment,desktop,0,201.41,51.76
17544,control,tablet,0,222.23,68.87
2692,treatment,desktop,0,260.14,50.05
17403,treatment,mobile,0,206.26,42.31
2187,treatment,desktop,0,189.92,77.67
2814,treatment,desktop,0,197.6,39.99
11709,control,mobile,0,225.2,94.71
5276,treatment,desktop,1,186.95,51.41
4272,treatment,desktop,0,198.0,34.96
4475,treatment,desktop,0,241.76,31.13
19553,treatment,tablet,0,245.43,29.13
15671,treatment,mobile,0,211.78,47.05
5112,treatment,desktop,0,217.64,37.88
1905,treatment,desktop,0,224.87,30.19
16676,treatment,mobile,0,218.9,43.88
14804,control,mobile,0,243.83,44.62
3806,treatment,desktop,1,200.94,63.58
12983,control,mobile,0,184.66,70.32
350,control,desktop,0,205.93,40.91
4202,treatment,desktop,0,197.29,105.01
10478,control,mobile,0,242.67,96.01
5435,treatment,desktop,0,220.94,14.69
13590,control,mobile,0,293.97,49.73
17267,treatment,mobile,0,265.47,24.51
13043,control,mobile,0,301.88,29.9
3540,treatment,desktop,1,269.39,60.81
2990,treatment,desktop,0,205.34,102.06
4447,treatment,desktop,0,216.14,50.25
1415,treatment,desktop,0,212.8,17.08
12046,control,mobile,0,219.64,43.3
2228,treatment,desktop,0,212.22,29.51
14706,control,mobile,0,161.13,32.38
7850,treatment,desktop,0,173.36,30.66
15462,treatment,mobile,0,229.16,44.92
14595,control,mobile,0,185.13,28.61
3744,treatment,desktop,0,253.84,17.42
11113,control,mobile,1,236.05,43.74
6075,treatment,desktop,0,246.22,48.98
7187,treatment,desktop,0,210.15,49.62
19970,treatment,tablet,0,210.35,40.2
7567,treatment,desktop,0,232.27,29.2
17859,control,tablet,0,235.38,17.04
9418,control,mobile,0,236.51,51.1
9060,control,mobile,0,258.64,109.97
3123,treatment,desktop,1,221.38,114.14
3771,treatment,desktop,0,172.98,128.34
3258,treatment,desktop,0,196.25,101.24
2055,treatment,desktop,0,246.62,59.53
8605,control,mobile,0,190.04,43.44
11422,control,mobile,0,215.83,43.36
16507,treatment,mobile,0,251.19,40.85
15636,treatment,mobile,0,268.71,108.52
7529,treatment,desktop,1,220.12,89.14
15882,treatment,mobile,0,185.43,38.48
14064,control,mobile,0,227.17,40.07
2679,treatment,desktop,0,298.05,56.42
14879,control,mobile,0,193.68,95.71
409,control,desktop,0,250.08,101.53
1948,treatment,desktop,0,206.22,63.29
15784,treatment,mobile,0,249.6,84.01
3168,treatment,desktop,0,255.22,28.35
12703,control,mobile,0,206.42,26.86
4467,treatment,desktop,0,214.55,43.59
13961,control,mobile,0,209.67,80.09
13192,control,mobile,0,239.28,61.94
11800,control,mobile,0,197.15,27.28
11589,control,mobile,0,242.8,20.93
13205,control,mobile,0,222.54,33.37
11222,control,mobile,0,254.4,35.93
18936,control,tablet,0,264.29,51.44
18898,control,tablet,0,189.02,46.66
6281,treatment,desktop,0,183.36,35.86
19344,treatment,tablet,0,189.95,59.85
14729,control,mobile,0,237.56,65.6
15740,treatment,mobile,0,242.95,38.02
6436,treatment,desktop,1,219.35,46.09
19948,treatment,tablet,0,222.74,19.0
11945,control,mobile,0,214.28,124.71
3457,treatment,desktop,0,243.66,49.54
17187,treatment,mobile,0,204.5,33.16
8022,treatment,desktop,0,199.75,145.06
12675,control,mobile,0,206.25,61.9
17577,control,tablet,1,248.23,47.17
12714,control,mobile,0,210.89,28.33
175,control,desktop,0,189.94,135.01
5875,treatment,desktop,0,204.32,64.57
3028,treatment,desktop,0,261.99,79.71
250,control,desktop,0,254.73,75.07
7988,treatment,desktop,0,224.45,3387.77
13380,control,mobile,0,213.95,57.65
18491,control,tablet,0,229.86,35.37
1437,treatment,desktop,0,219.45,31.19
10901,control,mobile,0,193.27,48.56
11878,control,mobile,0,179.15,40.31
10128,control,mobile,0,201.87,29.23
7557,treatment,desktop,0,209.03,97.32
6787,treatment,desktop,1,229.19,26.08
13997,control,mobile,0,214.87,94.41
11836,control,mobile,0,249.83,19.46
18721,control,tablet,0,193.42,83.47
17930,control,tablet,0,226.97,94.33
12181,control,mobile,0,190.69,29.11
10056,control,mobile,0,209.15,79.89
7616,treatment,desktop,0,224.27,32.14
2378,treatment,desktop,0,199.53,34.45
17245,treatment,mobile,0,227.59,22.39
8853,control,mobile,0,201.83,70.8
6868,treatment,desktop,0,250.56,33.15
17171,treatment,mobile,0,245.68,46.59
5404,treatment,desktop,0,228.06,64.64
13575,control,mobile,0,247.95,33.95
14921,control,mobile,0,195.87,39.35
10470,control,mobile,0,190.78,31.0
16873,treatment,mobile,0,226.13,27.52
278,control,desktop,0,221.82,72.46
7481,treatment,desktop,1,281.61,80.47
7658,treatment,desktop,0,221.27,112.54
15071,control,mobile,0,244.57,56.27
12894,control,mobile,0,199.58,72.11
16961,treatment,mobile,0,209.44,5018.53
929,control,desktop,0,203.51,43.27
4568,treatment,desktop,0,206.3,17.58
8077,treatment,desktop,0,204.82,116.19
6782,treatment,desktop,0,232.85,29.87
1145,control,desktop,1,193.05,21.56
5178,treatment,desktop,0,238.98,26.37
5114,treatment,desktop,0,221.63,28.62
14857,control,mobile,0,237.47,69.53
14928,control,mobile,0,260.74,62.81
13202,control,mobile,0,281.25,47.17
15198,treatment,mobile,0,188.82,51.66
8820,control,mobile,0,221.8,65.56
2706,treatment,desktop,0,258.55,75.85
14244,control,mobile,0,232.07,25.95
14936,control,mobile,0,175.56,35.02
1951,treatment,desktop,0,239.06,71.05
17125,treatment,mobile,0,265.27,92.55
11605,control,mobile,0,169.39,78.34
8893,control,mobile,0,252.48,39.51
7455,treatment,desktop,0,221.62,17.64
19513,treatment,tablet,0,266.67,34.38
45,control,desktop,0,207.09,38.9
13067,control,mobile,0,199.51,39.02
8120,treatment,desktop,0,223.79,16.99
12441,control,mobile,0,217.09,22.0
14324,control,mobile,0,216.78,110.48
14843,control,mobile,0,195.62,39.34
12148,control,mobile,0,216.71,49.3
3854,treatment,desktop,0,235.13,24.67
3568,treatment,desktop,0,210.98,61.19
11036,control,mobile,0,264.76,30.49
17800,control,tablet,0,238.66,68.33
17715,control,tablet,0,238.15,109.92
10548,control,mobile,0,208.04,45.22
5288,treatment,desktop,0,207.97,45.94
2241,treatment,desktop,0,207.97,26.61
10124,control,mobile,0,163.13,29.57
11796,control,mobile,0,213.57,38.01
9202,control,mobile,0,249.6,75.48
4599,treatment,desktop,1,251.21,41.37
11742,control,mobile,0,202.63,98.37
10332,control,mobile,0,249.25,43.5
4322,treatment,desktop,0,157.49,48.34
17805,control,tablet,0,225.13,106.28
9954,control,mobile,0,241.35,57.91
8729,control,mobile,0,229.96,57.73
17548,control,tablet,0,256.83,70.19
5908,treatment,desktop,0,209.95,36.89
14006,control,mobile,0,191.48,104.37
9116,control,mobile,0,223.28,66.11
12404,control,mobile,0,246.44,33.03
11957,control,mobile,0,244.35,66.17
2468,treatment,desktop,0,231.78,35.79
13783,control,mobile,0,180.88,22.56
4131,treatment,desktop,0,223.61,17.33
5898,treatment,desktop,0,218.47,37.74
6499,treatment,desktop,1,231.25,74.25
10949,control,mobile,0,220.62,29.83
1397,treatment,desktop,0,232.75,64.22
13544,control,mobile,0,259.6,29.65
2484,treatment,desktop,0,296.15,141.43
7052,treatment,desktop,0,230.13,58.92
10254,control,mobile,0,203.18,26.24
11211,control,mobile,0,234.22,56.21
5324,treatment,desktop,0,207.71,34.68
16211,treatment,mobile,0,261.47,22.93
10295,control,mobile,0,215.35,24.25
11843,control,mobile,0,206.5,39.89
8374,control,mobile,0,267.68,31.97
14167,control,mobile,0,185.03,48.49
9486,control,mobile,0,193.65,23.0
12168,control,mobile,0,195.29,26.49
19073,treatment,tablet,0,181.72,28.99
17618,control,tablet,0,204.7,42.01
6630,treatment,desktop,0,245.09,105.14
9448,control,mobile,0,237.1,59.04
3997,treatment,desktop,0,252.74,80.33
10017,control,mobile,0,249.37,40.26
4210,treatment,desktop,0,237.09,69.63
2412,treatment,desktop,0,242.51,34.47
17941,control,tablet,0,194.58,39.27
6986,treatment,desktop,0,217.93,45.0
15715,treatment,mobile,0,174.59,45.45
587,control,desktop,0,209.92,139.12
5355,treatment,desktop,0,221.93,87.0
19483,treatment,tablet,0,200.38,52.38
19595,treatment,tablet,0,238.05,44.87
3404,treatment,desktop,0,233.29,41.37
18745,control,tablet,0,221.91,74.93
19850,treatment,tablet,0,245.33,33.22
764,control,desktop,0,225.24,99.68
12015,control,mobile,0,160.95,53.37
2984,treatment,desktop,0,282.67,129.17
15571,treatment,mobile,0,200.2,32.67
14455,control,mobile,0,206.59,28.5
1772,treatment,desktop,0,206.79,50.49
17717,control,tablet,0,251.39,60.24
6651,treatment,desktop,0,147.44,52.97
1758,treatment,desktop,0,279.7,31.17
5132,treatment,desktop,0,220.38,90.64
13411,control,mobile,0,208.81,61.09
13994,control,mobile,0,219.8,51.33
1994,treatment,desktop,0,270.47,37.89
1080,control,desktop,0,200.58,34.87
7361,treatment,desktop,0,197.59,52.66
2915,treatment,desktop,0,230.35,26.22
17591,control,tablet,1,204.35,200.27
1115,control,desktop,0,245.11,23.92
1995,treatment,desktop,0,294.48,54.98
14258,control,mobile,0,197.23,45.14
3398,treatment,desktop,0,160.37,81.14
13720,control,mobile,0,208.53,67.29
5152,treatment,desktop,0,231.89,35.09
173,control,desktop,0,236.53,37.79
5131,treatment,desktop,0,249.84,107.42
18267,control,tablet,0,254.84,68.02
16260,treatment,mobile,0,246.02,31.77
19275,treatment,tablet,0,236.39,153.07
1442,treatment,desktop,0,195.3,41.03
11556,control,mobile,0,185.69,43.5
11153,control,mobile,0,218.52,63.55
11736,control,mobile,0,234.88,57.69
14751,control,mobile,0,213.67,33.24
5345,treatment,desktop,1,188.76,39.06
10390,control,mobile,0,202.66,37.38
10313,control,mobile,0,229.52,81.79
17774,control,tablet,0,241.19,32.92
2736,treatment,desktop,0,225.08,31.85
1762,treatment,desktop,0,249.27,14.67
14290,control,mobile,0,209.73,26.63
17566,control,tablet,0,261.69,48.12
2150,treatment,desktop,0,220.27,27.83
17914,control,tablet,0,277.35,29.12
13696,control,mobile,0,197.59,33.04
2961,treatment,desktop,0,204.57,72.55
8457,control,mobile,0,225.27,33.11
18614,control,tablet,1,216.78,32.55
17854,control,tablet,1,247.13,89.95
16161,treatment,mobile,0,213.3,41.54
12642,control,mobile,0,245.32,64.29
14464,control,mobile,0,231.76,59.63
7864,treatment,desktop,0,220.59,69.1
6022,treatment,desktop,0,240.81,99.1
7604,treatment,desktop,0,192.13,57.58
16092,treatment,mobile,0,237.15,36.43
13440,control,mobile,0,225.54,41.56
11961,control,mobile,0,213.61,35.76
18916,control,tablet,0,276.82,27.9
4114,treatment,desktop,0,208.66,13.07
13536,control,mobile,0,182.68,59.12
10502,control,mobile,0,186.47,45.65
2942,treatment,desktop,0,201.89,215.06
11768,control,mobile,0,236.89,55.63
4896,treatment,desktop,0,216.64,46.83
6611,treatment,desktop,0,249.14,38.9
3306,treatment,desktop,1,254.83,34.04
14214,control,mobile,0,238.27,73.64
2969,treatment,desktop,0,234.4,20.76
15131,treatment,mobile,0,228.43,99.43
10287,control,mobile,0,253.84,67.23
3495,treatment,desktop,0,211.43,33.64
8084,treatment,desktop,0,212.93,79.76
18922,control,tablet,0,250.57,58.52
16836,treatment,mobile,0,217.71,13.32
2340,treatment,desktop,0,221.01,41.48
11097,control,mobile,0,217.91,41.68
19410,treatment,tablet,0,242.94,65.26
7281,treatment,desktop,1,222.93,38.13
939,control,desktop,0,206.06,101.71
8257,control,mobile,0,222.51,133.81
16391,treatment,mobile,0,166.24,40.86
9363,control,mobile,0,160.58,47.71
17861,control,tablet,0,204.63,92.65
2030,treatment,desktop,0,239.31,35.5
19583,treatment,tablet,0,250.13,26.74
5453,treatment,desktop,0,199.89,57.98
4015,treatment,desktop,0,233.89,101.87
5926,treatment,desktop,0,167.79,131.54
5392,treatment,desktop,0,213.84,26.13
621,control,desktop,0,208.11,101.32
2439,treatment,desktop,0,291.54,79.07
6231,treatment,desktop,0,256.89,83.8
2453,treatment,desktop,0,230.82,64.32
3924,treatment,desktop,0,262.55,14.47
7938,treatment,desktop,1,221.15,29.29
14062,control,mobile,0,226.54,164.21
13330,control,mobile,0,203.65,49.31
13278,control,mobile,0,201.48,45.33
16104,treatment,mobile,0,236.39,25.49
11433,control,mobile,0,226.23,39.0
15109,treatment,mobile,0,225.92,47.23
11918,control,mobile,0,156.34,26.88
17192,treatment,mobile,0,140.26,36.76
9072,control,mobile,0,261.78,78.02
7312,treatment,desktop,0,199.55,51.78
3581,treatment,desktop,1,234.83,50.43
10695,control,mobile,0,252.94,17.58
7059,treatment,desktop,0,217.75,40.55
9886,control,mobile,0,230.57,46.09
7264,treatment,desktop,1,266.89,27.28
6605,treatment,desktop,0,167.08,39.07
5521,treatment,desktop,1,222.59,72.18
16654,treatment,mobile,0,232.54,34.17
8663,control,mobile,0,163.08,28.26
1287,treatment,desktop,0,172.72,17.5
394,control,desktop,1,198.01,31.1
769,control,desktop,1,219.48,70.64
12301,control,mobile,0,201.14,48.97
2570,treatment,desktop,0,214.33,53.2
17057,treatment,mobile,0,233.2,50.6
13684,control,mobile,0,258.79,25.03
4191,treatment,desktop,0,213.26,74.31
7670,treatment,desktop,0,248.96,54.7
2288,treatment,desktop,0,254.09,43.62
13472,control,mobile,0,182.72,27.28
7798,treatment,desktop,0,149.99,80.8
14508,control,mobile,0,233.65,29.41
2123,treatment,desktop,0,224.08,44.91
13135,control,mobile,0,220.44,52.33
14568,control,mobile,0,255.36,61.17
14685,control,mobile,0,213.82,137.89
19389,treatment,tablet,0,214.4,34.14
7694,treatment,desktop,0,224.01,39.17
3651,treatment,desktop,0,194.49,114.35
17476,treatment,mobile,0,218.54,33.01
12817,control,mobile,0,234.21,68.56
13486,control,mobile,0,237.42,58.69
16151,treatment,mobile,0,166.12,81.67
3275,treatment,desktop,0,213.2,36.92
18272,control,tablet,0,163.36,38.65
6203,treatment,desktop,0,276.28,47.4
2936,treatment,desktop,0,206.56,21.27
8929,control,mobile,0,233.8,53.36
6977,treatment,desktop,1,216.99,23.28
7812,treatment,desktop,0,201.54,64.75
5987,treatment,desktop,0,195.89,118.3
16847,treatment,mobile,0,165.63,60.28
11281,control,mobile,0,216.55,57.92
14758,control,mobile,0,228.04,63.59
12225,control,mobile,1,284.52,62.48
13366,control,mobile,0,194.79,33.09
6127,treatment,desktop,0,266.0,87.13
8011,treatment,desktop,0,210.46,55.68
18339,control,tablet,0,227.09,55.46
6300,treatment,desktop,1,223.14,30.91
14701,control,mobile,0,208.96,87.59
9085,control,mobile,0,250.65,37.96
3252,treatment,desktop,0,195.82,94.78
19746,treatment,tablet,1,240.37,31.94
12946,control,mobile,0,216.51,20.86
19969,treatment,tablet,0,208.61,113.36
5350,treatment,desktop,0,190.01,63.18
3049,treatment,desktop,0,248.99,55.89
15135,treatment,mobile,0,238.18,90.94
635,control,desktop,0,231.81,153.56
15006,control,mobile,0,254.01,48.3
2021,treatment,desktop,1,244.08,116.44
4856,treatment,desktop,0,211.92,53.65
19581,treatment,tablet,0,227.82,116.91
16825,treatment,mobile,0,233.76,35.64
6693,treatment,desktop,1,225.27,66.22
15930,treatment,mobile,0,236.34,105.26
4265,treatment,desktop,0,227.6,40.76
16133,treatment,mobile,0,225.31,41.34
13800,control,mobile,0,265.66,53.82
9327,control,mobile,0,251.15,42.88
689,control,desktop,0,198.92,42.74
6163,treatment,desktop,0,228.76,35.82
8518,control,mobile,0,160.9,55.72
8041,treatment,desktop,0,207.31,61.65
7556,treatment,desktop,0,207.7,95.51
8183,treatment,desktop,0,235.42,16.85
12076,control,mobile,0,204.63,73.45
8750,control,mobile,0,196.5,26.99
11256,control,mobile,0,256.18,119.72
15427,treatment,mobile,0,180.77,78.96
1440,treatment,desktop,0,244.94,28.86
11125,control,mobile,0,195.65,42.96
7315,treatment,desktop,1,256.29,55.63
5332,treatment,desktop,0,242.61,43.1
16681,treatment,mobile,0,179.81,116.6
16726,treatment,mobile,0,230.31,54.01
5930,treatment,desktop,0,226.45,70.8
3152,treatment,desktop,0,252.57,44.78
10354,control,mobile,0,231.92,52.72
7884,treatment,desktop,0,215.1,27.66
12982,control,mobile,1,142.31,83.84
11711,control,mobile,0,203.4,95.54
18670,control,tablet,0,254.57,90.95
9863,control,mobile,0,262.67,34.94
13646,control,mobile,0,154.57,31.79
16884,treatment,mobile,0,238.94,29.7
2939,treatment,desktop,1,186.97,44.98
5579,treatment,desktop,0,206.11,101.18
18360,control,tablet,0,193.49,64.21
2355,treatment,desktop,0,302.25,43.42
18639,control,tablet,0,254.42,56.1
1325,treatment,desktop,1,243.86,21.86
360,control,desktop,1,248.87,167.01
13743,control,mobile,0,230.83,21.92
11528,control,mobile,0,211.2,36.09
5336,treatment,desktop,0,189.99,29.11
11177,control,mobile,0,226.97,74.18
12211,control,mobile,0,210.63,76.98
6934,treatment,desktop,0,198.59,48.0
17632,control,tablet,0,236.25,70.49
12163,control,mobile,0,243.61,72.1
8622,control,mobile,0,211.63,53.54
6032,treatment,desktop,1,204.23,48.22
14497,control,mobile,0,271.09,70.03
1247,treatment,desktop,0,223.91,70.23
17948,control,tablet,0,247.35,68.05
13328,control,mobile,0,259.1,48.49
2132,treatment,desktop,0,252.49,34.22
9561,control,mobile,0,203.88,191.09
6771,treatment,desktop,0,248.29,26.15
1837,treatment,desktop,1,303.88,229.13
2629,treatment,desktop,0,178.88,84.33
1319,treatment,desktop,0,228.79,144.7
12504,control,mobile,0,187.32,49.45
15339,treatment,mobile,0,190.58,58.34
17793,control,tablet,0,210.96,70.51
19859,treatment,tablet,0,238.51,40.08
4827,treatment,desktop,0,205.89,31.15
12929,control,mobile,0,199.45,17.99
3616,treatment,desktop,0,222.6,14.66
1261,treatment,desktop,0,237.91,39.86
16081,treatment,mobile,0,229.54,53.86
5321,treatment,desktop,0,267.03,104.57
16830,treatment,mobile,0,208.27,175.33
12816,control,mobile,0,244.85,29.26
2400,treatment,desktop,0,202.11,52.02
1120,control,desktop,0,207.45,15.51
8503,control,mobile,0,183.33,46.45
11601,control,mobile,0,260.62,96.28
6383,treatment,desktop,1,185.94,36.7
8418,control,mobile,0,175.89,37.76
11055,control,mobile,0,172.96,42.3
18835,control,tablet,0,221.77,18.79
11720,control,mobile,0,211.78,81.59
14885,control,mobile,0,205.62,31.45
16912,treatment,mobile,0,197.58,46.66
11145,control,mobile,0,209.93,35.17
3400,treatment,desktop,0,219.41,20.51
19094,treatment,tablet,0,219.14,55.23
17026,treatment,mobile,0,221.58,70.26
916,control,desktop,0,247.73,51.2
14969,control,mobile,0,242.55,58.23
13547,control,mobile,0,218.56,79.5
16737,treatment,mobile,0,200.75,96.82
7976,treatment,desktop,0,269.37,50.89
16048,treatment,mobile,1,242.18,27.97
18112,control,tablet,0,221.27,90.58
16488,treatment,mobile,0,210.63,83.79
14143,control,mobile,0,208.01,38.68
7944,treatment,desktop,0,249.18,74.97
12654,control,mobile,0,216.42,59.31
5541,treatment,desktop,0,218.81,84.46
2181,treatment,desktop,0,177.09,44.6
15613,treatment,mobile,0,190.0,32.42
19223,treatment,tablet,0,237.82,96.95
9153,control,mobile,0,168.12,55.64
15195,treatment,mobile,0,219.0,35.01
19263,treatment,tablet,0,224.62,15.14
19185,treatment,tablet,0,202.6,79.71
19184,treatment,tablet,0,233.98,92.13
9806,control,mobile,0,228.64,72.48
10333,control,mobile,0,253.46,69.34
4313,treatment,desktop,1,171.85,77.82
98,control,desktop,0,206.5,43.15
9999,control,mobile,0,236.43,17.97
3589,treatment,desktop,0,172.55,53.43
14932,control,mobile,0,203.32,102.91
5483,treatment,desktop,0,175.74,68.57
11494,control,mobile,1,206.91,29.62
19540,treatment,tablet,0,250.32,43.68
9325,control,mobile,0,223.64,66.75
14847,control,mobile,0,173.01,28.56
16481,treatment,mobile,0,194.26,41.8
17005,treatment,mobile,1,198.96,44.82
1049,control,desktop,1,220.57,57.45
16324,treatment,mobile,0,161.39,18.5
17721,control,tablet,0,213.71,31.96
3990,treatment,desktop,1,290.42,16.63
12353,control,mobile,1,223.76,27.09
1200,control,desktop,0,229.25,98.9
10109,control,mobile,0,177.72,29.23
4574,treatment,desktop,1,184.83,58.5
11973,control,mobile,0,196.17,77.13
2628,treatment,desktop,0,251.85,36.4
2918,treatment,desktop,0,203.16,43.48
14772,control,mobile,0,260.46,40.37
1066,control,desktop,1,200.03,58.96
981,control,desktop,0,213.18,98.74
4256,treatment,desktop,0,136.79,26.6
2751,treatment,desktop,0,228.23,21.32
18028,control,tablet,0,210.27,133.73
14842,control,mobile,0,206.56,48.44
17823,control,tablet,0,226.88,61.94
18328,control,tablet,0,236.02,71.46
17692,control,tablet,0,213.52,25.91
17111,treatment,mobile,0,236.82,36.37
3672,treatment,desktop,0,231.99,34.66
19148,treatment,tablet,0,228.92,53.97
4555,treatment,desktop,0,263.36,22.35
15917,treatment,mobile,0,227.02,26.77
3917,treatment,desktop,0,221.06,98.5
4165,treatment,desktop,0,199.15,70.05
7943,treatment,desktop,0,260.67,43.55
16965,treatment,mobile,0,238.9,71.14
5798,treatment,desktop,0,202.48,89.28
2606,treatment,desktop,0,204.35,50.06
2729,treatment,desktop,1,208.01,62.14
3640,treatment,desktop,0,202.87,34.23
12226,control,mobile,0,205.98,63.22
5934,treatment,desktop,1,203.62,38.35
18676,control,tablet,0,158.28,69.61
9371,control,mobile,0,217.96,33.03
2808,treatment,desktop,0,270.46,81.64
15430,treatment,mobile,0,239.32,51.16
12513,control,mobile,0,184.64,37.35
5947,treatment,desktop,1,226.4,39.69
9898,control,mobile,0,222.15,27.34
13010,control,mobile,0,247.76,81.65
1705,treatment,desktop,0,196.74,70.99
3363,treatment,desktop,0,273.9,30.52
805,control,desktop,0,188.06,89.15
3089,treatment,desktop,0,183.84,104.17
19587,treatment,tablet,0,203.48,36.02
1449,treatment,desktop,0,193.24,36.11
5641,treatment,desktop,1,210.03,30.23
1606,treatment,desktop,0,197.41,124.46
18393,control,tablet,0,256.45,38.62
17294,treatment,mobile,0,176.57,103.19
8066,treatment,desktop,0,183.38,46.34
3326,treatment,desktop,0,235.36,80.4
11724,control,mobile,0,190.43,71.12
8736,control,mobile,0,219.7,77.09
17671,control,tablet,0,259.32,100.56
8416,control,mobile,0,213.17,125.01
14711,control,mobile,0,221.76,82.32
11090,control,mobile,0,227.3,23.94
16659,treatment,mobile,0,188.81,26.99
2259,treatment,desktop,0,226.49,36.05
9832,control,mobile,1,257.4,65.31
8369,control,mobile,0,228.63,46.92
10745,control,mobile,0,231.59,32.05
13569,control,mobile,0,204.31,79.4
13533,control,mobile,0,214.1,89.68
2122,treatment,desktop,0,214.47,96.39
15318,treatment,mobile,0,245.16,39.83
2634,treatment,desktop,1,206.01,25.0
3216,treatment,desktop,1,284.42,59.98
2538,treatment,desktop,0,219.58,87.51
16870,treatment,mobile,0,161.43,57.02
17387,treatment,mobile,0,250.55,111.34
3977,treatment,desktop,0,190.47,34.44
16110,treatment,mobile,0,224.98,41.8
18739,control,tablet,0,151.01,40.01
8451,control,mobile,0,236.18,64.37
6559,treatment,desktop,0,213.83,58.33
12793,control,mobile,0,256.3,16.86
11218,control,mobile,0,220.73,59.59
5462,treatment,desktop,1,229.39,31.06
9961,control,mobile,0,294.13,87.13
2734,treatment,desktop,0,203.96,38.56
7602,treatment,desktop,0,188.47,56.84
16672,treatment,mobile,0,195.37,34.98
19758,treatment,tablet,0,222.82,47.94
18407,control,tablet,0,218.43,38.63
14378,control,mobile,0,229.65,68.54
8037,treatment,desktop,0,213.96,68.55
14817,control,mobile,0,221.61,60.47
8266,control,mobile,0,262.89,5324.67
18524,control,tablet,0,219.86,108.7
6661,treatment,desktop,0,172.06,47.08
15936,treatment,mobile,0,216.72,5338.66
1208,treatment,desktop,0,222.99,36.47
4677,treatment,desktop,0,268.82,126.78
14390,control,mobile,1,212.82,47.15
15627,treatment,mobile,0,271.59,48.44
18127,control,tablet,0,171.59,55.93
1347,treatment,desktop,0,217.03,27.91
2146,treatment,desktop,0,269.11,44.86
9597,control,mobile,0,198.58,14.71
17673,control,tablet,0,170.01,61.39
16725,treatment,mobile,0,217.05,91.29
16791,treatment,mobile,0,233.86,69.11
8140,treatment,desktop,1,194.9,31.83
8570,control,mobile,0,219.26,44.67
4064,treatment,desktop,0,168.48,37.14
8226,control,mobile,0,193.09,125.57
5086,treatment,desktop,0,288.78,163.24
16001,treatment,mobile,0,234.23,68.19
12994,control,mobile,0,261.97,41.54
5167,treatment,desktop,1,225.3,16.71
19937,treatment,tablet,0,207.16,32.01
1443,treatment,desktop,1,263.38,31.88
16577,treatment,mobile,0,210.81,115.0
3870,treatment,desktop,0,166.72,55.25
3655,treatment,desktop,1,241.5,31.29
14478,control,mobile,0,233.79,83.47
3869,treatment,desktop,0,222.24,16.02
12047,control,mobile,0,255.49,12.1
17919,control,tablet,0,216.09,37.29
10192,control,mobile,0,151.95,76.3
15378,treatment,mobile,0,219.4,69.79
2714,treatment,desktop,0,187.91,44.09
1742,treatment,desktop,0,189.9,30.28
7414,treatment,desktop,0,244.38,30.39
16648,treatment,mobile,0,196.93,54.56
14875,control,mobile,0,202.35,30.71
8944,control,mobile,0,200.43,83.34
5087,treatment,desktop,0,145.27,52.34
7991,treatment,desktop,0,218.19,63.88
19978,treatment,tablet,1,192.98,25.18
5188,treatment,desktop,1,194.8,86.92
5186,treatment,desktop,0,240.77,54.9
13371,control,mobile,0,257.78,44.19
6913,treatment,desktop,1,206.18,18.28
15837,treatment,mobile,0,233.02,48.55
17681,control,tablet,0,240.81,67.09
14433,control,mobile,0,248.97,48.85
11971,control,mobile,0,177.57,25.53
13912,control,mobile,0,144.97,26.34
19266,treatment,tablet,0,215.46,27.68
1712,treatment,desktop,0,230.95,55.46
16446,treatment,mobile,1,278.92,42.52
5626,treatment,desktop,0,171.37,75.89
16076,treatment,mobile,0,208.98,35.37
5536,treatment,desktop,1,209.18,77.74
14812,control,mobile,0,184.98,76.04
5922,treatment,desktop,1,227.17,16.46
468,control,desktop,0,209.76,64.58
5415,treatment,desktop,0,187.03,25.14
3431,treatment,desktop,0,249.26,50.92
9227,control,mobile,0,211.24,61.76
2517,treatment,desktop,0,263.73,75.38
10112,control,mobile,0,249.11,32.14
10031,control,mobile,0,224.95,82.46
12880,control,mobile,0,210.27,94.29
17455,treatment,mobile,0,250.66,80.23
3906,treatment,desktop,0,255.95,68.4
5,control,desktop,0,206.62,21.41
5633,treatment,desktop,0,226.31,93.37
19325,treatment,tablet,0,224.98,109.29
13565,control,mobile,0,198.85,65.3
10426,control,mobile,0,217.56,39.98
19304,treatment,tablet,0,225.51,51.3
13753,control,mobile,0,253.56,80.38
14904,control,mobile,0,250.11,23.3
11208,control,mobile,0,286.38,30.98
11996,control,mobile,0,165.68,63.23
2807,treatment,desktop,0,202.13,32.11
11262,control,mobile,0,222.94,63.88
6140,treatment,desktop,0,231.91,44.51
7048,treatment,desktop,0,256.42,83.44
6439,treatment,desktop,1,197.41,177.92
8934,control,mobile,0,213.79,83.85
13289,control,mobile,0,240.71,43.06
17674,control,tablet,0,273.53,14.18
19031,treatment,tablet,0,200.85,30.09
19155,treatment,tablet,0,205.73,43.7
7997,treatment,desktop,0,256.3,86.21
14288,control,mobile,0,239.52,122.2
6267,treatment,desktop,0,271.78,42.61
15682,treatment,mobile,0,225.23,58.33
15223,treatment,mobile,0,215.08,62.65
12122,control,mobile,0,230.83,46.45
8397,control,mobile,0,167.26,32.75
19771,treatment,tablet,0,264.69,51.96
6793,treatment,desktop,0,230.27,85.77
15673,treatment,mobile,0,180.53,25.11
11969,control,mobile,0,261.49,30.81
2591,treatment,desktop,0,216.39,32.82
14883,control,mobile,0,205.16,31.98
5010,treatment,desktop,0,204.46,20.12
18308,control,tablet,0,209.12,65.22
5600,treatment,desktop,1,214.85,3573.68
4008,treatment,desktop,0,280.44,116.42
1667,treatment,desktop,0,237.18,134.08
14332,control,mobile,0,241.83,53.96
8159,treatment,desktop,0,239.55,59.19
17388,treatment,mobile,0,258.73,30.12
17749,control,tablet,0,223.19,80.65
14662,control,mobile,0,180.21,38.46
11837,control,mobile,0,203.05,55.3
2668,treatment,desktop,0,121.8,63.64
6978,treatment,desktop,0,197.29,53.16
5611,treatment,desktop,0,251.79,75.78
4981,treatment,desktop,0,238.59,51.88
10944,control,mobile,0,235.23,46.72
10527,control,mobile,0,230.31,55.88
16107,treatment,mobile,0,219.15,32.44
12241,control,mobile,0,286.05,45.24
19584,treatment,tablet,0,200.41,46.29
4282,treatment,desktop,0,247.48,63.58
13824,control,mobile,0,243.73,77.83
16615,treatment,mobile,0,229.51,40.87
16438,treatment,mobile,0,253.19,36.33
19951,treatment,tablet,0,194.16,45.02
4499,treatment,desktop,0,208.34,55.07
2871,treatment,desktop,0,202.81,25.61
10055,control,mobile,0,204.03,55.55
18461,control,tablet,0,240.22,36.5
13773,control,mobile,0,211.5,53.04
13431,control,mobile,0,197.61,57.34
9045,control,mobile,0,172.76,58.18
8660,control,mobile,0,206.88,66.86
1237,treatment,desktop,0,195.13,110.88
4882,treatment,desktop,0,225.87,12.98
13941,control,mobile,0,187.15,105.06
15988,treatment,mobile,0,250.17,47.43
8002,treatment,desktop,0,216.08,72.12
11156,control,mobile,0,216.65,44.12
3481,treatment,desktop,0,231.19,40.6
11638,control,mobile,0,272.28,38.53
6378,treatment,desktop,0,186.36,89.33
12498,control,mobile,0,233.98,18.81
6123,treatment,desktop,0,232.5,71.11
882,control,desktop,0,264.05,49.27
4535,treatment,desktop,0,204.79,122.99
724,control,desktop,1,159.37,76.14
18456,control,tablet,0,180.59,51.3
6546,treatment,desktop,0,227.43,28.13
9362,control,mobile,0,200.57,37.63
40,control,desktop,0,194.69,48.61
5004,treatment,desktop,1,194.86,31.04
19419,treatment,tablet,0,231.48,41.28
3715,treatment,desktop,0,190.03,66.96
19946,treatment,tablet,0,221.49,45.52
3953,treatment,desktop,0,194.28,88.29
8730,control,mobile,0,189.06,68.95
10320,control,mobile,0,258.22,53.84
609,control,desktop,0,195.33,86.8
15643,treatment,mobile,0,223.11,34.49
5725,treatment,desktop,0,201.55,33.16
3631,treatment,desktop,0,236.24,102.67
3013,treatment,desktop,0,220.55,130.8
14192,control,mobile,0,185.64,35.66
15329,treatment,mobile,0,233.46,39.64
17646,control,tablet,0,258.33,103.91
1732,treatment,desktop,0,254.23,44.41
649,control,desktop,0,172.59,21.36
13695,control,mobile,0,196.75,67.37
14456,control,mobile,0,230.79,40.1
5755,treatment,desktop,0,257.68,45.1
2186,treatment,desktop,1,202.62,47.39
16621,treatment,mobile,0,176.26,28.23
18126,control,tablet,0,175.76,38.27
5901,treatment,desktop,0,153.05,103.85
10556,control,mobile,0,192.41,45.93
1926,treatment,desktop,0,264.17,130.39
10828,control,mobile,0,173.48,78.04
9917,control,mobile,0,249.63,80.92
16094,treatment,mobile,0,197.36,62.03
1301,treatment,desktop,1,202.19,23.24
1213,treatment,desktop,0,275.75,47.83
6427,treatment,desktop,0,249.66,29.67
8763,control,mobile,0,262.89,85.29
4762,treatment,desktop,0,219.24,101.24
19892,treatment,tablet,0,217.98,47.46
14039,control,mobile,0,236.83,47.65
5745,treatment,desktop,0,225.72,23.43
2092,treatment,desktop,0,216.88,111.26
12374,control,mobile,0,235.24,45.01
19168,treatment,tablet,0,265.13,32.06
18332,control,tablet,1,253.44,43.75
19114,treatment,tablet,0,217.54,89.19
4304,treatment,desktop,0,297.75,61.13
18522,control,tablet,0,255.79,17.17
12285,control,mobile,0,249.77,13.56
14266,control,mobile,0,225.28,29.63
237,control,desktop,0,256.2,91.78
3643,treatment,desktop,0,190.82,78.48
3181,treatment,desktop,0,162.85,54.78
583,control,desktop,0,287.27,86.03
4884,treatment,desktop,0,180.36,18.87
8276,control,mobile,0,236.36,31.32
10257,control,mobile,0,208.33,23.22
1593,treatment,desktop,0,261.46,32.09
17305,treatment,mobile,0,211.57,29.99
4650,treatment,desktop,0,188.06,39.2
11344,control,mobile,0,260.76,60.92
17534,control,tablet,0,270.84,29.4
8771,control,mobile,0,284.52,50.13
12933,control,mobile,0,210.22,101.58
10465,control,mobile,0,178.84,144.41
2650,treatment,desktop,0,235.99,36.81
19616,treatment,tablet,0,249.07,55.2
5278,treatment,desktop,0,240.29,127.29
7785,treatment,desktop,0,225.56,56.36
9931,control,mobile,0,207.83,79.96
6161,treatment,desktop,0,207.66,26.61
8277,control,mobile,0,214.6,34.59
8315,control,mobile,0,238.88,24.5
18599,control,tablet,0,257.95,34.94
5169,treatment,desktop,0,279.61,81.42
13949,control,mobile,0,230.36,67.56
9689,control,mobile,1,240.57,38.61
6867,treatment,desktop,0,184.46,56.29
17776,control,tablet,0,230.02,56.3
8635,control,mobile,0,181.99,59.37
8824,control,mobile,0,209.28,142.45
3397,treatment,desktop,0,224.31,53.23
12899,control,mobile,0,214.71,65.21
7328,treatment,desktop,1,236.18,90.53
1546,treatment,desktop,0,256.61,26.21
10967,control,mobile,0,207.72,55.35
11365,control,mobile,0,178.93,33.16
12868,control,mobile,0,165.27,34.03
6545,treatment,desktop,0,182.11,25.18
17829,control,tablet,0,193.53,47.86
12617,control,mobile,1,211.69,70.64
5193,treatment,desktop,0,211.09,42.96
12025,control,mobile,0,219.0,44.68
7883,treatment,desktop,1,227.77,40.89
10661,control,mobile,0,225.06,91.9
2549,treatment,desktop,0,223.03,43.97
5527,treatment,desktop,0,295.14,41.07
10786,control,mobile,0,227.83,37.55
9221,control,mobile,0,233.95,25.87
15605,treatment,mobile,0,239.6,100.24
8454,control,mobile,0,254.97,74.47
10149,control,mobile,0,216.12,39.38
13939,control,mobile,0,230.67,56.69
14757,control,mobile,0,233.83,130.08
5872,treatment,desktop,0,227.43,27.26
10620,control,mobile,0,247.41,43.33
19819,treatment,tablet,0,211.42,45.75
14328,control,mobile,0,237.6,33.75
4075,treatment,desktop,0,218.72,47.59
12457,control,mobile,1,208.22,104.65
1446,treatment,desktop,0,257.72,25.42
6064,treatment,desktop,0,204.49,82.0
11808,control,mobile,0,192.89,32.17
12830,control,mobile,0,191.24,69.51
2384,treatment,desktop,0,228.56,41.03
10445,control,mobile,0,159.94,89.51
2999,treatment,desktop,1,209.35,80.45
18293,control,tablet,0,221.58,91.94
6988,treatment,desktop,0,183.12,74.33
14754,control,mobile,0,250.48,34.69
5539,treatment,desktop,1,207.9,34.69
6271,treatment,desktop,1,249.46,64.79
14794,control,mobile,0,224.74,38.62
14564,control,mobile,0,213.49,56.17
5356,treatment,desktop,0,218.04,61.6
5095,treatment,desktop,0,227.41,25.56
4422,treatment,desktop,0,237.6,47.81
18389,control,tablet,0,241.34,56.88
6612,treatment,desktop,0,182.12,39.64
18695,control,tablet,1,223.95,44.42
19840,treatment,tablet,0,218.33,109.92
15353,treatment,mobile,0,189.14,33.96
10811,control,mobile,0,182.5,18.04
7228,treatment,desktop,1,181.7,26.18
11574,control,mobile,0,234.44,73.01
19411,treatment,tablet,0,206.88,39.25
3830,treatment,desktop,0,208.93,128.26
7035,treatment,desktop,1,207.39,84.94
15534,treatment,mobile,0,228.27,28.45
8236,control,mobile,0,255.94,33.25
9024,control,mobile,0,217.74,21.71
6301,treatment,desktop,0,264.96,38.27
19086,treatment,tablet,0,193.39,18.69
5051,treatment,desktop,0,222.33,78.14
10929,control,mobile,0,223.6,47.68
17609,control,tablet,1,238.47,41.03
13,control,desktop,0,225.83,37.6
13527,control,mobile,1,188.74,85.24
14710,control,mobile,0,201.16,38.61
19538,treatment,tablet,0,188.84,69.72
753,control,desktop,1,215.32,74.37
7750,treatment,desktop,0,237.77,57.77
8558,control,mobile,0,212.69,33.27
10015,control,mobile,0,213.91,21.94
14337,control,mobile,0,253.1,22.4
10453,control,mobile,0,149.14,50.39
2566,treatment,desktop,0,272.55,33.3
10947,control,mobile,0,222.85,18.95
1117,control,desktop,0,187.69,37.27
3932,treatment,desktop,0,261.2,86.08
2789,treatment,desktop,0,238.5,15.67
16592,treatment,mobile,0,267.74,25.63
15553,treatment,mobile,0,195.01,54.65
19331,treatment,tablet,0,165.95,55.81
18219,control,tablet,0,236.31,80.0
14027,control,mobile,0,224.14,55.35
1164,control,desktop,0,200.56,36.04
7615,treatment,desktop,0,219.98,48.53
11122,control,mobile,0,158.18,79.42
13821,control,mobile,0,217.27,108.2
15418,treatment,mobile,0,238.43,51.29
15939,treatment,mobile,0,236.44,62.66
18381,control,tablet,0,234.44,90.06
1060,control,desktop,1,217.12,79.97
15904,treatment,mobile,0,244.5,45.48
6040,treatment,desktop,1,283.04,55.32
6241,treatment,desktop,1,220.25,37.42
3724,treatment,desktop,0,202.88,40.87
16233,treatment,mobile,0,202.78,75.62
5019,treatment,desktop,0,202.75,17.71
7759,treatment,desktop,0,204.96,52.94
14067,control,mobile,0,260.42,43.62
11541,control,mobile,0,234.01,64.2
11799,control,mobile,0,198.64,156.04
15074,control,mobile,1,258.66,66.7
10998,control,mobile,0,279.7,47.98
14798,control,mobile,0,257.58,51.61
18140,control,tablet,0,241.79,40.12
18367,control,tablet,0,184.22,95.55
6515,treatment,desktop,0,179.76,118.15
13363,control,mobile,0,216.19,29.23
12629,control,mobile,0,206.87,38.82
7298,treatment,desktop,0,213.41,87.39
13269,control,mobile,0,197.54,36.48
15994,treatment,mobile,0,199.44,78.58
9435,control,mobile,0,205.03,48.02
3308,treatment,desktop,0,207.5,72.49
10087,control,mobile,0,273.32,53.61
1365,treatment,desktop,0,196.23,36.86
2093,treatment,desktop,0,188.68,58.08
12340,control,mobile,0,173.06,58.32
17181,treatment,mobile,0,205.97,18.39
16622,treatment,mobile,0,208.45,66.8
2058,treatment,desktop,0,251.67,32.08
15046,control,mobile,0,188.75,28.58
10180,control,mobile,0,208.02,138.25
1329,treatment,desktop,0,252.41,32.03
18317,control,tablet,1,232.58,30.79
7013,treatment,desktop,0,154.86,32.65
16257,treatment,mobile,0,204.05,92.04
120,control,desktop,0,242.82,23.2
7584,treatment,desktop,0,269.71,47.53
6672,treatment,desktop,1,277.24,39.92
5596,treatment,desktop,0,272.14,52.07
15500,treatment,mobile,0,185.18,48.41
19502,treatment,tablet,0,207.44,62.35
16432,treatment,mobile,0,240.02,136.03
16557,treatment,mobile,0,227.39,71.06
8450,control,mobile,0,231.46,46.59
2352,treatment,desktop,0,229.47,50.38
2342,treatment,desktop,1,238.87,69.19
8571,control,mobile,0,224.3,3581.01
519,control,desktop,0,223.02,51.5
2732,treatment,desktop,0,194.45,89.16
551,control,desktop,0,177.72,74.08
796,control,desktop,0,231.64,35.1
15365,treatment,mobile,1,209.06,77.57
5562,treatment,desktop,0,230.88,80.59
17278,treatment,mobile,0,245.86,62.28
17980,control,tablet,0,241.5,45.18
10550,control,mobile,0,191.8,73.13
4985,treatment,desktop,0,183.67,43.01
17935,control,tablet,0,191.54,37.19
4167,treatment,desktop,0,199.64,31.08
11212,control,mobile,0,215.8,47.32
9427,control,mobile,0,201.3,16.47
1155,control,desktop,0,215.15,38.41
2170,treatment,desktop,1,185.95,32.86
15667,treatment,mobile,0,221.01,38.58
9530,control,mobile,0,241.4,60.75
9910,control,mobile,0,219.42,53.13
16633,treatment,mobile,0,209.95,64.69
8458,control,mobile,0,239.85,59.03
18699,control,tablet,0,265.74,60.67
1167,control,desktop,0,175.4,25.94
9367,control,mobile,0,183.56,34.77
14681,control,mobile,0,215.69,22.0
11105,control,mobile,0,207.49,49.02
5257,treatment,desktop,0,171.64,18.57
14140,control,mobile,0,203.82,28.58
10911,control,mobile,0,265.41,45.66
11906,control,mobile,0,158.59,39.42
6493,treatment,desktop,1,253.57,61.77
11154,control,mobile,0,253.13,56.78
7289,treatment,desktop,0,169.74,45.84
9033,control,mobile,0,209.51,63.79
9956,control,mobile,0,252.02,46.79
1199,control,desktop,0,238.09,76.0
11066,control,mobile,0,202.25,129.83
2492,treatment,desktop,1,217.36,35.6
15372,treatment,mobile,0,211.87,12.9
18973,control,tablet,0,206.28,111.84
2302,treatment,desktop,0,229.77,74.72
15530,treatment,mobile,0,207.37,115.11
16465,treatment,mobile,0,221.2,66.77
5049,treatment,desktop,0,263.78,32.65
445,control,desktop,1,202.43,30.78
9145,control,mobile,0,126.35,22.39
9873,control,mobile,0,252.45,28.79
19990,treatment,tablet,0,208.55,65.33
15655,treatment,mobile,1,239.48,87.27
1659,treatment,desktop,0,196.31,28.79
12075,control,mobile,0,222.11,141.19
817,control,desktop,1,238.68,30.83
3153,treatment,desktop,0,253.25,58.01
17701,control,tablet,0,198.68,28.57
3860,treatment,desktop,0,214.68,33.56
10415,control,mobile,0,236.49,86.28
9297,control,mobile,0,194.19,42.23
18320,control,tablet,1,227.03,19.41
18302,control,tablet,1,208.78,84.57
19918,treatment,tablet,0,245.89,82.95
4799,treatment,desktop,0,301.81,42.85
9396,control,mobile,0,237.16,17.66
1691,treatment,desktop,0,201.22,89.65
11752,control,mobile,0,208.41,28.12
16401,treatment,mobile,0,233.82,53.53
14477,control,mobile,0,232.83,42.62
2285,treatment,desktop,0,241.21,41.73
7311,treatment,desktop,1,226.63,29.08
19928,treatment,tablet,0,208.07,42.76
11867,control,mobile,0,180.95,57.37
18663,control,tablet,0,205.77,57.56
1157,control,desktop,0,179.63,40.54
15666,treatment,mobile,0,197.93,38.28
18777,control,tablet,0,206.57,28.97
9584,control,mobile,0,197.63,56.03
15097,control,mobile,0,241.11,31.43
15172,treatment,mobile,0,241.59,69.85
17773,control,tablet,0,193.3,58.49
5413,treatment,desktop,0,221.34,19.52
7176,treatment,desktop,0,204.4,56.2
7189,treatment,desktop,0,181.61,41.6
1043,control,desktop,0,189.92,84.92
3920,treatment,desktop,0,231.26,206.19
2632,treatment,desktop,0,242.6,58.29
9823,control,mobile,0,229.32,66.44
17121,treatment,mobile,0,224.87,46.26
17059,treatment,mobile,0,234.19,41.92
1417,treatment,desktop,0,192.5,23.58
5849,treatment,desktop,0,211.62,63.06
7199,treatment,desktop,0,253.83,42.28
4658,treatment,desktop,0,266.17,23.6
1651,treatment,desktop,1,189.93,46.73
17081,treatment,mobile,0,215.48,107.97
15191,treatment,mobile,0,174.03,19.51
13172,control,mobile,0,190.99,83.58
14726,control,mobile,0,166.51,62.52
14363,control,mobile,0,208.18,31.57
8892,control,mobile,0,199.35,44.14
16040,treatment,mobile,0,247.38,21.14
13318,control,mobile,0,186.64,49.67
8028,treatment,desktop,0,183.33,75.36
10283,control,mobile,0,205.92,43.66
13226,control,mobile,1,222.63,36.38
15380,treatment,mobile,0,242.19,81.38
5101,treatment,desktop,0,191.91,39.97
12398,control,mobile,0,233.43,48.83
6376,treatment,desktop,1,211.19,62.85
17612,control,tablet,0,228.06,41.25
4217,treatment,desktop,0,190.5,84.84
6665,treatment,desktop,0,199.67,69.76
17567,control,tablet,0,211.43,69.15
5117,treatment,desktop,0,192.14,26.46
19807,treatment,tablet,0,146.65,191.46
1240,treatment,desktop,0,248.44,85.34
7754,treatment,desktop,0,182.29,139.34
12518,control,mobile,0,245.09,37.3
529,control,desktop,0,276.86,27.49
9799,control,mobile,0,236.9,20.58
10046,control,mobile,0,252.76,45.94
14621,control,mobile,0,219.16,54.54
8295,control,mobile,0,235.3,34.14
6368,treatment,desktop,0,248.78,35.24
5921,treatment,desktop,0,238.72,56.42
16596,treatment,mobile,0,222.6,45.57
733,control,desktop,0,203.26,35.45
51,control,desktop,0,226.79,40.04
9006,control,mobile,0,223.11,90.78
7627,treatment,desktop,0,253.76,66.19
18668,control,tablet,0,206.86,69.72
18310,control,tablet,0,280.14,67.3
8655,control,mobile,0,269.77,50.92
1709,treatment,desktop,0,206.05,47.41
19076,treatment,tablet,0,202.36,88.68
6976,treatment,desktop,0,160.72,69.16
4363,treatment,desktop,0,235.83,56.18
1082,control,desktop,1,187.34,39.0
7190,treatment,desktop,0,260.43,96.23
7353,treatment,desktop,0,261.47,115.03
4470,treatment,desktop,0,210.5,48.33
19380,treatment,tablet,0,215.94,96.65
8903,control,mobile,0,179.88,64.77
8221,control,mobile,0,195.62,48.54
14734,control,mobile,0,255.89,42.93
5741,treatment,desktop,0,209.77,15.34
15240,treatment,mobile,0,240.42,57.89
16882,treatment,mobile,0,236.98,56.46
7276,treatment,desktop,0,191.69,82.98
19103,treatment,tablet,0,235.33,23.81
16666,treatment,mobile,0,187.26,44.59
11974,control,mobile,0,237.86,72.29
18919,control,tablet,0,224.08,42.82
11593,control,mobile,0,253.04,27.97
8661,control,mobile,0,203.94,19.64
8186,treatment,desktop,0,212.05,39.48
5833,treatment,desktop,0,232.68,86.71
4372,treatment,desktop,0,246.08,32.03
9574,control,mobile,1,236.27,51.14
5130,treatment,desktop,0,194.19,40.49
17389,treatment,mobile,0,224.62,56.73
11666,control,mobile,0,188.04,31.77
12706,control,mobile,0,219.22,46.64
11322,control,mobile,0,237.14,144.41
18085,control,tablet,0,144.67,26.34
7749,treatment,desktop,0,188.73,47.87
2158,treatment,desktop,0,214.2,44.35
19115,treatment,tablet,0,251.9,102.19
1804,treatment,desktop,1,206.37,51.56
7515,treatment,desktop,0,241.3,49.35
9390,control,mobile,0,224.24,35.11
5417,treatment,desktop,0,240.95,68.21
3866,treatment,desktop,0,217.6,187.34
15674,treatment,mobile,0,188.07,60.08
16492,treatment,mobile,0,252.79,29.26
9660,control,mobile,0,209.7,16.63
19077,treatment,tablet,0,200.54,61.82
14773,control,mobile,0,216.6,52.83
3708,treatment,desktop,0,191.98,53.55
11123,control,mobile,0,228.47,77.72
12464,control,mobile,0,233.1,69.18
18965,control,tablet,0,193.23,19.72
13703,control,mobile,1,169.41,93.02
10012,control,mobile,0,243.68,62.74
14661,control,mobile,0,236.39,25.62
19194,treatment,tablet,0,245.7,66.84
19374,treatment,tablet,1,255.81,25.08
3159,treatment,desktop,0,222.68,54.21
7497,treatment,desktop,0,247.83,29.03
2120,treatment,desktop,0,213.92,29.81
2164,treatment,desktop,0,202.18,30.37
18348,control,tablet,0,168.9,84.15
166,control,desktop,0,212.56,48.53
13027,control,mobile,0,208.39,73.43
5714,treatment,desktop,0,193.44,87.97
11018,control,mobile,0,250.33,53.0
18976,control,tablet,0,192.19,52.52
5517,treatment,desktop,0,196.47,65.04
12547,control,mobile,0,227.96,108.62
10887,control,mobile,0,173.66,44.9
8356,control,mobile,0,229.13,41.19
10671,control,mobile,0,201.33,70.91
3681,treatment,desktop,0,248.74,58.05
5421,treatment,desktop,0,169.96,69.23
155,control,desktop,0,183.45,101.18
17460,treatment,mobile,0,189.85,50.22
11524,control,mobile,0,174.39,56.07
17112,treatment,mobile,1,168.85,72.05
835,control,desktop,0,185.74,44.71
7287,treatment,desktop,0,238.1,38.72
14145,control,mobile,0,212.14,23.96
3984,treatment,desktop,0,194.42,76.3
49,control,desktop,0,153.9,21.52
15398,treatment,mobile,0,249.13,17.2
3278,treatment,desktop,1,182.25,85.19
9466,control,mobile,0,226.83,41.34
7834,treatment,desktop,0,228.74,56.32
10630,control,mobile,0,272.47,29.14
10704,control,mobile,0,184.05,119.87
18534,control,tablet,0,196.11,30.8
13295,control,mobile,0,222.97,31.44
19708,treatment,tablet,1,204.25,30.36
7981,treatment,desktop,0,172.74,33.69
2610,treatment,desktop,0,221.25,67.43
7240,treatment,desktop,0,223.53,61.89
17362,treatment,mobile,0,229.14,29.0
12900,control,mobile,0,246.31,39.35
19512,treatment,tablet,0,211.03,43.32
8563,control,mobile,0,193.7,90.25
3713,treatment,desktop,1,216.84,75.32
6090,treatment,desktop,1,194.69,33.84
17062,treatment,mobile,0,243.55,56.28
13671,control,mobile,0,160.27,46.11
7525,treatment,desktop,0,203.56,50.0
9014,control,mobile,0,220.55,54.84
2890,treatment,desktop,1,214.28,20.49
4212,treatment,desktop,0,233.09,62.9
157,control,desktop,0,194.76,40.95
16231,treatment,mobile,0,229.63,41.9
17901,control,tablet,0,192.4,74.4
12050,control,mobile,0,224.45,41.69
5465,treatment,desktop,1,202.7,70.4
15967,treatment,mobile,0,188.53,79.57
9894,control,mobile,0,199.1,110.36
1520,treatment,desktop,0,257.13,154.19
12804,control,mobile,0,196.45,20.74
10683,control,mobile,0,222.73,37.36
915,control,desktop,1,208.36,75.74
17683,control,tablet,1,243.82,38.89
8542,control,mobile,0,230.29,29.75
11381,control,mobile,0,228.89,80.38
6473,treatment,desktop,1,222.09,75.98
7573,treatment,desktop,1,259.2,114.34
5006,treatment,desktop,0,180.99,65.8
19934,treatment,tablet,0,250.5,57.06
4352,treatment,desktop,1,198.11,115.93
3593,treatment,desktop,0,282.19,38.77
3584,treatment,desktop,0,185.47,31.9
13464,control,mobile,0,281.35,57.4
14848,control,mobile,1,237.17,51.34
6474,treatment,desktop,0,163.11,56.25
15920,treatment,mobile,0,250.65,73.07
4693,treatment,desktop,0,164.81,59.78
17837,control,tablet,0,227.56,74.04
7618,treatment,desktop,0,148.71,61.44
19408,treatment,tablet,0,261.27,53.68
7132,treatment,desktop,0,211.74,46.64
8995,control,mobile,0,231.6,24.91
7387,treatment,desktop,0,215.76,122.04
10530,control,mobile,0,215.94,103.62
1422,treatment,desktop,0,234.41,47.88
15206,treatment,mobile,0,238.24,69.49
10762,control,mobile,0,130.55,66.89
12068,control,mobile,0,235.96,25.21
18187,control,tablet,0,210.59,21.26
123,control,desktop,1,218.67,55.78
10629,control,mobile,0,228.52,39.14
11767,control,mobile,0,224.53,30.22
71,control,desktop,0,167.09,135.26
384,control,desktop,0,247.33,97.42
8251,control,mobile,0,257.02,66.15
19673,treatment,tablet,0,184.21,25.28
13673,control,mobile,0,219.05,64.16
14487,control,mobile,0,211.54,95.15
9643,control,mobile,0,216.91,67.2
8388,control,mobile,0,201.62,19.64
3202,treatment,desktop,0,245.93,45.29
12836,control,mobile,0,242.74,35.93
2676,treatment,desktop,0,241.71,20.03
6107,treatment,desktop,0,220.96,40.65
5959,treatment,desktop,0,205.61,37.68
6270,treatment,desktop,1,213.92,33.24
17519,control,tablet,0,211.93,59.7
92,control,desktop,1,218.46,46.08
4158,treatment,desktop,0,185.09,64.36
2408,treatment,desktop,1,245.78,123.02
4396,treatment,desktop,1,198.99,27.42
16304,treatment,mobile,0,263.61,70.3
15767,treatment,mobile,0,204.21,24.46
5160,treatment,desktop,0,165.55,69.29
3084,treatment,desktop,0,217.61,51.36
4735,treatment,desktop,1,210.33,67.29
6653,treatment,desktop,0,257.34,83.49
19636,treatment,tablet,0,278.16,31.38
3683,treatment,desktop,0,216.79,48.5
10926,control,mobile,0,216.3,87.43
9738,control,mobile,1,178.95,28.95
783,control,desktop,0,198.52,86.03
1388,treatment,desktop,0,162.33,60.07
13853,control,mobile,0,264.56,44.63
16445,treatment,mobile,0,230.52,79.63
13768,control,mobile,0,274.14,28.65
11435,control,mobile,0,207.52,42.24
13131,control,mobile,0,234.23,40.59
15358,treatment,mobile,0,275.9,26.13
4918,treatment,desktop,1,196.17,36.28
18837,control,tablet,0,200.97,37.95
15708,treatment,mobile,0,236.75,49.52
4834,treatment,desktop,0,220.2,60.96
9317,control,mobile,0,234.05,72.37
13979,control,mobile,0,216.2,47.65
11951,control,mobile,0,203.35,102.57
7873,treatment,desktop,0,206.61,31.14
5640,treatment,desktop,0,234.27,65.77
2508,treatment,desktop,0,185.5,47.24
15065,control,mobile,0,218.4,97.78
8133,treatment,desktop,0,202.77,56.25
16032,treatment,mobile,0,179.64,75.2
18527,control,tablet,0,213.35,156.98
4734,treatment,desktop,1,234.4,30.08
7271,treatment,desktop,0,218.58,33.0
18591,control,tablet,0,214.64,25.76
10035,control,mobile,0,161.09,27.58
15096,control,mobile,0,286.66,56.38
8502,control,mobile,0,209.38,80.64
12936,control,mobile,1,226.37,87.34
9955,control,mobile,0,209.18,48.74
4516,treatment,desktop,0,231.49,106.34
2290,treatment,desktop,0,194.07,68.73
6536,treatment,desktop,0,186.14,26.12
14048,control,mobile,0,235.9,86.64
17529,control,tablet,0,183.92,31.6
7133,treatment,desktop,0,276.28,52.87
18654,control,tablet,0,258.55,50.48
15727,treatment,mobile,0,236.41,41.73
11671,control,mobile,0,258.13,80.2
18065,control,tablet,0,229.65,57.22
18854,control,tablet,0,191.23,59.44
6818,treatment,desktop,0,178.38,53.96
3447,treatment,desktop,1,255.82,38.79
13990,control,mobile,0,224.48,102.5
9190,control,mobile,0,209.17,34.85
10641,control,mobile,0,236.28,41.76
10664,control,mobile,0,285.27,45.46
10853,control,mobile,0,205.45,28.47
2953,treatment,desktop,1,217.54,22.73
11176,control,mobile,0,274.85,55.21
9036,control,mobile,0,251.06,64.56
14970,control,mobile,0,234.26,58.03
12021,control,mobile,0,200.62,73.4
17852,control,tablet,0,247.24,48.1
9811,control,mobile,0,198.24,24.49
10224,control,mobile,0,237.99,56.17
12772,control,mobile,0,201.2,56.77
11519,control,mobile,0,176.21,57.32
16113,treatment,mobile,0,230.15,31.75
9613,control,mobile,0,278.53,46.49
18885,control,tablet,0,252.35,96.21
17816,control,tablet,0,211.93,18.82
13917,control,mobile,0,271.02,32.25
15490,treatment,mobile,0,246.44,105.93
10038,control,mobile,0,250.51,43.05
9268,control,mobile,0,219.12,21.86
14880,control,mobile,0,220.64,43.35
7839,treatment,desktop,0,243.43,76.72
13656,control,mobile,0,164.62,92.0
7682,treatment,desktop,0,202.9,69.81
429,control,desktop,0,226.43,99.54
14234,control,mobile,0,222.69,71.56
221,control,desktop,0,274.57,59.9
11384,control,mobile,1,274.95,32.9
6199,treatment,desktop,0,195.26,78.83
17336,treatment,mobile,0,238.26,27.05
16227,treatment,mobile,0,253.22,30.46
6390,treatment,desktop,1,225.2,25.8
7707,treatment,desktop,0,188.73,60.8
3989,treatment,desktop,0,213.65,44.26
5374,treatment,desktop,0,197.48,37.19
19321,treatment,tablet,0,220.4,23.66
1368,treatment,desktop,0,183.98,47.93
648,control,desktop,0,229.95,52.9
18662,control,tablet,1,249.43,68.4
7994,treatment,desktop,0,267.95,48.82
461,control,desktop,0,236.81,80.68
19461,treatment,tablet,0,208.37,62.82
15408,treatment,mobile,0,268.69,36.73
18403,control,tablet,0,229.7,64.02
11586,control,mobile,0,244.42,115.58
8328,control,mobile,0,252.42,16.29
5226,treatment,desktop,0,233.77,37.52
7221,treatment,desktop,0,199.03,14.12
6835,treatment,desktop,0,245.23,25.88
5287,treatment,desktop,0,205.36,81.34
15492,treatment,mobile,0,259.68,76.37
1349,treatment,desktop,0,190.89,54.74
10240,control,mobile,0,206.36,106.17
605,control,desktop,1,196.42,59.57
2134,treatment,desktop,1,186.04,46.35
6999,treatment,desktop,0,254.42,33.5
5344,treatment,desktop,0,226.41,30.7
15521,treatment,mobile,0,175.61,65.0
16883,treatment,mobile,0,210.68,56.36
1138,control,desktop,0,225.5,26.57
9515,control,mobile,0,231.41,83.52
14480,control,mobile,0,265.09,65.23
15794,treatment,mobile,0,183.57,22.73
3531,treatment,desktop,0,179.54,73.73
3992,treatment,desktop,0,176.82,25.84
7248,treatment,desktop,0,236.65,28.93
13108,control,mobile,0,253.1,60.38
11686,control,mobile,0,206.1,57.01
8127,treatment,desktop,0,180.98,77.59
289,control,desktop,0,261.16,56.21
14629,control,mobile,0,227.99,54.11
16787,treatment,mobile,0,235.71,90.29
7400,treatment,desktop,0,234.47,40.4
10347,control,mobile,0,215.67,38.35
6712,treatment,desktop,1,245.53,45.51
16241,treatment,mobile,0,249.66,48.14
7594,treatment,desktop,1,212.75,56.83
8780,control,mobile,0,259.71,28.89
1036,control,desktop,0,218.27,84.11
3290,treatment,desktop,0,211.05,20.9
14589,control,mobile,0,208.1,81.91
1821,treatment,desktop,0,225.91,13.42
14084,control,mobile,0,237.02,63.22
14753,control,mobile,0,226.35,53.55
18109,control,tablet,0,215.47,140.66
6671,treatment,desktop,0,227.68,16.43
7650,treatment,desktop,0,187.78,75.25
5877,treatment,desktop,0,190.32,56.77
9614,control,mobile,0,214.21,34.12
2200,treatment,desktop,0,216.17,54.3
6500,treatment,desktop,0,240.27,44.62
19534,treatment,tablet,0,155.18,32.67
1463,treatment,desktop,0,212.3,25.02
1436,treatment,desktop,0,158.84,119.26
8672,control,mobile,0,194.93,35.72
3064,treatment,desktop,0,232.62,54.79
9222,control,mobile,0,192.85,78.88
5757,treatment,desktop,0,176.79,34.39
19907,treatment,tablet,0,222.67,54.74
17945,control,tablet,0,266.09,37.24
8787,control,mobile,0,207.23,33.62
19069,treatment,tablet,0,236.13,28.86
13309,control,mobile,0,209.25,38.1
14361,control,mobile,0,194.32,123.61
2112,treatment,desktop,0,232.48,56.0
1502,treatment,desktop,0,242.9,82.83
10076,control,mobile,0,236.08,58.12
10885,control,mobile,0,200.66,49.09
17557,control,tablet,1,208.32,62.6
18550,control,tablet,0,248.74,37.94
17710,control,tablet,0,233.97,23.8
19728,treatment,tablet,0,262.78,108.86
18431,control,tablet,0,206.04,144.0
277,control,desktop,0,216.75,43.09
9237,control,mobile,0,186.55,60.03
2435,treatment,desktop,0,241.63,72.34
14346,control,mobile,0,194.01,104.16
15903,treatment,mobile,0,243.71,45.2
7195,treatment,desktop,0,250.37,107.85
16576,treatment,mobile,0,221.37,21.68
8079,treatment,desktop,0,134.98,51.54
4325,treatment,desktop,0,257.77,97.58
13153,control,mobile,0,234.99,40.68
14339,control,mobile,0,203.18,111.82
8578,control,mobile,1,221.33,48.8
11998,control,mobile,0,231.74,86.52
2955,treatment,desktop,0,179.58,42.45
16376,treatment,mobile,0,177.74,53.04
825,control,desktop,0,234.07,46.74
13895,control,mobile,0,231.71,67.36
755,control,desktop,0,226.27,66.03
14157,control,mobile,0,233.03,27.59
16215,treatment,mobile,0,174.97,60.7
16337,treatment,mobile,0,199.02,34.15
12003,control,mobile,1,229.58,29.19
18429,control,tablet,0,306.84,82.89
16991,treatment,mobile,0,169.31,22.5
3352,treatment,desktop,0,237.95,37.52
13292,control,mobile,0,216.36,42.17
8630,control,mobile,0,189.04,25.56
11060,control,mobile,0,229.23,121.99
9998,control,mobile,0,193.07,85.02
13735,control,mobile,0,272.35,33.68
8548,control,mobile,0,197.33,30.45
2037,treatment,desktop,0,203.66,113.99
18867,control,tablet,0,212.82,88.74
8667,control,mobile,0,167.98,27.66
3887,treatment,desktop,0,272.24,13.73
12018,control,mobile,0,212.32,38.14
12253,control,mobile,0,235.44,48.3
12544,control,mobile,0,203.7,44.27
19025,treatment,tablet,0,178.23,35.17
4309,treatment,desktop,0,200.65,16.82
5754,treatment,desktop,1,210.38,48.2
12188,control,mobile,0,162.58,29.72
12987,control,mobile,0,193.38,79.03
15306,treatment,mobile,0,199.41,84.26
19283,treatment,tablet,0,217.06,51.83
6874,treatment,desktop,1,173.17,50.92
18978,control,tablet,1,217.91,44.32
4751,treatment,desktop,0,214.66,30.16
14043,control,mobile,0,206.56,63.42
5802,treatment,desktop,0,219.49,33.21
8946,control,mobile,0,288.73,39.17
19042,treatment,tablet,0,232.69,51.44
1293,treatment,desktop,0,197.82,15.13
10596,control,mobile,0,186.07,61.41
11820,control,mobile,0,153.04,26.46
12686,control,mobile,0,191.81,57.28
16099,treatment,mobile,0,277.94,56.53
986,control,desktop,0,252.4,33.25
3923,treatment,desktop,0,206.06,29.06
17235,treatment,mobile,0,195.77,20.9
14516,control,mobile,0,233.78,34.12
7948,treatment,desktop,0,175.42,100.91
8479,control,mobile,0,215.08,39.33
12577,control,mobile,0,192.44,34.44
4453,treatment,desktop,0,271.24,107.1
17958,control,tablet,0,212.42,17.33
12334,control,mobile,0,194.4,57.91
13299,control,mobile,0,196.96,65.65
17928,control,tablet,0,211.63,20.42
12067,control,mobile,0,219.9,45.46
8019,treatment,desktop,0,232.17,52.76
6118,treatment,desktop,0,195.69,48.44
15055,control,mobile,0,216.62,59.58
9188,control,mobile,0,205.81,21.57
82,control,desktop,0,197.25,42.25
17628,control,tablet,0,179.59,72.65
1046,control,desktop,0,154.9,49.18
15323,treatment,mobile,0,240.87,24.72
14065,control,mobile,0,251.19,89.81
6539,treatment,desktop,0,190.23,39.2
10826,control,mobile,0,219.37,61.31
1174,control,desktop,0,228.12,27.06
6917,treatment,desktop,0,260.87,24.9
9766,control,mobile,0,266.32,48.44
16140,treatment,mobile,0,237.88,84.8
11141,control,mobile,0,189.35,31.61
3092,treatment,desktop,0,224.7,26.75
7821,treatment,desktop,0,184.69,55.99
11052,control,mobile,0,248.19,35.65
17875,control,tablet,0,254.29,44.76
14623,control,mobile,0,145.09,40.69
18218,control,tablet,0,215.52,72.62
13156,control,mobile,0,230.79,35.3
12445,control,mobile,0,227.72,47.19
14602,control,mobile,0,208.19,110.06
15790,treatment,mobile,0,197.75,32.56
4012,treatment,desktop,0,214.19,67.14
7570,treatment,desktop,1,227.11,43.22
19589,treatment,tablet,0,178.08,230.17
3829,treatment,desktop,0,219.51,58.29
8344,control,mobile,0,199.34,20.89
8021,treatment,desktop,0,284.79,57.85
8104,treatment,desktop,1,195.13,77.55
16620,treatment,mobile,0,226.67,33.91
14470,control,mobile,0,251.36,106.44
5147,treatment,desktop,1,213.98,29.76
5710,treatment,desktop,1,267.33,51.14
16765,treatment,mobile,0,240.08,60.27
6600,treatment,desktop,0,234.14,42.7
16111,treatment,mobile,0,201.53,62.16
16800,treatment,mobile,0,185.1,81.6
1492,treatment,desktop,0,252.81,22.98
16031,treatment,mobile,0,232.23,31.26
7829,treatment,desktop,0,225.8,110.75
8875,control,mobile,0,196.52,45.22
9531,control,mobile,0,231.9,115.81
7980,treatment,desktop,0,193.43,57.42
264,control,desktop,0,219.9,78.02
12251,control,mobile,0,226.28,28.39
9106,control,mobile,0,178.24,61.32
711,control,desktop,0,232.29,71.63
11379,control,mobile,0,227.72,37.18
9933,control,mobile,0,237.39,78.58
7946,treatment,desktop,0,209.09,78.86
11610,control,mobile,0,232.38,73.7
17614,control,tablet,0,276.18,118.2
11305,control,mobile,0,234.49,16.01
765,control,desktop,0,172.49,49.45
4930,treatment,desktop,0,298.93,39.61
16170,treatment,mobile,0,219.74,24.33
5359,treatment,desktop,0,169.42,34.1
7078,treatment,desktop,0,264.32,68.91
14877,control,mobile,1,245.08,90.15
17584,control,tablet,0,208.65,36.33
12423,control,mobile,0,191.66,36.19
14430,control,mobile,0,237.37,20.25
14033,control,mobile,0,248.1,3523.12
17905,control,tablet,0,264.71,25.55
6024,treatment,desktop,0,228.1,21.45
11324,control,mobile,0,192.02,30.19
19113,treatment,tablet,0,224.35,117.95
2593,treatment,desktop,0,216.74,25.39
4382,treatment,desktop,0,231.72,100.2
15648,treatment,mobile,0,206.95,61.86
2828,treatment,desktop,0,178.48,84.99
5433,treatment,desktop,1,205.88,71.92
16473,treatment,mobile,0,181.29,49.93
16530,treatment,mobile,0,221.0,55.33
9096,control,mobile,0,216.89,29.7
15505,treatment,mobile,0,191.68,52.09
10574,control,mobile,0,289.44,36.73
11065,control,mobile,1,179.71,26.3
10456,control,mobile,0,258.39,89.35
15990,treatment,mobile,0,166.31,38.39
8684,control,mobile,0,176.91,50.04
17188,treatment,mobile,0,223.48,29.7
5560,treatment,desktop,1,196.07,111.15
10572,control,mobile,1,237.62,75.64
18168,control,tablet,1,227.7,28.3
10273,control,mobile,0,231.57,53.17
11239,control,mobile,0,166.88,45.15
2328,treatment,desktop,1,184.12,47.0
7443,treatment,desktop,0,186.67,73.0
8665,control,mobile,0,145.47,35.17
7715,treatment,desktop,0,232.49,27.98
3892,treatment,desktop,0,269.84,51.49
9682,control,mobile,0,275.81,42.36
4691,treatment,desktop,0,249.95,81.91
9968,control,mobile,0,236.74,30.57
15064,control,mobile,0,170.85,99.17
19277,treatment,tablet,0,205.18,19.98
4486,treatment,desktop,0,220.72,50.52
12955,control,mobile,0,208.77,99.73
15986,treatment,mobile,0,252.61,49.76
4286,treatment,desktop,0,211.71,104.7
6802,treatment,desktop,0,161.4,62.45
5457,treatment,desktop,0,226.66,90.11
13638,control,mobile,0,244.67,107.95
18087,control,tablet,0,209.72,62.35
16750,treatment,mobile,0,231.5,17.23
10280,control,mobile,0,226.73,28.68
7882,treatment,desktop,0,192.39,95.94
18191,control,tablet,0,243.99,22.05
7475,treatment,desktop,0,204.55,51.39
15861,treatment,mobile,0,252.45,44.15
10618,control,mobile,0,301.83,33.41
12391,control,mobile,0,261.24,55.24
17345,treatment,mobile,0,182.32,38.03
2419,treatment,desktop,0,250.17,49.42
7005,treatment,desktop,0,191.39,83.18
12500,control,mobile,0,223.71,70.0
5907,treatment,desktop,0,291.51,18.68
13971,control,mobile,0,254.85,58.67
9854,control,mobile,0,238.5,72.0
10105,control,mobile,0,234.68,41.33
5526,treatment,desktop,1,215.51,78.19
18957,control,tablet,0,228.14,81.39
16810,treatment,mobile,0,234.89,67.53
1034,control,desktop,0,192.54,30.92
1706,treatment,desktop,0,235.07,80.46
2128,treatment,desktop,0,162.66,43.69
14736,control,mobile,0,218.69,43.14
13460,control,mobile,0,214.29,71.64
13056,control,mobile,0,262.28,62.98
11700,control,mobile,0,230.6,42.57
10222,control,mobile,0,255.26,103.03
6848,treatment,desktop,0,263.18,75.97
3835,treatment,desktop,0,178.18,44.0
11970,control,mobile,1,310.87,50.5
17744,control,tablet,0,253.36,49.29
18259,control,tablet,0,243.07,32.92
4337,treatment,desktop,1,195.37,54.82
4970,treatment,desktop,0,171.64,36.06
8608,control,mobile,0,222.07,40.43
8338,control,mobile,0,186.72,29.6
9047,control,mobile,0,192.97,36.48
747,control,desktop,0,218.56,80.19
14641,control,mobile,1,200.88,44.59
2020,treatment,desktop,0,212.46,46.97
1597,treatment,desktop,0,227.63,92.35
17988,control,tablet,0,247.5,15.11
6044,treatment,desktop,0,218.52,67.48
4621,treatment,desktop,0,211.34,54.4
1062,control,desktop,0,222.72,74.59
14586,control,mobile,0,157.6,79.3
16717,treatment,mobile,0,202.68,102.93
6691,treatment,desktop,0,233.92,86.81
16534,treatment,mobile,0,207.7,82.82
4725,treatment,desktop,1,259.37,107.37
7106,treatment,desktop,0,233.99,32.64
7770,treatment,desktop,0,174.86,20.76
1068,control,desktop,0,214.1,49.54
812,control,desktop,0,221.92,49.23
11146,control,mobile,0,244.78,34.62
3294,treatment,desktop,0,252.94,57.73
15548,treatment,mobile,0,284.83,43.38
14350,control,mobile,0,245.98,29.49
7364,treatment,desktop,0,211.8,33.99
17561,control,tablet,0,219.74,106.88
8816,control,mobile,0,250.62,57.63
10854,control,mobile,0,203.86,42.03
11082,control,mobile,0,217.5,45.62
10658,control,mobile,0,218.94,49.37
192,control,desktop,0,223.94,57.07
15217,treatment,mobile,0,211.33,82.12
5832,treatment,desktop,0,184.3,30.08
9404,control,mobile,0,204.1,131.9
3774,treatment,desktop,1,230.91,52.36
5005,treatment,desktop,0,214.8,34.9
19542,treatment,tablet,0,213.88,24.35
14134,control,mobile,0,190.74,30.41
13417,control,mobile,0,211.54,72.31
13420,control,mobile,0,260.14,26.16
18089,control,tablet,0,231.61,41.37
16584,treatment,mobile,0,196.47,120.09
7278,treatment,desktop,0,162.73,39.9
12681,control,mobile,0,210.78,38.82
15705,treatment,mobile,0,235.41,56.17
15642,treatment,mobile,0,292.85,30.37
15393,treatment,mobile,0,212.88,96.05
18820,control,tablet,0,251.98,25.28
10365,control,mobile,0,190.98,52.89
7571,treatment,desktop,0,187.61,56.72
3054,treatment,desktop,1,213.08,81.12
3406,treatment,desktop,0,252.47,22.94
4637,treatment,desktop,0,203.96,95.69
10604,control,mobile,0,203.89,118.48
6355,treatment,desktop,0,245.07,60.75
16892,treatment,mobile,0,197.33,28.57
7757,treatment,desktop,0,230.2,39.96
8767,control,mobile,0,236.76,47.59
4696,treatment,desktop,0,250.75,26.8
17503,control,tablet,0,216.65,72.97
13343,control,mobile,0,201.17,37.92
2451,treatment,desktop,0,254.33,24.94
466,control,desktop,0,230.61,38.52
1248,treatment,desktop,1,222.59,86.05
10284,control,mobile,0,246.97,56.56
501,control,desktop,0,263.16,34.75
19178,treatment,tablet,0,197.09,69.67
11059,control,mobile,0,232.44,54.34
9600,control,mobile,0,231.48,23.98
7513,treatment,desktop,0,183.38,47.96
2459,treatment,desktop,0,178.87,27.88
1855,treatment,desktop,0,211.58,42.17
16976,treatment,mobile,0,223.15,61.71
5967,treatment,desktop,0,181.94,114.89
18586,control,tablet,0,231.03,88.35
13868,control,mobile,0,231.78,134.18
13909,control,mobile,0,262.77,24.23
9849,control,mobile,0,220.71,25.5
16085,treatment,mobile,0,231.83,66.7
13810,control,mobile,0,244.52,47.5
3881,treatment,desktop,1,236.57,70.93
11833,control,mobile,0,240.62,31.18
11432,control,mobile,0,236.54,43.4
9041,control,mobile,0,225.43,84.77
12696,control,mobile,0,244.6,19.35
10236,control,mobile,1,219.82,150.32
18582,control,tablet,0,245.23,49.11
16222,treatment,mobile,0,229.56,63.32
18117,control,tablet,0,221.84,37.3
10862,control,mobile,0,219.12,36.43
793,control,desktop,0,229.22,63.42
15027,control,mobile,0,224.12,27.76
15634,treatment,mobile,0,201.21,11.17
13201,control,mobile,0,239.77,45.51
14161,control,mobile,0,200.03,165.65
7071,treatment,desktop,1,199.38,62.96
341,control,desktop,0,234.98,85.35
15410,treatment,mobile,0,206.23,74.15
18515,control,tablet,0,208.21,30.69
6319,treatment,desktop,0,261.3,51.71
11823,control,mobile,0,208.61,18.68
6756,treatment,desktop,0,206.01,120.84
13413,control,mobile,0,208.09,38.71
3285,treatment,desktop,0,159.53,35.52
13580,control,mobile,0,203.93,22.96
14507,control,mobile,0,193.19,35.66
14939,control,mobile,0,251.08,29.84
4670,treatment,desktop,0,197.14,27.99
9749,control,mobile,0,223.32,32.12
12603,control,mobile,0,228.28,34.15
18273,control,tablet,0,204.6,37.37
7771,treatment,desktop,1,222.12,68.28
7932,treatment,desktop,0,251.34,52.04
14869,control,mobile,0,247.16,52.2
12410,control,mobile,0,163.26,57.01
11695,control,mobile,0,235.61,93.86
9726,control,mobile,0,197.04,62.75
16458,treatment,mobile,0,199.74,55.61
16929,treatment,mobile,0,173.36,15.7
10090,control,mobile,1,167.94,30.54
19778,treatment,tablet,0,267.94,21.72
4646,treatment,desktop,1,243.42,35.29
16748,treatment,mobile,0,216.73,50.26
9909,control,mobile,0,204.94,78.2
16549,treatment,mobile,0,241.0,55.18
16152,treatment,mobile,0,265.42,80.16
6677,treatment,desktop,0,281.07,67.05
904,control,desktop,0,252.86,57.47
7687,treatment,desktop,0,216.24,61.51
18675,control,tablet,1,217.15,70.03
687,control,desktop,0,182.38,27.75
1677,treatment,desktop,0,258.4,56.18
5998,treatment,desktop,0,256.14,48.67
14963,control,mobile,0,232.48,25.17
4963,treatment,desktop,0,215.64,55.46
4190,treatment,desktop,0,280.85,122.41
7306,treatment,desktop,0,217.52,25.09
452,control,desktop,0,200.0,44.96
9877,control,mobile,0,238.89,27.41
10646,control,mobile,0,175.57,30.21
1053,control,desktop,0,231.51,39.81
3349,treatment,desktop,0,238.22,137.66
18828,control,tablet,1,245.13,57.74
7993,treatment,desktop,0,231.1,29.23
13954,control,mobile,0,216.74,36.26
9008,control,mobile,0,212.06,62.65
6339,treatment,desktop,0,166.08,22.42
16605,treatment,mobile,0,224.74,33.09
15216,treatment,mobile,0,252.86,55.46
7225,treatment,desktop,0,209.85,68.17
3929,treatment,desktop,0,253.67,39.85
15595,treatment,mobile,0,214.23,51.24
10858,control,mobile,0,163.76,72.95
8886,control,mobile,0,201.91,58.63
1554,treatment,desktop,0,215.35,30.51
15222,treatment,mobile,0,272.72,60.14
5273,treatment,desktop,0,240.47,37.95
1743,treatment,desktop,0,188.79,37.9
10115,control,mobile,0,244.28,30.69
10304,control,mobile,0,229.43,78.41
11233,control,mobile,0,192.09,37.76
13605,control,mobile,0,184.01,70.59
17182,treatment,mobile,0,245.48,37.02
5731,treatment,desktop,1,247.35,31.04
8587,control,mobile,0,221.12,45.23
53,control,desktop,0,197.79,43.05
4059,treatment,desktop,0,259.34,81.25
12022,control,mobile,0,239.19,137.19
2239,treatment,desktop,0,210.35,41.06
17063,treatment,mobile,0,247.3,49.24
2450,treatment,desktop,0,147.62,122.09
10213,control,mobile,0,187.57,47.29
8410,control,mobile,1,217.07,42.77
19468,treatment,tablet,0,267.97,42.05
14473,control,mobile,0,257.71,79.62
12183,control,mobile,0,215.37,93.03
17991,control,tablet,1,217.02,28.69
500,control,desktop,0,212.98,43.75
435,control,desktop,0,249.62,18.46
1510,treatment,desktop,0,257.71,38.53
1029,control,desktop,0,142.05,78.4
8615,control,mobile,0,226.84,38.24
8147,treatment,desktop,0,235.19,84.88
14329,control,mobile,0,246.27,76.29
19295,treatment,tablet,0,263.7,197.26
8517,control,mobile,0,205.11,40.68
3040,treatment,desktop,0,218.43,44.65
9506,control,mobile,0,198.48,114.21
6695,treatment,desktop,0,212.58,14.08
11274,control,mobile,0,249.52,7.78
2661,treatment,desktop,0,223.29,41.85
8499,control,mobile,0,173.81,52.94
550,control,desktop,1,244.12,100.79
1968,treatment,desktop,0,249.28,74.45
13744,control,mobile,0,245.32,38.86
1381,treatment,desktop,0,208.78,46.9
6215,treatment,desktop,0,262.58,39.4
4620,treatment,desktop,0,252.5,43.72
13399,control,mobile,0,233.11,31.03
626,control,desktop,0,262.32,45.74
3179,treatment,desktop,0,213.43,50.04
14528,control,mobile,0,237.26,89.44
13716,control,mobile,1,212.54,41.33
9258,control,mobile,0,186.78,36.19
588,control,desktop,1,234.37,56.66
14210,control,mobile,0,181.96,69.37
1766,treatment,desktop,0,210.02,27.64
8537,control,mobile,0,275.14,67.89
6059,treatment,desktop,0,223.83,57.39
1228,treatment,desktop,0,240.82,190.16
19754,treatment,tablet,0,269.97,36.7
13686,control,mobile,0,258.98,56.35
6229,treatment,desktop,1,181.07,52.89
11003,control,mobile,0,260.65,20.94
14924,control,mobile,0,151.83,25.84
14284,control,mobile,0,191.7,76.46
15652,treatment,mobile,0,198.38,70.69
3511,treatment,desktop,0,253.04,291.93
12261,control,mobile,0,213.47,81.3
3621,treatment,desktop,0,230.92,74.51
212,control,desktop,0,203.06,37.03
9654,control,mobile,0,191.5,26.22
9113,control,mobile,0,257.63,114.37
3142,treatment,desktop,0,215.79,33.26
7243,treatment,desktop,0,229.59,45.15
5845,treatment,desktop,0,201.61,85.9
7109,treatment,desktop,1,202.61,81.42
7617,treatment,desktop,0,211.63,102.85
16052,treatment,mobile,0,194.73,50.39
17202,treatment,mobile,0,212.84,24.78
16859,treatment,mobile,0,192.06,51.67
7764,treatment,desktop,0,300.03,46.92
15113,treatment,mobile,0,256.93,41.92
13401,control,mobile,0,202.65,42.51
17137,treatment,mobile,0,242.36,47.4
10590,control,mobile,0,226.29,30.4
19230,treatment,tablet,0,179.74,50.24
760,control,desktop,0,198.23,29.34
7203,treatment,desktop,1,176.12,73.79
12419,control,mobile,0,221.95,40.51
3413,treatment,desktop,0,273.33,22.77
10681,control,mobile,0,165.75,47.27
12492,control,mobile,0,180.2,111.49
9971,control,mobile,0,261.19,47.54
12770,control,mobile,0,206.37,42.11
8562,control,mobile,0,243.12,84.46
2925,treatment,desktop,0,243.69,16.61
17637,control,tablet,1,169.57,24.2
62,control,desktop,0,238.64,45.69
3673,treatment,desktop,0,284.83,38.13
3264,treatment,desktop,0,232.45,59.84
13347,control,mobile,0,218.63,43.91
18154,control,tablet,0,184.67,48.56
2275,treatment,desktop,0,249.55,32.38
2625,treatment,desktop,1,228.27,47.84
526,control,desktop,1,164.49,28.96
7858,treatment,desktop,0,282.65,59.51
659,control,desktop,0,149.02,58.53
3254,treatment,desktop,0,211.49,55.72
2376,treatment,desktop,1,261.06,118.23
8686,control,mobile,0,219.86,98.76
13052,control,mobile,0,219.66,95.28
10783,control,mobile,0,197.37,29.67
12447,control,mobile,0,241.44,81.52
4412,treatment,desktop,0,232.97,25.66
17969,control,tablet,0,232.58,32.97
13829,control,mobile,0,237.53,127.61
10227,control,mobile,0,203.37,41.83
3595,treatment,desktop,0,188.85,22.03
11569,control,mobile,0,216.62,82.04
841,control,desktop,0,185.04,87.11
10360,control,mobile,0,220.7,30.65
1096,control,desktop,0,195.5,24.55
16541,treatment,mobile,0,230.97,58.64
9123,control,mobile,0,238.67,89.92
18997,control,tablet,0,219.42,46.42
10482,control,mobile,0,196.01,66.98
18500,control,tablet,0,189.08,60.59
10157,control,mobile,0,187.18,21.97
19361,treatment,tablet,0,219.6,22.83
3451,treatment,desktop,0,250.61,53.04
19752,treatment,tablet,0,189.16,18.22
15028,control,mobile,0,257.16,21.61
19371,treatment,tablet,0,229.68,17.78
11726,control,mobile,0,234.56,26.42
1154,control,desktop,0,214.78,50.19
16610,treatment,mobile,0,205.12,57.93
2149,treatment,desktop,0,258.05,41.92
15136,treatment,mobile,0,141.24,80.09
5120,treatment,desktop,1,181.67,34.89
11848,control,mobile,0,257.65,18.04
10501,control,mobile,0,228.69,95.83
18718,control,tablet,0,220.94,45.07
8799,control,mobile,0,234.96,52.46
7202,treatment,desktop,0,217.93,36.9
3097,treatment,desktop,0,233.16,30.43
665,control,desktop,0,237.58,57.51
16712,treatment,mobile,0,168.73,112.01
9109,control,mobile,0,257.59,80.48
15556,treatment,mobile,0,263.43,132.75
14678,control,mobile,1,199.72,88.36
2680,treatment,desktop,0,203.98,75.13
18847,control,tablet,1,225.82,40.44
2783,treatment,desktop,1,263.39,40.71
7451,treatment,desktop,0,250.66,54.01
2998,treatment,desktop,0,201.87,36.66
12722,control,mobile,0,179.07,57.65
13704,control,mobile,0,222.2,29.26
2667,treatment,desktop,0,230.89,31.92
14282,control,mobile,0,197.39,91.6
14849,control,mobile,0,240.61,50.42
18410,control,tablet,0,180.84,36.9
1891,treatment,desktop,0,188.12,58.14
10579,control,mobile,0,227.76,38.1
17810,control,tablet,0,226.46,44.29
6258,treatment,desktop,0,290.64,25.66
17438,treatment,mobile,0,201.79,44.87
17469,treatment,mobile,0,216.02,132.31
11273,control,mobile,0,166.04,68.26
8030,treatment,desktop,0,247.5,51.78
2701,treatment,desktop,0,192.45,23.44
13752,control,mobile,0,187.63,59.85
9927,control,mobile,0,191.05,59.1
18836,control,tablet,0,204.83,74.62
10960,control,mobile,0,218.52,72.79
8721,control,mobile,1,289.36,34.25
17022,treatment,mobile,0,142.53,37.03
7404,treatment,desktop,0,223.71,43.49
4200,treatment,desktop,0,246.74,28.1
13253,control,mobile,0,256.38,42.74
13523,control,mobile,0,231.47,19.52
6578,treatment,desktop,1,235.93,34.02
4385,treatment,desktop,0,234.66,35.12
462,control,desktop,0,235.5,28.41
4340,treatment,desktop,0,209.92,75.8
1532,treatment,desktop,0,219.8,100.7
6768,treatment,desktop,0,226.03,46.95
4501,treatment,desktop,0,206.71,49.71
5118,treatment,desktop,0,151.14,89.52
17230,treatment,mobile,0,201.28,27.53
18441,control,tablet,0,241.19,94.52
5304,treatment,desktop,0,242.48,65.67
4727,treatment,desktop,0,242.05,74.76
5411,treatment,desktop,1,178.75,22.61
288,control,desktop,0,181.48,57.24
8391,control,mobile,0,241.55,76.84
17484,treatment,mobile,0,233.35,80.8
3498,treatment,desktop,1,202.57,22.12
338,control,desktop,0,215.34,23.97
4793,treatment,desktop,0,246.89,69.93
17667,control,tablet,0,211.22,60.71
6669,treatment,desktop,0,217.86,77.92
13436,control,mobile,0,227.35,62.73
8960,control,mobile,0,245.16,48.79
15815,treatment,mobile,0,249.95,53.98
2401,treatment,desktop,0,221.15,92.82
19577,treatment,tablet,0,198.65,70.64
7341,treatment,desktop,0,194.23,31.94
7978,treatment,desktop,0,253.6,42.16
14349,control,mobile,0,218.57,24.91
16064,treatment,mobile,0,258.43,26.45
11872,control,mobile,0,200.89,21.68
2623,treatment,desktop,0,282.03,70.03
13647,control,mobile,1,201.86,55.78
15148,treatment,mobile,0,246.27,104.94
1100,control,desktop,0,179.98,91.57
7254,treatment,desktop,0,223.05,51.75
563,control,desktop,0,232.11,29.05
213,control,desktop,0,213.86,49.29
2325,treatment,desktop,0,254.65,43.84
10592,control,mobile,0,175.09,113.03
6261,treatment,desktop,0,191.41,33.24
5384,treatment,desktop,0,223.83,32.08
11039,control,mobile,0,217.56,54.12
6365,treatment,desktop,0,199.64,60.93
5170,treatment,desktop,0,236.56,42.78
3654,treatment,desktop,0,209.25,26.01
8322,control,mobile,0,245.73,107.65
11962,control,mobile,0,241.82,106.02
10418,control,mobile,0,195.08,44.8
1671,treatment,desktop,0,285.1,27.58
11630,control,mobile,0,224.87,65.3
17672,control,tablet,0,246.72,63.43
7286,treatment,desktop,0,219.21,59.53
5794,treatment,desktop,0,215.36,32.26
17966,control,tablet,0,191.71,56.11
18701,control,tablet,0,147.83,53.3
2362,treatment,desktop,0,240.52,43.04
19188,treatment,tablet,0,230.75,58.57
12039,control,mobile,0,207.18,73.78
4026,treatment,desktop,1,156.49,32.29
285,control,desktop,1,207.7,69.46
6286,treatment,desktop,0,191.0,65.99
761,control,desktop,0,228.63,56.27
2836,treatment,desktop,0,177.33,105.2
16406,treatment,mobile,0,255.2,61.65
613,control,desktop,0,244.36,33.14
16331,treatment,mobile,0,193.01,20.91
1699,treatment,desktop,0,223.24,37.87
7307,treatment,desktop,0,202.03,80.56
11455,control,mobile,0,197.9,20.81
10747,control,mobile,0,267.97,24.36
18554,control,tablet,0,258.74,59.85
15853,treatment,mobile,0,246.41,49.29
56,control,desktop,1,140.38,41.41
15618,treatment,mobile,0,201.12,59.91
18879,control,tablet,0,207.24,72.71
10424,control,mobile,0,225.33,51.75
15836,treatment,mobile,0,214.02,41.05
6,control,desktop,1,221.59,24.13
19943,treatment,tablet,0,262.18,34.25
9195,control,mobile,0,254.38,33.74
5197,treatment,desktop,0,217.98,62.43
10682,control,mobile,0,185.0,65.73
15582,treatment,mobile,0,195.32,28.73
9070,control,mobile,0,208.78,37.88
7209,treatment,desktop,0,203.3,136.77
1059,control,desktop,0,234.74,26.9
15720,treatment,mobile,0,191.13,43.64
15341,treatment,mobile,0,271.08,29.21
1916,treatment,desktop,0,217.53,112.01
15122,treatment,mobile,0,252.18,93.14
18165,control,tablet,0,218.62,37.06
1378,treatment,desktop,0,186.1,41.94
3911,treatment,desktop,0,204.42,33.61
13091,control,mobile,0,162.01,25.79
15060,control,mobile,0,198.45,4522.57
8389,control,mobile,0,186.98,35.13
12244,control,mobile,0,214.67,32.91
11681,control,mobile,0,168.37,57.81
14577,control,mobile,0,157.96,68.31
10900,control,mobile,0,237.9,24.56
2356,treatment,desktop,0,140.89,55.95
13672,control,mobile,0,221.49,26.52
15464,treatment,mobile,0,158.28,51.89
17138,treatment,mobile,0,200.84,38.48
17065,treatment,mobile,0,214.52,81.66
13674,control,mobile,0,197.35,65.59
4494,treatment,desktop,0,194.95,67.99
23,control,desktop,0,224.82,41.47
10392,control,mobile,0,175.1,55.23
2753,treatment,desktop,0,209.65,200.74
8341,control,mobile,0,246.81,62.94
18055,control,tablet,0,258.76,39.56
19231,treatment,tablet,0,234.7,56.47
6825,treatment,desktop,0,199.58,54.74
18923,control,tablet,1,185.86,56.67
18604,control,tablet,0,282.54,58.65
19182,treatment,tablet,0,218.95,58.14
17127,treatment,mobile,0,196.4,78.52
6814,treatment,desktop,0,231.39,49.03
19392,treatment,tablet,0,292.72,42.7
8400,control,mobile,0,210.23,26.75
10472,control,mobile,0,228.73,40.68
18656,control,tablet,0,212.57,42.12
5409,treatment,desktop,0,168.38,88.68
9333,control,mobile,0,252.3,37.02
19641,treatment,tablet,0,279.79,37.12
8125,treatment,desktop,0,212.39,83.19
18804,control,tablet,0,208.75,54.21
2204,treatment,desktop,0,204.08,89.69
19909,treatment,tablet,0,243.72,33.25
1684,treatment,desktop,0,165.12,48.59
18577,control,tablet,0,197.97,81.65
4672,treatment,desktop,0,227.3,96.44
7244,treatment,desktop,0,173.16,140.94
18864,control,tablet,0,219.94,72.3
5601,treatment,desktop,1,224.26,90.65
6175,treatment,desktop,0,232.48,61.47
7367,treatment,desktop,0,161.33,16.83
8146,treatment,desktop,0,230.35,24.16
1526,treatment,desktop,0,262.08,51.71
10849,control,mobile,0,244.35,34.78
1353,treatment,desktop,0,199.29,39.83
8061,treatment,desktop,0,226.35,28.78
9817,control,mobile,0,251.05,13.29
13705,control,mobile,0,271.58,31.38
10538,control,mobile,0,176.87,13.1
14183,control,mobile,0,221.88,30.06
8676,control,mobile,0,226.26,32.96
5107,treatment,desktop,0,268.67,52.73
11267,control,mobile,0,184.85,34.35
12771,control,mobile,0,212.05,57.15
9533,control,mobile,0,205.86,37.78
12222,control,mobile,0,213.07,130.49
10342,control,mobile,0,152.78,44.43
3983,treatment,desktop,0,244.21,42.93
14781,control,mobile,0,191.59,29.74
3649,treatment,desktop,0,193.12,31.44
6304,treatment,desktop,0,213.6,60.68
6239,treatment,desktop,0,244.24,82.03
18071,control,tablet,0,223.46,41.01
1182,control,desktop,0,264.83,68.38
18472,control,tablet,0,251.64,136.2
8383,control,mobile,0,280.5,17.98
7227,treatment,desktop,0,267.02,80.76
13678,control,mobile,0,254.24,41.4
5023,treatment,desktop,0,198.73,34.84
15110,treatment,mobile,0,239.39,58.91
13142,control,mobile,0,271.35,84.64
720,control,desktop,0,177.93,68.49
17400,treatment,mobile,0,206.19,47.71
17068,treatment,mobile,0,203.55,157.58
14462,control,mobile,0,188.27,96.75
4188,treatment,desktop,0,219.5,40.2
18227,control,tablet,1,250.31,91.01
5375,treatment,desktop,0,190.97,55.4
16208,treatment,mobile,0,224.65,54.24
13220,control,mobile,0,243.39,76.05
7916,treatment,desktop,1,209.28,47.3
17474,treatment,mobile,0,237.52,50.89
2385,treatment,desktop,0,207.29,51.59
2133,treatment,desktop,1,207.7,51.79
1263,treatment,desktop,0,203.92,45.86
9058,control,mobile,0,262.58,30.15
14100,control,mobile,0,191.23,114.17
5270,treatment,desktop,0,219.9,94.35
12123,control,mobile,0,263.12,56.81
17708,control,tablet,0,189.92,134.01
15824,treatment,mobile,0,208.44,153.1
14035,control,mobile,1,201.88,73.51
17437,treatment,mobile,0,240.81,38.96
9242,control,mobile,0,198.47,38.59
13046,control,mobile,0,215.44,34.35
11538,control,mobile,0,239.42,21.39
4135,treatment,desktop,0,167.15,16.11
15161,treatment,mobile,0,214.49,48.3
13887,control,mobile,0,228.1,38.66
9548,control,mobile,0,295.77,140.25
9253,control,mobile,0,233.49,46.06
13461,control,mobile,0,188.56,54.08
10843,control,mobile,0,272.55,37.87
4496,treatment,desktop,0,232.0,67.21
10442,control,mobile,0,169.47,109.03
4716,treatment,desktop,0,216.98,85.4
3789,treatment,desktop,0,239.57,39.66
17849,control,tablet,0,190.58,36.99
8500,control,mobile,0,188.64,24.94
8681,control,mobile,0,235.49,107.45
18508,control,tablet,0,214.06,69.19
4881,treatment,desktop,0,262.46,39.45
7211,treatment,desktop,1,209.68,36.96
9571,control,mobile,0,261.42,77.59
18056,control,tablet,0,257.07,17.88
12133,control,mobile,0,232.22,72.28
14344,control,mobile,0,215.43,43.11
8054,treatment,desktop,0,246.09,51.1
18951,control,tablet,0,157.33,40.07
8288,control,mobile,0,205.57,131.27
9230,control,mobile,0,203.3,39.93
18086,control,tablet,0,176.46,84.67
10966,control,mobile,0,212.32,48.32
160,control,desktop,1,207.7,27.89
14714,control,mobile,0,196.61,14.22
10815,control,mobile,0,181.87,68.11
19520,treatment,tablet,0,205.62,34.67
19953,treatment,tablet,0,218.23,67.3
15876,treatment,mobile,0,220.39,56.93
10838,control,mobile,0,191.57,124.6
657,control,desktop,0,234.14,30.41
17940,control,tablet,0,248.12,80.2
874,control,desktop,0,192.21,51.82
1335,treatment,desktop,0,252.9,126.3
17486,treatment,mobile,0,318.43,4471.1
11368,control,mobile,0,206.67,34.29
15616,treatment,mobile,0,176.85,50.79
15078,control,mobile,0,230.35,67.47
590,control,desktop,0,239.47,25.98
3055,treatment,desktop,0,213.26,52.03
14996,control,mobile,0,184.56,35.97
161,control,desktop,0,266.06,72.44
8955,control,mobile,0,209.4,98.12
545,control,desktop,1,196.42,39.76
19213,treatment,tablet,0,186.2,54.14
7628,treatment,desktop,0,186.32,57.72
2142,treatment,desktop,0,176.23,41.42
6330,treatment,desktop,0,219.99,24.3
17302,treatment,mobile,0,167.03,35.06
7569,treatment,desktop,0,173.69,55.7
9763,control,mobile,0,177.38,63.66
12213,control,mobile,0,222.4,101.94
6248,treatment,desktop,0,236.34,70.28
19259,treatment,tablet,0,227.18,51.54
2265,treatment,desktop,1,308.91,82.18
11492,control,mobile,0,198.63,45.08
1203,treatment,desktop,0,201.04,48.45
15731,treatment,mobile,0,211.19,38.35
2000,treatment,desktop,1,229.01,29.14
15945,treatment,mobile,0,239.71,46.16
1997,treatment,desktop,0,180.43,59.81
9928,control,mobile,0,186.16,42.45
9429,control,mobile,0,234.68,25.59
714,control,desktop,0,243.81,34.46
8442,control,mobile,0,155.17,39.62
7397,treatment,desktop,0,212.86,41.0
15651,treatment,mobile,0,223.19,32.38
14872,control,mobile,0,222.93,45.78
4720,treatment,desktop,1,215.9,32.19
11762,control,mobile,0,249.02,55.84
10146,control,mobile,0,239.41,4682.59
4224,treatment,desktop,1,208.59,39.79
1745,treatment,desktop,0,229.69,37.06
6151,treatment,desktop,0,183.57,54.68
3351,treatment,desktop,0,217.91,18.18
19748,treatment,tablet,0,236.0,149.45
16428,treatment,mobile,0,236.56,72.17
7739,treatment,desktop,1,206.38,46.72
8312,control,mobile,0,197.73,66.41
11009,control,mobile,0,275.39,37.96
998,control,desktop,0,202.3,82.55
5822,treatment,desktop,1,208.56,89.95
9156,control,mobile,0,225.29,67.65
18041,control,tablet,0,270.25,30.72
374,control,desktop,0,229.28,75.57
10154,control,mobile,0,208.94,29.55
3157,treatment,desktop,0,203.82,62.88
16247,treatment,mobile,0,209.96,67.84
6278,treatment,desktop,1,215.44,23.81
4032,treatment,desktop,0,208.46,46.45
10264,control,mobile,0,235.46,41.15
8497,control,mobile,0,247.69,35.51
18574,control,tablet,1,205.3,53.67
5185,treatment,desktop,0,185.15,18.07
15062,control,mobile,0,204.27,71.13
17926,control,tablet,0,289.21,100.69
5045,treatment,desktop,0,220.54,39.91
15776,treatment,mobile,0,232.97,31.11
8652,control,mobile,0,183.13,103.59
12033,control,mobile,0,200.99,47.63
18760,control,tablet,0,295.41,146.62
16631,treatment,mobile,0,249.53,33.4
1484,treatment,desktop,0,241.88,107.97
983,control,desktop,0,184.01,59.39
19199,treatment,tablet,0,188.84,58.14
6824,treatment,desktop,0,223.75,41.29
6638,treatment,desktop,0,231.55,49.58
8314,control,mobile,0,190.08,116.33
8424,control,mobile,0,203.03,28.53
2339,treatment,desktop,0,294.87,28.85
5074,treatment,desktop,0,233.76,40.11
4314,treatment,desktop,1,198.6,30.64
7101,treatment,desktop,0,191.61,25.18
1907,treatment,desktop,0,196.94,82.67
14858,control,mobile,0,198.74,50.3
9349,control,mobile,0,227.36,14.71
3426,treatment,desktop,0,211.3,50.87
16478,treatment,mobile,0,257.05,74.32
18138,control,tablet,0,281.71,69.76
1123,control,desktop,0,238.24,90.33
668,control,desktop,0,227.87,68.33
12739,control,mobile,0,246.58,48.27
18098,control,tablet,1,274.24,24.8
11254,control,mobile,0,254.96,230.94
3101,treatment,desktop,0,255.96,24.01
16573,treatment,mobile,0,188.28,111.63
6983,treatment,desktop,0,210.42,55.34
17688,control,tablet,0,267.94,52.33
16130,treatment,mobile,0,232.67,15.93
15828,treatment,mobile,0,224.1,65.89
19797,treatment,tablet,0,243.32,45.89
3846,treatment,desktop,0,249.09,43.19
9916,control,mobile,0,264.76,115.72
14854,control,mobile,0,201.76,33.64
9555,control,mobile,0,196.41,37.62
5500,treatment,desktop,0,214.88,37.34
12524,control,mobile,0,257.68,28.75
7935,treatment,desktop,0,201.19,51.49
8858,control,mobile,0,257.5,45.53
11685,control,mobile,0,139.91,57.7
12336,control,mobile,0,178.28,30.2
19165,treatment,tablet,0,189.46,85.42
5205,treatment,desktop,0,261.37,97.59
7270,treatment,desktop,0,178.23,39.65
8488,control,mobile,0,190.74,21.01
17844,control,tablet,0,236.44,69.26
530,control,desktop,0,222.37,21.6
15017,control,mobile,0,243.76,96.13
1239,treatment,desktop,0,239.14,81.6
11838,control,mobile,0,193.32,68.31
680,control,desktop,0,235.3,29.25
11924,control,mobile,0,194.99,39.26
1981,treatment,desktop,0,195.64,29.39
14750,control,mobile,0,225.43,33.79
18309,control,tablet,0,220.65,89.12
10797,control,mobile,0,195.43,65.98
2395,treatment,desktop,0,250.68,44.37
6985,treatment,desktop,0,253.02,125.1
9425,control,mobile,0,257.25,63.32
222,control,desktop,0,223.4,64.45
231,control,desktop,1,215.88,90.05
3167,treatment,desktop,0,244.2,50.76
14605,control,mobile,0,191.79,28.07
7232,treatment,desktop,0,197.6,37.67
6735,treatment,desktop,0,219.97,57.29
7080,treatment,desktop,0,185.57,42.25
14555,control,mobile,0,208.31,31.78
782,control,desktop,0,143.83,41.11
9436,control,mobile,0,189.96,38.22
1019,control,desktop,1,143.62,135.72
4317,treatment,desktop,0,211.08,22.01
3733,treatment,desktop,0,240.86,75.83
4567,treatment,desktop,0,236.78,37.77
7128,treatment,desktop,1,231.2,54.62
766,control,desktop,0,216.44,34.76
15399,treatment,mobile,0,120.0,84.27
9270,control,mobile,0,199.73,74.93
5896,treatment,desktop,0,233.37,43.13
9127,control,mobile,0,190.56,100.14
2597,treatment,desktop,0,205.46,42.97
16329,treatment,mobile,0,205.43,68.86
6046,treatment,desktop,0,226.78,22.7
14787,control,mobile,0,245.61,35.9
9652,control,mobile,0,194.71,19.99
4082,treatment,desktop,0,176.4,122.87
15814,treatment,mobile,0,213.09,73.23
10483,control,mobile,0,240.4,131.39
11815,control,mobile,0,262.97,41.14
15822,treatment,mobile,0,234.58,80.2
9126,control,mobile,0,227.83,33.85
15865,treatment,mobile,0,238.51,76.82
8647,control,mobile,0,227.78,25.7
12055,control,mobile,0,259.93,83.18
17427,treatment,mobile,0,208.02,29.85
2279,treatment,desktop,0,182.24,34.2
7130,treatment,desktop,0,201.06,51.54
5002,treatment,desktop,0,211.67,109.04
15683,treatment,mobile,0,232.02,55.27
15024,control,mobile,0,235.49,59.97
19874,treatment,tablet,0,207.54,99.34
9312,control,mobile,0,221.71,86.59
15160,treatment,mobile,0,259.53,115.18
10765,control,mobile,0,260.1,45.16
17196,treatment,mobile,0,241.77,70.52
17619,control,tablet,0,234.48,84.41
12036,control,mobile,0,273.93,47.13
10516,control,mobile,0,243.44,72.58
7226,treatment,desktop,1,228.35,52.41
17134,treatment,mobile,0,230.09,41.56
2474,treatment,desktop,0,216.05,60.99
1099,control,desktop,0,256.47,32.26
17419,treatment,mobile,0,269.49,94.23
7708,treatment,desktop,0,240.89,43.98
17883,control,tablet,0,234.79,84.07
7701,treatment,desktop,0,214.62,26.71
10698,control,mobile,0,231.67,38.8
4162,treatment,desktop,0,217.18,120.9
16694,treatment,mobile,0,239.89,79.07
14357,control,mobile,0,257.96,71.01
1127,control,desktop,0,242.76,23.34
1410,treatment,desktop,0,218.05,38.01
11296,control,mobile,0,275.28,38.11
8092,treatment,desktop,0,233.67,58.73
5054,treatment,desktop,0,247.44,78.9
16879,treatment,mobile,0,216.61,39.27
8346,control,mobile,0,188.25,39.1
17590,control,tablet,0,247.1,36.49
811,control,desktop,0,220.33,29.59
9700,control,mobile,0,186.77,121.09
6322,treatment,desktop,0,162.1,83.73
5097,treatment,desktop,0,236.29,62.13
9564,control,mobile,0,130.41,53.39
6489,treatment,desktop,0,199.51,38.1
3025,treatment,desktop,0,232.79,52.38
10241,control,mobile,0,246.59,84.86
16003,treatment,mobile,0,167.72,50.41
5099,treatment,desktop,0,212.14,39.09
19465,treatment,tablet,0,187.8,24.8
5847,treatment,desktop,0,241.08,59.73
9575,control,mobile,1,229.12,98.7
7640,treatment,desktop,0,202.05,46.12
16493,treatment,mobile,0,213.57,65.45
3321,treatment,desktop,0,203.78,30.38
17512,control,tablet,0,233.1,145.1
6099,treatment,desktop,0,252.84,56.95
16206,treatment,mobile,0,249.58,56.91
19926,treatment,tablet,0,210.52,40.71
5703,treatment,desktop,0,230.88,96.74
19640,treatment,tablet,0,210.46,60.04
7272,treatment,desktop,0,249.76,51.02
32,control,desktop,0,209.97,43.84
7177,treatment,desktop,0,196.34,38.96
18608,control,tablet,0,199.52,28.22
6608,treatment,desktop,0,215.46,68.84
11374,control,mobile,0,195.76,91.54
11897,control,mobile,0,277.68,97.58
13808,control,mobile,1,230.84,93.83
11655,control,mobile,0,189.96,66.77
3668,treatment,desktop,0,227.14,56.31
3365,treatment,desktop,0,195.08,70.62
12875,control,mobile,0,217.94,224.95
4975,treatment,desktop,0,250.43,44.88
2206,treatment,desktop,0,223.46,55.0
14356,control,mobile,0,245.22,55.05
4219,treatment,desktop,0,228.38,30.99
3747,treatment,desktop,0,233.71,38.9
16585,treatment,mobile,0,185.29,65.07
10995,control,mobile,0,218.98,83.35
12737,control,mobile,0,253.54,124.63
6719,treatment,desktop,1,189.03,43.1
6061,treatment,desktop,0,212.32,36.26
16546,treatment,mobile,0,215.74,77.75
272,control,desktop,0,264.52,45.7
263,control,desktop,0,186.59,38.84
8491,control,mobile,0,233.79,24.03
11652,control,mobile,0,239.43,46.55
5665,treatment,desktop,1,218.8,40.91
5179,treatment,desktop,0,220.86,62.28
2427,treatment,desktop,0,221.44,19.92
188,control,desktop,0,271.23,50.82
1983,treatment,desktop,0,229.66,40.26
14287,control,mobile,0,210.6,58.05
14413,control,mobile,0,247.46,96.94
1355,treatment,desktop,0,210.47,45.52
9684,control,mobile,0,214.75,66.34
13473,control,mobile,0,226.65,56.6
3425,treatment,desktop,0,237.27,129.71
11198,control,mobile,0,279.09,27.98
12762,control,mobile,0,221.91,75.38
6343,treatment,desktop,0,209.91,23.9
13940,control,mobile,0,204.26,32.0
13351,control,mobile,0,249.05,81.1
19293,treatment,tablet,0,195.37,65.53
15804,treatment,mobile,0,208.44,63.64
5891,treatment,desktop,1,221.67,45.59
5951,treatment,desktop,0,160.91,28.07
14541,control,mobile,0,221.16,89.34
16470,treatment,mobile,0,190.42,47.23
1338,treatment,desktop,0,293.51,102.62
16954,treatment,mobile,0,210.46,31.38
10461,control,mobile,0,152.84,45.58
15812,treatment,mobile,0,181.99,83.26
12953,control,mobile,0,179.07,26.49
17962,control,tablet,0,211.52,21.64
9306,control,mobile,0,229.07,58.57
1523,treatment,desktop,0,201.64,38.43
19992,treatment,tablet,0,248.54,36.51
13175,control,mobile,0,254.59,58.53
12812,control,mobile,0,197.6,28.1
19609,treatment,tablet,0,187.34,91.86
12798,control,mobile,0,206.79,61.37
16251,treatment,mobile,0,226.0,23.39
9410,control,mobile,0,223.95,117.35
5146,treatment,desktop,0,249.11,50.83
216,control,desktop,0,268.42,32.46
6393,treatment,desktop,0,202.01,58.43
16082,treatment,mobile,0,193.93,59.21
4833,treatment,desktop,0,210.53,64.06
16722,treatment,mobile,0,249.27,34.08
4234,treatment,desktop,0,236.72,27.82
12734,control,mobile,0,177.73,33.51
15436,treatment,mobile,0,249.1,57.93
4341,treatment,desktop,0,204.93,77.01
11364,control,mobile,0,196.11,79.68
12849,control,mobile,0,177.06,22.69
9476,control,mobile,0,178.82,50.56
9690,control,mobile,0,244.29,91.65
1613,treatment,desktop,0,188.37,61.03
6603,treatment,desktop,0,245.2,55.89
12883,control,mobile,0,271.37,63.69
10242,control,mobile,0,223.82,42.51
11827,control,mobile,0,219.47,36.11
1967,treatment,desktop,1,240.89,114.92
126,control,desktop,0,155.23,36.13
8551,control,mobile,0,265.15,49.44
7322,treatment,desktop,0,205.67,52.79
446,control,desktop,0,247.21,86.3
11043,control,mobile,0,245.87,68.3
7398,treatment,desktop,1,165.26,23.27
1707,treatment,desktop,0,237.39,57.38
7012,treatment,desktop,0,180.21,46.0
3380,treatment,desktop,0,204.94,68.97
17806,control,tablet,0,225.78,40.15
2948,treatment,desktop,1,238.95,10.38
10497,control,mobile,0,219.35,242.02
19205,treatment,tablet,0,208.72,26.79
17307,treatment,mobile,0,233.29,17.79
7710,treatment,desktop,0,223.25,63.19
13928,control,mobile,0,202.7,15.54
18523,control,tablet,0,236.88,36.29
14259,control,mobile,0,240.95,84.45
18819,control,tablet,0,215.82,31.44
10667,control,mobile,0,232.83,44.29
18369,control,tablet,0,196.04,63.21
6563,treatment,desktop,0,226.06,7.13
6809,treatment,desktop,1,202.6,41.47
4816,treatment,desktop,1,246.53,28.12
19935,treatment,tablet,0,193.66,47.5
4112,treatment,desktop,0,236.98,94.98
10727,control,mobile,0,229.08,70.7
8263,control,mobile,0,211.85,75.69
13178,control,mobile,0,230.15,127.53
12862,control,mobile,0,209.92,34.16
18628,control,tablet,0,203.04,56.67
13062,control,mobile,0,206.05,32.77
15503,treatment,mobile,0,258.98,4261.82
19038,treatment,tablet,0,268.2,55.17
12472,control,mobile,1,227.53,73.83
1209,treatment,desktop,0,216.88,36.23
4625,treatment,desktop,0,264.95,43.72
885,control,desktop,0,178.07,55.46
14761,control,mobile,0,209.31,40.08
16039,treatment,mobile,0,214.61,50.98
1486,treatment,desktop,0,246.31,39.09
6991,treatment,desktop,0,251.69,30.79
11596,control,mobile,0,202.5,86.17
3898,treatment,desktop,0,220.16,37.97
2500,treatment,desktop,1,200.75,33.08
8501,control,mobile,0,256.03,44.05
6293,treatment,desktop,0,260.06,53.49
2691,treatment,desktop,0,159.16,122.84
13340,control,mobile,0,203.65,48.38
11261,control,mobile,0,152.66,68.5
19507,treatment,tablet,0,173.8,44.83
8724,control,mobile,0,265.71,41.57
8168,treatment,desktop,0,197.82,35.9
2755,treatment,desktop,0,243.61,103.85
14640,control,mobile,0,218.47,25.98
19006,treatment,tablet,0,207.2,60.75
10807,control,mobile,0,183.58,38.71
10509,control,mobile,0,242.82,47.56
1269,treatment,desktop,0,205.11,48.52
3872,treatment,desktop,0,203.85,29.86
4109,treatment,desktop,0,168.18,36.24
16752,treatment,mobile,0,205.49,61.58
13998,control,mobile,0,234.86,111.35
5940,treatment,desktop,0,221.93,75.01
11731,control,mobile,0,231.42,53.39
13676,control,mobile,0,218.84,70.99
13888,control,mobile,0,170.61,32.35
15813,treatment,mobile,0,171.94,105.9
3738,treatment,desktop,0,227.51,16.87
18383,control,tablet,0,268.55,42.51
2345,treatment,desktop,0,256.48,48.91
17965,control,tablet,0,236.92,48.66
10383,control,mobile,0,264.26,48.64
15884,treatment,mobile,0,195.43,34.57
1645,treatment,desktop,0,223.73,35.22
9514,control,mobile,0,233.76,66.13
9121,control,mobile,0,236.56,50.65
595,control,desktop,1,211.04,98.24
5446,treatment,desktop,0,250.99,47.39
19452,treatment,tablet,0,195.22,61.73
11853,control,mobile,0,216.0,27.0
7950,treatment,desktop,1,251.08,31.61
8006,treatment,desktop,0,177.17,18.73
15907,treatment,mobile,0,234.54,134.86
17006,treatment,mobile,0,187.0,27.83
4594,treatment,desktop,0,243.11,81.2
9097,control,mobile,0,217.3,43.13
12951,control,mobile,0,208.64,130.83
13573,control,mobile,0,214.0,117.01
2402,treatment,desktop,0,235.95,34.97
8579,control,mobile,0,238.19,116.81
5297,treatment,desktop,0,240.52,31.89
14771,control,mobile,0,286.91,15.44
8658,control,mobile,0,179.14,52.47
16603,treatment,mobile,0,237.35,37.81
5024,treatment,desktop,0,282.78,27.88
826,control,desktop,1,218.41,55.32
17931,control,tablet,0,206.88,43.12
15747,treatment,mobile,0,243.0,66.0
14176,control,mobile,0,244.75,74.18
13260,control,mobile,0,253.73,21.62
3841,treatment,desktop,0,184.58,103.4
13525,control,mobile,0,249.61,34.62
1134,control,desktop,0,197.44,45.49
8922,control,mobile,0,269.51,59.47
13050,control,mobile,0,237.39,24.18
14535,control,mobile,0,198.41,79.22
12630,control,mobile,0,210.22,66.95
17489,treatment,mobile,1,201.34,64.92
12867,control,mobile,0,236.94,33.68
454,control,desktop,0,197.39,68.34
11337,control,mobile,0,251.84,30.57
10512,control,mobile,0,236.63,112.54
16520,treatment,mobile,0,235.09,34.17
6266,treatment,desktop,0,201.86,41.79
1226,treatment,desktop,0,241.29,57.98
3288,treatment,desktop,0,209.34,29.53
7690,treatment,desktop,0,184.96,39.93
12014,control,mobile,0,209.45,60.33
18685,control,tablet,0,224.91,103.23
10330,control,mobile,0,225.42,127.54
17713,control,tablet,0,272.97,83.22
11481,control,mobile,0,223.71,34.23
12324,control,mobile,0,242.18,41.5
857,control,desktop,0,176.42,138.24
663,control,desktop,0,243.06,36.85
6850,treatment,desktop,0,164.24,37.5
1576,treatment,desktop,0,149.66,33.96
19721,treatment,tablet,0,192.29,49.63
18719,control,tablet,0,202.64,171.47
15147,treatment,mobile,0,198.7,45.45
14584,control,mobile,0,174.03,46.17
5475,treatment,desktop,0,219.17,63.46
6894,treatment,desktop,0,215.44,53.18
594,control,desktop,0,228.4,83.84
19385,treatment,tablet,0,250.12,30.21
14900,control,mobile,0,215.1,66.07
16617,treatment,mobile,0,197.03,37.6
4863,treatment,desktop,0,179.66,25.19
10215,control,mobile,0,200.68,45.46
16543,treatment,mobile,0,246.56,29.49
15519,treatment,mobile,0,268.77,36.43
14240,control,mobile,0,252.36,23.95
10659,control,mobile,0,281.64,94.49
10751,control,mobile,0,205.03,61.91
2900,treatment,desktop,0,200.43,113.16
5200,treatment,desktop,0,245.84,69.18
1069,control,desktop,1,246.17,88.94
18510,control,tablet,0,240.13,105.98
5061,treatment,desktop,0,214.44,46.26
19950,treatment,tablet,0,221.42,24.89
14076,control,mobile,0,224.89,39.07
18419,control,tablet,0,187.19,204.02
19759,treatment,tablet,0,186.21,60.82
13542,control,mobile,0,262.03,64.6
11557,control,mobile,0,199.12,15.4
8489,control,mobile,0,177.6,62.77
16553,treatment,mobile,0,230.41,45.07
18301,control,tablet,0,207.8,51.25
9742,control,mobile,0,268.79,50.85
6094,treatment,desktop,1,220.26,67.13
10475,control,mobile,0,260.96,44.18
11346,control,mobile,0,202.41,112.25
1194,control,desktop,1,239.85,47.42
12721,control,mobile,0,208.59,40.67
13291,control,mobile,0,230.01,27.59
15137,treatment,mobile,0,243.78,66.49
16521,treatment,mobile,0,215.08,27.82
1180,control,desktop,0,194.6,49.87
14010,control,mobile,0,228.46,23.37
10975,control,mobile,0,189.33,49.98
1057,control,desktop,0,226.77,28.13
9214,control,mobile,0,223.45,36.42
19560,treatment,tablet,0,248.51,37.97
17243,treatment,mobile,0,205.06,72.64
1600,treatment,desktop,0,204.99,63.41
8506,control,mobile,0,217.08,48.15
5652,treatment,desktop,0,217.8,26.71
2669,treatment,desktop,1,252.21,39.32
8744,control,mobile,0,188.99,23.97
18136,control,tablet,0,184.47,62.34
10756,control,mobile,0,280.85,29.22
2621,treatment,desktop,1,188.85,75.2
11109,control,mobile,0,205.22,48.25
6155,treatment,desktop,0,223.19,27.29
12496,control,mobile,0,256.65,49.46
10913,control,mobile,0,185.31,40.47
8384,control,mobile,0,172.95,106.65
19050,treatment,tablet,0,179.22,60.22
9104,control,mobile,0,203.27,74.33
17574,control,tablet,0,235.95,56.28
16278,treatment,mobile,0,274.62,50.05
18470,control,tablet,0,159.09,33.95
7792,treatment,desktop,0,270.33,53.82
10785,control,mobile,0,217.32,66.49
12919,control,mobile,0,218.28,76.55
4629,treatment,desktop,0,191.66,49.08
11912,control,mobile,0,221.45,47.18
10473,control,mobile,0,257.77,66.37
17506,control,tablet,0,216.88,63.67
11922,control,mobile,0,253.96,57.17
479,control,desktop,0,148.5,47.76
9231,control,mobile,0,183.6,34.21
14616,control,mobile,0,254.29,152.53
17424,treatment,mobile,0,233.7,24.73
325,control,desktop,0,229.91,19.55
6781,treatment,desktop,1,210.71,40.93
4948,treatment,desktop,0,202.8,37.23
408,control,desktop,0,184.99,42.33
893,control,desktop,0,287.27,85.93
302,control,desktop,1,222.11,57.36
9513,control,mobile,0,186.53,48.85
7054,treatment,desktop,0,181.13,40.38
14398,control,mobile,0,259.67,53.29
6201,treatment,desktop,1,185.36,53.74
19588,treatment,tablet,0,172.09,50.08
11986,control,mobile,0,203.83,20.18
14271,control,mobile,0,231.01,83.46
5073,treatment,desktop,1,227.73,20.25
1012,control,desktop,0,218.67,113.28
18910,control,tablet,0,216.14,44.18
16485,treatment,mobile,0,240.2,27.57
19881,treatment,tablet,0,238.63,39.4
2114,treatment,desktop,0,223.95,61.62
8475,control,mobile,0,210.13,42.94
19265,treatment,tablet,0,216.26,26.36
871,control,desktop,0,184.6,40.53
15307,treatment,mobile,0,170.3,84.08
18566,control,tablet,0,202.24,50.75
17825,control,tablet,0,163.07,30.2
9882,control,mobile,0,200.98,56.53
3046,treatment,desktop,1,153.15,32.6
5224,treatment,desktop,0,174.82,116.85
2920,treatment,desktop,0,195.13,18.94
8461,control,mobile,0,264.56,91.54
5971,treatment,desktop,0,242.89,57.79
14967,control,mobile,0,235.76,89.44
19781,treatment,tablet,0,265.79,62.24
15048,control,mobile,0,195.17,49.35
17220,treatment,mobile,0,189.7,35.51
9560,control,mobile,0,197.0,42.08
4192,treatment,desktop,0,197.27,50.27
3239,treatment,desktop,0,234.11,44.12
9696,control,mobile,0,282.29,36.24
1832,treatment,desktop,0,221.3,39.58
3712,treatment,desktop,0,204.02,23.03
17588,control,tablet,0,199.04,71.38
11648,control,mobile,0,267.06,10.94
3016,treatment,desktop,0,189.61,21.36
7314,treatment,desktop,1,259.87,22.05
6775,treatment,desktop,0,286.41,22.8
1376,treatment,desktop,0,178.58,54.1
18198,control,tablet,0,218.74,32.06
16820,treatment,mobile,0,190.33,51.01
18581,control,tablet,1,192.56,46.97
1900,treatment,desktop,0,250.57,245.57
14809,control,mobile,0,166.48,160.94
11809,control,mobile,0,244.42,70.67
9791,control,mobile,0,228.25,35.01
14007,control,mobile,0,223.68,152.95
14973,control,mobile,0,219.21,72.82
6234,treatment,desktop,0,224.51,115.66
1445,treatment,desktop,0,224.74,32.06
5015,treatment,desktop,1,209.98,84.04
6307,treatment,desktop,0,250.12,32.49
9991,control,mobile,0,191.34,29.12
3421,treatment,desktop,1,148.33,76.45
14131,control,mobile,0,226.51,34.66
8365,control,mobile,0,213.27,57.11
16105,treatment,mobile,0,242.96,43.77
1367,treatment,desktop,0,242.75,53.08
1116,control,desktop,0,198.08,37.42
7642,treatment,desktop,0,196.31,56.63
1206,treatment,desktop,0,269.63,62.05
2530,treatment,desktop,1,264.92,104.54
11968,control,mobile,0,227.06,67.44
16447,treatment,mobile,0,202.76,77.07
16601,treatment,mobile,0,215.79,83.2
8888,control,mobile,0,237.69,60.81
1748,treatment,desktop,0,213.52,58.24
6767,treatment,desktop,0,212.92,34.9
9236,control,mobile,0,227.73,116.31
2968,treatment,desktop,0,232.75,90.02
494,control,desktop,0,271.47,11.32
17863,control,tablet,0,230.39,37.51
17421,treatment,mobile,0,261.51,60.5
17256,treatment,mobile,0,199.76,42.02
2704,treatment,desktop,0,160.9,29.6
11286,control,mobile,0,259.21,21.59
942,control,desktop,0,227.0,26.49
5886,treatment,desktop,0,181.87,20.64
8591,control,mobile,0,234.96,74.73
15809,treatment,mobile,0,233.12,41.07
19612,treatment,tablet,0,180.67,61.67
10526,control,mobile,0,163.03,31.83
10948,control,mobile,0,208.51,62.19
5523,treatment,desktop,1,180.13,35.95
1819,treatment,desktop,0,269.39,81.11
28,control,desktop,0,176.79,40.21
13133,control,mobile,0,221.87,150.6
8477,control,mobile,0,193.26,43.02
2922,treatment,desktop,0,255.66,52.21
4040,treatment,desktop,0,228.02,10.03
4925,treatment,desktop,0,242.5,59.73
11087,control,mobile,1,196.11,42.69
3550,treatment,desktop,0,300.97,50.23
1515,treatment,desktop,1,231.37,52.85
19244,treatment,tablet,0,274.8,51.37
15025,control,mobile,0,220.38,45.43
3367,treatment,desktop,0,196.05,79.81
710,control,desktop,0,243.71,92.99
10308,control,mobile,0,205.7,59.72
3572,treatment,desktop,1,230.22,17.74
3111,treatment,desktop,0,222.66,111.69
8607,control,mobile,1,194.88,28.06
17540,control,tablet,0,242.26,43.59
8754,control,mobile,0,202.57,8.85
18588,control,tablet,0,274.82,60.4
6284,treatment,desktop,0,237.56,17.12
4297,treatment,desktop,0,230.76,51.8
14417,control,mobile,0,194.19,64.3
352,control,desktop,0,215.42,38.02
12485,control,mobile,0,182.2,110.1
6056,treatment,desktop,0,242.88,68.04
18498,control,tablet,0,217.71,70.41
19739,treatment,tablet,0,262.29,28.79
8264,control,mobile,0,266.83,67.69
14730,control,mobile,0,272.04,33.38
17522,control,tablet,0,211.6,106.1
1464,treatment,desktop,0,316.82,115.73
11280,control,mobile,0,178.43,44.85
14775,control,mobile,0,223.11,81.59
17082,treatment,mobile,0,251.31,111.67
13058,control,mobile,0,225.99,72.07
8340,control,mobile,0,205.97,34.91
4274,treatment,desktop,0,166.55,65.78
19569,treatment,tablet,0,241.42,56.7
8700,control,mobile,0,212.2,25.14
1809,treatment,desktop,0,189.94,44.96
2169,treatment,desktop,0,225.38,53.24
7496,treatment,desktop,0,292.07,47.17
1166,control,desktop,0,257.57,38.64
8009,treatment,desktop,0,221.12,109.39
18011,control,tablet,0,201.41,42.73
8362,control,mobile,0,229.17,126.03
9011,control,mobile,0,242.06,21.41
17352,treatment,mobile,0,187.45,67.8
16618,treatment,mobile,0,197.99,17.97
317,control,desktop,0,193.14,67.14
11856,control,mobile,0,203.46,108.26
8689,control,mobile,0,116.31,126.49
16804,treatment,mobile,0,247.3,90.3
2819,treatment,desktop,0,204.88,29.66
6375,treatment,desktop,0,259.83,78.12
18243,control,tablet,0,268.3,33.76
10895,control,mobile,0,183.74,19.21
12730,control,mobile,0,276.1,117.85
5283,treatment,desktop,0,186.58,68.45
17729,control,tablet,1,211.61,77.93
5310,treatment,desktop,0,191.25,104.77
18044,control,tablet,0,200.27,73.42
19478,treatment,tablet,1,241.17,39.61
12908,control,mobile,1,256.37,70.22
5789,treatment,desktop,0,241.38,39.79
16178,treatment,mobile,0,216.13,58.06
3784,treatment,desktop,1,248.22,48.59
10463,control,mobile,0,279.9,13.35
15893,treatment,mobile,0,178.64,42.41
12555,control,mobile,0,205.23,39.83
7589,treatment,desktop,0,232.11,37.38
2867,treatment,desktop,0,256.66,30.92
9892,control,mobile,0,222.27,30.36
14124,control,mobile,0,252.08,107.59
17169,treatment,mobile,0,222.7,34.84
3671,treatment,desktop,1,154.23,50.41
3669,treatment,desktop,0,217.79,36.61
1055,control,desktop,0,231.95,32.94
10096,control,mobile,0,157.15,81.21
12822,control,mobile,0,249.88,45.19
491,control,desktop,0,274.16,62.78
12964,control,mobile,0,248.31,91.05
11112,control,mobile,1,206.97,38.76
17699,control,tablet,0,159.26,37.61
11436,control,mobile,0,173.87,39.67
13926,control,mobile,0,176.77,67.35
2917,treatment,desktop,0,202.89,34.11
19211,treatment,tablet,0,184.34,89.18
6126,treatment,desktop,1,234.05,34.74
12874,control,mobile,0,187.16,78.24
6395,treatment,desktop,0,213.93,52.12
5463,treatment,desktop,0,223.78,48.62
19136,treatment,tablet,0,193.49,45.1
2074,treatment,desktop,1,247.75,29.23
15604,treatment,mobile,0,207.81,128.0
1679,treatment,desktop,0,247.84,150.28
14748,control,mobile,0,182.87,76.62
17306,treatment,mobile,0,198.91,20.83
3118,treatment,desktop,0,232.13,58.81
3901,treatment,desktop,1,242.29,92.1
12440,control,mobile,0,242.51,19.6
6008,treatment,desktop,0,196.2,97.5
830,control,desktop,0,177.2,41.1
16375,treatment,mobile,0,182.7,51.27
359,control,desktop,0,225.54,36.18
5035,treatment,desktop,0,194.71,36.49
13388,control,mobile,0,208.91,76.09
14009,control,mobile,0,207.08,72.17
14503,control,mobile,0,241.78,27.35
1879,treatment,desktop,0,181.79,81.33
8428,control,mobile,0,194.92,53.34
15547,treatment,mobile,0,218.15,50.36
1961,treatment,desktop,0,223.1,73.37
14307,control,mobile,0,273.81,32.56
6288,treatment,desktop,0,213.56,32.2
10611,control,mobile,0,212.12,54.68
9752,control,mobile,0,177.37,27.54
15249,treatment,mobile,0,220.85,36.27
11461,control,mobile,0,239.31,65.8
14624,control,mobile,0,242.23,79.74
7215,treatment,desktop,0,200.27,38.4
11608,control,mobile,0,209.07,60.65
8932,control,mobile,0,232.01,21.97
4525,treatment,desktop,0,251.52,125.22
17908,control,tablet,0,261.39,24.59
3161,treatment,desktop,0,296.92,99.62
5078,treatment,desktop,0,196.74,32.28
19780,treatment,tablet,0,268.08,69.73
15192,treatment,mobile,0,218.79,75.6
11045,control,mobile,0,234.93,66.7
774,control,desktop,1,243.22,51.53
5531,treatment,desktop,1,175.18,37.4
12568,control,mobile,0,172.19,78.68
11502,control,mobile,0,205.02,42.26
12240,control,mobile,0,217.08,102.39
10833,control,mobile,0,213.07,38.36
16062,treatment,mobile,0,214.51,72.26
310,control,desktop,1,204.02,40.22
12510,control,mobile,0,227.95,108.36
4565,treatment,desktop,0,217.63,57.51
4890,treatment,desktop,0,261.53,73.44
7659,treatment,desktop,0,247.38,21.07
15443,treatment,mobile,0,195.35,40.95
18750,control,tablet,0,228.38,48.43
6667,treatment,desktop,0,211.5,43.61
17495,treatment,mobile,0,186.68,37.94
8492,control,mobile,0,274.18,53.68
18080,control,tablet,0,225.79,61.43
11694,control,mobile,0,198.64,54.85
8827,control,mobile,0,183.32,4521.81
18946,control,tablet,0,236.01,34.48
18861,control,tablet,0,257.87,42.92
17610,control,tablet,0,234.61,56.66
11162,control,mobile,0,250.78,33.84
1425,treatment,desktop,1,229.66,105.7
5670,treatment,desktop,0,218.54,45.55
9554,control,mobile,1,302.18,57.1
11399,control,mobile,0,233.5,61.4
3416,treatment,desktop,0,233.45,38.76
18878,control,tablet,0,208.17,59.3
661,control,desktop,0,230.65,16.62
15072,control,mobile,0,217.83,34.41
7471,treatment,desktop,0,230.02,57.89
1341,treatment,desktop,0,235.01,44.07
4714,treatment,desktop,0,229.2,43.98
5277,treatment,desktop,0,224.49,74.46
6132,treatment,desktop,0,223.78,31.0
10011,control,mobile,0,230.46,57.54
1550,treatment,desktop,0,236.75,82.08
13154,control,mobile,0,180.37,48.23
1139,control,desktop,0,212.57,69.66
11437,control,mobile,0,254.41,61.3
3065,treatment,desktop,0,217.16,50.85
4436,treatment,desktop,0,227.67,22.44
11565,control,mobile,0,225.71,26.23
14275,control,mobile,0,209.99,91.83
2973,treatment,desktop,0,262.65,37.94
16799,treatment,mobile,0,141.23,39.3
972,control,desktop,0,267.08,59.7
17636,control,tablet,0,206.44,71.33
18979,control,tablet,0,222.86,67.87
14811,control,mobile,0,188.12,20.87
1009,control,desktop,1,237.2,74.29
6567,treatment,desktop,0,254.45,19.07
12471,control,mobile,0,232.33,71.2
7915,treatment,desktop,0,234.96,49.07
17942,control,tablet,0,173.78,28.83
3551,treatment,desktop,0,196.67,23.57
19760,treatment,tablet,0,214.67,49.14
2986,treatment,desktop,0,267.47,64.51
10950,control,mobile,0,203.08,64.76
15535,treatment,mobile,0,178.43,49.91
1686,treatment,desktop,0,222.07,45.2
1964,treatment,desktop,0,242.37,52.22
15150,treatment,mobile,0,166.34,20.43
17168,treatment,mobile,0,156.64,144.19
16537,treatment,mobile,0,154.78,70.02
3328,treatment,desktop,1,172.05,68.47
16411,treatment,mobile,0,225.67,77.68
9503,control,mobile,0,171.89,50.62
9040,control,mobile,0,289.44,38.94
2431,treatment,desktop,0,230.1,20.26
2151,treatment,desktop,0,224.81,28.11
12694,control,mobile,0,193.01,37.14
11272,control,mobile,0,246.01,36.53
11029,control,mobile,0,190.44,277.8
4394,treatment,desktop,1,211.8,44.19
11874,control,mobile,0,248.61,54.25
15602,treatment,mobile,1,198.68,54.07
6970,treatment,desktop,0,210.7,47.05
4546,treatment,desktop,0,214.88,19.4
13511,control,mobile,0,214.56,24.54
15536,treatment,mobile,0,214.13,16.99
14673,control,mobile,0,210.46,24.54
2416,treatment,desktop,0,148.51,61.99
3090,treatment,desktop,0,288.53,116.56
6503,treatment,desktop,0,259.85,24.77
11689,control,mobile,0,226.98,47.9
6101,treatment,desktop,0,273.75,71.31
16008,treatment,mobile,0,208.22,38.2
9774,control,mobile,0,171.54,35.53
7046,treatment,desktop,0,205.45,55.85
17074,treatment,mobile,0,227.12,24.3
8917,control,mobile,0,241.85,47.7
19420,treatment,tablet,0,170.06,29.16
16756,treatment,mobile,0,200.13,100.13
1786,treatment,desktop,1,192.1,32.98
17543,control,tablet,0,221.18,104.91
6633,treatment,desktop,0,222.67,62.72
10867,control,mobile,0,182.35,68.96
12708,control,mobile,0,208.52,28.54
9386,control,mobile,0,243.4,31.13
14802,control,mobile,0,226.03,58.69
19201,treatment,tablet,0,202.18,76.8
14620,control,mobile,1,277.93,44.65
15468,treatment,mobile,0,225.84,45.12
2418,treatment,desktop,1,203.99,21.53
18265,control,tablet,0,200.98,59.36
9052,control,mobile,0,177.8,53.73
11858,control,mobile,0,289.71,56.93
4537,treatment,desktop,0,230.16,26.73
4373,treatment,desktop,0,250.92,30.58
8650,control,mobile,0,238.26,37.92
1210,treatment,desktop,0,251.24,59.03
8132,treatment,desktop,0,209.12,77.15
11650,control,mobile,0,193.42,69.65
18669,control,tablet,0,225.36,47.56
8025,treatment,desktop,1,221.71,15.98
379,control,desktop,1,252.38,18.05
18742,control,tablet,0,212.18,43.47
18851,control,tablet,0,191.08,91.01
11179,control,mobile,0,214.04,69.33
5376,treatment,desktop,0,201.39,67.72
1885,treatment,desktop,0,223.29,46.23
17420,treatment,mobile,0,215.52,50.75
3951,treatment,desktop,0,174.52,94.35
7297,treatment,desktop,1,191.15,39.21
12092,control,mobile,0,231.12,41.07
14298,control,mobile,0,216.72,69.55
12844,control,mobile,0,241.96,85.14
13577,control,mobile,0,192.95,107.51
19674,treatment,tablet,0,227.83,55.3
8508,control,mobile,0,162.36,44.88
4740,treatment,desktop,0,210.46,36.77
11841,control,mobile,0,175.44,81.91
11174,control,mobile,0,229.29,5483.82
15801,treatment,mobile,0,241.42,41.67
17151,treatment,mobile,0,222.08,28.92
15533,treatment,mobile,0,244.76,122.53
3510,treatment,desktop,1,225.33,125.41
11447,control,mobile,0,217.25,53.06
10131,control,mobile,0,187.02,58.32
12960,control,mobile,0,201.59,31.43
4747,treatment,desktop,0,242.96,39.91
16498,treatment,mobile,0,226.34,30.52
5963,treatment,desktop,0,188.72,31.19
5172,treatment,desktop,0,220.79,22.81
1972,treatment,desktop,1,243.82,70.25
12790,control,mobile,0,203.04,153.4
3497,treatment,desktop,0,247.81,21.76
10525,control,mobile,0,218.95,27.4
9003,control,mobile,0,253.7,44.62
5920,treatment,desktop,0,204.58,24.15
2769,treatment,desktop,1,251.08,48.65
7407,treatment,desktop,0,261.75,85.97
16252,treatment,mobile,0,182.12,92.72
15897,treatment,mobile,0,217.21,199.28
7069,treatment,desktop,0,211.69,60.84
1151,control,desktop,1,193.75,133.05
11,control,desktop,1,180.14,36.16
3080,treatment,desktop,1,220.62,91.08
7446,treatment,desktop,0,201.1,156.54
742,control,desktop,0,269.41,131.51
19672,treatment,tablet,0,186.55,65.97
10610,control,mobile,0,217.19,78.49
19467,treatment,tablet,1,195.95,21.9
15855,treatment,mobile,0,250.57,46.14
14964,control,mobile,0,206.05,28.61
4152,treatment,desktop,0,244.34,29.43
15768,treatment,mobile,0,221.48,24.1
6741,treatment,desktop,0,175.82,65.85
15438,treatment,mobile,0,233.01,89.73
8408,control,mobile,0,230.73,26.44
8530,control,mobile,0,240.63,38.98
19482,treatment,tablet,0,248.16,79.05
1221,treatment,desktop,0,252.45,54.96
19254,treatment,tablet,0,250.05,69.72
14015,control,mobile,0,146.51,32.0
15670,treatment,mobile,0,216.47,40.58
2574,treatment,desktop,1,201.88,13.8
8727,control,mobile,0,202.25,37.26
12582,control,mobile,0,251.95,33.74
16439,treatment,mobile,0,242.49,44.28
1909,treatment,desktop,0,174.51,37.18
19378,treatment,tablet,0,196.87,130.12
2796,treatment,desktop,0,257.51,37.42
13387,control,mobile,0,236.81,72.38
4305,treatment,desktop,0,186.84,68.24
9301,control,mobile,0,204.65,122.81
617,control,desktop,0,199.71,51.43
7803,treatment,desktop,0,205.2,47.19
1953,treatment,desktop,0,264.93,19.66
9664,control,mobile,0,179.67,59.04
19700,treatment,tablet,0,205.0,38.13
5890,treatment,desktop,0,184.35,93.05
17274,treatment,mobile,0,182.78,42.0
14404,control,mobile,0,196.73,51.59
14660,control,mobile,0,239.15,31.05
19528,treatment,tablet,0,218.17,47.14
2329,treatment,desktop,0,184.91,5750.01
7186,treatment,desktop,0,213.06,28.67
15821,treatment,mobile,0,236.71,47.4
18190,control,tablet,0,185.38,70.88
10584,control,mobile,0,164.92,23.98
3542,treatment,desktop,0,252.05,53.52
19167,treatment,tablet,0,207.63,47.57
13679,control,mobile,1,243.86,43.25
453,control,desktop,0,241.75,71.16
12985,control,mobile,0,218.83,49.3
6116,treatment,desktop,0,185.84,60.35
15395,treatment,mobile,0,258.06,63.15
3685,treatment,desktop,0,206.28,51.64
7977,treatment,desktop,1,207.11,42.07
19032,treatment,tablet,0,235.0,19.14
20000,treatment,tablet,0,192.16,57.4
15254,treatment,mobile,0,265.58,140.33
14351,control,mobile,0,199.58,12.27
11910,control,mobile,0,221.78,28.77
15825,treatment,mobile,0,239.16,37.6
15685,treatment,mobile,0,251.81,42.26
3041,treatment,desktop,0,223.4,73.95
6367,treatment,desktop,1,202.21,50.33
5774,treatment,desktop,1,232.45,29.81
5629,treatment,desktop,0,244.54,79.21
2741,treatment,desktop,0,205.18,34.18
7725,treatment,desktop,1,229.16,59.65
10876,control,mobile,0,168.02,76.02
5056,treatment,desktop,0,199.14,60.78
17669,control,tablet,0,229.53,25.02
12446,control,mobile,0,292.53,54.07
12543,control,mobile,0,179.3,50.19
11847,control,mobile,0,267.24,31.24
3783,treatment,desktop,0,237.6,16.22
9179,control,mobile,0,181.82,75.1
17447,treatment,mobile,0,201.72,85.79
12648,control,mobile,0,214.53,31.75
3330,treatment,desktop,1,238.58,32.65
17742,control,tablet,0,214.15,64.81
4295,treatment,desktop,0,250.07,97.01
9038,control,mobile,0,209.37,62.78
17179,treatment,mobile,0,236.98,63.47
255,control,desktop,0,223.22,46.84
2746,treatment,desktop,1,193.68,83.93
1650,treatment,desktop,0,231.31,49.12
1439,treatment,desktop,0,211.28,26.97
6675,treatment,desktop,0,212.73,32.92
19310,treatment,tablet,0,236.95,66.39
9291,control,mobile,0,256.13,35.13
17248,treatment,mobile,0,220.28,55.34
4416,treatment,desktop,0,215.37,76.97
1714,treatment,desktop,0,211.62,62.76
15211,treatment,mobile,0,201.08,38.15
5034,treatment,desktop,1,233.56,35.59
17193,treatment,mobile,0,257.02,37.04
2622,treatment,desktop,0,219.83,72.55
13521,control,mobile,0,268.37,52.95
13104,control,mobile,0,255.73,33.48
17515,control,tablet,0,198.08,93.73
5124,treatment,desktop,1,199.01,23.14
10642,control,mobile,0,231.27,37.34
15448,treatment,mobile,0,237.8,42.93
518,control,desktop,0,208.73,18.9
5220,treatment,desktop,1,156.54,17.79
5621,treatment,desktop,0,280.28,74.72
11972,control,mobile,0,196.21,60.26
18516,control,tablet,0,250.91,18.42
15564,treatment,mobile,0,215.64,27.48
14407,control,mobile,0,213.03,64.72
2258,treatment,desktop,1,229.74,33.63
12972,control,mobile,0,253.53,24.3
5070,treatment,desktop,0,202.02,41.69
16852,treatment,mobile,0,206.97,79.04
17955,control,tablet,0,222.36,43.9
12455,control,mobile,0,245.12,62.55
1186,control,desktop,1,187.18,77.98
15354,treatment,mobile,0,218.85,61.26
7550,treatment,desktop,0,269.2,19.24
13906,control,mobile,0,187.97,49.86
12279,control,mobile,0,190.07,125.53
13796,control,mobile,0,197.36,25.97
7268,treatment,desktop,0,192.51,38.65
4270,treatment,desktop,0,223.34,115.59
2771,treatment,desktop,0,208.12,84.73
11798,control,mobile,0,204.25,61.46
12016,control,mobile,0,269.49,27.86
12962,control,mobile,0,184.62,35.71
16500,treatment,mobile,0,220.02,38.41
10580,control,mobile,0,214.06,46.37
8991,control,mobile,0,172.59,22.03
13408,control,mobile,0,216.49,36.83
17613,control,tablet,0,252.7,56.44
7549,treatment,desktop,0,193.72,199.89
4038,treatment,desktop,0,212.99,47.18
17580,control,tablet,0,266.29,95.66
11930,control,mobile,0,218.76,47.84
5851,treatment,desktop,0,158.64,141.03
442,control,desktop,0,205.26,49.47
15326,treatment,mobile,0,228.93,57.18
17578,control,tablet,0,259.82,181.19
2043,treatment,desktop,0,212.91,63.77
3966,treatment,desktop,0,254.7,58.16
17064,treatment,mobile,0,240.26,17.22
1331,treatment,desktop,0,270.8,82.49
12130,control,mobile,0,206.45,77.97
10908,control,mobile,0,151.17,107.37
15296,treatment,mobile,0,234.08,44.31
4721,treatment,desktop,0,247.47,72.79
1196,control,desktop,0,242.51,36.21
15537,treatment,mobile,0,266.68,94.58
10202,control,mobile,0,234.74,59.2
9220,control,mobile,0,245.78,39.59
17142,treatment,mobile,0,239.45,65.62
6569,treatment,desktop,0,180.68,92.51
11289,control,mobile,0,222.0,87.94
12783,control,mobile,0,223.47,67.3
13161,control,mobile,0,204.16,57.07
449,control,desktop,1,267.57,41.2
15259,treatment,mobile,0,215.19,116.8
1027,control,desktop,0,192.96,45.28
17073,treatment,mobile,0,162.19,55.03
18911,control,tablet,0,195.54,82.29
17038,treatment,mobile,0,193.75,54.52
10577,control,mobile,0,176.81,65.16
13537,control,mobile,0,250.26,127.77
8760,control,mobile,0,221.09,31.58
14187,control,mobile,0,266.33,67.47
10187,control,mobile,0,237.92,93.75
10165,control,mobile,0,226.35,90.76
3004,treatment,desktop,0,198.78,20.77
1485,treatment,desktop,0,206.72,32.84
17900,control,tablet,0,195.61,83.83
6176,treatment,desktop,0,220.34,26.12
15409,treatment,mobile,0,251.46,79.55
15280,treatment,mobile,0,216.13,25.93
10164,control,mobile,0,215.98,68.47
6186,treatment,desktop,0,233.73,38.36
11367,control,mobile,0,156.54,54.75
10562,control,mobile,0,214.85,22.7
3653,treatment,desktop,0,275.19,65.34
17898,control,tablet,1,172.9,33.63
13185,control,mobile,0,227.04,57.76
2515,treatment,desktop,0,193.62,63.0
14966,control,mobile,0,213.48,100.63
3736,treatment,desktop,0,194.77,36.55
11774,control,mobile,0,293.9,73.23
14204,control,mobile,0,210.03,27.12
9413,control,mobile,0,217.32,50.41
16321,treatment,mobile,0,228.57,21.62
14776,control,mobile,0,246.73,15.7
11372,control,mobile,0,215.16,69.4
5729,treatment,desktop,0,222.59,115.09
11460,control,mobile,0,202.99,74.59
4215,treatment,desktop,0,227.27,28.55
19723,treatment,tablet,0,240.13,25.34
2971,treatment,desktop,0,201.38,46.11
6178,treatment,desktop,1,206.99,92.31
9656,control,mobile,0,219.58,28.81
4907,treatment,desktop,0,228.17,43.72
11993,control,mobile,0,201.49,86.45
922,control,desktop,0,279.28,104.74
9100,control,mobile,0,220.3,19.37
3605,treatment,desktop,1,287.82,89.92
6276,treatment,desktop,0,238.69,29.28
16969,treatment,mobile,0,239.98,38.58
17002,treatment,mobile,0,274.56,28.59
8621,control,mobile,0,249.77,46.45
3091,treatment,desktop,1,177.76,59.54
4678,treatment,desktop,0,221.75,39.51
1265,treatment,desktop,0,206.06,21.16
10381,control,mobile,0,264.75,107.92
10984,control,mobile,0,257.16,3356.58
5497,treatment,desktop,0,172.81,82.65
12413,control,mobile,0,197.64,93.04
12139,control,mobile,0,202.78,24.02
1522,treatment,desktop,0,221.7,56.07
6425,treatment,desktop,0,224.44,38.47
245,control,desktop,1,193.15,46.33
2724,treatment,desktop,0,210.05,82.02
1296,treatment,desktop,0,245.55,118.47
11992,control,mobile,0,196.27,31.74
1605,treatment,desktop,0,265.23,29.08
3205,treatment,desktop,0,255.2,43.94
13729,control,mobile,0,174.87,24.77
875,control,desktop,1,216.88,42.21
15456,treatment,mobile,0,157.51,48.18
4316,treatment,desktop,1,200.44,135.44
19189,treatment,tablet,0,215.95,51.36
4247,treatment,desktop,0,167.09,77.93
11606,control,mobile,0,205.43,27.27
13219,control,mobile,0,209.65,10.8
12872,control,mobile,0,178.15,74.02
5826,treatment,desktop,0,209.09,93.28
17862,control,tablet,0,177.82,35.18
2638,treatment,desktop,0,193.19,96.7
16911,treatment,mobile,0,252.57,56.64
1620,treatment,desktop,0,233.07,40.03
15168,treatment,mobile,1,242.09,87.24
6700,treatment,desktop,0,184.73,21.56
15417,treatment,mobile,0,208.78,51.34
4261,treatment,desktop,0,234.67,46.66
11845,control,mobile,0,267.39,77.29
1787,treatment,desktop,0,232.87,35.61
8804,control,mobile,0,246.28,107.66
13945,control,mobile,0,255.41,68.95
4687,treatment,desktop,1,226.04,30.83
19464,treatment,tablet,0,247.45,100.6
15413,treatment,mobile,0,244.03,43.22
12090,control,mobile,0,213.32,44.51
15019,control,mobile,1,269.59,27.92
7409,treatment,desktop,0,244.31,60.68
14788,control,mobile,0,177.45,78.52
2175,treatment,desktop,0,253.07,45.06
4442,treatment,desktop,1,304.39,67.56
9710,control,mobile,0,252.62,89.31
13094,control,mobile,0,256.72,91.44
18139,control,tablet,0,209.17,32.55
10291,control,mobile,0,194.22,49.76
19678,treatment,tablet,0,225.61,43.07
14405,control,mobile,0,266.2,25.41
7888,treatment,desktop,0,245.06,80.11
7261,treatment,desktop,0,222.72,36.64
7755,treatment,desktop,0,191.54,177.96
11264,control,mobile,0,241.14,45.54
16146,treatment,mobile,0,257.15,30.08
6854,treatment,desktop,0,208.1,23.82
16295,treatment,mobile,0,248.95,36.43
912,control,desktop,0,243.59,71.71
18561,control,tablet,0,235.74,47.04
15802,treatment,mobile,0,302.58,19.52
16180,treatment,mobile,0,260.34,19.39
4851,treatment,desktop,1,246.01,16.88
18649,control,tablet,0,184.55,86.36
16658,treatment,mobile,0,183.03,47.47
2954,treatment,desktop,0,192.0,38.32
16296,treatment,mobile,0,232.48,48.28
1050,control,desktop,0,245.41,56.67
439,control,desktop,0,201.68,33.36
1886,treatment,desktop,0,258.55,80.63
2912,treatment,desktop,0,268.99,43.79
4204,treatment,desktop,0,252.29,74.74
17747,control,tablet,0,240.02,64.48
17416,treatment,mobile,0,188.62,53.11
10145,control,mobile,0,224.74,75.07
9173,control,mobile,0,202.09,142.23
2764,treatment,desktop,0,239.61,92.72
10958,control,mobile,0,226.04,26.25
12978,control,mobile,0,239.57,34.38
8321,control,mobile,0,205.86,27.94
6326,treatment,desktop,0,207.2,28.74
17433,treatment,mobile,0,275.09,44.95
16803,treatment,mobile,0,252.44,61.47
14144,control,mobile,0,149.89,63.98
6459,treatment,desktop,1,277.42,72.74
19845,treatment,tablet,0,263.38,25.84
4041,treatment,desktop,0,244.4,76.02
2856,treatment,desktop,1,234.68,67.55
1177,control,desktop,0,251.22,38.83
7027,treatment,desktop,0,290.38,53.55
13064,control,mobile,0,230.36,45.08
744,control,desktop,0,203.96,69.63
19017,treatment,tablet,0,186.49,53.85
607,control,desktop,0,164.5,51.13
295,control,desktop,0,240.9,71.89
8135,treatment,desktop,0,221.11,29.22
5767,treatment,desktop,0,178.66,70.45
12089,control,mobile,0,261.97,26.59
1427,treatment,desktop,1,189.71,30.4
6975,treatment,desktop,1,240.23,45.48
13842,control,mobile,0,134.7,49.97
15798,treatment,mobile,0,212.8,35.96
6177,treatment,desktop,1,252.09,74.58
7251,treatment,desktop,0,232.89,59.53
16314,treatment,mobile,1,222.84,24.83
5508,treatment,desktop,0,226.53,119.68
2358,treatment,desktop,0,233.11,40.46
808,control,desktop,0,236.76,72.66
1491,treatment,desktop,0,218.23,84.96
11081,control,mobile,0,250.95,59.72
7788,treatment,desktop,0,204.99,72.33
19843,treatment,tablet,0,194.49,64.74
270,control,desktop,0,208.17,14.91
5494,treatment,desktop,0,244.97,37.12
13297,control,mobile,0,231.97,77.82
12295,control,mobile,0,200.65,60.02
15883,treatment,mobile,0,204.21,45.46
6104,treatment,desktop,0,175.33,4457.02
9225,control,mobile,0,224.4,139.97
13883,control,mobile,0,236.65,106.43
19984,treatment,tablet,0,212.42,41.18
4891,treatment,desktop,0,202.85,68.03
14163,control,mobile,1,200.2,80.17
5707,treatment,desktop,1,197.29,31.05
3834,treatment,desktop,0,215.21,65.0
640,control,desktop,0,235.07,53.43
14272,control,mobile,0,171.5,123.61
16426,treatment,mobile,0,255.45,100.43
11770,control,mobile,0,214.28,111.75
4549,treatment,desktop,0,197.49,95.9
4692,treatment,desktop,0,200.02,87.97
2139,treatment,desktop,1,245.17,49.1
15509,treatment,mobile,0,240.84,99.81
18444,control,tablet,0,172.52,31.66
6582,treatment,desktop,1,240.17,15.41
1946,treatment,desktop,0,192.3,38.49
4069,treatment,desktop,0,191.42,68.9
16355,treatment,mobile,0,222.92,76.6
14808,control,mobile,0,222.39,18.4
265,control,desktop,0,255.82,34.58
18573,control,tablet,0,176.78,50.93
2469,treatment,desktop,0,256.5,66.72
12053,control,mobile,0,210.33,88.43
5080,treatment,desktop,0,236.76,49.82
17222,treatment,mobile,0,207.9,36.02
16550,treatment,mobile,0,272.21,74.14
8898,control,mobile,0,261.19,28.24
16455,treatment,mobile,0,232.98,68.63
5624,treatment,desktop,0,186.04,32.71
1635,treatment,desktop,0,290.86,47.18
13293,control,mobile,0,271.68,82.22
3767,treatment,desktop,0,240.25,54.67
8958,control,mobile,0,227.48,101.73
14910,control,mobile,1,211.54,80.77
13865,control,mobile,0,262.99,45.49
11427,control,mobile,0,241.28,76.21
1715,treatment,desktop,0,249.79,121.27
17677,control,tablet,0,217.7,21.68
12702,control,mobile,0,195.25,31.43
13576,control,mobile,0,234.11,73.67
4327,treatment,desktop,0,226.77,36.34
1996,treatment,desktop,0,198.21,115.92
18048,control,tablet,0,194.7,57.61
2837,treatment,desktop,0,187.28,39.07
4934,treatment,desktop,0,201.61,90.67
332,control,desktop,1,202.92,48.36
12507,control,mobile,0,208.98,45.06
19731,treatment,tablet,0,228.29,141.54
10129,control,mobile,0,191.53,29.95
521,control,desktop,0,158.13,70.59
8196,treatment,desktop,0,258.25,137.01
2430,treatment,desktop,0,200.3,58.07
9945,control,mobile,0,257.87,57.79
1861,treatment,desktop,1,288.35,214.34
8034,treatment,desktop,1,245.04,70.6
7905,treatment,desktop,0,240.59,107.21
4698,treatment,desktop,0,181.65,54.85
7545,treatment,desktop,0,217.54,44.37
856,control,desktop,1,251.55,73.28
18172,control,tablet,0,223.79,38.61
2988,treatment,desktop,0,184.79,61.19
7164,treatment,desktop,0,187.56,84.08
8474,control,mobile,0,218.71,49.83
4654,treatment,desktop,0,199.6,18.51
14321,control,mobile,0,243.56,56.88
9616,control,mobile,0,222.51,17.62
13031,control,mobile,0,203.24,50.92
13302,control,mobile,0,206.59,47.01
1231,treatment,desktop,0,161.76,49.24
14579,control,mobile,0,179.93,31.44
2314,treatment,desktop,0,252.64,61.78
2615,treatment,desktop,0,222.03,18.59
7277,treatment,desktop,0,159.07,150.54
17255,treatment,mobile,0,245.55,53.28
6433,treatment,desktop,0,179.77,45.18
2578,treatment,desktop,0,207.7,37.74
17186,treatment,mobile,0,214.68,31.74
4000,treatment,desktop,0,185.28,65.06
18223,control,tablet,0,284.73,38.87
15885,treatment,mobile,0,231.19,28.35
17938,control,tablet,0,286.24,130.2
4512,treatment,desktop,0,219.66,53.27
1098,control,desktop,0,251.17,130.28
14080,control,mobile,0,183.4,17.75
6928,treatment,desktop,0,301.32,61.42
16050,treatment,mobile,0,294.0,53.57
7196,treatment,desktop,0,281.39,69.98
3257,treatment,desktop,1,219.91,47.0
1031,control,desktop,0,237.73,84.19
1588,treatment,desktop,1,230.55,71.33
14578,control,mobile,0,222.34,53.28
4503,treatment,desktop,0,232.89,33.52
16526,treatment,mobile,0,237.44,40.36
2297,treatment,desktop,0,216.6,21.91
14152,control,mobile,0,253.97,35.35
592,control,desktop,0,242.17,59.44
13750,control,mobile,0,232.68,92.77
19603,treatment,tablet,0,221.97,31.4
13183,control,mobile,0,242.42,20.18
11170,control,mobile,0,230.65,71.53
7902,treatment,desktop,0,188.32,30.14
1288,treatment,desktop,0,236.95,29.94
2882,treatment,desktop,0,221.4,29.3
7967,treatment,desktop,0,263.75,39.69
19995,treatment,tablet,0,280.19,47.57
13317,control,mobile,0,207.92,79.83
16721,treatment,mobile,0,225.42,68.17
10844,control,mobile,0,227.98,86.93
4231,treatment,desktop,0,272.84,30.73
11980,control,mobile,0,166.05,50.78
17731,control,tablet,0,243.39,48.18
16674,treatment,mobile,0,219.19,79.81
12520,control,mobile,0,187.27,34.52
3573,treatment,desktop,0,219.52,96.05
13794,control,mobile,0,239.75,40.94
9307,control,mobile,0,220.93,92.19
19566,treatment,tablet,0,242.42,46.03
10589,control,mobile,0,188.49,28.39
16274,treatment,mobile,0,148.34,37.12
17589,control,tablet,0,209.98,32.92
3098,treatment,desktop,0,151.3,50.6
3318,treatment,desktop,0,251.58,46.62
9820,control,mobile,0,235.67,26.32
1962,treatment,desktop,0,250.33,94.11
12191,control,mobile,0,191.54,60.64
1751,treatment,desktop,1,244.7,34.64
12720,control,mobile,0,220.17,123.43
9002,control,mobile,0,260.35,68.17
1387,treatment,desktop,0,287.85,34.8
19289,treatment,tablet,0,203.75,70.46
966,control,desktop,0,179.98,55.16
7738,treatment,desktop,0,217.5,275.66
11507,control,mobile,0,228.73,43.84
15863,treatment,mobile,0,188.83,40.56
6841,treatment,desktop,0,174.44,33.7
18239,control,tablet,0,227.45,99.54
6453,treatment,desktop,0,210.51,31.01
4101,treatment,desktop,0,165.68,84.58
1032,control,desktop,0,216.75,74.85
14034,control,mobile,0,245.44,60.28
9281,control,mobile,0,216.27,31.49
10243,control,mobile,1,245.18,103.16
7436,treatment,desktop,0,220.72,63.93
13433,control,mobile,0,193.28,34.77
17910,control,tablet,0,228.24,83.23
19714,treatment,tablet,0,227.71,35.14
18100,control,tablet,0,225.87,41.14
16738,treatment,mobile,0,244.67,52.76
11865,control,mobile,0,237.75,43.18
8466,control,mobile,0,236.5,53.99
16981,treatment,mobile,0,221.66,45.9
4590,treatment,desktop,0,263.89,28.79
9869,control,mobile,0,233.98,18.74
14141,control,mobile,0,201.76,40.14
357,control,desktop,0,204.32,48.27
16393,treatment,mobile,0,202.41,42.0
12991,control,mobile,0,218.81,28.78
17499,treatment,mobile,0,180.44,28.74
1776,treatment,desktop,0,181.02,22.8
19314,treatment,tablet,0,188.59,17.87
2423,treatment,desktop,0,233.27,46.23
16394,treatment,mobile,0,226.84,55.5
13822,control,mobile,0,219.32,38.22
11805,control,mobile,0,237.97,42.89
7612,treatment,desktop,1,209.15,42.15
15403,treatment,mobile,0,175.44,28.02
12286,control,mobile,0,258.22,31.65
6169,treatment,desktop,0,237.82,50.94
7095,treatment,desktop,1,186.6,83.0
7175,treatment,desktop,0,226.89,26.63
5048,treatment,desktop,0,224.25,77.86
9376,control,mobile,0,206.6,38.74
4177,treatment,desktop,0,201.33,59.18
3706,treatment,desktop,0,173.16,39.23
770,control,desktop,0,229.92,76.01
18413,control,tablet,0,190.3,68.64
18545,control,tablet,0,251.74,15.57
14225,control,mobile,0,228.26,88.28
9899,control,mobile,1,277.93,56.99
3562,treatment,desktop,0,243.52,21.97
18418,control,tablet,0,209.86,37.18
13747,control,mobile,0,174.09,20.04
7129,treatment,desktop,0,216.77,38.51
7432,treatment,desktop,0,177.4,55.02
4815,treatment,desktop,0,222.27,41.24
16291,treatment,mobile,0,238.32,44.2
19961,treatment,tablet,0,207.21,37.86
2436,treatment,desktop,0,208.38,105.44
11499,control,mobile,0,244.1,70.04
15059,control,mobile,0,223.72,62.61
17719,control,tablet,1,207.5,28.83
19313,treatment,tablet,1,168.75,69.16
18658,control,tablet,0,180.92,28.62
19842,treatment,tablet,0,165.81,59.17
11015,control,mobile,0,224.78,46.41
19980,treatment,tablet,0,194.51,34.75
10395,control,mobile,0,189.72,28.68
11617,control,mobile,0,266.5,53.44
2911,treatment,desktop,0,204.45,34.58
13007,control,mobile,1,202.51,41.05
7363,treatment,desktop,0,263.41,70.15
13643,control,mobile,0,188.59,52.77
4842,treatment,desktop,1,241.31,37.81
10486,control,mobile,0,248.16,41.1
2513,treatment,desktop,0,217.69,24.54
11634,control,mobile,1,285.8,91.65
4389,treatment,desktop,0,215.48,45.76
17292,treatment,mobile,0,217.53,48.82
11536,control,mobile,0,214.23,87.34
2421,treatment,desktop,0,253.21,105.16
1838,treatment,desktop,0,221.91,32.43
10679,control,mobile,0,204.55,25.91
7317,treatment,desktop,0,181.84,124.56
46,control,desktop,0,211.84,52.76
1863,treatment,desktop,0,182.38,19.83
17252,treatment,mobile,0,199.83,35.91
1939,treatment,desktop,0,218.72,31.55
5140,treatment,desktop,1,212.74,34.44
1535,treatment,desktop,0,205.05,15.39
13429,control,mobile,1,168.42,33.29
18672,control,tablet,0,208.75,63.11
12939,control,mobile,0,263.08,52.35
18450,control,tablet,1,249.19,68.95
2377,treatment,desktop,1,196.39,78.27
17283,treatment,mobile,0,167.5,31.74
13687,control,mobile,0,218.25,58.65
6631,treatment,desktop,0,229.25,51.85
639,control,desktop,0,211.78,19.63
6205,treatment,desktop,0,152.79,60.48
19498,treatment,tablet,0,249.33,43.25
18912,control,tablet,0,259.86,45.4
5230,treatment,desktop,0,171.75,65.44
5944,treatment,desktop,0,293.65,57.62
6925,treatment,desktop,1,251.09,30.98
11966,control,mobile,0,216.73,94.92
16657,treatment,mobile,0,222.36,20.38
10098,control,mobile,0,260.31,15.19
8796,control,mobile,0,174.44,27.17
16652,treatment,mobile,0,219.65,59.36
496,control,desktop,0,204.8,55.27
3831,treatment,desktop,0,212.6,62.63
13640,control,mobile,0,269.9,131.05
6455,treatment,desktop,0,264.23,88.78
14040,control,mobile,0,169.65,22.28
12866,control,mobile,0,238.96,22.63
4849,treatment,desktop,0,225.75,31.86
4821,treatment,desktop,0,251.43,78.55
9753,control,mobile,0,201.56,26.87
13286,control,mobile,0,258.66,34.41
15581,treatment,mobile,0,213.13,121.66
19416,treatment,tablet,0,222.7,60.86
13047,control,mobile,0,192.53,39.07
11944,control,mobile,0,238.59,23.54
9135,control,mobile,1,223.9,99.38
246,control,desktop,1,210.88,40.69
2887,treatment,desktop,0,257.24,20.53
14818,control,mobile,1,167.33,32.38
17160,treatment,mobile,0,220.77,88.25
12208,control,mobile,0,212.39,57.43
5524,treatment,desktop,1,196.78,17.11
9262,control,mobile,0,264.03,36.91
4343,treatment,desktop,0,180.52,41.53
14938,control,mobile,0,199.35,39.06
11496,control,mobile,0,208.94,42.65
18094,control,tablet,1,194.9,85.78
15052,control,mobile,0,169.19,8.87
9659,control,mobile,0,232.29,49.29
6628,treatment,desktop,1,233.8,60.66
2725,treatment,desktop,0,247.48,38.51
4462,treatment,desktop,0,276.7,83.37
1348,treatment,desktop,0,164.31,30.67
1580,treatment,desktop,0,256.54,55.84
5136,treatment,desktop,0,200.36,84.84
9473,control,mobile,0,272.45,71.9
10789,control,mobile,0,230.75,69.59
9725,control,mobile,0,266.35,32.59
4784,treatment,desktop,0,247.2,42.01
19101,treatment,tablet,0,169.72,86.75
520,control,desktop,0,220.37,67.36
546,control,desktop,0,217.06,76.77
9942,control,mobile,0,231.87,83.8
8544,control,mobile,0,239.47,47.2
18921,control,tablet,0,241.0,29.93
3582,treatment,desktop,0,209.75,46.59
8848,control,mobile,0,180.39,70.95
13839,control,mobile,0,244.52,61.27
4199,treatment,desktop,0,200.24,56.21
142,control,desktop,0,239.64,163.62
15219,treatment,mobile,0,240.64,15.93
2775,treatment,desktop,0,264.62,128.09
16275,treatment,mobile,0,220.78,62.51
4825,treatment,desktop,0,187.56,85.73
6555,treatment,desktop,0,226.46,86.7
18337,control,tablet,0,216.5,52.47
11329,control,mobile,0,184.84,17.17
6308,treatment,desktop,1,172.52,125.86
6465,treatment,desktop,0,166.25,33.96
4464,treatment,desktop,1,244.62,57.3
9018,control,mobile,0,226.5,30.24
9081,control,mobile,0,216.94,41.67
5058,treatment,desktop,0,196.14,94.27
4577,treatment,desktop,0,149.14,54.62
2283,treatment,desktop,0,281.84,37.83
9847,control,mobile,0,181.16,16.55
487,control,desktop,0,218.06,49.9
18490,control,tablet,0,227.43,54.83
16185,treatment,mobile,0,197.03,147.04
18983,control,tablet,1,236.32,152.74
13441,control,mobile,0,224.05,49.61
3037,treatment,desktop,0,234.6,53.22
1795,treatment,desktop,0,204.97,72.05
12151,control,mobile,0,213.84,43.06
7560,treatment,desktop,0,238.03,67.2
15765,treatment,mobile,0,237.26,51.33
18829,control,tablet,0,263.02,63.79
10394,control,mobile,0,206.5,90.88
9170,control,mobile,0,244.89,27.88
16833,treatment,mobile,0,170.44,43.88
13216,control,mobile,0,199.96,129.32
19740,treatment,tablet,0,238.45,53.24
8911,control,mobile,0,214.73,56.33
12845,control,mobile,0,220.94,54.79
16793,treatment,mobile,0,242.79,39.79
18740,control,tablet,0,277.18,18.01
15525,treatment,mobile,0,186.22,64.81
11093,control,mobile,0,255.04,30.04
19123,treatment,tablet,0,259.93,58.46
1279,treatment,desktop,0,202.89,32.52
11351,control,mobile,0,202.89,58.77
472,control,desktop,0,242.96,59.41
14810,control,mobile,0,233.78,36.12
2344,treatment,desktop,0,228.61,62.49
2357,treatment,desktop,0,203.38,116.72
5370,treatment,desktop,0,191.98,37.48
9472,control,mobile,0,181.23,42.97
12619,control,mobile,0,208.39,71.6
5997,treatment,desktop,0,187.6,34.39
11235,control,mobile,0,249.36,36.74
19407,treatment,tablet,0,248.53,81.22
5787,treatment,desktop,0,176.66,51.73
6296,treatment,desktop,0,289.13,37.31
9445,control,mobile,0,215.27,43.01
8953,control,mobile,0,215.41,59.87
17221,treatment,mobile,0,195.12,129.31
12950,control,mobile,0,247.23,95.85
2738,treatment,desktop,0,201.24,72.64
13987,control,mobile,0,215.8,40.16
8758,control,mobile,0,223.2,43.39
14025,control,mobile,1,221.61,104.16
4923,treatment,desktop,0,213.18,90.86
4719,treatment,desktop,0,271.02,33.47
14476,control,mobile,0,172.74,62.68
5604,treatment,desktop,0,228.53,58.49
12743,control,mobile,0,231.66,86.4
7806,treatment,desktop,1,178.42,48.81
12275,control,mobile,0,210.63,48.01
5699,treatment,desktop,1,211.78,39.94
12731,control,mobile,0,231.74,37.81
4712,treatment,desktop,0,196.92,39.8
6751,treatment,desktop,0,246.5,28.58
19656,treatment,tablet,0,228.14,48.83
9946,control,mobile,0,176.94,59.94
10155,control,mobile,0,233.28,48.02
1016,control,desktop,0,270.99,40.25
19697,treatment,tablet,0,260.09,29.61
3597,treatment,desktop,0,176.89,100.26
12071,control,mobile,0,280.49,42.65
14913,control,mobile,0,223.49,57.47
3402,treatment,desktop,0,254.48,37.55
9568,control,mobile,0,239.44,77.62
11710,control,mobile,0,187.13,71.24
10210,control,mobile,0,231.7,90.35
12856,control,mobile,0,227.03,93.99
18204,control,tablet,0,247.99,61.06
9346,control,mobile,0,203.05,43.36
4792,treatment,desktop,0,191.04,78.42
3160,treatment,desktop,0,256.1,51.57
16512,treatment,mobile,0,225.73,46.63
18542,control,tablet,0,197.34,52.38
18001,control,tablet,0,153.6,52.98
19142,treatment,tablet,0,194.39,17.64
16907,treatment,mobile,0,214.82,42.6
18680,control,tablet,0,234.61,64.15
15331,treatment,mobile,0,192.23,45.72
10779,control,mobile,0,162.7,64.93
19260,treatment,tablet,0,194.94,53.52
3612,treatment,desktop,0,185.53,69.21
4966,treatment,desktop,0,276.63,32.69
3882,treatment,desktop,0,193.83,32.82
16464,treatment,mobile,0,259.65,70.94
8178,treatment,desktop,1,240.92,81.85
8191,treatment,desktop,1,199.47,60.9
6938,treatment,desktop,1,216.81,19.23
15397,treatment,mobile,0,189.45,40.88
15076,control,mobile,1,230.88,91.27
17996,control,tablet,0,275.7,55.31
19905,treatment,tablet,0,199.7,69.29
9343,control,mobile,0,257.7,45.34
11549,control,mobile,0,237.02,38.92
8826,control,mobile,0,199.8,110.87
6587,treatment,desktop,0,232.89,44.51
13095,control,mobile,0,216.21,22.97
90,control,desktop,0,212.1,49.19
15446,treatment,mobile,0,220.51,39.71
7808,treatment,desktop,0,216.3,56.6
3358,treatment,desktop,0,236.26,51.89
3373,treatment,desktop,0,253.68,36.37
19546,treatment,tablet,0,208.23,84.47
15237,treatment,mobile,0,242.13,40.64
8216,control,mobile,0,207.77,61.27
7358,treatment,desktop,0,233.07,34.88
7878,treatment,desktop,0,147.48,21.87
11539,control,mobile,1,187.63,56.58
14709,control,mobile,0,202.49,81.59
1688,treatment,desktop,1,194.08,105.49
1201,treatment,desktop,0,210.9,66.92
9792,control,mobile,0,195.39,42.95
3272,treatment,desktop,0,186.73,19.92
6657,treatment,desktop,0,161.61,104.96
892,control,desktop,0,266.21,46.78
18770,control,tablet,0,209.76,185.41
11333,control,mobile,0,179.39,32.03
15756,treatment,mobile,0,252.16,26.79
9699,control,mobile,0,214.14,64.83
17232,treatment,mobile,0,228.96,45.36
2394,treatment,desktop,0,175.36,50.07
19536,treatment,tablet,0,232.4,93.79
8180,treatment,desktop,0,250.67,70.67
14092,control,mobile,0,190.12,141.07
1658,treatment,desktop,0,217.52,61.61
18319,control,tablet,0,295.4,28.43
12124,control,mobile,0,270.92,44.71
17126,treatment,mobile,0,243.64,28.63
8097,treatment,desktop,0,230.82,35.13
10019,control,mobile,0,286.13,90.12
10832,control,mobile,0,217.86,40.79
5578,treatment,desktop,0,178.96,40.96
18713,control,tablet,0,237.74,99.04
11136,control,mobile,0,221.54,102.77
19973,treatment,tablet,0,200.73,102.17
473,control,desktop,0,204.99,32.58
19043,treatment,tablet,0,209.17,49.66
19247,treatment,tablet,1,234.0,48.2
10504,control,mobile,0,220.86,21.12
6131,treatment,desktop,0,204.04,151.78
16263,treatment,mobile,0,160.71,34.91
16159,treatment,mobile,0,241.14,38.13
16480,treatment,mobile,0,241.81,85.11
3897,treatment,desktop,0,226.8,61.71
13055,control,mobile,0,224.55,54.49
3151,treatment,desktop,0,241.99,46.54
8856,control,mobile,0,206.26,50.02
10450,control,mobile,0,192.83,54.51
11708,control,mobile,0,271.77,35.5
4956,treatment,desktop,1,198.9,27.33
2031,treatment,desktop,0,194.32,58.32
17787,control,tablet,0,202.96,75.83
2774,treatment,desktop,0,270.92,49.34
10746,control,mobile,1,277.34,30.67
6766,treatment,desktop,0,224.64,81.01
5685,treatment,desktop,0,269.37,99.31
5116,treatment,desktop,0,257.02,67.09
2458,treatment,desktop,0,222.41,69.46
11779,control,mobile,0,256.82,50.76
15610,treatment,mobile,0,286.83,58.51
5208,treatment,desktop,1,179.24,41.99
3048,treatment,desktop,1,247.53,62.39
13516,control,mobile,0,248.17,72.21
4903,treatment,desktop,0,227.51,62.49
8774,control,mobile,0,243.18,34.7
15576,treatment,mobile,0,204.34,24.61
17296,treatment,mobile,0,154.66,41.32
13450,control,mobile,0,230.35,31.1
5969,treatment,desktop,0,201.53,45.92
3507,treatment,desktop,0,255.12,39.51
16004,treatment,mobile,0,223.75,24.98
11915,control,mobile,0,243.95,115.02
6446,treatment,desktop,1,223.34,50.07
8545,control,mobile,0,244.09,32.04
11227,control,mobile,0,184.01,39.97
4634,treatment,desktop,0,195.03,56.23
11719,control,mobile,0,190.17,53.15
15631,treatment,mobile,0,253.7,182.67
6794,treatment,desktop,1,202.83,52.58
2053,treatment,desktop,0,264.2,88.79
19647,treatment,tablet,0,182.92,18.61
15420,treatment,mobile,0,221.75,68.84
7150,treatment,desktop,1,254.41,43.52
8554,control,mobile,0,254.5,65.68
18196,control,tablet,0,232.67,257.29
16662,treatment,mobile,0,231.33,55.83
1872,treatment,desktop,0,233.68,32.64
4226,treatment,desktop,0,226.94,30.03
18156,control,tablet,0,169.76,34.06
4207,treatment,desktop,0,240.9,32.39
13669,control,mobile,0,274.38,91.9
2268,treatment,desktop,0,187.85,45.34
15196,treatment,mobile,0,199.63,71.36
17270,treatment,mobile,0,193.61,88.09
3443,treatment,desktop,0,158.32,34.37
12957,control,mobile,0,200.36,22.0
4022,treatment,desktop,1,165.92,82.19
11021,control,mobile,0,258.19,40.8
1843,treatment,desktop,0,219.45,40.04
17384,treatment,mobile,0,226.78,49.49
18058,control,tablet,1,254.04,121.73
196,control,desktop,0,198.4,57.22
2975,treatment,desktop,0,232.7,19.58
8906,control,mobile,0,244.66,43.77
7586,treatment,desktop,0,230.28,63.93
1892,treatment,desktop,0,223.21,30.43
10225,control,mobile,0,253.68,70.21
10352,control,mobile,0,223.54,20.89
1734,treatment,desktop,0,229.57,87.94
632,control,desktop,0,258.45,28.18
12351,control,mobile,0,224.87,17.3
17813,control,tablet,0,213.07,80.01
18096,control,tablet,0,260.07,33.99
8267,control,mobile,0,263.16,33.16
17550,control,tablet,0,287.84,44.87
17344,treatment,mobile,0,218.37,36.28
11882,control,mobile,0,203.56,23.04
4883,treatment,desktop,0,257.05,39.01
7116,treatment,desktop,0,223.91,42.79
12097,control,mobile,0,256.35,88.4
8112,treatment,desktop,1,251.32,26.5
1087,control,desktop,0,214.6,122.47
2014,treatment,desktop,0,218.87,85.71
9361,control,mobile,0,269.24,66.57
17748,control,tablet,0,174.2,14.03
3077,treatment,desktop,0,273.18,29.52
18502,control,tablet,1,223.29,61.46
17582,control,tablet,1,189.59,27.82
7440,treatment,desktop,0,178.88,79.03
2914,treatment,desktop,0,240.74,94.39
4986,treatment,desktop,0,233.3,124.35
10300,control,mobile,0,256.86,54.9
2712,treatment,desktop,0,221.81,79.69
7014,treatment,desktop,0,187.97,55.7
7113,treatment,desktop,0,263.8,60.65
18318,control,tablet,0,230.49,22.3
8964,control,mobile,0,255.72,38.41
18927,control,tablet,0,186.45,50.75
10915,control,mobile,0,213.56,59.27
19340,treatment,tablet,0,204.09,15.74
12013,control,mobile,0,193.29,20.03
14030,control,mobile,0,195.74,48.36
18942,control,tablet,0,210.87,22.07
2639,treatment,desktop,0,208.24,84.96
6182,treatment,desktop,0,244.41,44.12
946,control,desktop,0,206.28,44.2
7346,treatment,desktop,0,163.08,49.99
10694,control,mobile,0,184.65,78.66
2903,treatment,desktop,0,249.56,36.69
11221,control,mobile,1,241.85,32.53
10126,control,mobile,0,204.11,24.65
13396,control,mobile,0,223.52,43.29
15154,treatment,mobile,0,171.51,65.15
10274,control,mobile,0,199.73,64.42
13688,control,mobile,0,255.64,48.93
6668,treatment,desktop,1,191.84,71.74
1424,treatment,desktop,0,196.37,90.9
113,control,desktop,0,208.89,48.37
9960,control,mobile,0,192.01,26.94
7415,treatment,desktop,0,295.22,87.44
16334,treatment,mobile,0,142.84,60.78
17281,treatment,mobile,0,172.43,49.23
8507,control,mobile,0,209.13,23.72
4899,treatment,desktop,1,248.49,98.62
6250,treatment,desktop,0,212.66,86.89
9019,control,mobile,0,230.04,40.23
15009,control,mobile,0,249.98,57.01
18933,control,tablet,0,167.17,56.89
16044,treatment,mobile,0,187.61,234.9
16422,treatment,mobile,0,237.89,28.12
11240,control,mobile,0,243.74,115.92
17072,treatment,mobile,0,267.99,32.99
17258,treatment,mobile,0,257.44,52.46
11940,control,mobile,0,234.51,81.97
3752,treatment,desktop,0,224.78,45.42
18433,control,tablet,0,217.83,65.33
3127,treatment,desktop,0,234.86,50.76
7892,treatment,desktop,0,231.91,70.81
3586,treatment,desktop,0,218.3,75.2
3039,treatment,desktop,0,208.11,119.25
6004,treatment,desktop,0,222.6,24.21
17492,treatment,mobile,0,227.98,76.19
11989,control,mobile,0,248.88,98.43
33,control,desktop,0,227.13,49.09
620,control,desktop,0,202.13,45.31
17833,control,tablet,0,244.18,27.3
19396,treatment,tablet,0,230.41,40.04
19239,treatment,tablet,0,200.54,18.82
7238,treatment,desktop,0,189.71,47.3
11186,control,mobile,0,288.93,42.64
17888,control,tablet,0,158.97,34.16
5606,treatment,desktop,0,262.71,175.66
12066,control,mobile,0,174.12,34.13
8831,control,mobile,1,272.62,122.84
6362,treatment,desktop,0,173.36,116.46
12196,control,mobile,0,231.9,64.59
18671,control,tablet,0,173.2,59.05
8942,control,mobile,0,191.63,25.13
15012,control,mobile,0,174.07,96.73
608,control,desktop,1,225.61,29.99
8057,treatment,desktop,0,250.24,84.0
19157,treatment,tablet,0,248.16,17.49
15687,treatment,mobile,0,221.38,72.22
13726,control,mobile,0,216.29,20.2
4829,treatment,desktop,0,177.35,31.72
16777,treatment,mobile,1,229.01,37.22
8161,treatment,desktop,0,198.28,39.97
17301,treatment,mobile,0,202.62,39.15
5377,treatment,desktop,0,234.1,42.39
18181,control,tablet,0,232.52,29.22
13353,control,mobile,0,177.17,67.69
12780,control,mobile,0,226.93,50.45
12169,control,mobile,0,194.28,126.54
14779,control,mobile,0,180.72,25.37
12605,control,mobile,0,201.63,114.94
9562,control,mobile,0,175.11,63.46
4498,treatment,desktop,0,189.11,54.26
19499,treatment,tablet,0,209.39,59.99
13469,control,mobile,0,182.26,46.63
18801,control,tablet,0,247.4,139.49
14439,control,mobile,0,185.3,124.01
14409,control,mobile,0,223.15,55.79
1406,treatment,desktop,0,170.62,19.43
6445,treatment,desktop,0,186.65,31.04
560,control,desktop,0,186.17,46.53
5977,treatment,desktop,0,195.66,96.28
855,control,desktop,0,218.79,63.93
10848,control,mobile,0,193.22,51.91
3975,treatment,desktop,0,193.05,25.89
17824,control,tablet,1,233.17,76.89
13964,control,mobile,1,264.87,56.39
19028,treatment,tablet,0,158.85,80.68
6584,treatment,desktop,0,227.97,86.6
2437,treatment,desktop,0,168.71,191.98
17291,treatment,mobile,0,241.76,82.86
17119,treatment,mobile,0,225.38,54.75
4388,treatment,desktop,0,179.84,39.16
2399,treatment,desktop,0,227.45,31.06
11478,control,mobile,0,219.67,33.82
13852,control,mobile,0,192.65,31.32
9316,control,mobile,0,262.95,28.2
11703,control,mobile,1,219.55,65.18
8513,control,mobile,0,207.23,76.98
9329,control,mobile,0,187.25,42.09
2086,treatment,desktop,0,257.01,37.48
4285,treatment,desktop,0,261.97,44.76
14846,control,mobile,0,252.56,37.69
16523,treatment,mobile,0,250.57,14.74
12877,control,mobile,0,221.76,86.26
10696,control,mobile,0,151.99,31.36
17076,treatment,mobile,0,257.98,68.94
7543,treatment,desktop,0,219.31,29.98
7479,treatment,desktop,0,206.59,50.58
11266,control,mobile,0,174.79,64.61
7124,treatment,desktop,0,202.92,54.95
12390,control,mobile,0,224.42,72.69
11769,control,mobile,0,220.89,56.9
3430,treatment,desktop,1,233.57,64.92
2651,treatment,desktop,0,199.24,87.38
10739,control,mobile,0,215.73,81.52
13068,control,mobile,1,153.38,25.89
13272,control,mobile,0,172.51,107.3
5577,treatment,desktop,0,250.65,41.7
16197,treatment,mobile,0,240.46,128.3
12956,control,mobile,0,198.88,25.99
19463,treatment,tablet,0,214.62,36.94
13863,control,mobile,0,186.27,84.07
19404,treatment,tablet,0,260.43,50.52
1882,treatment,desktop,0,213.31,18.28
12537,control,mobile,0,263.47,27.69
5264,treatment,desktop,0,217.09,50.67
17652,control,tablet,0,219.23,71.78
12288,control,mobile,1,228.62,23.52
17740,control,tablet,0,179.95,24.86
4610,treatment,desktop,0,184.67,72.22
16243,treatment,mobile,0,200.23,42.21
4910,treatment,desktop,0,274.04,85.97
6705,treatment,desktop,1,206.79,95.14
13385,control,mobile,0,246.62,44.76
5267,treatment,desktop,1,222.39,23.39
11480,control,mobile,0,227.33,45.65
15832,treatment,mobile,0,223.93,53.15
16760,treatment,mobile,1,250.68,46.65
116,control,desktop,0,208.92,49.86
238,control,desktop,0,211.45,57.72
19735,treatment,tablet,0,185.98,35.86
2332,treatment,desktop,0,156.93,32.65
375,control,desktop,1,261.54,21.91
41,control,desktop,0,231.45,21.48
16046,treatment,mobile,0,175.97,26.07
5329,treatment,desktop,0,284.1,36.78
9841,control,mobile,0,211.19,82.48
19285,treatment,tablet,0,236.21,32.14
681,control,desktop,0,287.21,31.95
5986,treatment,desktop,0,220.61,21.04
11943,control,mobile,0,235.77,41.41
14547,control,mobile,0,174.78,52.68
10156,control,mobile,0,195.49,123.07
10458,control,mobile,0,210.73,30.63
9680,control,mobile,0,234.47,72.22
7336,treatment,desktop,0,289.61,142.95
7102,treatment,desktop,0,225.22,50.81
18859,control,tablet,0,203.97,24.77
3624,treatment,desktop,0,246.0,25.04
10246,control,mobile,1,179.89,67.35
1191,control,desktop,0,222.31,32.01
11486,control,mobile,0,160.36,16.73
3399,treatment,desktop,0,203.76,53.58
12764,control,mobile,1,178.56,116.61
18894,control,tablet,0,247.75,57.34
18529,control,tablet,0,249.88,25.3
10188,control,mobile,0,223.32,37.23
4655,treatment,desktop,0,290.37,76.18
7149,treatment,desktop,0,249.06,36.82
5381,treatment,desktop,0,234.36,56.6
1980,treatment,desktop,0,262.01,67.18
17110,treatment,mobile,0,191.97,24.84
3165,treatment,desktop,0,214.71,113.32
3348,treatment,desktop,0,245.14,45.38
1007,control,desktop,0,216.9,37.1
13259,control,mobile,0,271.76,139.42
10518,control,mobile,0,220.7,78.41
12259,control,mobile,0,259.99,62.16
16809,treatment,mobile,0,215.72,59.42
6662,treatment,desktop,0,173.43,30.47
3999,treatment,desktop,0,238.02,64.42
4848,treatment,desktop,0,195.65,71.23
2341,treatment,desktop,1,225.49,34.28
19041,treatment,tablet,0,221.45,18.94
2759,treatment,desktop,1,261.12,55.53
2452,treatment,desktop,0,288.29,36.67
7522,treatment,desktop,0,192.43,53.61
18266,control,tablet,0,213.28,60.52
6829,treatment,desktop,0,244.23,30.68
6881,treatment,desktop,0,284.81,72.16
10001,control,mobile,0,228.73,36.93
15108,treatment,mobile,0,211.46,35.34
31,control,desktop,0,190.32,58.34
4723,treatment,desktop,1,189.07,59.44
5586,treatment,desktop,1,190.63,37.56
1243,treatment,desktop,0,253.2,29.68
5444,treatment,desktop,0,171.48,42.88
3826,treatment,desktop,1,245.83,51.13
15256,treatment,mobile,0,189.24,30.83
3760,treatment,desktop,1,224.46,82.64
15877,treatment,mobile,0,186.72,48.16
14587,control,mobile,0,199.96,14.55
14147,control,mobile,0,206.25,33.52
5183,treatment,desktop,0,225.81,73.07
19509,treatment,tablet,0,241.01,95.77
1173,control,desktop,0,255.34,34.51
17423,treatment,mobile,0,237.53,41.53
11530,control,mobile,0,250.66,60.62
13407,control,mobile,0,260.22,85.58
11612,control,mobile,1,223.29,63.59
13448,control,mobile,0,205.21,60.01
7037,treatment,desktop,0,217.14,44.92
9401,control,mobile,0,179.31,142.57
17102,treatment,mobile,0,249.82,63.58
15989,treatment,mobile,1,129.62,26.85
17165,treatment,mobile,0,226.44,40.95
8071,treatment,desktop,0,234.96,38.13
8300,control,mobile,0,237.76,76.6
9594,control,mobile,0,231.38,97.58
12330,control,mobile,0,213.1,33.36
1205,treatment,desktop,0,274.21,29.2
19832,treatment,tablet,0,280.28,55.38
11341,control,mobile,0,245.06,46.54
15600,treatment,mobile,0,222.24,35.38
18077,control,tablet,0,219.0,107.12
18283,control,tablet,0,167.22,64.46
9889,control,mobile,0,231.5,52.28
9655,control,mobile,0,269.85,46.81
6727,treatment,desktop,0,220.25,98.33
18258,control,tablet,0,195.51,67.04
9618,control,mobile,0,230.12,41.23
18772,control,tablet,0,235.07,56.15
3604,treatment,desktop,1,250.94,72.42
8185,treatment,desktop,0,227.93,52.59
18871,control,tablet,0,211.37,39.38
2036,treatment,desktop,0,182.34,60.53
10940,control,mobile,0,205.08,4843.75
1921,treatment,desktop,0,248.8,36.6
8761,control,mobile,0,227.2,37.54
17163,treatment,mobile,0,240.77,98.53
6084,treatment,desktop,0,205.2,63.38
12580,control,mobile,0,233.32,104.68
7528,treatment,desktop,0,271.35,54.31
19666,treatment,tablet,0,309.8,100.64
14886,control,mobile,0,148.29,62.06
19802,treatment,tablet,0,220.77,90.1
4065,treatment,desktop,0,199.52,36.08
30,control,desktop,0,247.87,35.16
17366,treatment,mobile,0,200.37,43.91
815,control,desktop,0,249.76,12.85
4173,treatment,desktop,0,197.11,39.5
15578,treatment,mobile,0,187.51,67.53
8862,control,mobile,0,222.51,59.66
8789,control,mobile,0,227.42,54.99
18766,control,tablet,0,159.07,41.3
2739,treatment,desktop,0,159.17,81.14
4452,treatment,desktop,0,269.31,30.72
19098,treatment,tablet,0,228.79,87.65
934,control,desktop,1,231.42,43.0
10909,control,mobile,0,233.8,48.18
15690,treatment,mobile,0,213.29,43.3
13373,control,mobile,0,240.57,73.26
8998,control,mobile,0,263.43,43.48
14556,control,mobile,0,229.99,101.56
2721,treatment,desktop,0,190.11,52.66
17631,control,tablet,0,192.95,64.5
17060,treatment,mobile,0,247.35,39.07
4,control,desktop,0,185.55,30.45
12318,control,mobile,0,294.5,66.72
11302,control,mobile,0,253.67,56.78
13014,control,mobile,0,235.59,78.71
2695,treatment,desktop,0,276.89,89.24
8536,control,mobile,0,264.99,65.77
4583,treatment,desktop,0,207.29,30.66
13966,control,mobile,0,195.85,84.32
11283,control,mobile,0,284.68,64.94
8599,control,mobile,0,175.11,41.56
12375,control,mobile,0,244.31,62.9
1211,treatment,desktop,0,248.76,18.98
12041,control,mobile,0,225.74,110.38
732,control,desktop,1,222.75,33.65
5613,treatment,desktop,0,158.25,62.56
14815,control,mobile,0,225.52,75.41
5461,treatment,desktop,1,183.76,30.47
5036,treatment,desktop,0,259.06,27.14
18583,control,tablet,0,194.16,25.59
2349,treatment,desktop,0,253.91,59.69
5792,treatment,desktop,0,162.09,31.14
326,control,desktop,0,236.99,60.62
4864,treatment,desktop,0,224.56,46.49
15941,treatment,mobile,0,255.21,43.18
18428,control,tablet,0,239.28,97.44
3311,treatment,desktop,0,223.82,55.25
14611,control,mobile,1,168.65,116.53
14922,control,mobile,0,229.58,78.91
2816,treatment,desktop,1,210.15,40.65
4380,treatment,desktop,0,282.93,35.35
8462,control,mobile,0,233.04,69.76
11952,control,mobile,0,223.51,45.57
9517,control,mobile,0,208.31,34.71
8269,control,mobile,0,128.64,65.37
13520,control,mobile,0,194.94,50.06
2097,treatment,desktop,0,224.63,57.03
14716,control,mobile,0,237.49,65.09
5728,treatment,desktop,0,285.97,56.95
9005,control,mobile,0,166.32,42.87
6219,treatment,desktop,0,220.38,39.42
2652,treatment,desktop,0,209.19,103.75
10201,control,mobile,0,171.43,77.4
15523,treatment,mobile,0,217.29,25.57
6832,treatment,desktop,0,218.69,52.08
18083,control,tablet,0,175.19,71.73
1363,treatment,desktop,0,253.8,89.07
12166,control,mobile,0,172.37,56.67
419,control,desktop,0,182.36,81.3
6442,treatment,desktop,0,225.41,68.8
2924,treatment,desktop,0,211.35,51.62
14005,control,mobile,0,204.82,75.73
8234,control,mobile,0,206.31,40.48
1017,control,desktop,0,249.04,14.27
8427,control,mobile,0,211.04,43.65
3490,treatment,desktop,0,191.64,103.21
19318,treatment,tablet,0,224.67,47.44
10286,control,mobile,0,198.36,29.75
5428,treatment,desktop,0,219.63,41.9
8815,control,mobile,0,247.1,35.42
16928,treatment,mobile,0,226.19,37.78
8060,treatment,desktop,0,236.03,102.96
1187,control,desktop,0,254.4,12.13
2199,treatment,desktop,0,221.61,102.43
261,control,desktop,0,171.58,32.33
19650,treatment,tablet,0,269.92,33.94
11544,control,mobile,0,229.26,61.06
15103,treatment,mobile,0,202.98,31.17
10851,control,mobile,0,254.68,161.77
2052,treatment,desktop,1,210.25,42.8
7746,treatment,desktop,0,211.5,39.48
9764,control,mobile,0,240.86,72.07
7464,treatment,desktop,0,204.22,43.12
7619,treatment,desktop,1,182.04,73.99
7324,treatment,desktop,0,234.54,45.21
9864,control,mobile,0,241.15,28.13
18636,control,tablet,0,277.29,35.35
12434,control,mobile,0,235.18,19.19
18826,control,tablet,0,234.24,69.18
12303,control,mobile,0,207.69,60.25
17858,control,tablet,0,210.86,73.63
698,control,desktop,0,261.49,35.42
10454,control,mobile,0,209.52,20.59
13636,control,mobile,0,184.31,55.3
5492,treatment,desktop,0,212.76,42.75
112,control,desktop,0,215.19,50.41
12775,control,mobile,0,240.22,61.85
13087,control,mobile,0,249.69,38.57
19382,treatment,tablet,0,205.21,52.6
311,control,desktop,0,217.55,61.14
12536,control,mobile,0,265.95,35.11
7112,treatment,desktop,0,214.63,27.08
11396,control,mobile,0,199.79,43.4
6382,treatment,desktop,0,256.94,42.91
832,control,desktop,0,183.94,58.93
8742,control,mobile,0,223.5,55.78
477,control,desktop,0,251.38,39.56
16894,treatment,mobile,0,223.23,76.37
14386,control,mobile,0,198.98,13.93
1130,control,desktop,0,181.3,29.5
10269,control,mobile,0,240.83,35.17
11191,control,mobile,0,259.5,59.02
1001,control,desktop,0,284.59,112.94
12356,control,mobile,0,203.56,57.97
12566,control,mobile,0,222.97,29.25
6335,treatment,desktop,0,238.5,36.98
10602,control,mobile,0,209.87,105.87
2831,treatment,desktop,0,245.01,81.97
4413,treatment,desktop,0,211.42,45.14
707,control,desktop,1,232.49,21.67
4166,treatment,desktop,0,174.51,95.56
10912,control,mobile,0,253.05,323.44
10137,control,mobile,0,179.4,33.62
78,control,desktop,0,251.29,77.86
2375,treatment,desktop,0,210.96,42.34
7091,treatment,desktop,0,230.18,81.94
1494,treatment,desktop,0,226.91,74.31
4704,treatment,desktop,0,197.29,50.58
13986,control,mobile,0,237.16,70.64
15477,treatment,mobile,0,210.22,42.55
16137,treatment,mobile,0,205.97,65.54
13414,control,mobile,1,243.1,44.04
679,control,desktop,0,211.72,47.67
7643,treatment,desktop,0,191.28,167.03
13860,control,mobile,0,265.87,52.72
5256,treatment,desktop,1,210.0,76.73
12558,control,mobile,0,217.89,40.23
13574,control,mobile,0,181.3,52.06
18359,control,tablet,0,179.28,82.85
358,control,desktop,0,233.95,31.01
8879,control,mobile,1,225.99,33.04
458,control,desktop,0,217.33,51.17
9848,control,mobile,0,199.51,91.82
6257,treatment,desktop,0,205.37,89.78
242,control,desktop,0,215.23,64.58
9839,control,mobile,0,221.95,29.95
1330,treatment,desktop,1,254.67,64.97
16544,treatment,mobile,0,225.69,27.82
14700,control,mobile,0,224.55,26.01
877,control,desktop,0,228.08,48.3
17860,control,tablet,0,199.28,56.46
1383,treatment,desktop,0,264.71,27.0
8972,control,mobile,0,191.06,43.87
7383,treatment,desktop,0,281.0,33.52
1847,treatment,desktop,1,216.23,53.28
13377,control,mobile,1,199.18,99.92
10697,control,mobile,0,235.11,37.53
13826,control,mobile,0,271.96,48.19
18341,control,tablet,0,214.67,68.13
1461,treatment,desktop,0,268.99,56.45
19896,treatment,tablet,0,277.78,23.96
13725,control,mobile,0,228.95,48.58
18158,control,tablet,1,202.16,75.34
7121,treatment,desktop,0,234.6,54.62
16433,treatment,mobile,0,280.19,81.99
19229,treatment,tablet,0,202.96,32.53
16663,treatment,mobile,0,212.12,63.73
13419,control,mobile,0,178.12,65.99
9812,control,mobile,0,240.64,26.27
13125,control,mobile,0,248.51,44.44
10891,control,mobile,0,284.29,48.89
6246,treatment,desktop,0,252.59,30.82
7995,treatment,desktop,0,239.81,64.66
17254,treatment,mobile,0,252.8,50.8
5022,treatment,desktop,0,240.81,29.4
13594,control,mobile,0,201.1,39.67
11089,control,mobile,0,300.83,57.46
15197,treatment,mobile,0,237.59,59.73
8463,control,mobile,0,213.86,23.38
13410,control,mobile,0,245.19,92.73
6952,treatment,desktop,0,247.36,52.34
18116,control,tablet,0,230.75,91.12
7799,treatment,desktop,0,234.54,98.56
4500,treatment,desktop,0,225.12,53.86
544,control,desktop,0,184.37,41.92
13517,control,mobile,0,198.48,33.9
8651,control,mobile,0,188.29,36.66
15585,treatment,mobile,0,215.27,112.74
14074,control,mobile,0,218.61,31.56
16125,treatment,mobile,0,279.71,93.97
9489,control,mobile,0,254.1,73.61
2770,treatment,desktop,0,183.83,18.1
11498,control,mobile,0,205.77,30.8
19065,treatment,tablet,0,247.6,101.67
11207,control,mobile,0,180.32,60.28
3933,treatment,desktop,1,202.31,77.85
13208,control,mobile,0,202.08,56.66
2678,treatment,desktop,1,224.29,68.16
15068,control,mobile,0,238.72,24.98
9185,control,mobile,0,192.46,74.7
14894,control,mobile,0,186.45,40.5
11347,control,mobile,0,174.03,25.31
14667,control,mobile,0,206.31,39.14
11633,control,mobile,0,217.37,50.3
15426,treatment,mobile,0,173.75,42.1
18817,control,tablet,0,217.23,41.78
128,control,desktop,0,178.79,66.88
7140,treatment,desktop,1,220.43,50.33
15567,treatment,mobile,0,299.96,67.2
19820,treatment,tablet,0,273.17,81.58
14318,control,mobile,0,198.15,73.99
1084,control,desktop,0,304.49,26.91
15887,treatment,mobile,0,237.29,38.28
14401,control,mobile,0,202.96,69.88
19916,treatment,tablet,1,194.1,36.68
6892,treatment,desktop,0,183.74,40.41
18280,control,tablet,0,219.82,22.8
17391,treatment,mobile,0,208.53,32.63
13342,control,mobile,1,213.93,44.99
10980,control,mobile,0,242.29,77.13
8829,control,mobile,0,195.73,87.66
554,control,desktop,1,257.57,3436.88
6213,treatment,desktop,0,228.4,20.5
12842,control,mobile,0,232.78,91.76
13190,control,mobile,0,212.46,28.53
739,control,desktop,0,205.71,30.51
1004,control,desktop,1,167.71,101.13
3686,treatment,desktop,0,222.55,33.39
1865,treatment,desktop,1,229.5,50.67
5696,treatment,desktop,0,172.94,59.93
12673,control,mobile,0,225.25,53.18
471,control,desktop,1,263.97,25.0
9902,control,mobile,0,253.84,71.97
14154,control,mobile,0,216.78,28.07
6207,treatment,desktop,1,242.55,44.3
6939,treatment,desktop,0,194.22,20.07
15531,treatment,mobile,0,255.28,33.84
15102,treatment,mobile,0,220.15,55.02
8992,control,mobile,0,271.32,75.53
18627,control,tablet,0,239.88,27.62
18787,control,tablet,0,261.83,143.57
11828,control,mobile,0,237.41,38.63
18816,control,tablet,0,168.86,56.03
16975,treatment,mobile,0,265.36,33.41
5927,treatment,desktop,0,222.31,41.61
3201,treatment,desktop,0,216.34,53.65
7972,treatment,desktop,0,218.21,30.27
17971,control,tablet,0,203.92,33.81
18782,control,tablet,0,171.5,53.76
4444,treatment,desktop,0,213.02,53.63
9858,control,mobile,0,215.07,22.37
15935,treatment,mobile,0,188.85,71.17
4554,treatment,desktop,1,181.96,57.37
13850,control,mobile,0,177.79,85.5
2440,treatment,desktop,0,254.62,49.2
11934,control,mobile,1,200.7,47.34
18841,control,tablet,0,224.33,40.03
15177,treatment,mobile,0,178.58,71.64
4319,treatment,desktop,0,209.01,71.57
10195,control,mobile,0,190.56,32.1
18727,control,tablet,0,207.08,110.1
10369,control,mobile,0,201.31,71.46
16566,treatment,mobile,0,196.22,26.55
19323,treatment,tablet,0,206.51,50.41
4542,treatment,desktop,0,258.83,51.74
16302,treatment,mobile,0,224.46,42.21
1229,treatment,desktop,0,192.18,62.31
2896,treatment,desktop,0,166.88,65.43
18390,control,tablet,0,229.3,63.34
2389,treatment,desktop,1,176.44,23.05
15800,treatment,mobile,0,203.18,55.19
7359,treatment,desktop,0,223.35,27.46
7392,treatment,desktop,0,208.19,27.41
9479,control,mobile,0,202.83,57.44
2042,treatment,desktop,0,231.31,133.86
19305,treatment,tablet,0,203.7,30.48
14565,control,mobile,0,207.06,30.89
7104,treatment,desktop,1,254.46,19.03
12414,control,mobile,0,214.58,57.75
4832,treatment,desktop,0,219.63,37.91
10121,control,mobile,0,214.51,43.38
3824,treatment,desktop,0,220.37,41.93
11929,control,mobile,0,196.85,27.92
2409,treatment,desktop,0,221.73,36.11
16782,treatment,mobile,0,246.81,43.11
10067,control,mobile,0,191.88,35.29
17546,control,tablet,0,206.02,4044.74
2477,treatment,desktop,0,198.12,84.82
16022,treatment,mobile,0,187.44,23.86
10492,control,mobile,0,203.91,47.5
15342,treatment,mobile,0,213.0,26.21
3788,treatment,desktop,0,222.51,52.87
5634,treatment,desktop,1,197.79,126.63
3701,treatment,desktop,1,223.26,124.05
4071,treatment,desktop,0,205.03,74.9
9730,control,mobile,0,200.56,35.12
19617,treatment,tablet,0,194.15,55.91
13503,control,mobile,0,215.02,64.03
1141,control,desktop,0,246.62,40.08
1412,treatment,desktop,0,198.73,53.34
5715,treatment,desktop,0,185.93,20.28
2756,treatment,desktop,0,208.15,53.21
14449,control,mobile,0,258.36,36.49
7079,treatment,desktop,0,230.95,62.95
5216,treatment,desktop,1,242.72,55.85
11515,control,mobile,0,258.09,27.53
12882,control,mobile,0,190.75,5979.71
15732,treatment,mobile,0,234.45,33.56
4252,treatment,desktop,0,239.51,45.36
14466,control,mobile,0,254.76,82.07
9065,control,mobile,0,174.95,46.71
10898,control,mobile,0,257.74,22.26
15035,control,mobile,0,181.53,50.72
19902,treatment,tablet,0,236.45,36.65
14622,control,mobile,0,237.53,74.09
10686,control,mobile,0,199.66,34.83
9772,control,mobile,0,232.85,99.11
17272,treatment,mobile,0,218.72,41.33
8151,treatment,desktop,0,199.96,22.88
7168,treatment,desktop,0,214.82,55.7
12153,control,mobile,0,214.88,44.33
10248,control,mobile,0,207.43,49.84
19919,treatment,tablet,0,195.54,28.47
5059,treatment,desktop,0,241.65,49.96
16971,treatment,mobile,0,202.66,42.07
10139,control,mobile,0,208.96,48.74
14790,control,mobile,0,205.39,22.05
11584,control,mobile,0,213.43,87.11
239,control,desktop,0,213.72,43.55
16326,treatment,mobile,0,212.62,59.18
6148,treatment,desktop,0,196.99,46.48
3333,treatment,desktop,0,196.14,33.71
18300,control,tablet,0,158.7,92.59
18111,control,tablet,0,226.12,56.24
19147,treatment,tablet,0,282.63,48.93
7675,treatment,desktop,0,223.02,12.72
7899,treatment,desktop,1,261.06,46.6
13746,control,mobile,0,248.3,107.74
12199,control,mobile,0,226.93,71.42
3718,treatment,desktop,0,178.9,29.23
6218,treatment,desktop,0,271.54,42.09
16303,treatment,mobile,0,183.49,42.37
13728,control,mobile,1,211.42,69.39
6957,treatment,desktop,1,245.05,60.75
19895,treatment,tablet,0,194.86,217.53
4961,treatment,desktop,1,234.5,29.98
5050,treatment,desktop,1,232.65,21.95
3361,treatment,desktop,0,216.51,65.99
6961,treatment,desktop,0,231.02,48.99
3900,treatment,desktop,1,232.56,30.24
5823,treatment,desktop,0,245.09,21.06
6726,treatment,desktop,0,222.5,73.2
3548,treatment,desktop,0,215.54,52.23
17321,treatment,mobile,0,196.46,21.7
18869,control,tablet,1,182.42,60.27
14609,control,mobile,0,272.27,223.49
17775,control,tablet,0,268.73,50.57
10172,control,mobile,0,205.62,16.11
8074,treatment,desktop,0,212.7,34.31
2272,treatment,desktop,1,244.11,77.23
9460,control,mobile,0,190.41,42.27
1736,treatment,desktop,0,161.76,51.36
834,control,desktop,0,229.31,45.24
17654,control,tablet,0,219.59,38.04
10500,control,mobile,0,148.05,34.97
9115,control,mobile,0,254.3,56.9
1259,treatment,desktop,0,210.41,34.66
12428,control,mobile,1,192.3,27.36
19002,treatment,tablet,0,201.17,68.49
6321,treatment,desktop,0,225.1,42.96
10211,control,mobile,0,222.48,34.89
16740,treatment,mobile,0,205.42,94.53
4813,treatment,desktop,0,236.46,37.96
7205,treatment,desktop,0,255.58,46.88
12372,control,mobile,0,208.62,71.58
12573,control,mobile,0,213.93,27.08
3477,treatment,desktop,0,206.01,72.68
10410,control,mobile,0,206.74,35.38
2893,treatment,desktop,0,227.93,32.24
17001,treatment,mobile,0,214.79,65.04
3978,treatment,desktop,0,209.72,87.07
9131,control,mobile,0,218.3,26.29
19604,treatment,tablet,1,252.56,45.22
17290,treatment,mobile,0,275.66,52.75
14483,control,mobile,0,255.54,40.29
6812,treatment,desktop,0,210.52,38.8
19830,treatment,tablet,0,227.16,60.59
17152,treatment,mobile,0,205.66,22.2
6049,treatment,desktop,0,229.91,40.15
10411,control,mobile,0,193.03,56.8
15132,treatment,mobile,0,263.15,70.43
13057,control,mobile,0,239.72,50.8
14664,control,mobile,0,165.76,52.56
8949,control,mobile,0,251.84,59.45
13492,control,mobile,0,229.8,47.95
17123,treatment,mobile,0,197.15,34.38
18406,control,tablet,0,216.7,40.71
12832,control,mobile,0,232.12,96.13
13165,control,mobile,0,215.27,58.03
19192,treatment,tablet,0,171.63,18.46
14373,control,mobile,0,260.38,71.3
8124,treatment,desktop,0,275.61,42.53
9093,control,mobile,0,221.53,26.81
7117,treatment,desktop,0,229.55,33.6
17164,treatment,mobile,0,188.26,67.01
7452,treatment,desktop,1,248.58,39.14
8597,control,mobile,1,235.32,68.77
15278,treatment,mobile,0,207.74,20.29
11826,control,mobile,0,214.49,25.15
3453,treatment,desktop,0,237.75,67.56
10324,control,mobile,0,195.12,34.45
2136,treatment,desktop,1,134.17,52.03
15689,treatment,mobile,0,159.49,74.3
11795,control,mobile,0,245.79,75.55
19834,treatment,tablet,0,274.56,49.44
12337,control,mobile,0,182.59,27.71
2096,treatment,desktop,1,201.58,24.32
4235,treatment,desktop,0,214.18,31.04
9872,control,mobile,0,228.66,32.72
2790,treatment,desktop,0,253.73,98.52
13882,control,mobile,0,211.59,35.33
274,control,desktop,1,179.98,27.79
17541,control,tablet,0,212.46,82.11
11517,control,mobile,0,217.13,29.11
9826,control,mobile,0,166.45,60.71
5489,treatment,desktop,0,184.83,51.85
18023,control,tablet,0,241.91,48.84
7022,treatment,desktop,0,198.52,34.69
4374,treatment,desktop,0,204.65,23.39
15981,treatment,mobile,0,221.67,54.69
8878,control,mobile,0,205.93,21.23
13902,control,mobile,0,187.02,52.66
10292,control,mobile,0,222.98,79.69
18482,control,tablet,0,224.19,37.73
3645,treatment,desktop,0,269.24,57.72
240,control,desktop,0,200.51,56.53
9274,control,mobile,0,236.05,22.08
15785,treatment,mobile,0,228.89,35.01
13655,control,mobile,0,232.09,39.79
9790,control,mobile,0,273.94,34.77
693,control,desktop,1,206.76,186.12
215,control,desktop,0,293.76,24.71
8915,control,mobile,0,194.89,40.52
2229,treatment,desktop,0,261.82,108.09
6058,treatment,desktop,0,235.92,99.95
16901,treatment,mobile,0,206.85,42.14
2821,treatment,desktop,0,193.46,24.51
8486,control,mobile,0,191.11,79.66
19694,treatment,tablet,0,194.09,32.11
14139,control,mobile,0,231.18,81.43
18940,control,tablet,0,200.59,57.17
10301,control,mobile,0,202.95,130.93
11508,control,mobile,0,217.55,43.25
4618,treatment,desktop,1,222.65,65.01
8189,treatment,desktop,0,198.99,44.82
1023,control,desktop,0,241.47,53.44
1945,treatment,desktop,0,148.86,35.68
9255,control,mobile,0,189.1,81.94
1181,control,desktop,0,176.92,81.23
3859,treatment,desktop,0,200.03,37.3
13331,control,mobile,0,191.93,37.43
10148,control,mobile,0,266.74,103.47
9798,control,mobile,0,222.73,65.31
16670,treatment,mobile,0,209.54,101.24
219,control,desktop,0,290.32,89.81
10459,control,mobile,1,153.82,35.12
14231,control,mobile,0,203.62,20.58
8415,control,mobile,0,259.26,23.94
8584,control,mobile,0,215.39,128.23
3919,treatment,desktop,0,194.24,30.38
3450,treatment,desktop,0,197.32,66.06
17398,treatment,mobile,0,189.66,119.93
17472,treatment,mobile,0,186.62,39.74
19661,treatment,tablet,0,260.4,27.77
14209,control,mobile,1,220.48,46.32
1407,treatment,desktop,0,165.97,25.87
11746,control,mobile,0,181.58,33.78
1630,treatment,desktop,0,230.27,123.51
4033,treatment,desktop,0,188.66,34.19
9468,control,mobile,0,231.27,53.34
2520,treatment,desktop,0,220.98,82.91
17310,treatment,mobile,0,161.14,90.05
4580,treatment,desktop,1,206.34,109.95
17195,treatment,mobile,0,202.48,50.11
16867,treatment,mobile,0,159.94,41.13
130,control,desktop,0,238.37,52.84
3564,treatment,desktop,0,204.16,30.78
5544,treatment,desktop,0,254.35,39.79
16761,treatment,mobile,0,191.15,48.06
3506,treatment,desktop,1,224.23,72.51
2202,treatment,desktop,0,210.43,57.55
3493,treatment,desktop,0,200.2,50.4
18349,control,tablet,0,264.74,49.8
16320,treatment,mobile,0,254.95,65.65
2686,treatment,desktop,0,241.27,47.19
15898,treatment,mobile,0,238.04,98.47
5698,treatment,desktop,0,220.15,24.64
5038,treatment,desktop,0,231.34,54.2
9534,control,mobile,0,249.18,57.75
19472,treatment,tablet,0,193.69,32.56
10279,control,mobile,0,248.83,66.03
4746,treatment,desktop,0,193.86,103.1
16078,treatment,mobile,0,224.84,56.9
11543,control,mobile,0,222.37,68.98
6523,treatment,desktop,0,227.3,78.99
2209,treatment,desktop,0,247.45,83.1
3305,treatment,desktop,0,250.25,60.34
5995,treatment,desktop,0,163.31,24.81
1621,treatment,desktop,0,250.95,46.37
1527,treatment,desktop,1,251.24,36.29
361,control,desktop,1,207.06,108.21
15170,treatment,mobile,0,258.34,65.61
316,control,desktop,1,201.86,11.46
4335,treatment,desktop,0,215.04,44.39
13682,control,mobile,0,242.03,48.06
13443,control,mobile,0,207.6,52.69
10691,control,mobile,0,217.57,121.03
10204,control,mobile,0,257.08,18.42
1184,control,desktop,0,223.4,98.12
19838,treatment,tablet,0,237.95,17.39
3324,treatment,desktop,0,188.14,17.84
14069,control,mobile,0,242.32,70.73
17706,control,tablet,0,210.31,86.68
17078,treatment,mobile,0,170.46,34.31
13776,control,mobile,0,244.24,99.39
3931,treatment,desktop,1,214.56,64.12
15092,control,mobile,0,281.15,21.94
13361,control,mobile,0,246.16,87.81
15325,treatment,mobile,0,212.42,59.29
13040,control,mobile,0,210.98,21.95
4743,treatment,desktop,0,198.65,52.77
19524,treatment,tablet,0,286.17,28.78
15159,treatment,mobile,0,196.08,61.84
16259,treatment,mobile,0,233.58,46.35
13579,control,mobile,0,191.82,67.73
19248,treatment,tablet,0,226.65,25.1
15739,treatment,mobile,0,235.46,75.59
1835,treatment,desktop,0,235.27,31.57
3894,treatment,desktop,0,191.9,101.01
6632,treatment,desktop,0,214.58,44.17
8403,control,mobile,0,185.31,59.77
14671,control,mobile,0,253.22,78.34
19393,treatment,tablet,0,201.88,119.98
19033,treatment,tablet,0,230.75,52.2
3505,treatment,desktop,0,252.12,117.75
12659,control,mobile,0,242.86,43.08
10651,control,mobile,0,194.55,23.37
4181,treatment,desktop,0,232.81,104.09
11598,control,mobile,0,198.69,26.43
3030,treatment,desktop,0,261.31,36.77
11981,control,mobile,1,225.81,28.31
3403,treatment,desktop,0,188.89,14.65
15087,control,mobile,0,197.61,126.43
11376,control,mobile,0,223.46,44.43
6955,treatment,desktop,1,272.54,71.39
13534,control,mobile,0,231.58,48.1
19889,treatment,tablet,0,242.77,7.68
14049,control,mobile,0,275.74,46.49
12892,control,mobile,0,174.55,40.13
8395,control,mobile,0,240.41,50.73
2611,treatment,desktop,0,180.32,63.2
11801,control,mobile,0,216.65,33.03
13766,control,mobile,0,248.33,53.98
6431,treatment,desktop,0,165.78,69.02
17705,control,tablet,1,194.02,39.79
11166,control,mobile,0,194.46,60.59
15226,treatment,mobile,0,204.93,49.2
6839,treatment,desktop,1,238.52,41.72
13657,control,mobile,0,254.4,70.43
14558,control,mobile,0,210.39,66.44
19441,treatment,tablet,0,224.4,59.56
4765,treatment,desktop,0,238.98,53.77
2671,treatment,desktop,0,217.67,19.04
16343,treatment,mobile,0,241.33,54.19
1028,control,desktop,0,228.71,32.5
19368,treatment,tablet,0,221.43,74.8
7691,treatment,desktop,0,197.19,69.9
1954,treatment,desktop,1,197.1,19.62
2434,treatment,desktop,0,189.74,47.0
18161,control,tablet,0,214.29,39.84
10309,control,mobile,0,175.19,129.04
12922,control,mobile,1,163.26,38.67
18061,control,tablet,0,210.08,80.42
5864,treatment,desktop,0,271.78,110.34
8566,control,mobile,0,238.55,110.68
15482,treatment,mobile,0,205.45,121.34
865,control,desktop,0,224.2,38.55
19885,treatment,tablet,1,194.99,106.11
14190,control,mobile,0,205.02,39.45
9781,control,mobile,0,184.43,35.3
9252,control,mobile,0,193.48,65.12
19177,treatment,tablet,0,199.48,50.78
19858,treatment,tablet,0,161.95,81.69
19894,treatment,tablet,0,280.45,55.21
18495,control,tablet,1,252.0,24.7
16306,treatment,mobile,0,210.23,43.03
3001,treatment,desktop,0,169.92,46.55
13907,control,mobile,1,222.85,24.39
8596,control,mobile,0,212.8,106.58
10298,control,mobile,0,147.32,46.57
15499,treatment,mobile,0,217.66,52.03
11454,control,mobile,0,231.39,95.91
17623,control,tablet,0,252.99,33.62
11728,control,mobile,0,202.94,107.09
19127,treatment,tablet,0,195.8,40.24
14583,control,mobile,0,228.95,68.88
10206,control,mobile,0,206.75,61.34
7872,treatment,desktop,0,225.37,41.89
13496,control,mobile,0,192.72,42.94
2614,treatment,desktop,0,229.53,18.85
16387,treatment,mobile,0,237.16,21.69
3786,treatment,desktop,1,236.75,30.89
4495,treatment,desktop,0,236.5,39.28
11316,control,mobile,0,178.25,110.85
16172,treatment,mobile,0,235.37,29.82
9480,control,mobile,0,239.74,37.38
6136,treatment,desktop,0,244.73,51.07
4819,treatment,desktop,0,179.17,109.53
6314,treatment,desktop,0,153.02,29.36
8253,control,mobile,0,241.4,37.99
13468,control,mobile,0,205.14,71.2
1594,treatment,desktop,0,220.88,56.19
6942,treatment,desktop,0,235.99,87.19
5143,treatment,desktop,0,191.56,46.17
4867,treatment,desktop,0,239.74,47.19
18040,control,tablet,0,245.68,70.73
10100,control,mobile,0,208.99,25.95
11788,control,mobile,0,211.15,28.07
10952,control,mobile,0,218.78,62.23
3193,treatment,desktop,0,251.94,65.6
11035,control,mobile,0,190.12,59.35
10449,control,mobile,0,263.98,104.91
7534,treatment,desktop,0,253.44,44.36
5828,treatment,desktop,0,189.3,54.33
1090,control,desktop,0,195.39,45.49
12808,control,mobile,0,212.32,71.13
8982,control,mobile,0,186.62,93.62
6312,treatment,desktop,0,195.82,57.32
11326,control,mobile,0,241.6,90.32
7411,treatment,desktop,0,244.08,63.25
9737,control,mobile,0,307.7,20.84
5667,treatment,desktop,0,223.95,79.81
7062,treatment,desktop,0,190.3,53.13
818,control,desktop,0,214.59,159.29
14607,control,mobile,0,260.18,42.61
11739,control,mobile,0,246.9,90.15
4068,treatment,desktop,0,203.38,49.1
11760,control,mobile,0,212.17,17.44
11456,control,mobile,0,211.27,50.79
1512,treatment,desktop,1,210.11,51.7
1476,treatment,desktop,1,187.46,26.48
8838,control,mobile,1,242.58,113.51
12444,control,mobile,0,265.33,33.35
150,control,desktop,1,252.99,51.03
16219,treatment,mobile,1,237.26,30.01
1000,control,desktop,0,221.13,32.92
2251,treatment,desktop,1,214.25,27.42
18163,control,tablet,0,198.28,69.27
18806,control,tablet,0,194.73,22.34
2665,treatment,desktop,0,260.62,76.51
10640,control,mobile,0,161.06,35.56
4093,treatment,desktop,0,245.41,23.94
10930,control,mobile,0,245.98,55.68
8193,treatment,desktop,0,227.55,27.95
5550,treatment,desktop,0,162.69,50.3
16950,treatment,mobile,0,189.09,58.11
16942,treatment,mobile,0,242.28,42.69
9669,control,mobile,0,205.88,55.82
2731,treatment,desktop,1,241.47,41.36
3385,treatment,desktop,0,235.28,42.22
735,control,desktop,0,219.66,38.16
403,control,desktop,0,187.76,38.48
16808,treatment,mobile,0,247.1,39.97
17268,treatment,mobile,0,208.83,60.69
97,control,desktop,0,218.24,58.09
12599,control,mobile,0,222.22,41.04
4926,treatment,desktop,1,264.81,45.0
4283,treatment,desktop,0,212.82,31.73
12913,control,mobile,0,235.54,83.5
18214,control,tablet,0,231.95,44.55
12386,control,mobile,1,225.08,72.13
3743,treatment,desktop,0,253.09,43.18
18903,control,tablet,0,261.33,72.31
17461,treatment,mobile,0,224.33,35.78
2899,treatment,desktop,0,249.69,23.13
12027,control,mobile,0,269.83,35.55
7327,treatment,desktop,0,220.42,73.53
19670,treatment,tablet,0,199.12,28.89
2109,treatment,desktop,0,251.8,31.44
2944,treatment,desktop,0,222.64,40.78
741,control,desktop,0,241.09,45.2
14380,control,mobile,0,223.18,94.07
12887,control,mobile,0,207.26,22.75
18394,control,tablet,0,250.58,26.96
18000,control,tablet,0,226.72,36.99
18401,control,tablet,0,239.97,51.42
9137,control,mobile,0,178.03,62.18
3976,treatment,desktop,0,284.93,87.63
13147,control,mobile,0,231.88,79.38
17201,treatment,mobile,0,260.73,80.47
13958,control,mobile,0,220.92,70.78
4991,treatment,desktop,0,277.34,39.69
8842,control,mobile,0,115.71,46.68
10054,control,mobile,0,235.8,29.54
12114,control,mobile,0,232.33,35.6
7914,treatment,desktop,0,283.61,46.15
16166,treatment,mobile,0,254.57,36.59
11007,control,mobile,0,220.88,60.11
7730,treatment,desktop,0,202.83,20.59
3110,treatment,desktop,1,231.75,32.37
18010,control,tablet,0,244.86,63.54
5363,treatment,desktop,1,232.27,37.27
5426,treatment,desktop,0,201.16,40.27
11830,control,mobile,0,227.69,49.59
1632,treatment,desktop,0,212.03,46.09
16454,treatment,mobile,0,268.82,44.93
197,control,desktop,1,179.31,86.59
8229,control,mobile,0,233.58,53.02
3289,treatment,desktop,0,201.38,33.59
11149,control,mobile,0,259.49,27.8
2656,treatment,desktop,0,238.26,23.15
9061,control,mobile,0,189.55,59.22
6416,treatment,desktop,1,217.6,88.82
7805,treatment,desktop,0,268.76,63.05
2019,treatment,desktop,0,226.34,75.87
15916,treatment,mobile,0,158.12,31.92
11116,control,mobile,0,237.7,40.15
19532,treatment,tablet,0,250.39,28.8
3220,treatment,desktop,0,208.11,27.33
4441,treatment,desktop,0,235.44,48.29
191,control,desktop,0,214.26,77.27
943,control,desktop,0,228.29,43.1
9843,control,mobile,0,252.08,49.62
18073,control,tablet,0,219.76,57.33
4608,treatment,desktop,0,245.42,23.71
9578,control,mobile,0,222.88,38.77
16059,treatment,mobile,0,240.46,59.84
2906,treatment,desktop,0,208.94,64.2
8128,treatment,desktop,0,254.23,41.31
16479,treatment,mobile,0,258.18,50.05
4868,treatment,desktop,0,266.18,66.06
16232,treatment,mobile,0,172.86,64.82
5522,treatment,desktop,0,233.31,41.93
9754,control,mobile,0,177.78,36.82
12897,control,mobile,1,268.75,26.87
4631,treatment,desktop,0,183.15,21.62
9374,control,mobile,0,251.11,54.77
9416,control,mobile,0,207.2,75.39
1455,treatment,desktop,0,190.46,26.6
13466,control,mobile,0,231.42,80.06
2310,treatment,desktop,0,193.4,119.49
9741,control,mobile,0,245.69,80.73
15737,treatment,mobile,0,214.21,29.78
5352,treatment,desktop,0,202.85,46.25
8122,treatment,desktop,1,255.16,68.82
177,control,desktop,1,192.89,130.77
6933,treatment,desktop,1,218.36,29.22
3083,treatment,desktop,0,205.16,79.76
9964,control,mobile,0,227.26,41.24
4021,treatment,desktop,0,202.45,113.81
15100,control,mobile,0,259.83,67.66
9639,control,mobile,0,211.38,36.18
4946,treatment,desktop,1,197.9,75.36
464,control,desktop,0,270.33,82.84
7964,treatment,desktop,0,255.81,46.37
18046,control,tablet,0,226.46,35.42
1560,treatment,desktop,0,216.31,93.1
1280,treatment,desktop,0,199.49,40.69
5933,treatment,desktop,1,251.46,21.49
8919,control,mobile,0,242.88,67.48
17877,control,tablet,0,215.83,34.28
1390,treatment,desktop,0,195.74,51.91
2267,treatment,desktop,1,228.2,20.94
8835,control,mobile,0,215.04,92.94
5751,treatment,desktop,1,261.4,152.61
363,control,desktop,0,216.85,51.29
1303,treatment,desktop,0,165.85,52.8
8516,control,mobile,0,258.44,153.9
16709,treatment,mobile,0,244.55,34.12
217,control,desktop,0,271.34,48.72
17498,treatment,mobile,0,189.35,52.84
19734,treatment,tablet,0,181.98,121.51
10503,control,mobile,0,246.31,125.06
15520,treatment,mobile,0,211.01,54.06
2709,treatment,desktop,0,179.22,92.11
14903,control,mobile,0,241.73,24.69
8311,control,mobile,0,203.44,56.73
10986,control,mobile,0,207.56,20.48
616,control,desktop,0,178.25,39.34
15010,control,mobile,0,278.36,113.49
7558,treatment,desktop,0,222.24,39.91
18731,control,tablet,0,274.72,59.05
8445,control,mobile,0,202.62,58.38
14684,control,mobile,0,250.31,56.88
19562,treatment,tablet,0,240.27,53.73
9719,control,mobile,0,227.19,68.38
10699,control,mobile,0,226.73,37.34
106,control,desktop,0,266.83,101.34
16811,treatment,mobile,1,212.78,74.15
4582,treatment,desktop,0,201.83,37.73
15180,treatment,mobile,0,230.19,29.38
6696,treatment,desktop,1,221.36,64.92
413,control,desktop,1,199.8,54.63
3466,treatment,desktop,0,210.53,54.03
12657,control,mobile,0,268.08,45.21
7607,treatment,desktop,1,229.69,65.64
1740,treatment,desktop,0,165.39,75.74
999,control,desktop,1,179.59,37.73
975,control,desktop,0,244.4,63.09
3957,treatment,desktop,0,258.91,69.27
3545,treatment,desktop,0,189.24,59.78
14845,control,mobile,0,217.16,59.66
615,control,desktop,0,187.14,37.66
5655,treatment,desktop,0,151.18,35.17
11949,control,mobile,0,221.15,170.51
5464,treatment,desktop,0,219.95,24.54
3195,treatment,desktop,0,192.45,86.06
10221,control,mobile,0,167.08,24.94
3382,treatment,desktop,0,250.22,25.02
8103,treatment,desktop,0,182.18,17.56
4971,treatment,desktop,0,241.35,100.6
5958,treatment,desktop,0,169.54,14.98
19625,treatment,tablet,1,247.51,50.34
10864,control,mobile,0,280.11,24.84
17873,control,tablet,0,213.21,51.42
5631,treatment,desktop,0,215.61,39.64
15879,treatment,mobile,0,198.24,67.12
7862,treatment,desktop,0,161.65,49.99
13478,control,mobile,0,211.76,20.49
13645,control,mobile,0,259.8,20.98
7375,treatment,desktop,0,201.15,43.27
2295,treatment,desktop,0,275.59,38.16
18537,control,tablet,0,217.6,49.4
12460,control,mobile,1,220.98,70.66
6057,treatment,desktop,0,181.89,17.53
7338,treatment,desktop,0,229.44,73.77
16482,treatment,mobile,0,240.52,32.18
1949,treatment,desktop,0,207.01,28.16
4871,treatment,desktop,0,204.66,59.58
13910,control,mobile,0,287.74,66.6
11331,control,mobile,0,245.53,73.62
5534,treatment,desktop,0,242.42,62.24
2602,treatment,desktop,0,233.22,85.92
13851,control,mobile,0,195.53,77.66
18451,control,tablet,0,231.31,31.43
13765,control,mobile,0,253.78,110.81
4953,treatment,desktop,0,226.77,30.0
14129,control,mobile,1,109.17,72.34
19993,treatment,tablet,1,297.19,26.37
13736,control,mobile,0,202.75,46.15
14670,control,mobile,0,202.92,25.77
12724,control,mobile,0,265.76,43.48
17733,control,tablet,0,227.41,45.68
4967,treatment,desktop,0,248.82,28.74
13109,control,mobile,0,232.85,58.33
2040,treatment,desktop,1,249.88,49.84
17551,control,tablet,0,187.83,54.43
12399,control,mobile,0,235.17,61.42
16849,treatment,mobile,0,161.45,54.24
18352,control,tablet,1,181.57,29.25
19458,treatment,tablet,0,210.2,32.27
5128,treatment,desktop,0,234.35,72.91
16154,treatment,mobile,0,178.89,45.98
15597,treatment,mobile,0,289.92,83.23
2937,treatment,desktop,0,219.52,50.99
19541,treatment,tablet,0,234.07,80.36
7624,treatment,desktop,1,247.45,26.89
7331,treatment,desktop,0,155.47,54.97
11693,control,mobile,0,259.31,47.13
19246,treatment,tablet,0,224.9,21.69
5748,treatment,desktop,0,243.34,60.21
11863,control,mobile,0,228.61,39.2
36,control,desktop,0,277.84,42.41
2750,treatment,desktop,0,222.17,29.29
19578,treatment,tablet,0,182.68,50.26
7849,treatment,desktop,0,236.73,102.18
16316,treatment,mobile,0,241.04,82.35
16468,treatment,mobile,0,184.12,50.18
2271,treatment,desktop,1,251.63,72.41
19777,treatment,tablet,1,214.8,40.1
4281,treatment,desktop,0,242.67,61.17
9507,control,mobile,0,197.29,33.63
8039,treatment,desktop,0,230.77,31.01
18436,control,tablet,0,281.43,20.34
8042,treatment,desktop,0,227.97,53.5
4722,treatment,desktop,0,228.81,50.62
12581,control,mobile,1,188.73,31.05
8449,control,mobile,0,252.74,63.38
5491,treatment,desktop,0,214.38,45.13
19550,treatment,tablet,0,171.22,62.09
13982,control,mobile,0,228.69,51.19
6909,treatment,desktop,1,236.6,104.73
8896,control,mobile,0,225.61,74.25
15262,treatment,mobile,0,241.28,5624.59
7689,treatment,desktop,0,198.72,69.43
17752,control,tablet,1,189.58,49.34
5876,treatment,desktop,0,228.87,95.89
9822,control,mobile,0,215.24,40.43
1801,treatment,desktop,0,229.39,32.45
721,control,desktop,0,224.66,76.33
7572,treatment,desktop,0,228.96,69.25
759,control,desktop,0,194.37,68.37
18169,control,tablet,0,206.81,67.86
3875,treatment,desktop,1,216.85,39.74
4481,treatment,desktop,0,253.39,94.93
994,control,desktop,1,197.7,48.68
2504,treatment,desktop,0,153.29,24.07
2481,treatment,desktop,0,209.83,76.56
650,control,desktop,0,215.95,115.99
2872,treatment,desktop,0,266.81,43.54
777,control,desktop,0,172.98,48.64
6048,treatment,desktop,0,181.45,45.76
12701,control,mobile,1,247.44,22.22
13252,control,mobile,0,204.3,56.63
13268,control,mobile,0,253.68,110.96
13556,control,mobile,0,202.53,136.79
3067,treatment,desktop,0,260.6,54.34
12693,control,mobile,0,245.79,49.96
13867,control,mobile,0,235.5,44.24
5032,treatment,desktop,1,278.38,30.07
19652,treatment,tablet,0,238.03,152.79
5501,treatment,desktop,1,198.14,42.49
11306,control,mobile,0,133.84,18.49
14232,control,mobile,0,243.04,19.03
6570,treatment,desktop,0,176.98,88.49
9619,control,mobile,0,255.22,36.36
1969,treatment,desktop,0,173.0,56.19
12515,control,mobile,1,223.42,27.95
14305,control,mobile,0,221.07,45.72
4386,treatment,desktop,0,197.26,82.14
7016,treatment,desktop,0,202.7,45.02
11473,control,mobile,0,149.06,38.95
17084,treatment,mobile,0,179.58,24.62
10021,control,mobile,0,239.64,83.93
15699,treatment,mobile,0,216.54,56.18
12203,control,mobile,0,185.19,44.41
4321,treatment,desktop,0,209.1,53.94
16174,treatment,mobile,0,189.04,45.86
9497,control,mobile,0,206.07,39.61
7698,treatment,desktop,0,251.76,39.19
14679,control,mobile,0,192.21,67.37
2921,treatment,desktop,0,235.23,16.05
13458,control,mobile,0,195.09,52.44
4609,treatment,desktop,0,239.59,74.9
15491,treatment,mobile,0,260.77,38.76
17952,control,tablet,0,213.19,45.12
16403,treatment,mobile,0,236.25,53.24
7723,treatment,desktop,0,242.38,55.81
1300,treatment,desktop,0,225.04,69.57
5221,treatment,desktop,0,226.22,44.19
9487,control,mobile,0,168.15,81.59
16788,treatment,mobile,0,166.08,44.34
8259,control,mobile,0,230.92,53.36
17509,control,tablet,0,229.46,54.88
4238,treatment,desktop,0,188.7,90.08
7072,treatment,desktop,0,225.71,52.13
5126,treatment,desktop,0,237.22,55.8
8641,control,mobile,0,216.76,60.86
4771,treatment,desktop,0,260.76,95.27
13739,control,mobile,0,260.7,72.22
6596,treatment,desktop,0,173.93,23.84
17728,control,tablet,0,249.22,28.44
14552,control,mobile,0,164.74,46.07
10996,control,mobile,1,195.19,95.45
4407,treatment,desktop,0,227.09,90.82
7094,treatment,desktop,0,203.55,43.97
7741,treatment,desktop,0,225.01,45.09
8659,control,mobile,0,200.29,89.19
6440,treatment,desktop,0,253.57,47.06
15516,treatment,mobile,0,252.57,48.52
4331,treatment,desktop,0,245.48,44.3
17218,treatment,mobile,0,273.88,46.71
2141,treatment,desktop,1,198.49,58.34
2870,treatment,desktop,0,211.3,33.3
19013,treatment,tablet,0,195.39,121.9
7777,treatment,desktop,1,182.98,30.41
16753,treatment,mobile,0,193.59,16.27
1984,treatment,desktop,0,217.9,63.0
12044,control,mobile,0,202.9,54.94
14112,control,mobile,0,220.58,85.47
14721,control,mobile,0,234.02,50.21
1858,treatment,desktop,1,237.77,24.68
11085,control,mobile,0,227.15,39.12
11194,control,mobile,0,214.78,46.88
1875,treatment,desktop,0,198.95,103.33
1430,treatment,desktop,0,236.16,62.53
11573,control,mobile,0,196.89,29.88
10627,control,mobile,0,229.67,40.87
8320,control,mobile,0,183.01,29.43
1944,treatment,desktop,0,221.72,22.26
3792,treatment,desktop,1,212.93,48.63
19875,treatment,tablet,0,252.41,54.9
9519,control,mobile,0,218.61,48.18
5660,treatment,desktop,0,256.38,31.84
19488,treatment,tablet,0,216.29,27.34
17131,treatment,mobile,0,212.91,36.44
19660,treatment,tablet,0,230.82,37.17
17161,treatment,mobile,0,225.92,24.34
1701,treatment,desktop,0,202.72,25.92
12965,control,mobile,1,184.06,79.85
12197,control,mobile,0,275.36,35.06
16757,treatment,mobile,0,250.95,34.67
2032,treatment,desktop,0,204.02,135.49
11053,control,mobile,0,197.32,28.84
10160,control,mobile,0,230.26,36.28
6585,treatment,desktop,0,180.29,47.79
4741,treatment,desktop,0,179.29,178.15
2387,treatment,desktop,0,245.46,48.54
5161,treatment,desktop,0,274.15,25.05
10606,control,mobile,0,222.97,100.35
564,control,desktop,0,263.57,44.55
18133,control,tablet,0,161.04,75.61
13651,control,mobile,0,228.49,29.06
18494,control,tablet,0,179.38,54.37
18705,control,tablet,0,188.3,58.72
19526,treatment,tablet,0,257.03,51.05
19202,treatment,tablet,0,156.94,36.9
17148,treatment,mobile,0,277.6,85.93
3891,treatment,desktop,0,242.33,34.91
8836,control,mobile,0,199.95,42.44
14384,control,mobile,0,254.75,23.9
6432,treatment,desktop,0,259.9,45.72
13099,control,mobile,0,267.03,125.71
94,control,desktop,0,245.54,42.68
11977,control,mobile,0,230.75,96.58
14181,control,mobile,0,222.15,42.42
19063,treatment,tablet,0,227.86,20.42
1959,treatment,desktop,1,247.86,72.17
16611,treatment,mobile,0,239.53,45.9
10275,control,mobile,0,261.56,78.77
12917,control,mobile,0,194.22,34.12
12669,control,mobile,0,222.02,93.03
15374,treatment,mobile,0,241.64,31.04
6912,treatment,desktop,0,252.77,29.37
13222,control,mobile,0,199.11,48.85
13866,control,mobile,0,235.38,23.76
1673,treatment,desktop,0,240.04,54.26
19332,treatment,tablet,0,196.4,17.92
1571,treatment,desktop,0,205.62,62.85
11051,control,mobile,0,238.07,19.86
9198,control,mobile,0,211.48,171.17
14665,control,mobile,0,208.24,57.58
4301,treatment,desktop,0,199.26,68.73
3895,treatment,desktop,0,195.28,53.08
8250,control,mobile,0,212.73,30.14
8130,treatment,desktop,0,222.94,59.09
2818,treatment,desktop,0,188.02,23.67
6371,treatment,desktop,1,239.84,28.75
852,control,desktop,1,190.36,78.78
11581,control,mobile,0,206.77,35.14
19051,treatment,tablet,0,165.13,26.75
3599,treatment,desktop,0,204.9,103.75
5657,treatment,desktop,0,225.14,33.08
11356,control,mobile,0,257.56,72.11
8632,control,mobile,0,248.99,53.15
14907,control,mobile,0,232.02,65.03
15557,treatment,mobile,0,250.65,110.5
9241,control,mobile,0,176.06,23.91
3705,treatment,desktop,1,228.33,72.93
8085,treatment,desktop,0,253.99,42.44
19751,treatment,tablet,0,248.29,80.52
8860,control,mobile,0,186.31,26.78
16802,treatment,mobile,0,194.92,51.33
5030,treatment,desktop,0,269.0,27.59
4052,treatment,desktop,0,212.67,29.05
6139,treatment,desktop,0,179.04,28.68
10244,control,mobile,0,251.27,37.13
7660,treatment,desktop,0,265.68,37.15
2424,treatment,desktop,0,256.17,41.68
5369,treatment,desktop,0,218.48,69.52
13454,control,mobile,0,227.11,93.48
17769,control,tablet,0,175.98,100.13
5387,treatment,desktop,0,187.38,78.33
8096,treatment,desktop,0,217.32,47.66
6686,treatment,desktop,0,167.38,31.37
13348,control,mobile,0,205.39,27.55
11729,control,mobile,0,234.82,29.2
7736,treatment,desktop,0,245.3,27.29
5735,treatment,desktop,0,227.92,80.74
5953,treatment,desktop,1,221.11,163.71
9950,control,mobile,1,269.98,34.31
16569,treatment,mobile,0,236.01,60.02
307,control,desktop,1,229.67,52.73
19503,treatment,tablet,0,214.76,43.87
11803,control,mobile,0,213.55,74.79
3346,treatment,desktop,0,244.83,25.24
12567,control,mobile,0,231.83,48.34
5149,treatment,desktop,0,208.53,28.82
1506,treatment,desktop,0,176.76,27.16
13246,control,mobile,0,238.19,93.47
12347,control,mobile,0,205.72,41.38
6533,treatment,desktop,0,221.01,51.35
17759,control,tablet,0,200.95,23.02
13805,control,mobile,0,215.19,28.77
1551,treatment,desktop,0,217.11,46.55
7637,treatment,desktop,0,264.43,35.06
16817,treatment,mobile,0,218.47,57.01
6254,treatment,desktop,0,197.81,112.35
4411,treatment,desktop,0,198.49,118.06
2049,treatment,desktop,0,244.19,70.02
19627,treatment,tablet,0,211.96,39.12
3303,treatment,desktop,0,236.65,65.39
6117,treatment,desktop,0,252.39,26.64
683,control,desktop,0,219.11,47.19
14739,control,mobile,0,228.3,32.33
12232,control,mobile,0,185.85,68.55
17884,control,tablet,0,274.12,101.54
6354,treatment,desktop,0,182.04,37.51
4183,treatment,desktop,0,214.41,66.8
18752,control,tablet,0,248.85,28.58
14047,control,mobile,0,221.43,78.15
7957,treatment,desktop,1,222.14,40.44
913,control,desktop,0,215.34,62.36
13978,control,mobile,0,224.71,35.76
12397,control,mobile,0,215.75,47.11
18548,control,tablet,0,256.11,36.96
8456,control,mobile,0,243.2,19.04
4098,treatment,desktop,0,245.56,28.57
6143,treatment,desktop,0,219.68,50.21
18700,control,tablet,0,224.84,22.07
14943,control,mobile,1,258.31,117.87
8380,control,mobile,0,222.65,99.58
19300,treatment,tablet,0,230.84,67.32
18920,control,tablet,0,172.18,101.95
3017,treatment,desktop,0,176.92,15.03
5303,treatment,desktop,0,249.68,4445.97
10321,control,mobile,0,250.44,45.58
10919,control,mobile,0,213.53,60.94
9788,control,mobile,0,179.55,52.47
10905,control,mobile,0,196.93,17.32
12,control,desktop,0,258.56,100.6
12412,control,mobile,0,212.41,22.84
15086,control,mobile,0,228.48,23.22
443,control,desktop,0,228.69,29.54
8467,control,mobile,0,206.94,36.99
16835,treatment,mobile,0,252.76,63.95
3942,treatment,desktop,0,202.68,50.79
10373,control,mobile,0,190.29,75.87
444,control,desktop,0,219.99,90.59
8149,treatment,desktop,0,227.4,43.97
1405,treatment,desktop,0,208.43,38.55
1518,treatment,desktop,0,238.15,42.1
11816,control,mobile,0,178.53,34.75
1038,control,desktop,1,255.54,68.94
17478,treatment,mobile,0,210.29,69.98
6621,treatment,desktop,0,182.57,100.7
16301,treatment,mobile,0,287.61,109.45
1423,treatment,desktop,0,137.88,38.58
5673,treatment,desktop,0,215.89,13.64
9299,control,mobile,0,180.05,41.38
10749,control,mobile,0,202.04,64.93
17249,treatment,mobile,0,196.42,17.95
10735,control,mobile,0,197.26,81.13
16184,treatment,mobile,0,264.98,12.2
18834,control,tablet,0,226.55,15.65
17593,control,tablet,0,218.72,17.05
10771,control,mobile,0,209.08,71.62
18714,control,tablet,0,250.9,40.04
3979,treatment,desktop,0,238.23,22.75
6553,treatment,desktop,1,197.6,28.33
17122,treatment,mobile,0,229.55,40.22
7347,treatment,desktop,0,189.8,56.34
18686,control,tablet,0,222.83,25.04
1264,treatment,desktop,1,178.07,91.87
5245,treatment,desktop,0,231.35,44.24
7744,treatment,desktop,0,287.72,92.75
7223,treatment,desktop,0,218.04,66.73
15344,treatment,mobile,0,254.33,96.95
7762,treatment,desktop,1,208.01,49.15
4091,treatment,desktop,0,274.22,47.57
8602,control,mobile,1,253.03,27.77
8443,control,mobile,0,247.69,64.11
5236,treatment,desktop,0,260.35,65.48
19224,treatment,tablet,0,255.42,54.78
13405,control,mobile,0,251.58,71.87
8330,control,mobile,0,182.18,60.92
14088,control,mobile,0,226.87,155.95
1073,control,desktop,0,249.02,126.03
13795,control,mobile,0,268.47,72.91
571,control,desktop,0,184.88,29.39
15179,treatment,mobile,0,196.08,33.8
107,control,desktop,0,262.64,97.8
7766,treatment,desktop,0,229.87,44.11
10375,control,mobile,0,209.65,85.73
15710,treatment,mobile,0,249.82,30.46
5306,treatment,desktop,0,272.98,41.92
18027,control,tablet,0,214.81,29.72
14442,control,mobile,0,204.55,111.43
9603,control,mobile,1,227.65,48.67
8778,control,mobile,0,186.71,32.98
6945,treatment,desktop,0,199.03,74.72
12108,control,mobile,0,173.93,23.51
6036,treatment,desktop,0,165.71,70.31
14786,control,mobile,0,203.01,113.27
5391,treatment,desktop,0,206.59,20.45
3233,treatment,desktop,0,143.56,81.82
14942,control,mobile,0,229.95,37.47
2803,treatment,desktop,1,196.62,45.19
2717,treatment,desktop,0,235.52,60.5
2205,treatment,desktop,0,178.99,34.99
11373,control,mobile,0,174.97,41.17
314,control,desktop,0,204.92,107.75
6225,treatment,desktop,0,196.56,52.82
7939,treatment,desktop,0,264.22,31.72
4847,treatment,desktop,0,187.34,73.62
80,control,desktop,0,200.71,87.23
505,control,desktop,0,169.02,30.29
18155,control,tablet,0,208.49,52.9
12613,control,mobile,0,258.77,71.34
18783,control,tablet,0,218.14,140.47
7897,treatment,desktop,0,193.11,71.68
7724,treatment,desktop,0,251.78,149.15
14965,control,mobile,0,230.26,31.95
16477,treatment,mobile,0,223.36,28.82
17176,treatment,mobile,0,250.45,34.89
572,control,desktop,1,214.55,90.42
16591,treatment,mobile,0,205.49,55.04
509,control,desktop,0,226.7,27.32
794,control,desktop,0,247.45,40.86
5302,treatment,desktop,0,201.66,54.21
19060,treatment,tablet,0,245.42,48.27
7931,treatment,desktop,0,250.1,42.25
17475,treatment,mobile,0,240.47,32.89
9026,control,mobile,0,213.33,108.91
207,control,desktop,0,230.48,42.23
15908,treatment,mobile,0,215.71,34.42
17432,treatment,mobile,0,224.24,56.55
15214,treatment,mobile,0,175.42,23.22
19648,treatment,tablet,0,230.66,41.14
10713,control,mobile,0,267.24,78.01
10343,control,mobile,0,255.44,24.66
16925,treatment,mobile,0,158.67,33.17
19445,treatment,tablet,0,246.53,46.66
5664,treatment,desktop,0,241.54,34.26
12093,control,mobile,0,188.38,45.99
17359,treatment,mobile,0,212.98,28.53
11010,control,mobile,0,214.48,46.48
3877,treatment,desktop,0,293.86,13.91
17691,control,tablet,0,195.44,89.25
12758,control,mobile,0,207.04,38.1
18501,control,tablet,0,199.39,121.94
8003,treatment,desktop,1,174.68,45.41
2959,treatment,desktop,0,148.52,44.18
16293,treatment,mobile,0,209.67,75.98
10103,control,mobile,0,213.7,25.07
4906,treatment,desktop,0,233.21,36.44
2488,treatment,desktop,0,192.44,36.09
3354,treatment,desktop,0,198.48,31.18
15463,treatment,mobile,0,217.79,43.59
2603,treatment,desktop,1,206.37,112.7
15999,treatment,mobile,0,198.03,39.25
8310,control,mobile,0,197.89,44.41
3662,treatment,desktop,1,245.39,66.16
15213,treatment,mobile,0,244.75,46.43
3309,treatment,desktop,0,198.53,64.29
716,control,desktop,0,229.01,79.67
4239,treatment,desktop,1,222.92,36.19
1674,treatment,desktop,0,215.55,73.09
12532,control,mobile,0,194.8,66.46
1318,treatment,desktop,0,177.36,57.14
5919,treatment,desktop,0,227.53,46.76
820,control,desktop,0,185.44,63.19
2864,treatment,desktop,0,221.63,43.41
14744,control,mobile,0,206.35,98.87
3515,treatment,desktop,0,158.92,37.34
2951,treatment,desktop,0,188.71,26.8
4383,treatment,desktop,1,221.5,57.53
2276,treatment,desktop,1,234.59,92.64
14238,control,mobile,0,223.09,47.96
54,control,desktop,0,114.91,54.57
4515,treatment,desktop,0,242.18,53.86
9175,control,mobile,0,167.92,42.28
19102,treatment,tablet,0,164.02,46.23
13025,control,mobile,0,209.3,25.53
4182,treatment,desktop,0,182.94,53.69
18460,control,tablet,0,239.19,69.59
8114,treatment,desktop,0,176.87,13.85
10883,control,mobile,0,192.52,51.36
3707,treatment,desktop,0,213.58,64.61
12155,control,mobile,0,178.97,67.44
9447,control,mobile,0,216.66,86.03
2083,treatment,desktop,0,214.33,20.2
18231,control,tablet,0,228.27,64.03
9483,control,mobile,0,205.22,12.87
16254,treatment,mobile,0,260.49,61.59
12450,control,mobile,0,200.28,39.31
5510,treatment,desktop,0,210.87,34.09
15077,control,mobile,0,240.44,74.78
9426,control,mobile,1,173.83,19.96
5979,treatment,desktop,1,223.08,41.58
6031,treatment,desktop,0,237.0,57.26
13024,control,mobile,0,240.68,47.19
5975,treatment,desktop,0,230.48,40.21
16369,treatment,mobile,0,204.69,51.79
1105,control,desktop,0,172.46,32.82
6468,treatment,desktop,0,226.67,65.17
6333,treatment,desktop,0,246.03,84.83
10318,control,mobile,0,225.34,24.6
6479,treatment,desktop,0,266.35,59.38
14070,control,mobile,0,211.83,150.91
15806,treatment,mobile,0,212.14,182.02
17316,treatment,mobile,0,193.82,56.29
5089,treatment,desktop,0,217.48,147.77
456,control,desktop,0,234.31,121.39
9055,control,mobile,0,253.22,107.77
486,control,desktop,0,185.81,116.64
4635,treatment,desktop,0,230.38,38.77
5712,treatment,desktop,0,280.33,82.14
2518,treatment,desktop,0,204.65,23.92
12453,control,mobile,0,206.33,36.11
4108,treatment,desktop,0,297.95,42.28
12316,control,mobile,0,212.86,59.83
11419,control,mobile,0,197.63,53.59
19454,treatment,tablet,0,261.85,32.8
9833,control,mobile,0,242.05,67.24
16941,treatment,mobile,0,260.07,41.24
11024,control,mobile,0,164.09,59.21
10251,control,mobile,0,221.72,63.31
15829,treatment,mobile,0,204.59,32.26
10361,control,mobile,0,201.94,37.31
4892,treatment,desktop,0,272.96,122.13
5594,treatment,desktop,0,219.03,77.64
13077,control,mobile,0,219.58,43.68
13985,control,mobile,0,248.35,55.16
6007,treatment,desktop,0,247.91,26.58
5706,treatment,desktop,0,264.32,44.43
5000,treatment,desktop,0,227.81,35.23
11825,control,mobile,0,223.93,67.92
7807,treatment,desktop,0,241.66,57.66
10636,control,mobile,0,188.65,34.79
5368,treatment,desktop,0,191.76,25.13
6572,treatment,desktop,0,194.25,49.0
146,control,desktop,1,224.96,26.55
6519,treatment,desktop,0,250.71,46.52
15728,treatment,mobile,0,237.8,56.18
13022,control,mobile,0,293.65,92.2
5129,treatment,desktop,0,226.39,84.96
15979,treatment,mobile,0,252.86,68.94
7010,treatment,desktop,0,232.49,51.67
11440,control,mobile,0,232.86,36.99
9694,control,mobile,0,219.79,142.12
5674,treatment,desktop,0,197.13,18.45
4324,treatment,desktop,0,197.02,27.23
6172,treatment,desktop,0,244.89,79.22
17180,treatment,mobile,1,220.51,49.68
7366,treatment,desktop,1,250.87,63.15
3170,treatment,desktop,1,242.48,15.66
5740,treatment,desktop,0,240.03,82.14
1435,treatment,desktop,0,185.14,72.02
18148,control,tablet,0,214.98,33.85
158,control,desktop,0,205.34,43.38
11740,control,mobile,0,263.87,60.58
7577,treatment,desktop,0,245.99,117.1
13602,control,mobile,0,207.46,75.49
7207,treatment,desktop,0,217.55,27.58
17046,treatment,mobile,0,267.22,25.75
14091,control,mobile,0,180.38,84.22
5607,treatment,desktop,0,221.63,39.06
12618,control,mobile,0,238.07,112.34
7787,treatment,desktop,0,212.37,24.09
1129,control,desktop,1,246.49,19.22
13197,control,mobile,0,157.05,43.54
2684,treatment,desktop,0,238.99,41.46
340,control,desktop,0,232.92,67.84
12395,control,mobile,0,196.05,32.49
1760,treatment,desktop,0,236.97,97.65
5686,treatment,desktop,0,154.99,108.76
2234,treatment,desktop,1,214.4,76.66
16167,treatment,mobile,0,199.91,31.05
13683,control,mobile,0,265.15,56.49
2140,treatment,desktop,0,201.36,47.24
10560,control,mobile,0,234.23,39.41
4019,treatment,desktop,1,248.39,47.39
17581,control,tablet,0,254.23,92.39
10177,control,mobile,0,208.45,50.39
6394,treatment,desktop,0,223.25,55.83
15466,treatment,mobile,0,233.05,41.05
18716,control,tablet,1,294.39,18.84
17762,control,tablet,0,250.1,41.16
19614,treatment,tablet,0,234.64,65.1
18631,control,tablet,0,185.14,30.17
16881,treatment,mobile,0,196.25,41.74
11859,control,mobile,0,215.64,22.41
17760,control,tablet,0,238.77,71.08
1642,treatment,desktop,0,212.64,30.64
9698,control,mobile,0,231.32,38.4
15819,treatment,mobile,0,237.61,43.15
19391,treatment,tablet,0,273.86,72.19
1545,treatment,desktop,0,159.44,38.15
4176,treatment,desktop,0,207.03,77.02
15875,treatment,mobile,0,203.91,47.27
9743,control,mobile,0,222.71,30.74
10245,control,mobile,0,263.65,20.34
2033,treatment,desktop,0,241.55,63.43
17517,control,tablet,0,243.3,92.6
18396,control,tablet,0,215.46,23.79
4046,treatment,desktop,0,196.64,53.2
3006,treatment,desktop,1,231.42,74.19
5068,treatment,desktop,0,206.99,88.05
9366,control,mobile,0,212.32,36.44
10252,control,mobile,0,229.43,19.16
187,control,desktop,0,241.62,70.4
2226,treatment,desktop,0,264.36,62.07
577,control,desktop,0,185.79,33.06
8726,control,mobile,0,234.48,53.39
10693,control,mobile,0,231.15,43.1
13601,control,mobile,1,223.04,53.81
7533,treatment,desktop,0,215.7,103.14
6902,treatment,desktop,0,212.09,157.89
16548,treatment,mobile,0,235.7,49.38
16640,treatment,mobile,0,249.96,67.42
19335,treatment,tablet,0,183.71,110.22
4220,treatment,desktop,0,199.09,58.5
18192,control,tablet,0,224.56,56.52
14560,control,mobile,0,230.51,41.65
1217,treatment,desktop,0,224.73,47.28
13306,control,mobile,0,212.76,68.91
15946,treatment,mobile,0,225.78,73.51
19691,treatment,tablet,1,264.52,28.3
13074,control,mobile,0,254.17,42.49
18295,control,tablet,0,180.53,34.8
9775,control,mobile,0,227.18,17.86
17,control,desktop,1,222.14,36.65
19814,treatment,tablet,0,222.15,33.73
16066,treatment,mobile,0,246.14,65.15
12776,control,mobile,0,251.26,44.84
18084,control,tablet,0,148.46,44.11
18468,control,tablet,0,177.54,49.52
6859,treatment,desktop,0,223.46,47.81
7590,treatment,desktop,0,192.95,89.19
3245,treatment,desktop,0,190.06,32.81
10203,control,mobile,0,173.35,66.83
9563,control,mobile,0,171.27,22.07
14874,control,mobile,0,232.06,42.24
3864,treatment,desktop,1,290.23,70.61
4361,treatment,desktop,0,216.68,59.05
18553,control,tablet,1,264.81,65.92
15754,treatment,mobile,0,169.49,61.25
767,control,desktop,0,232.77,39.08
14265,control,mobile,0,208.02,50.72
5568,treatment,desktop,0,189.0,57.7
6878,treatment,desktop,0,227.81,29.62
14454,control,mobile,0,212.79,85.99
5358,treatment,desktop,1,274.53,73.79
2464,treatment,desktop,0,204.83,37.01
11632,control,mobile,0,245.01,71.13
3196,treatment,desktop,0,266.84,175.7
1744,treatment,desktop,0,184.66,39.56
17229,treatment,mobile,0,267.12,39.61
3703,treatment,desktop,1,199.23,38.32
5503,treatment,desktop,0,200.43,46.12
18184,control,tablet,0,247.49,63.39
10994,control,mobile,0,231.0,58.61
18021,control,tablet,0,192.03,42.0
18254,control,tablet,1,284.32,92.88
9315,control,mobile,0,228.47,138.31
15970,treatment,mobile,0,166.9,61.75
19084,treatment,tablet,0,187.1,29.18
3087,treatment,desktop,1,200.0,62.13
8072,treatment,desktop,0,219.19,55.59
14863,control,mobile,0,232.07,32.5
5637,treatment,desktop,1,241.63,52.07
8705,control,mobile,0,247.27,40.39
15038,control,mobile,0,221.02,71.12
11119,control,mobile,0,205.17,73.88
4476,treatment,desktop,0,240.55,65.77
3019,treatment,desktop,0,234.27,64.2
10836,control,mobile,0,222.67,57.86
5305,treatment,desktop,1,216.47,35.61
9925,control,mobile,0,200.98,85.3
18503,control,tablet,0,199.31,19.02
11751,control,mobile,0,219.56,65.9
12538,control,mobile,0,254.51,29.11
5307,treatment,desktop,0,255.5,29.54
15379,treatment,mobile,0,211.4,58.06
924,control,desktop,0,257.69,35.51
14766,control,mobile,0,223.46,32.78
853,control,desktop,0,169.48,51.26
8210,control,mobile,0,152.21,67.17
7542,treatment,desktop,0,280.22,72.0
13617,control,mobile,0,220.98,50.16
14864,control,mobile,0,196.33,41.02
6865,treatment,desktop,0,203.1,72.36
11282,control,mobile,0,220.78,35.23
14123,control,mobile,0,238.18,80.38
13701,control,mobile,0,250.78,41.65
1176,control,desktop,0,240.57,20.67
2388,treatment,desktop,0,225.93,79.17
14078,control,mobile,0,214.43,52.57
9783,control,mobile,0,217.26,37.88
4553,treatment,desktop,1,275.01,20.03
12384,control,mobile,0,262.38,30.07
11348,control,mobile,0,181.33,51.73
18824,control,tablet,0,164.74,59.74
12235,control,mobile,0,213.16,86.55
313,control,desktop,1,200.16,56.59
13983,control,mobile,0,188.55,28.95
10678,control,mobile,0,242.24,88.59
6247,treatment,desktop,0,240.74,24.25
16889,treatment,mobile,0,289.52,16.4
18113,control,tablet,0,221.46,46.59
5742,treatment,desktop,0,175.01,133.91
91,control,desktop,0,225.62,55.81
7349,treatment,desktop,0,228.11,64.63
19186,treatment,tablet,0,213.0,121.25
12726,control,mobile,0,203.7,45.81
1081,control,desktop,0,207.56,45.55
1947,treatment,desktop,0,274.73,71.91
8505,control,mobile,0,244.94,83.46
16949,treatment,mobile,0,221.99,25.94
12625,control,mobile,0,227.12,33.47
2101,treatment,desktop,0,212.01,76.51
9120,control,mobile,0,255.58,80.1
1888,treatment,desktop,0,222.21,51.86
15494,treatment,mobile,0,177.78,59.7
6504,treatment,desktop,0,225.5,111.67
3811,treatment,desktop,0,208.29,115.62
1385,treatment,desktop,0,192.74,69.33
12269,control,mobile,0,264.6,59.88
3232,treatment,desktop,0,218.67,33.23
18673,control,tablet,0,247.78,33.88
17158,treatment,mobile,0,183.75,68.64
15227,treatment,mobile,0,192.84,73.48
5371,treatment,desktop,0,204.39,35.63
12611,control,mobile,0,188.42,71.23
6016,treatment,desktop,0,255.22,67.84
19457,treatment,tablet,0,163.36,11.05
4097,treatment,desktop,0,196.27,56.86
6226,treatment,desktop,0,280.37,54.01
8777,control,mobile,0,221.75,103.12
19362,treatment,tablet,0,251.48,79.52
10357,control,mobile,0,185.68,123.54
7854,treatment,desktop,0,217.48,30.15
8914,control,mobile,0,248.49,33.13
14122,control,mobile,0,176.74,23.87
17108,treatment,mobile,0,182.29,47.43
19195,treatment,tablet,0,203.64,68.75
14785,control,mobile,0,206.35,61.57
10319,control,mobile,0,205.12,94.27
13778,control,mobile,0,297.38,45.88
16823,treatment,mobile,0,208.93,30.94
19306,treatment,tablet,0,297.49,73.11
15169,treatment,mobile,0,200.13,26.59
19412,treatment,tablet,0,202.05,13.78
4086,treatment,desktop,0,236.42,28.24
11683,control,mobile,0,219.23,36.28
5109,treatment,desktop,0,247.67,20.71
4424,treatment,desktop,0,197.51,41.56
3143,treatment,desktop,0,192.59,27.54
619,control,desktop,0,214.78,28.8
19572,treatment,tablet,0,229.32,30.54
11988,control,mobile,0,208.95,22.68
7047,treatment,desktop,0,239.21,74.37
14098,control,mobile,0,163.26,45.64
8138,treatment,desktop,0,250.28,60.09
8837,control,mobile,0,173.88,96.86
12903,control,mobile,0,241.55,36.96
16069,treatment,mobile,0,193.16,150.01
18849,control,tablet,0,207.65,110.94
19812,treatment,tablet,0,250.15,50.89
4456,treatment,desktop,0,221.75,113.29
15324,treatment,mobile,0,213.5,92.03
7783,treatment,desktop,0,243.96,46.06
9117,control,mobile,0,218.18,79.71
8840,control,mobile,0,191.89,57.5
4758,treatment,desktop,0,216.14,33.03
11386,control,mobile,0,248.9,75.84
2962,treatment,desktop,0,233.22,80.5
4030,treatment,desktop,0,260.48,45.32
12501,control,mobile,0,237.81,49.77
5646,treatment,desktop,0,182.45,83.51
4612,treatment,desktop,0,247.83,22.74
17430,treatment,mobile,0,215.33,37.5
1602,treatment,desktop,0,209.21,34.33
4846,treatment,desktop,0,182.61,22.0
12277,control,mobile,0,222.61,51.2
16412,treatment,mobile,0,206.49,50.24
10742,control,mobile,0,225.27,32.19
18249,control,tablet,0,207.22,71.47
11387,control,mobile,0,203.21,30.89
3842,treatment,desktop,1,298.19,76.12
19887,treatment,tablet,0,263.14,80.81
543,control,desktop,0,228.23,76.85
957,control,desktop,1,245.83,36.37
19243,treatment,tablet,0,227.95,161.87
921,control,desktop,0,161.1,37.46
561,control,desktop,0,252.79,53.11
10886,control,mobile,0,252.91,46.1
3140,treatment,desktop,0,189.99,27.1
15032,control,mobile,0,202.62,40.34
8876,control,mobile,0,192.62,37.61
14915,control,mobile,0,200.46,18.79
18374,control,tablet,1,283.44,41.95
19474,treatment,tablet,0,206.04,67.22
11155,control,mobile,0,244.13,20.91
4718,treatment,desktop,1,208.54,41.1
1125,control,desktop,0,237.51,4086.64
15252,treatment,mobile,0,206.85,37.32
8235,control,mobile,0,197.03,75.5
11995,control,mobile,0,224.74,58.91
11173,control,mobile,0,208.73,23.51
3943,treatment,desktop,0,238.88,115.63
12193,control,mobile,0,277.34,37.06
339,control,desktop,0,239.32,39.06
12094,control,mobile,0,211.09,88.29
11277,control,mobile,0,230.64,58.84
11377,control,mobile,0,231.2,67.29
17778,control,tablet,0,242.92,100.64
12231,control,mobile,0,196.14,61.98
3916,treatment,desktop,0,253.97,85.3
12854,control,mobile,0,224.98,43.35
9302,control,mobile,0,226.33,16.57
15282,treatment,mobile,1,238.12,20.39
1890,treatment,desktop,0,204.99,36.37
16623,treatment,mobile,0,194.36,55.56
18539,control,tablet,0,145.62,37.72
19100,treatment,tablet,0,185.01,26.63
4291,treatment,desktop,0,176.68,42.27
15508,treatment,mobile,0,263.19,62.19
19533,treatment,tablet,0,220.97,41.45
15849,treatment,mobile,0,187.5,88.87
17367,treatment,mobile,0,175.37,30.9
6642,treatment,desktop,0,209.45,86.39
9819,control,mobile,0,208.79,45.55
15688,treatment,mobile,0,236.72,50.06
15266,treatment,mobile,0,259.71,45.82
5883,treatment,desktop,0,284.13,29.96
18883,control,tablet,1,209.92,38.15
4506,treatment,desktop,0,233.72,34.18
19877,treatment,tablet,0,215.87,78.95
299,control,desktop,0,206.68,71.06
7434,treatment,desktop,0,231.28,23.95
2185,treatment,desktop,0,231.99,53.88
16602,treatment,mobile,0,215.51,46.94
6364,treatment,desktop,1,215.01,50.14
16700,treatment,mobile,0,223.79,46.81
19602,treatment,tablet,0,268.36,32.93
4154,treatment,desktop,0,193.12,67.46
3132,treatment,desktop,0,222.75,58.76
1823,treatment,desktop,0,213.58,46.94
14962,control,mobile,0,217.94,46.04
14372,control,mobile,0,190.0,35.96
6905,treatment,desktop,0,169.92,54.75
9523,control,mobile,0,251.61,25.19
9380,control,mobile,0,198.03,75.6
9585,control,mobile,0,226.75,32.32
5203,treatment,desktop,0,258.05,61.11
19111,treatment,tablet,0,205.47,27.46
11578,control,mobile,0,187.96,31.91
16338,treatment,mobile,0,237.58,29.48
19676,treatment,tablet,0,231.17,34.54
12589,control,mobile,0,233.38,94.82
9146,control,mobile,0,219.36,153.15
18918,control,tablet,0,204.7,74.08
9422,control,mobile,0,253.33,88.67
19020,treatment,tablet,0,209.48,47.8
16649,treatment,mobile,0,200.35,70.76
1251,treatment,desktop,0,223.21,79.75
13873,control,mobile,0,225.29,70.04
3440,treatment,desktop,0,258.06,69.56
18378,control,tablet,1,205.97,27.79
2749,treatment,desktop,0,211.44,39.46
18652,control,tablet,0,222.63,80.0
938,control,desktop,0,244.71,69.02
19818,treatment,tablet,0,180.65,22.87
11488,control,mobile,0,277.03,52.83
17709,control,tablet,0,241.59,25.02
7395,treatment,desktop,0,201.53,44.56
15854,treatment,mobile,0,240.55,54.51
598,control,desktop,0,212.39,53.02
4029,treatment,desktop,0,196.43,17.56
12785,control,mobile,0,278.03,30.99
17279,treatment,mobile,0,203.86,38.5
3675,treatment,desktop,1,290.57,57.39
18062,control,tablet,0,241.49,119.31
4120,treatment,desktop,0,211.17,25.44
6791,treatment,desktop,0,214.32,38.74
14752,control,mobile,0,254.09,120.31
5207,treatment,desktop,0,176.87,39.41
576,control,desktop,1,209.26,39.08
11920,control,mobile,0,197.66,48.84
8609,control,mobile,0,233.27,72.37
18159,control,tablet,1,296.54,46.79
15752,treatment,mobile,0,255.27,26.17
17934,control,tablet,0,223.09,27.7
12626,control,mobile,0,201.3,67.67
7679,treatment,desktop,0,253.59,78.16
7842,treatment,desktop,0,235.02,69.39
10490,control,mobile,0,283.82,52.29
2824,treatment,desktop,0,230.54,70.4
8715,control,mobile,0,227.03,82.9
8476,control,mobile,0,263.76,57.22
12135,control,mobile,0,232.21,70.08
7235,treatment,desktop,0,220.02,67.96
12861,control,mobile,0,270.65,41.1
9751,control,mobile,0,253.09,43.02
1754,treatment,desktop,0,224.43,51.39
15552,treatment,mobile,0,216.77,36.09
8852,control,mobile,0,243.04,37.11
5797,treatment,desktop,0,194.55,40.66
1519,treatment,desktop,0,179.31,68.4
1737,treatment,desktop,0,207.91,74.06
17284,treatment,mobile,0,156.62,36.62
18843,control,tablet,0,196.73,39.85
1165,control,desktop,0,252.14,70.04
12679,control,mobile,0,193.31,92.62
19301,treatment,tablet,0,227.72,59.11
19942,treatment,tablet,0,214.3,55.14
16238,treatment,mobile,0,238.3,59.14
19089,treatment,tablet,0,234.28,26.26
1273,treatment,desktop,1,213.41,40.04
18489,control,tablet,0,221.83,38.45
18759,control,tablet,0,229.6,42.49
19779,treatment,tablet,0,163.35,20.44
4779,treatment,desktop,0,235.61,110.16
17961,control,tablet,0,212.8,19.31
3941,treatment,desktop,0,225.08,82.92
19756,treatment,tablet,0,263.03,66.84
1313,treatment,desktop,0,207.84,33.86
18785,control,tablet,0,206.07,35.44
14984,control,mobile,0,236.14,45.41
233,control,desktop,0,257.15,23.25
12511,control,mobile,0,269.87,36.39
15611,treatment,mobile,0,245.28,54.83
19644,treatment,tablet,0,182.68,97.48
654,control,desktop,1,230.12,30.39
5469,treatment,desktop,1,180.14,54.34
8747,control,mobile,0,270.99,44.78
5407,treatment,desktop,0,192.31,97.29
17676,control,tablet,0,189.58,31.92
16272,treatment,mobile,0,220.45,44.0
19271,treatment,tablet,0,241.31,67.29
8005,treatment,desktop,0,235.2,77.95
19288,treatment,tablet,0,209.8,129.87
19425,treatment,tablet,0,195.65,21.17
5280,treatment,desktop,0,171.1,47.84
3956,treatment,desktop,0,206.25,34.3
5156,treatment,desktop,1,210.14,32.47
4060,treatment,desktop,0,153.42,24.08
16789,treatment,mobile,0,202.75,57.44
10281,control,mobile,0,271.72,54.15
1543,treatment,desktop,0,192.39,99.11
9708,control,mobile,0,258.33,37.89
18607,control,tablet,1,202.66,76.67
5502,treatment,desktop,0,248.65,35.33
7198,treatment,desktop,0,219.61,103.88
16781,treatment,mobile,0,192.95,108.49
10132,control,mobile,0,183.57,42.38
16638,treatment,mobile,0,189.07,44.55
10615,control,mobile,0,227.39,53.36
6441,treatment,desktop,0,214.11,29.82
5753,treatment,desktop,0,229.32,53.96
19166,treatment,tablet,0,227.59,28.05
17853,control,tablet,0,196.95,38.81
8766,control,mobile,0,249.99,54.27
13280,control,mobile,0,157.34,62.3
16815,treatment,mobile,0,222.47,78.6
4645,treatment,desktop,0,236.33,30.32
13449,control,mobile,0,286.76,35.87
14224,control,mobile,0,163.98,30.64
11139,control,mobile,0,267.53,41.54
12527,control,mobile,0,199.64,36.77
8634,control,mobile,0,249.81,23.96
2447,treatment,desktop,1,212.9,68.35
19496,treatment,tablet,0,275.7,92.31
12468,control,mobile,0,165.63,30.43
12787,control,mobile,0,255.69,54.2
397,control,desktop,1,182.94,29.38
6680,treatment,desktop,0,231.65,49.18
16515,treatment,mobile,0,222.1,14.47
10441,control,mobile,0,223.6,68.36
9428,control,mobile,0,210.53,72.3
13588,control,mobile,0,229.46,70.05
8271,control,mobile,0,160.63,60.17
11303,control,mobile,0,196.65,50.31
3474,treatment,desktop,0,189.64,25.77
16335,treatment,mobile,0,189.83,40.04
6401,treatment,desktop,0,231.58,145.89
10004,control,mobile,0,182.85,46.58
4561,treatment,desktop,0,212.92,38.23
11421,control,mobile,0,204.86,43.07
9868,control,mobile,0,322.27,41.36
19568,treatment,tablet,0,210.41,59.74
16743,treatment,mobile,0,225.65,36.36
1721,treatment,desktop,1,201.55,49.4
13119,control,mobile,0,264.9,54.03
10680,control,mobile,0,262.99,42.26
12778,control,mobile,0,254.37,38.28
14105,control,mobile,0,280.08,36.74
18079,control,tablet,0,177.01,40.95
6792,treatment,desktop,0,163.59,46.44
16967,treatment,mobile,0,258.09,103.9
13519,control,mobile,0,224.99,24.68
9649,control,mobile,0,240.27,30.92
4216,treatment,desktop,0,244.95,59.63
19725,treatment,tablet,1,230.35,86.85
8940,control,mobile,0,208.59,68.43
14315,control,mobile,1,175.63,72.16
9862,control,mobile,0,203.56,92.88
3315,treatment,desktop,0,223.48,63.82
606,control,desktop,0,224.67,41.67
5866,treatment,desktop,1,188.43,21.56
6420,treatment,desktop,0,218.91,71.49
5994,treatment,desktop,0,204.1,51.19
12190,control,mobile,0,222.6,48.46
8735,control,mobile,0,148.1,39.07
13152,control,mobile,0,241.42,44.8
13568,control,mobile,0,197.62,134.22
15384,treatment,mobile,0,242.41,23.54
8089,treatment,desktop,0,209.12,23.1
14053,control,mobile,0,199.71,56.41
14126,control,mobile,0,208.72,98.98
17397,treatment,mobile,0,226.3,65.6
6291,treatment,desktop,0,209.87,43.11
11526,control,mobile,0,208.15,82.1
17922,control,tablet,0,216.91,87.53
13918,control,mobile,0,196.38,28.99
6836,treatment,desktop,0,152.35,33.45
8020,treatment,desktop,1,247.69,63.12
14426,control,mobile,0,199.62,58.73
2898,treatment,desktop,0,196.31,50.24
17727,control,tablet,0,216.56,40.15
4822,treatment,desktop,0,218.86,64.44
15425,treatment,mobile,0,185.65,45.15
19565,treatment,tablet,0,190.7,73.95
12608,control,mobile,0,298.79,72.51
1739,treatment,desktop,0,155.44,20.61
8222,control,mobile,0,201.92,58.65
7880,treatment,desktop,0,224.21,67.81
8043,treatment,desktop,0,208.07,39.17
12519,control,mobile,0,198.58,61.44
3982,treatment,desktop,0,199.9,46.09
1404,treatment,desktop,0,225.75,111.33
864,control,desktop,1,229.34,17.54
14086,control,mobile,0,250.94,46.71
10597,control,mobile,0,177.21,48.98
506,control,desktop,0,264.52,39.84
12895,control,mobile,0,209.56,43.45
8710,control,mobile,0,188.3,89.54
1846,treatment,desktop,0,233.4,42.86
4312,treatment,desktop,0,207.39,33.07
4943,treatment,desktop,1,238.46,59.19
17055,treatment,mobile,0,236.47,70.41
13335,control,mobile,0,207.38,19.83
16384,treatment,mobile,0,248.13,49.71
10776,control,mobile,0,194.84,26.57
1465,treatment,desktop,0,278.16,64.75
2926,treatment,desktop,0,254.68,59.91
3611,treatment,desktop,0,198.02,30.48
9557,control,mobile,0,200.33,47.41
9254,control,mobile,0,218.41,36.54
3907,treatment,desktop,0,171.99,119.08
910,control,desktop,0,252.83,87.93
17342,treatment,mobile,0,178.22,83.14
9903,control,mobile,0,229.97,27.32
9147,control,mobile,0,220.63,35.86
9151,control,mobile,0,224.77,77.49
1302,treatment,desktop,0,233.75,48.05
7302,treatment,desktop,0,201.74,58.22
3227,treatment,desktop,0,189.71,66.03
8091,treatment,desktop,0,216.21,44.79
7620,treatment,desktop,0,279.73,42.13
18915,control,tablet,0,173.53,36.29
13658,control,mobile,1,232.49,41.93
9289,control,mobile,0,219.37,91.26
8784,control,mobile,0,302.42,74.16
979,control,desktop,0,192.9,25.86
15902,treatment,mobile,0,217.14,109.11
11643,control,mobile,0,226.55,34.68
11817,control,mobile,0,287.87,47.39
11979,control,mobile,0,205.02,66.79
3878,treatment,desktop,0,186.09,86.31
10078,control,mobile,0,194.63,23.58
7714,treatment,desktop,0,228.5,38.82
16746,treatment,mobile,1,223.97,46.71
7000,treatment,desktop,0,227.79,22.1
13066,control,mobile,0,194.12,81.91
12846,control,mobile,0,254.93,39.45
17003,treatment,mobile,0,250.3,78.34
14795,control,mobile,0,246.46,56.04
7082,treatment,desktop,0,181.4,41.79
18416,control,tablet,0,238.05,44.56
7928,treatment,desktop,0,229.58,55.34
9273,control,mobile,0,237.99,46.23
11424,control,mobile,0,218.79,59.42
7860,treatment,desktop,0,221.09,72.15
3082,treatment,desktop,0,220.9,70.83
12126,control,mobile,1,162.25,54.76
17313,treatment,mobile,0,205.33,53.0
692,control,desktop,0,247.27,35.07
9284,control,mobile,0,253.65,22.46
14103,control,mobile,1,170.98,27.91
3408,treatment,desktop,0,246.65,29.92
10536,control,mobile,0,223.93,58.48
1499,treatment,desktop,0,184.65,91.99
16874,treatment,mobile,0,174.53,121.7
12740,control,mobile,0,152.54,35.12
218,control,desktop,0,258.96,23.95
4353,treatment,desktop,0,195.13,57.73
3295,treatment,desktop,0,200.55,33.93
12161,control,mobile,0,235.87,95.19
9132,control,mobile,0,241.26,145.18
11485,control,mobile,0,181.19,61.71
19430,treatment,tablet,0,203.75,40.28
8539,control,mobile,0,195.15,67.57
7614,treatment,desktop,1,208.23,48.03
6996,treatment,desktop,0,162.16,45.19
14525,control,mobile,0,195.88,60.51
5289,treatment,desktop,0,241.27,33.14
14268,control,mobile,1,225.7,66.62
13054,control,mobile,0,140.77,25.95
4739,treatment,desktop,1,207.81,57.12
4909,treatment,desktop,0,210.08,60.65
5268,treatment,desktop,0,233.43,52.19
5082,treatment,desktop,0,229.11,63.99
9707,control,mobile,0,195.12,34.84
18703,control,tablet,1,252.12,24.48
5777,treatment,desktop,0,210.74,21.91
6564,treatment,desktop,0,246.16,73.7
16505,treatment,mobile,0,208.22,64.91
5718,treatment,desktop,0,215.64,42.74
12529,control,mobile,0,220.68,19.92
10380,control,mobile,0,227.78,27.6
343,control,desktop,0,219.86,65.22
7167,treatment,desktop,0,240.26,54.36
6220,treatment,desktop,0,228.64,79.3
14530,control,mobile,0,204.68,13.53
17485,treatment,mobile,0,219.54,48.8
4573,treatment,desktop,1,184.56,28.78
7745,treatment,desktop,0,174.95,37.0
6607,treatment,desktop,1,276.51,28.65
4258,treatment,desktop,0,266.65,64.71
18250,control,tablet,0,230.53,44.32
7758,treatment,desktop,0,123.42,44.07
7343,treatment,desktop,0,226.01,63.16
5265,treatment,desktop,1,244.67,60.99
15735,treatment,mobile,0,228.92,30.51
16510,treatment,mobile,0,256.65,91.26
1246,treatment,desktop,0,196.19,32.25
19632,treatment,tablet,0,204.21,22.75
4264,treatment,desktop,1,266.37,34.08
9148,control,mobile,0,258.31,41.74
19630,treatment,tablet,0,228.46,29.23
4323,treatment,desktop,0,147.39,43.56
12924,control,mobile,0,253.36,37.46
8807,control,mobile,0,184.18,14.86
1399,treatment,desktop,1,236.61,126.18
12891,control,mobile,0,193.73,26.34
18688,control,tablet,0,251.77,39.31
967,control,desktop,0,189.64,38.48
12474,control,mobile,0,246.04,82.54
2289,treatment,desktop,1,208.45,24.76
19663,treatment,tablet,0,254.3,61.4
6844,treatment,desktop,0,211.82,47.69
14511,control,mobile,0,239.68,26.78
37,control,desktop,0,203.38,51.56
12487,control,mobile,0,220.31,45.37
14512,control,mobile,0,208.6,53.02
18371,control,tablet,0,238.03,54.01
15512,treatment,mobile,0,274.08,42.57
8165,treatment,desktop,0,242.4,50.3
11210,control,mobile,0,203.65,51.82
10573,control,mobile,1,205.48,57.58
9208,control,mobile,0,228.84,50.09
292,control,desktop,0,249.65,53.92
4206,treatment,desktop,0,217.7,62.17
831,control,desktop,0,206.62,43.81
14737,control,mobile,0,195.09,74.53
19564,treatment,tablet,0,238.14,57.74
4145,treatment,desktop,0,250.01,83.04
8926,control,mobile,0,206.7,69.13
16771,treatment,mobile,0,237.87,26.76
16346,treatment,mobile,0,238.93,30.89
4795,treatment,desktop,0,232.77,41.01
16826,treatment,mobile,0,206.82,16.86
17848,control,tablet,0,183.43,82.89
5119,treatment,desktop,0,183.9,33.09
7057,treatment,desktop,0,238.28,31.86
6872,treatment,desktop,1,238.59,38.09
17358,treatment,mobile,0,257.18,103.87
13389,control,mobile,0,190.99,96.58
17213,treatment,mobile,0,232.15,48.93
9491,control,mobile,0,137.01,32.63
5690,treatment,desktop,0,212.07,63.51
10194,control,mobile,0,249.12,20.32
4014,treatment,desktop,0,199.98,106.4
2471,treatment,desktop,1,192.99,72.23
8872,control,mobile,0,228.49,49.04
2487,treatment,desktop,1,257.04,34.95
6969,treatment,desktop,0,261.11,77.69
9160,control,mobile,0,219.72,39.45
13540,control,mobile,0,248.6,50.1
5286,treatment,desktop,0,285.62,49.87
52,control,desktop,0,231.67,50.02
16829,treatment,mobile,0,233.64,35.0
10444,control,mobile,0,255.72,53.55
3462,treatment,desktop,0,186.57,81.08
19110,treatment,tablet,0,188.1,63.78
15472,treatment,mobile,0,200.42,26.6
2050,treatment,desktop,0,230.45,41.7
7074,treatment,desktop,0,197.27,31.79
1623,treatment,desktop,0,198.48,107.34
12258,control,mobile,0,217.29,39.34
342,control,desktop,0,213.3,25.8
15229,treatment,mobile,0,168.77,48.92
12997,control,mobile,0,275.23,41.5
4257,treatment,desktop,0,179.67,43.07
5676,treatment,desktop,1,248.82,38.79
14896,control,mobile,0,233.85,48.06
19227,treatment,tablet,0,195.7,20.66
1147,control,desktop,0,199.06,26.98
10175,control,mobile,0,236.48,41.39
4826,treatment,desktop,0,260.02,30.84
2374,treatment,desktop,0,189.42,38.18
14093,control,mobile,0,159.24,69.66
2630,treatment,desktop,0,238.76,49.03
19444,treatment,tablet,0,283.39,120.9
10429,control,mobile,0,283.76,32.88
16471,treatment,mobile,0,225.82,145.63
4378,treatment,desktop,0,207.41,53.49
9638,control,mobile,0,179.48,88.77
13093,control,mobile,0,225.5,33.12
10547,control,mobile,0,221.95,56.97
18626,control,tablet,0,286.16,43.98
17956,control,tablet,0,213.67,58.06
13924,control,mobile,0,275.04,55.15
12672,control,mobile,0,242.5,39.89
18134,control,tablet,0,211.94,42.6
12593,control,mobile,0,171.91,63.41
16624,treatment,mobile,0,198.43,57.28
6222,treatment,desktop,0,196.1,36.85
7606,treatment,desktop,0,242.77,43.82
9186,control,mobile,0,217.14,25.1
9459,control,mobile,0,184.37,176.1
16452,treatment,mobile,0,238.58,47.76
9136,control,mobile,0,187.67,246.7
248,control,desktop,0,184.62,30.26
19559,treatment,tablet,0,244.16,22.12
4529,treatment,desktop,0,209.82,26.9
12781,control,mobile,0,213.75,59.88
17402,treatment,mobile,1,288.8,34.92
11500,control,mobile,0,220.32,23.92
392,control,desktop,0,167.18,59.46
3627,treatment,desktop,1,269.4,30.7
3710,treatment,desktop,1,194.66,57.81
16122,treatment,mobile,0,251.92,36.99
12265,control,mobile,0,245.43,66.48
247,control,desktop,0,236.41,37.65
19217,treatment,tablet,0,252.06,101.16
19146,treatment,tablet,0,203.44,45.75
8988,control,mobile,0,212.62,61.84
15757,treatment,mobile,0,199.39,158.51
8586,control,mobile,0,177.98,24.13
1655,treatment,desktop,0,295.12,33.25
16005,treatment,mobile,0,234.28,97.09
7352,treatment,desktop,0,189.12,78.03
6615,treatment,desktop,0,225.19,32.09
6993,treatment,desktop,0,211.63,23.31
656,control,desktop,0,268.43,182.71
9452,control,mobile,0,197.78,43.53
18540,control,tablet,0,236.49,43.77
63,control,desktop,0,218.9,77.75
18986,control,tablet,1,258.67,40.56
8532,control,mobile,0,199.07,139.68
11829,control,mobile,0,205.42,39.76
772,control,desktop,0,176.36,98.85
7656,treatment,desktop,0,226.52,42.2
18421,control,tablet,1,186.77,78.58
7631,treatment,desktop,0,190.07,44.9
4690,treatment,desktop,0,245.08,58.73
412,control,desktop,0,207.7,30.55
2929,treatment,desktop,1,250.18,73.16
198,control,desktop,0,261.92,111.72
8244,control,mobile,0,198.45,57.33
15544,treatment,mobile,0,218.09,40.81
9338,control,mobile,0,245.67,51.55
14647,control,mobile,0,243.29,32.3
3114,treatment,desktop,0,286.38,62.74
14927,control,mobile,0,177.08,83.88
19621,treatment,tablet,0,208.42,47.12
8,control,desktop,0,193.79,32.91
4245,treatment,desktop,1,263.48,58.3
11027,control,mobile,0,205.82,28.57
2798,treatment,desktop,0,198.89,36.3
10638,control,mobile,0,230.3,81.22
15317,treatment,mobile,0,263.03,21.16
15640,treatment,mobile,0,256.33,53.34
16887,treatment,mobile,0,199.14,39.4
9867,control,mobile,0,305.58,60.97
2215,treatment,desktop,1,223.37,52.67
6796,treatment,desktop,1,238.01,21.49
110,control,desktop,0,267.13,28.69
3044,treatment,desktop,0,276.36,65.32
10728,control,mobile,0,242.07,55.25
11237,control,mobile,0,169.43,66.08
18600,control,tablet,0,197.28,59.83
8939,control,mobile,0,227.06,102.96
634,control,desktop,0,199.37,68.44
10736,control,mobile,0,237.85,35.55
11818,control,mobile,0,183.22,33.23
6823,treatment,desktop,0,220.23,16.5
16741,treatment,mobile,0,249.93,37.15
3169,treatment,desktop,0,220.25,36.02
6134,treatment,desktop,0,199.5,26.56
6050,treatment,desktop,1,255.51,54.73
9247,control,mobile,0,222.18,42.06
3210,treatment,desktop,0,222.27,18.76
15309,treatment,mobile,0,206.46,56.53
4988,treatment,desktop,0,165.23,20.34
14194,control,mobile,0,237.97,91.46
9395,control,mobile,0,209.78,76.99
18789,control,tablet,0,237.93,57.32
3068,treatment,desktop,0,295.77,33.2
18261,control,tablet,0,211.46,28.52
7329,treatment,desktop,0,183.05,89.88
19377,treatment,tablet,0,237.3,28.73
18736,control,tablet,0,227.47,33.86
18682,control,tablet,0,219.36,94.68
9331,control,mobile,0,182.47,71.51
12117,control,mobile,0,226.62,126.12
5432,treatment,desktop,0,263.75,24.72
9667,control,mobile,0,233.96,37.31
11505,control,mobile,0,244.35,53.09
813,control,desktop,0,235.22,48.73
16164,treatment,mobile,0,226.5,61.51
11889,control,mobile,0,250.77,36.96
3226,treatment,desktop,0,203.82,41.68
11901,control,mobile,0,259.52,88.72
12871,control,mobile,1,160.54,35.07
16037,treatment,mobile,0,251.81,33.89
8687,control,mobile,1,171.81,68.28
14892,control,mobile,0,251.72,69.33
11142,control,mobile,0,221.6,67.0
8805,control,mobile,0,197.73,44.87
985,control,desktop,0,206.21,46.51
9089,control,mobile,0,187.57,29.29
9756,control,mobile,0,261.36,61.95
18208,control,tablet,1,280.92,102.99
1591,treatment,desktop,1,193.87,95.0
15120,treatment,mobile,0,240.87,18.65
271,control,desktop,1,223.87,31.43
10036,control,mobile,0,209.57,33.32
6707,treatment,desktop,1,194.75,35.05
7527,treatment,desktop,0,197.72,48.6
1660,treatment,desktop,0,189.09,27.97
6670,treatment,desktop,0,219.09,84.19
10799,control,mobile,0,203.11,39.79
17504,control,tablet,0,206.4,99.98
1628,treatment,desktop,0,221.43,36.22
3567,treatment,desktop,0,214.47,128.64
11118,control,mobile,0,162.76,26.84
19262,treatment,tablet,0,287.89,49.91
17627,control,tablet,0,265.04,65.85
2156,treatment,desktop,0,256.15,95.94
16766,treatment,mobile,0,204.55,120.84
5678,treatment,desktop,0,202.64,31.71
11613,control,mobile,0,253.19,40.03
16494,treatment,mobile,0,201.04,187.9
2868,treatment,desktop,0,171.22,5310.27
12260,control,mobile,0,177.35,55.8
5744,treatment,desktop,0,228.57,15.08
8639,control,mobile,0,277.61,70.42
2255,treatment,desktop,0,211.59,20.74
4581,treatment,desktop,0,204.75,257.62
19175,treatment,tablet,0,268.85,30.46
18455,control,tablet,0,155.54,17.68
18322,control,tablet,0,227.78,63.64
8144,treatment,desktop,0,232.06,98.58
18657,control,tablet,0,208.85,23.72
16632,treatment,mobile,0,206.54,139.6
14696,control,mobile,0,181.15,59.03
18499,control,tablet,0,208.33,43.22
14008,control,mobile,0,229.37,38.8
4403,treatment,desktop,1,285.31,39.83
9527,control,mobile,0,252.13,77.66
10349,control,mobile,0,206.44,25.36
4117,treatment,desktop,0,272.54,106.04
18696,control,tablet,0,274.59,40.52
16956,treatment,mobile,0,187.95,43.83
10830,control,mobile,0,258.36,60.55
12242,control,mobile,0,215.64,55.9
4843,treatment,desktop,0,197.72,38.39
15650,treatment,mobile,0,192.12,76.58
17893,control,tablet,0,234.34,36.0
5327,treatment,desktop,0,216.1,181.93
7986,treatment,desktop,0,227.5,28.73
8053,treatment,desktop,0,232.0,62.08
18999,control,tablet,0,234.12,55.61
19417,treatment,tablet,0,198.83,72.6
3150,treatment,desktop,0,187.86,56.39
785,control,desktop,0,239.95,80.87
6617,treatment,desktop,0,252.74,25.71
14334,control,mobile,0,178.67,16.27
19339,treatment,tablet,0,227.96,38.63
11534,control,mobile,0,184.88,47.31
8696,control,mobile,0,216.72,39.54
11395,control,mobile,0,200.41,19.68
12809,control,mobile,0,163.15,41.28
14675,control,mobile,0,201.08,37.87
16837,treatment,mobile,0,246.75,39.91
3420,treatment,desktop,0,214.68,57.04
2034,treatment,desktop,0,223.36,97.74
17030,treatment,mobile,0,220.63,55.66
18284,control,tablet,0,254.55,34.64
15423,treatment,mobile,0,169.58,66.35
13243,control,mobile,0,233.12,104.85
11933,control,mobile,0,216.28,42.85
15455,treatment,mobile,0,216.55,38.61
16878,treatment,mobile,0,243.5,47.5
15328,treatment,mobile,0,197.67,43.92
96,control,desktop,0,239.3,45.2
15111,treatment,mobile,0,184.79,64.42
2312,treatment,desktop,1,201.29,27.86
13308,control,mobile,0,219.7,38.4
3538,treatment,desktop,0,163.73,118.88
13512,control,mobile,0,194.38,45.62
7790,treatment,desktop,0,212.2,70.36
6896,treatment,desktop,0,214.92,87.36
15272,treatment,mobile,0,237.74,49.68
1277,treatment,desktop,0,185.85,68.48
17205,treatment,mobile,0,224.55,46.47
3299,treatment,desktop,0,223.74,52.57
2908,treatment,desktop,0,219.45,57.12
5724,treatment,desktop,0,234.05,29.39
6187,treatment,desktop,0,220.79,19.32
12561,control,mobile,0,194.83,104.78
6287,treatment,desktop,0,186.6,59.81
13589,control,mobile,0,241.66,34.29
15918,treatment,mobile,0,254.5,37.12
9330,control,mobile,0,242.5,41.85
7680,treatment,desktop,0,227.13,36.53
15588,treatment,mobile,0,239.58,40.97
7385,treatment,desktop,0,231.28,79.47
14469,control,mobile,0,219.93,66.26
10675,control,mobile,0,180.58,46.48
11757,control,mobile,0,255.16,25.25
9354,control,mobile,0,192.65,44.33
2182,treatment,desktop,0,250.0,53.2
2236,treatment,desktop,0,192.96,50.15
2785,treatment,desktop,0,176.08,76.16
19753,treatment,tablet,0,188.28,60.37
18994,control,tablet,0,197.07,38.88
15934,treatment,mobile,0,205.16,47.26
12779,control,mobile,0,175.85,18.57
17329,treatment,mobile,0,234.61,13.85
618,control,desktop,0,228.9,66.94
13189,control,mobile,0,257.32,80.92
2333,treatment,desktop,0,285.88,109.75
7445,treatment,desktop,1,232.17,28.17
8662,control,mobile,0,235.52,67.08
13489,control,mobile,0,277.56,87.94
10080,control,mobile,0,187.64,48.03
15051,control,mobile,0,278.66,50.16
3565,treatment,desktop,0,215.09,45.03
9982,control,mobile,0,243.64,31.28
1844,treatment,desktop,0,218.58,75.02
18107,control,tablet,0,242.42,37.77
1238,treatment,desktop,0,166.61,60.23
11527,control,mobile,0,235.94,36.15
14908,control,mobile,1,225.56,29.55
481,control,desktop,0,196.75,48.32
15327,treatment,mobile,0,255.23,98.24
15601,treatment,mobile,0,227.57,61.44
9701,control,mobile,0,182.76,50.04
7999,treatment,desktop,0,231.4,47.07
6760,treatment,desktop,0,232.43,54.41
13355,control,mobile,0,199.54,96.22
4566,treatment,desktop,0,188.19,28.49
17754,control,tablet,0,206.18,33.11
3244,treatment,desktop,0,187.37,70.6
12645,control,mobile,0,185.99,48.91
6734,treatment,desktop,0,267.17,36.24
14248,control,mobile,0,249.93,83.68
3070,treatment,desktop,0,182.43,58.12
3815,treatment,desktop,0,214.92,23.18
3580,treatment,desktop,0,237.82,19.75
4611,treatment,desktop,0,223.67,39.24
6417,treatment,desktop,0,184.85,155.35
16612,treatment,mobile,0,277.72,27.24
611,control,desktop,0,218.78,51.67
14889,control,mobile,0,198.92,74.92
3697,treatment,desktop,0,219.21,60.46
700,control,desktop,0,174.75,73.17
10808,control,mobile,0,194.38,34.82
16982,treatment,mobile,0,203.28,127.72
3088,treatment,desktop,0,204.32,35.09
15598,treatment,mobile,0,248.99,45.04
8325,control,mobile,0,181.41,34.29
1108,control,desktop,1,189.49,19.23
3242,treatment,desktop,0,191.49,30.45
17431,treatment,mobile,0,222.99,80.16
8280,control,mobile,0,224.48,35.63
6595,treatment,desktop,0,231.24,61.03
11129,control,mobile,0,205.31,35.18
897,control,desktop,0,233.16,48.34
5813,treatment,desktop,0,198.08,49.29
17166,treatment,mobile,0,256.46,63.75
8678,control,mobile,0,209.64,40.79
10543,control,mobile,0,232.39,78.97
2780,treatment,desktop,1,213.84,102.89
14303,control,mobile,0,196.25,59.26
1268,treatment,desktop,0,230.82,48.51
8194,treatment,desktop,0,224.93,53.18
2180,treatment,desktop,0,220.73,45.47
10959,control,mobile,0,186.31,30.7
14559,control,mobile,0,194.19,38.03
2015,treatment,desktop,0,184.72,34.07
7733,treatment,desktop,0,168.86,86.93
5688,treatment,desktop,0,248.78,44.23
15230,treatment,mobile,0,183.03,75.7
7469,treatment,desktop,0,194.98,60.17
5227,treatment,desktop,0,210.97,37.86
6137,treatment,desktop,0,203.62,81.75
15414,treatment,mobile,0,171.51,125.65
10730,control,mobile,0,232.69,52.61
2148,treatment,desktop,0,164.94,22.49
12824,control,mobile,0,223.71,13.58
11647,control,mobile,0,264.77,43.6
19983,treatment,tablet,0,220.21,102.74
484,control,desktop,0,220.71,40.96
2895,treatment,desktop,0,256.95,77.26
14085,control,mobile,0,195.42,24.0
11161,control,mobile,0,183.55,44.12
19061,treatment,tablet,0,203.65,18.18
8046,treatment,desktop,0,241.85,61.12
10945,control,mobile,0,211.91,26.0
6921,treatment,desktop,0,218.82,42.12
15620,treatment,mobile,0,181.23,35.91
18622,control,tablet,0,195.26,41.92
3427,treatment,desktop,0,267.24,48.47
13787,control,mobile,0,215.08,36.38
6518,treatment,desktop,0,254.33,130.09
19848,treatment,tablet,0,226.28,101.99
13434,control,mobile,0,152.86,98.07
2381,treatment,desktop,0,307.35,76.2
5906,treatment,desktop,0,137.99,34.59
2985,treatment,desktop,0,237.17,37.08
14630,control,mobile,0,239.53,43.67
3850,treatment,desktop,0,168.88,66.66
5612,treatment,desktop,0,261.57,38.05
16691,treatment,mobile,0,222.13,14.91
5513,treatment,desktop,0,235.37,66.11
7285,treatment,desktop,0,233.92,56.48
10714,control,mobile,0,167.69,58.7
16033,treatment,mobile,0,210.79,125.62
17037,treatment,mobile,0,213.01,46.08
11442,control,mobile,0,251.31,53.75
3814,treatment,desktop,0,231.12,168.62
14435,control,mobile,0,199.55,42.64
9387,control,mobile,0,223.17,44.05
7058,treatment,desktop,0,230.34,84.53
12040,control,mobile,0,218.49,36.69
13749,control,mobile,0,194.72,47.59
513,control,desktop,0,195.65,66.53
2981,treatment,desktop,0,220.16,30.2
4947,treatment,desktop,1,202.52,32.03
12651,control,mobile,0,248.13,50.99
12009,control,mobile,0,244.44,42.96
4246,treatment,desktop,0,178.6,78.69
2198,treatment,desktop,0,225.43,107.33
6973,treatment,desktop,0,219.61,62.18
11438,control,mobile,0,186.64,34.26
806,control,desktop,0,230.34,54.95
136,control,desktop,1,214.23,82.76
8361,control,mobile,0,275.12,51.06
3781,treatment,desktop,0,212.64,29.95
14051,control,mobile,0,212.08,41.18
933,control,desktop,0,233.42,77.74
13510,control,mobile,0,172.49,98.82
5625,treatment,desktop,1,229.92,51.77
1648,treatment,desktop,0,210.24,24.36
5733,treatment,desktop,0,232.44,25.21
12145,control,mobile,0,177.26,44.82
8589,control,mobile,0,265.31,142.08
8323,control,mobile,0,179.56,50.85
5583,treatment,desktop,0,211.77,90.66
13254,control,mobile,0,234.74,27.69
17993,control,tablet,0,160.96,24.15
2370,treatment,desktop,1,208.5,27.92
8412,control,mobile,0,201.39,27.76
12732,control,mobile,0,212.76,46.83
7820,treatment,desktop,0,262.46,55.27
5561,treatment,desktop,0,206.7,54.02
4414,treatment,desktop,0,193.36,37.37
19839,treatment,tablet,0,240.14,42.34
7039,treatment,desktop,0,203.57,49.28
5647,treatment,desktop,0,182.85,88.07
2223,treatment,desktop,1,165.82,31.81
726,control,desktop,0,235.74,73.46
17326,treatment,mobile,0,222.87,67.97
9088,control,mobile,0,160.96,37.76
14338,control,mobile,0,248.58,17.39
10821,control,mobile,0,208.04,91.87
7548,treatment,desktop,0,201.29,42.4
8239,control,mobile,0,183.55,71.74
8550,control,mobile,0,214.8,43.18
3002,treatment,desktop,0,241.97,31.11
16188,treatment,mobile,0,252.97,47.61
1552,treatment,desktop,0,206.78,29.36
6391,treatment,desktop,0,242.41,42.77
10334,control,mobile,0,237.56,74.88
15030,control,mobile,0,213.09,48.61
19917,treatment,tablet,0,303.09,64.53
4504,treatment,desktop,1,230.01,67.45
14909,control,mobile,0,218.0,53.78
16195,treatment,mobile,0,210.03,53.93
17277,treatment,mobile,0,202.07,71.08
12888,control,mobile,0,197.94,15.77
16292,treatment,mobile,0,219.4,46.04
16797,treatment,mobile,0,220.22,79.44
10600,control,mobile,0,209.73,45.13
8283,control,mobile,0,175.18,80.24
1573,treatment,desktop,0,171.27,61.37
17033,treatment,mobile,0,260.45,44.61
8957,control,mobile,0,206.48,48.94
10954,control,mobile,0,169.82,60.29
2311,treatment,desktop,0,252.1,72.53
7386,treatment,desktop,0,218.95,50.47
14958,control,mobile,0,301.37,46.33
19709,treatment,tablet,0,241.02,39.88
13666,control,mobile,0,228.96,38.65
8378,control,mobile,0,272.13,154.52
19080,treatment,tablet,0,167.87,62.84
4113,treatment,desktop,0,153.21,62.71
16555,treatment,mobile,0,244.42,24.27
17724,control,tablet,0,203.32,52.2
9300,control,mobile,0,203.06,14.55
11111,control,mobile,0,264.0,80.63
7622,treatment,desktop,1,235.77,22.93
1215,treatment,desktop,0,239.84,81.72
1750,treatment,desktop,0,170.38,62.55
1254,treatment,desktop,0,197.11,38.22
9778,control,mobile,0,200.59,31.09
17897,control,tablet,0,222.02,65.37
4551,treatment,desktop,0,243.43,52.45
8677,control,mobile,0,236.92,58.7
12299,control,mobile,0,237.63,27.77
5123,treatment,desktop,0,230.34,67.46
15736,treatment,mobile,0,243.18,52.13
15241,treatment,mobile,0,199.35,58.65
10558,control,mobile,0,196.3,97.95
19671,treatment,tablet,0,216.82,79.18
8494,control,mobile,0,180.93,41.07
490,control,desktop,0,218.38,43.63
3656,treatment,desktop,0,178.83,48.61
8967,control,mobile,0,214.84,108.63
4397,treatment,desktop,0,282.47,24.52
17146,treatment,mobile,0,232.16,32.24
14367,control,mobile,0,215.53,46.75
18873,control,tablet,0,174.87,26.21
17788,control,tablet,0,226.35,55.6
4336,treatment,desktop,0,221.14,82.21
1869,treatment,desktop,0,244.13,25.16
6837,treatment,desktop,0,218.72,44.26
1775,treatment,desktop,0,254.23,73.52
14971,control,mobile,0,215.92,43.09
3105,treatment,desktop,0,174.96,45.64
15082,control,mobile,0,246.23,88.28
9586,control,mobile,0,263.06,56.43
4531,treatment,desktop,0,256.33,71.38
2744,treatment,desktop,0,243.01,99.02
6000,treatment,desktop,1,226.61,86.45
19690,treatment,tablet,0,233.1,154.13
13615,control,mobile,0,237.94,21.72
13660,control,mobile,0,183.15,28.57
19945,treatment,tablet,0,258.95,78.29
4695,treatment,desktop,0,219.44,47.2
10775,control,mobile,0,212.84,10.07
16054,treatment,mobile,0,198.94,102.76
14262,control,mobile,0,232.6,59.25
9784,control,mobile,0,209.4,66.17
17426,treatment,mobile,0,167.88,96.74
1784,treatment,desktop,0,225.99,31.89
1005,control,desktop,1,252.42,87.24
7553,treatment,desktop,0,203.46,39.05
8900,control,mobile,0,219.08,52.92
7827,treatment,desktop,0,160.18,86.56
18474,control,tablet,0,232.81,57.44
1460,treatment,desktop,0,211.67,52.22
14432,control,mobile,0,153.3,69.18
13959,control,mobile,0,209.67,90.04
12823,control,mobile,0,230.26,86.51
15453,treatment,mobile,0,227.47,57.51
17496,treatment,mobile,0,290.2,21.38
10903,control,mobile,0,193.65,87.27
7530,treatment,desktop,0,278.26,95.02
10079,control,mobile,0,206.95,46.79
9379,control,mobile,1,267.65,93.96
4017,treatment,desktop,0,239.45,52.37
12194,control,mobile,0,147.03,104.88
3096,treatment,desktop,0,259.95,54.67
3472,treatment,desktop,0,202.76,28.08
1910,treatment,desktop,1,175.76,98.1
5558,treatment,desktop,0,271.19,25.23
5460,treatment,desktop,1,219.02,41.83
6147,treatment,desktop,0,248.11,110.51
13162,control,mobile,0,209.0,59.73
18756,control,tablet,0,234.83,47.94
3637,treatment,desktop,0,211.0,41.59
6480,treatment,desktop,0,194.14,115.05
5871,treatment,desktop,1,230.19,83.24
14068,control,mobile,0,234.08,75.01
12784,control,mobile,0,187.16,52.99
4459,treatment,desktop,0,226.56,75.31
13345,control,mobile,0,219.45,41.18
11031,control,mobile,0,214.05,36.95
11813,control,mobile,0,259.99,45.37
19825,treatment,tablet,1,235.5,23.26
13948,control,mobile,0,222.6,69.21
18689,control,tablet,0,257.02,49.41
9001,control,mobile,0,189.39,85.77
4857,treatment,desktop,0,211.14,63.3
2367,treatment,desktop,0,241.48,72.69
5402,treatment,desktop,0,221.26,56.91
14463,control,mobile,0,231.97,19.55
7379,treatment,desktop,0,168.81,94.95
9138,control,mobile,0,196.55,50.75
11042,control,mobile,0,231.88,62.63
16207,treatment,mobile,0,191.01,64.84
12833,control,mobile,1,236.15,30.29
9787,control,mobile,0,194.46,3140.4
18075,control,tablet,0,212.54,22.9
6457,treatment,desktop,0,225.42,81.05
3172,treatment,desktop,0,201.79,39.02
10800,control,mobile,0,243.53,54.98
16866,treatment,mobile,0,265.26,51.55
9417,control,mobile,0,255.06,30.74
16770,treatment,mobile,0,198.83,130.6
5574,treatment,desktop,1,218.72,24.25
6070,treatment,desktop,0,206.92,24.72
6703,treatment,desktop,0,198.86,180.03
6544,treatment,desktop,0,213.36,42.87
6616,treatment,desktop,0,194.9,24.24
14720,control,mobile,0,205.56,103.34
12393,control,mobile,0,229.88,37.13
8166,treatment,desktop,0,219.79,72.32
3576,treatment,desktop,0,235.16,50.86
6065,treatment,desktop,0,225.99,22.8
19143,treatment,tablet,0,161.48,105.18
12149,control,mobile,0,177.92,51.83
3332,treatment,desktop,0,212.38,79.32
18186,control,tablet,1,204.36,40.79
17311,treatment,mobile,0,213.29,27.7
4384,treatment,desktop,1,212.99,27.99
5905,treatment,desktop,1,208.26,40.01
9641,control,mobile,0,284.01,53.9
13488,control,mobile,0,250.31,33.48
8540,control,mobile,0,292.08,32.4
962,control,desktop,0,258.67,31.87
10971,control,mobile,0,246.19,24.05
2207,treatment,desktop,1,237.83,43.96
8047,treatment,desktop,1,229.61,44.97
12111,control,mobile,0,253.8,48.53
15985,treatment,mobile,1,179.91,57.76
13188,control,mobile,0,236.61,65.17
8620,control,mobile,0,241.09,36.16
7122,treatment,desktop,0,226.26,80.93
13785,control,mobile,0,160.15,32.89
10726,control,mobile,0,252.46,35.12
13685,control,mobile,0,234.08,80.37
11603,control,mobile,0,264.68,72.52
12314,control,mobile,1,201.41,25.16
780,control,desktop,0,202.26,76.42
4613,treatment,desktop,0,145.52,26.96
9607,control,mobile,0,195.6,35.61
2689,treatment,desktop,0,256.67,32.37
8163,treatment,desktop,0,240.19,58.34
5424,treatment,desktop,0,244.31,43.45
15352,treatment,mobile,0,231.16,22.78
9959,control,mobile,0,309.52,59.41
12488,control,mobile,0,220.85,87.64
2829,treatment,desktop,0,207.25,31.92
9508,control,mobile,0,170.27,39.2
13518,control,mobile,0,214.64,45.93
15239,treatment,mobile,0,207.8,30.16
14489,control,mobile,0,249.56,70.09
10936,control,mobile,0,220.5,55.63
17741,control,tablet,0,217.02,35.43
19952,treatment,tablet,0,225.27,84.86
12287,control,mobile,0,189.58,32.26
14023,control,mobile,0,250.06,32.56
18307,control,tablet,1,224.63,86.18
1124,control,desktop,1,198.94,54.54
15501,treatment,mobile,0,212.14,32.36
10741,control,mobile,0,211.7,32.14
11448,control,mobile,0,240.3,95.0
10545,control,mobile,0,235.9,24.48
2331,treatment,desktop,0,215.81,50.48
6295,treatment,desktop,0,220.45,37.16
447,control,desktop,0,254.72,47.33
5066,treatment,desktop,0,229.15,44.34
7535,treatment,desktop,0,171.29,22.99
5648,treatment,desktop,0,255.04,43.71
13723,control,mobile,0,219.73,26.92
19484,treatment,tablet,0,249.62,39.41
2617,treatment,desktop,0,253.88,116.7
18212,control,tablet,0,261.64,20.57
19747,treatment,tablet,0,246.83,51.22
4478,treatment,desktop,0,193.75,53.9
17454,treatment,mobile,0,214.93,34.71
13069,control,mobile,0,224.59,19.26
14169,control,mobile,1,207.25,61.83
8248,control,mobile,0,241.43,40.06
13913,control,mobile,0,276.12,49.41
4073,treatment,desktop,0,235.53,74.33
13632,control,mobile,0,226.2,22.41
12677,control,mobile,0,194.34,65.15
14683,control,mobile,0,258.97,48.36
17527,control,tablet,0,212.31,31.36
17497,treatment,mobile,0,264.64,36.45
3045,treatment,desktop,0,245.54,65.26
13149,control,mobile,0,211.73,102.56
12707,control,mobile,0,296.09,41.25
1257,treatment,desktop,0,245.48,40.4
8561,control,mobile,0,244.33,37.74
5091,treatment,desktop,0,235.76,51.77
12497,control,mobile,0,212.36,55.52
13349,control,mobile,0,211.0,66.02
14735,control,mobile,0,193.06,78.89
15931,treatment,mobile,0,210.42,55.02
15056,control,mobile,0,160.84,25.99
14309,control,mobile,0,204.38,40.27
5055,treatment,desktop,0,238.73,73.18
16090,treatment,mobile,0,173.59,71.87
13321,control,mobile,0,286.34,35.14
7100,treatment,desktop,0,158.96,28.83
12995,control,mobile,0,222.49,31.68
9588,control,mobile,1,242.12,43.36
4949,treatment,desktop,0,222.0,155.41
2891,treatment,desktop,0,285.17,55.11
19586,treatment,tablet,0,188.78,59.71
114,control,desktop,0,233.5,39.44
11301,control,mobile,0,179.39,68.1
14898,control,mobile,0,223.14,40.38
4763,treatment,desktop,0,243.45,10.98
9078,control,mobile,0,182.65,57.77
11080,control,mobile,0,185.41,37.81
517,control,desktop,0,211.47,56.66
18827,control,tablet,0,286.82,44.89
3271,treatment,desktop,0,224.08,24.46
5591,treatment,desktop,0,230.5,35.75
5702,treatment,desktop,0,237.97,55.86
19200,treatment,tablet,0,216.95,53.62
3679,treatment,desktop,0,184.23,30.09
13955,control,mobile,0,155.82,90.18
19133,treatment,tablet,0,225.99,40.27
15956,treatment,mobile,0,201.24,40.02
17285,treatment,mobile,0,233.07,39.02
16590,treatment,mobile,0,225.15,65.9
9391,control,mobile,0,187.73,78.7
5867,treatment,desktop,0,209.81,72.57
14377,control,mobile,0,213.37,69.87
138,control,desktop,0,252.74,30.43
14443,control,mobile,0,270.24,79.4
5442,treatment,desktop,0,238.14,29.36
18532,control,tablet,0,258.04,44.48
10189,control,mobile,0,216.03,47.98
19460,treatment,tablet,0,264.35,25.25
12292,control,mobile,0,229.6,73.5
1441,treatment,desktop,1,282.56,34.43
9114,control,mobile,0,228.72,139.25
4482,treatment,desktop,0,237.15,65.0
3137,treatment,desktop,0,214.47,43.86
11465,control,mobile,0,242.15,87.92
19311,treatment,tablet,0,249.2,58.43
5917,treatment,desktop,0,219.28,20.39
17508,control,tablet,0,267.7,70.84
12690,control,mobile,0,236.78,71.83
5808,treatment,desktop,0,203.65,122.74
14540,control,mobile,0,210.6,24.05
2844,treatment,desktop,0,226.53,44.79
6029,treatment,desktop,0,229.42,35.21
15774,treatment,mobile,0,285.57,33.71
201,control,desktop,0,271.39,55.69
14575,control,mobile,0,172.48,27.81
17981,control,tablet,0,236.6,61.27
13803,control,mobile,0,188.83,99.17
3342,treatment,desktop,0,240.34,85.28
6035,treatment,desktop,0,201.41,108.12
13661,control,mobile,0,205.77,32.97
2604,treatment,desktop,0,252.13,38.25
12800,control,mobile,1,246.71,94.33
9098,control,mobile,0,162.09,54.15
2553,treatment,desktop,0,240.44,39.76
12656,control,mobile,1,210.01,43.8
16173,treatment,mobile,0,227.35,24.98
15164,treatment,mobile,0,245.43,28.77
18807,control,tablet,0,247.32,72.43
17809,control,tablet,0,214.86,76.15
19755,treatment,tablet,0,191.38,40.2
19991,treatment,tablet,0,190.42,81.63
14496,control,mobile,0,225.94,38.22
5425,treatment,desktop,1,182.63,68.74
7258,treatment,desktop,0,222.32,34.37
18038,control,tablet,0,167.71,99.68
15498,treatment,mobile,0,217.6,53.87
5254,treatment,desktop,0,203.14,57.48
11404,control,mobile,0,203.06,64.93
19087,treatment,tablet,0,261.57,35.64
10711,control,mobile,0,176.93,45.67
7477,treatment,desktop,0,183.07,29.6
2013,treatment,desktop,0,298.72,25.2
19427,treatment,tablet,1,205.08,107.0
17630,control,tablet,0,250.07,30.79
14713,control,mobile,1,265.03,36.88
15566,treatment,mobile,0,209.89,46.17
488,control,desktop,0,237.29,81.35
9477,control,mobile,0,192.74,17.08
16084,treatment,mobile,0,269.58,57.79
14742,control,mobile,0,261.11,39.71
17932,control,tablet,0,229.99,49.69
911,control,desktop,0,216.93,103.85
18321,control,tablet,0,264.75,60.16
13788,control,mobile,0,241.11,71.44
7756,treatment,desktop,0,196.35,36.31
1289,treatment,desktop,0,194.82,65.75
3456,treatment,desktop,0,204.03,95.14
12405,control,mobile,0,226.43,59.95
3660,treatment,desktop,0,175.46,94.28
13920,control,mobile,0,182.05,87.47
19787,treatment,tablet,0,231.06,30.55
14451,control,mobile,0,148.6,30.07
7222,treatment,desktop,0,179.43,67.6
1633,treatment,desktop,1,230.72,29.98
9577,control,mobile,0,233.65,35.04
522,control,desktop,1,246.34,69.86
14360,control,mobile,0,201.41,57.91
14937,control,mobile,0,245.08,22.12
8739,control,mobile,0,174.54,109.13
7098,treatment,desktop,1,173.5,51.2
18005,control,tablet,0,305.49,41.42
11092,control,mobile,1,237.29,66.31
2943,treatment,desktop,0,250.15,54.99
8469,control,mobile,0,253.99,70.91
839,control,desktop,0,210.71,91.98
1109,control,desktop,0,227.27,92.58
15940,treatment,mobile,0,240.6,51.7
10285,control,mobile,0,246.17,26.02
13631,control,mobile,0,193.52,43.36
12540,control,mobile,0,170.44,32.97
17753,control,tablet,0,184.35,72.83
10063,control,mobile,0,209.57,59.89
291,control,desktop,0,166.46,40.64
190,control,desktop,0,201.7,43.98
4964,treatment,desktop,0,223.88,31.99
978,control,desktop,0,231.38,16.06
8535,control,mobile,0,210.84,49.3
70,control,desktop,0,189.22,58.63
8227,control,mobile,0,248.41,30.57
16643,treatment,mobile,0,185.37,78.04
2428,treatment,desktop,0,192.63,52.52
11441,control,mobile,0,194.1,34.16
13294,control,mobile,0,229.83,55.04
6658,treatment,desktop,1,252.39,43.2
9693,control,mobile,0,229.84,41.77
6491,treatment,desktop,1,171.96,102.39
16504,treatment,mobile,0,210.53,173.64
18943,control,tablet,0,202.47,25.51
3396,treatment,desktop,0,277.59,96.59
12494,control,mobile,0,200.24,81.67
18008,control,tablet,0,241.84,38.3
6673,treatment,desktop,0,159.56,121.51
12323,control,mobile,0,173.7,49.7
18281,control,tablet,0,238.54,57.82
11248,control,mobile,0,226.69,45.76
17009,treatment,mobile,0,229.71,22.6
5438,treatment,desktop,0,198.03,28.63
1607,treatment,desktop,1,214.48,31.72
14544,control,mobile,0,207.8,137.37
17029,treatment,mobile,0,167.94,45.59
12403,control,mobile,0,214.2,73.73
6495,treatment,desktop,1,198.29,51.54
10267,control,mobile,0,230.08,216.7
6526,treatment,desktop,0,192.75,49.17
4472,treatment,desktop,0,282.23,64.1
10583,control,mobile,0,200.04,44.97
6306,treatment,desktop,0,154.07,116.95
3652,treatment,desktop,0,176.23,52.77
7583,treatment,desktop,0,228.67,22.69
140,control,desktop,0,210.16,28.8
16574,treatment,mobile,0,228.62,22.59
575,control,desktop,0,219.08,36.58
13560,control,mobile,0,229.14,91.3
13834,control,mobile,0,139.41,33.78
3574,treatment,desktop,1,267.56,34.44
1370,treatment,desktop,0,214.12,19.11
1735,treatment,desktop,0,208.08,81.34
10758,control,mobile,0,225.74,77.38
19815,treatment,tablet,0,214.09,68.37
11635,control,mobile,0,194.07,38.01
16016,treatment,mobile,0,221.57,33.5
4605,treatment,desktop,1,216.09,48.3
12560,control,mobile,0,215.92,40.94
10393,control,mobile,0,255.04,40.72
6552,treatment,desktop,0,183.52,56.17
3214,treatment,desktop,1,179.05,56.65
15746,treatment,mobile,0,231.45,32.94
7337,treatment,desktop,0,201.6,22.48
5195,treatment,desktop,0,191.51,77.49
16025,treatment,mobile,0,206.84,57.19
11623,control,mobile,0,173.85,30.92
8706,control,mobile,0,229.9,67.69
17315,treatment,mobile,0,199.28,27.89
4748,treatment,desktop,0,216.51,88.67
5589,treatment,desktop,0,202.98,48.42
11659,control,mobile,0,229.49,116.62
7870,treatment,desktop,1,172.04,76.08
2335,treatment,desktop,1,286.65,24.87
17348,treatment,mobile,0,165.4,24.87
15176,treatment,mobile,0,232.49,12.39
10676,control,mobile,0,160.42,52.84
17598,control,tablet,0,271.06,37.2
14370,control,mobile,0,182.71,32.29
3106,treatment,desktop,0,276.04,99.91
16043,treatment,mobile,0,229.0,99.76
17014,treatment,mobile,0,205.17,81.68
15245,treatment,mobile,0,238.97,63.01
14642,control,mobile,0,225.86,20.51
11094,control,mobile,0,222.35,80.14
4563,treatment,desktop,0,218.94,27.75
16964,treatment,mobile,0,243.07,50.92
17828,control,tablet,0,225.22,70.36
5672,treatment,desktop,0,191.53,85.38
11491,control,mobile,1,202.18,51.26
10084,control,mobile,0,180.87,27.48
19692,treatment,tablet,0,290.28,54.55
18385,control,tablet,0,249.23,65.68
5836,treatment,desktop,0,228.69,41.26
16179,treatment,mobile,0,264.28,44.66
2996,treatment,desktop,0,232.85,56.48
18845,control,tablet,0,162.72,127.16
9238,control,mobile,0,239.07,35.2
19844,treatment,tablet,0,266.52,21.28
3056,treatment,desktop,0,247.62,53.78
1817,treatment,desktop,0,290.26,57.94
12898,control,mobile,0,252.72,102.4
5389,treatment,desktop,0,194.95,45.79
9348,control,mobile,0,255.89,25.18
4894,treatment,desktop,0,200.78,39.78
3549,treatment,desktop,0,234.09,25.47
17066,treatment,mobile,0,225.56,33.67
17959,control,tablet,0,225.43,35.97
13886,control,mobile,0,223.17,74.9
10824,control,mobile,0,222.45,61.32
2287,treatment,desktop,0,209.4,42.83
10464,control,mobile,0,234.59,13.35
2124,treatment,desktop,1,217.18,69.6
9966,control,mobile,0,197.47,33.44
9732,control,mobile,0,246.01,66.83
8668,control,mobile,0,222.3,80.72
3885,treatment,desktop,0,233.17,40.06
6249,treatment,desktop,0,199.93,29.23
19872,treatment,tablet,0,274.76,39.5
13218,control,mobile,0,230.29,125.59
17603,control,tablet,0,245.36,49.47
13611,control,mobile,0,185.75,42.98
6236,treatment,desktop,0,219.87,27.63
2561,treatment,desktop,1,225.47,65.35
7242,treatment,desktop,0,227.68,24.87
9192,control,mobile,0,219.38,36.68
19741,treatment,tablet,0,225.17,148.24
19206,treatment,tablet,0,155.66,62.54
7169,treatment,desktop,0,217.01,66.05
14412,control,mobile,0,221.08,68.11
3934,treatment,desktop,0,220.14,69.0
7753,treatment,desktop,0,246.9,76.2
578,control,desktop,0,187.08,128.94
11516,control,mobile,0,212.19,81.73
12309,control,mobile,0,188.9,53.18
85,control,desktop,0,216.41,42.47
2779,treatment,desktop,0,231.23,27.98
11420,control,mobile,0,187.38,30.41
2048,treatment,desktop,0,172.09,58.5
6392,treatment,desktop,0,152.51,27.49
19104,treatment,tablet,0,228.3,60.74
13919,control,mobile,0,202.2,61.97
9280,control,mobile,0,227.92,86.49
10479,control,mobile,0,163.81,56.49
13995,control,mobile,1,211.54,40.29
9750,control,mobile,0,183.17,44.32
9567,control,mobile,0,174.61,25.02
1092,control,desktop,0,245.96,109.71
11663,control,mobile,0,187.2,140.37
10881,control,mobile,1,181.75,88.08
6903,treatment,desktop,0,257.69,30.74
1583,treatment,desktop,0,229.95,208.66
5769,treatment,desktop,0,258.42,63.12
19976,treatment,tablet,0,172.06,92.22
6315,treatment,desktop,0,236.62,41.45
10863,control,mobile,0,224.04,44.28
549,control,desktop,1,200.5,19.34
1220,treatment,desktop,0,222.19,91.18
7181,treatment,desktop,0,180.84,21.68
14548,control,mobile,0,237.97,29.8
14099,control,mobile,1,249.45,30.08
2507,treatment,desktop,0,218.9,118.6
8040,treatment,desktop,0,212.37,44.17
10774,control,mobile,0,200.18,93.01
10653,control,mobile,0,197.58,81.6
5910,treatment,desktop,0,198.44,68.38
18304,control,tablet,0,201.3,48.99
10924,control,mobile,0,285.02,27.23
15361,treatment,mobile,0,201.15,75.97
900,control,desktop,0,187.42,65.65
19854,treatment,tablet,1,207.45,89.13
19688,treatment,tablet,0,214.19,32.31
18118,control,tablet,0,188.21,103.22
8624,control,mobile,0,193.42,101.87
1799,treatment,desktop,1,173.8,28.2
8841,control,mobile,0,206.56,81.19
8478,control,mobile,0,136.44,66.37
2491,treatment,desktop,1,203.17,60.25
61,control,desktop,0,207.58,53.47
17143,treatment,mobile,0,207.55,49.31
16282,treatment,mobile,0,206.64,63.62
11529,control,mobile,0,217.57,43.87
5632,treatment,desktop,0,252.11,34.15
13730,control,mobile,0,236.69,48.15
15348,treatment,mobile,0,197.0,63.8
6470,treatment,desktop,0,233.02,41.11
4837,treatment,desktop,0,245.86,103.43
7851,treatment,desktop,0,187.82,57.63
17020,treatment,mobile,0,216.27,113.88
8437,control,mobile,0,222.66,50.44
5700,treatment,desktop,0,238.54,74.56
12048,control,mobile,0,199.75,68.35
12459,control,mobile,0,242.36,48.03
6755,treatment,desktop,0,231.33,32.57
4929,treatment,desktop,1,250.52,42.15
18646,control,tablet,0,285.15,36.83
19449,treatment,tablet,0,215.08,24.91
9634,control,mobile,0,184.37,56.19
4942,treatment,desktop,1,247.63,49.95
17247,treatment,mobile,0,220.2,44.0
18773,control,tablet,0,200.63,15.08
9392,control,mobile,0,208.46,45.83
402,control,desktop,0,201.0,25.26
4588,treatment,desktop,1,237.06,51.71
1362,treatment,desktop,0,248.21,43.97
13770,control,mobile,0,210.13,36.37
8865,control,mobile,1,200.4,12.64
12606,control,mobile,0,180.98,38.03
11679,control,mobile,0,207.88,81.7
12000,control,mobile,0,214.61,81.57
5014,treatment,desktop,0,247.88,70.53
2038,treatment,desktop,0,225.37,28.01
1702,treatment,desktop,1,210.89,68.26
3378,treatment,desktop,0,211.72,17.03
12115,control,mobile,0,225.79,50.56
3388,treatment,desktop,0,172.74,51.11
4713,treatment,desktop,0,256.32,27.32
6320,treatment,desktop,0,226.06,26.32
4311,treatment,desktop,0,191.88,77.0
18330,control,tablet,0,190.45,73.56
5935,treatment,desktop,1,273.6,59.65
8640,control,mobile,0,189.07,31.55
12893,control,mobile,0,229.07,67.33
9107,control,mobile,0,250.69,43.76
19481,treatment,tablet,0,190.4,30.77
7283,treatment,desktop,0,238.24,68.51
13827,control,mobile,0,152.23,31.76
12554,control,mobile,0,245.49,34.46
14228,control,mobile,0,169.88,29.53
433,control,desktop,0,185.09,100.16
4315,treatment,desktop,0,180.76,76.71
7731,treatment,desktop,1,239.45,47.03
18347,control,tablet,0,182.85,81.9
10875,control,mobile,0,241.78,32.3
18790,control,tablet,0,237.79,87.77
2793,treatment,desktop,0,238.97,56.98
5098,treatment,desktop,1,201.72,163.04
5556,treatment,desktop,0,172.83,49.43
18528,control,tablet,1,232.14,24.11
9995,control,mobile,0,173.56,31.8
5274,treatment,desktop,0,199.81,34.21
2546,treatment,desktop,0,249.2,70.42
9957,control,mobile,0,249.78,21.41
15093,control,mobile,1,187.7,90.18
7554,treatment,desktop,0,182.75,84.5
5436,treatment,desktop,0,198.33,54.39
1893,treatment,desktop,1,232.08,51.87
18617,control,tablet,0,230.4,59.5
9086,control,mobile,0,170.69,17.96
819,control,desktop,0,253.49,31.12
17236,treatment,mobile,0,265.94,39.98
16392,treatment,mobile,0,185.57,62.12
13447,control,mobile,0,263.0,61.02
4345,treatment,desktop,0,210.15,29.5
5468,treatment,desktop,0,223.98,155.21
5102,treatment,desktop,0,212.9,61.04
8447,control,mobile,0,262.6,50.78
4587,treatment,desktop,0,234.51,55.82
4055,treatment,desktop,0,247.84,73.03
400,control,desktop,0,186.81,77.53
3023,treatment,desktop,0,211.81,99.18
9053,control,mobile,0,204.59,62.67
6685,treatment,desktop,0,195.0,76.87
8645,control,mobile,0,193.0,49.22
16385,treatment,mobile,0,211.75,40.01
7763,treatment,desktop,0,240.79,29.7
6762,treatment,desktop,0,186.2,96.67
9397,control,mobile,0,165.26,23.25
19547,treatment,tablet,0,230.29,46.47
9747,control,mobile,0,173.8,63.4
4400,treatment,desktop,0,227.91,20.04
10823,control,mobile,1,265.9,64.45
17902,control,tablet,0,238.42,39.27
14977,control,mobile,1,199.34,38.54
18422,control,tablet,0,195.11,106.01
18757,control,tablet,0,214.72,39.81
4420,treatment,desktop,1,230.81,43.41
133,control,desktop,1,213.39,40.25
4571,treatment,desktop,0,273.52,29.37
2873,treatment,desktop,0,169.23,76.62
13357,control,mobile,0,200.0,44.99
9896,control,mobile,0,179.82,11.23
17953,control,tablet,0,217.82,25.9
16667,treatment,mobile,0,168.58,29.22
5079,treatment,desktop,0,207.49,161.47
11839,control,mobile,0,201.14,69.27
15141,treatment,mobile,0,220.24,133.11
16682,treatment,mobile,0,193.78,34.36
15711,treatment,mobile,0,262.03,52.41
10989,control,mobile,0,222.12,50.61
16655,treatment,mobile,0,196.07,35.1
2068,treatment,desktop,0,251.42,102.4
13123,control,mobile,0,231.42,32.76
1102,control,desktop,0,218.68,57.04
4023,treatment,desktop,0,244.7,28.4
13585,control,mobile,0,229.09,32.55
18665,control,tablet,0,214.78,54.23
638,control,desktop,0,290.17,55.13
16218,treatment,mobile,0,200.78,40.27
4545,treatment,desktop,0,251.8,65.54
4513,treatment,desktop,1,269.22,44.77
13732,control,mobile,0,213.52,71.36
9259,control,mobile,0,199.22,85.07
6265,treatment,desktop,1,206.52,57.86
6461,treatment,desktop,0,236.89,16.03
10059,control,mobile,0,209.92,142.34
7523,treatment,desktop,1,230.02,54.06
7519,treatment,desktop,0,241.4,33.21
17912,control,tablet,0,243.74,57.95
10481,control,mobile,0,197.02,95.98
8241,control,mobile,0,234.58,3567.33
13475,control,mobile,0,257.46,62.76
7076,treatment,desktop,0,206.02,34.61
8709,control,mobile,0,240.49,36.33
18809,control,tablet,0,247.79,50.91
3909,treatment,desktop,0,235.67,77.69
11904,control,mobile,0,235.26,36.65
6602,treatment,desktop,0,252.11,96.68
3492,treatment,desktop,0,251.45,38.65
4405,treatment,desktop,0,210.22,38.43
11641,control,mobile,0,203.82,60.46
19451,treatment,tablet,0,225.96,45.69
1574,treatment,desktop,0,202.27,29.88
4139,treatment,desktop,0,226.66,63.33
12432,control,mobile,0,251.39,111.62
6790,treatment,desktop,0,235.84,49.48
18717,control,tablet,0,239.11,33.34
14612,control,mobile,0,243.02,32.69
9095,control,mobile,0,240.63,25.83
1830,treatment,desktop,1,244.73,80.21
14235,control,mobile,0,199.71,32.68
5885,treatment,desktop,0,223.58,53.21
15980,treatment,mobile,0,181.52,102.83
18659,control,tablet,1,238.49,42.9
3155,treatment,desktop,1,158.44,20.55
3359,treatment,desktop,0,179.04,54.41
4685,treatment,desktop,0,239.83,61.4
122,control,desktop,1,260.69,105.79
8126,treatment,desktop,0,224.34,62.93
4048,treatment,desktop,0,237.3,55.34
6302,treatment,desktop,1,213.09,104.27
2144,treatment,desktop,0,237.0,23.27
8819,control,mobile,0,198.71,18.57
15872,treatment,mobile,0,231.3,91.39
19715,treatment,tablet,0,202.64,26.5
1692,treatment,desktop,1,194.2,26.35
13608,control,mobile,0,165.44,50.18
7900,treatment,desktop,0,212.65,25.1
6573,treatment,desktop,1,183.41,206.8
14495,control,mobile,0,247.97,33.1
6345,treatment,desktop,0,264.57,33.25
9215,control,mobile,0,218.82,121.76
533,control,desktop,0,242.63,77.7
7979,treatment,desktop,0,198.37,45.37
14257,control,mobile,0,195.69,74.98
4547,treatment,desktop,0,185.8,44.4
15894,treatment,mobile,0,195.1,64.87
4124,treatment,desktop,0,213.65,77.68
3200,treatment,desktop,0,181.58,28.62
11706,control,mobile,0,213.89,81.99
6435,treatment,desktop,0,269.49,63.95
8255,control,mobile,0,285.35,64.04
17639,control,tablet,0,153.9,39.26
16841,treatment,mobile,0,284.76,28.12
280,control,desktop,1,228.73,87.74
12733,control,mobile,0,257.34,53.62
4783,treatment,desktop,0,253.63,72.21
8404,control,mobile,0,161.06,52.07
3051,treatment,desktop,0,272.9,92.86
8526,control,mobile,0,292.13,39.72
12636,control,mobile,0,200.72,51.25
5992,treatment,desktop,0,232.23,54.23
566,control,desktop,0,205.69,90.47
13151,control,mobile,0,208.84,23.18
9412,control,mobile,0,205.9,69.45
1322,treatment,desktop,0,214.52,81.16
18465,control,tablet,0,245.59,34.87
5752,treatment,desktop,0,197.39,62.62
14824,control,mobile,0,210.55,32.76
14021,control,mobile,0,238.85,54.88
2586,treatment,desktop,0,229.16,41.09
17273,treatment,mobile,0,244.61,61.0
17743,control,tablet,1,230.91,24.59
14837,control,mobile,0,257.98,27.69
4487,treatment,desktop,1,255.74,160.67
7984,treatment,desktop,0,242.38,27.75
13634,control,mobile,0,176.28,64.62
19537,treatment,tablet,0,239.81,67.54
1612,treatment,desktop,0,252.21,78.3
1935,treatment,desktop,0,249.42,32.58
16671,treatment,mobile,0,260.3,45.42
16240,treatment,mobile,0,200.92,25.89
206,control,desktop,1,218.91,42.78
15891,treatment,mobile,0,186.59,48.48
12200,control,mobile,0,256.21,45.86
9524,control,mobile,0,252.96,21.51
4232,treatment,desktop,0,229.64,34.57
4887,treatment,desktop,0,209.41,29.03
13946,control,mobile,0,229.72,40.54
11058,control,mobile,0,240.13,100.79
10191,control,mobile,0,248.7,40.85
4839,treatment,desktop,0,180.73,65.54
19665,treatment,tablet,0,202.87,61.87
14823,control,mobile,0,245.86,52.26
11412,control,mobile,0,194.32,50.11
1111,control,desktop,0,192.98,27.22
6471,treatment,desktop,0,215.18,74.02
5012,treatment,desktop,0,177.24,29.21
12885,control,mobile,0,197.99,48.77
6899,treatment,desktop,0,202.5,22.72
5861,treatment,desktop,0,252.68,50.17
622,control,desktop,1,254.42,42.66
12150,control,mobile,0,241.38,34.81
19864,treatment,tablet,0,198.06,89.52
13207,control,mobile,0,280.49,18.73
19039,treatment,tablet,0,184.04,23.67
10669,control,mobile,0,157.97,80.98
5454,treatment,desktop,0,205.64,53.67
11068,control,mobile,0,212.13,34.89
5893,treatment,desktop,0,197.25,96.28
19910,treatment,tablet,0,200.33,48.11
6062,treatment,desktop,1,223.64,38.91
17640,control,tablet,0,222.73,81.5
17734,control,tablet,0,237.79,72.57
2869,treatment,desktop,0,230.63,5247.6
7051,treatment,desktop,0,189.36,22.81
1471,treatment,desktop,0,232.46,30.27
14884,control,mobile,0,169.97,40.37
8390,control,mobile,0,190.77,67.79
2550,treatment,desktop,0,243.65,17.32
6863,treatment,desktop,0,229.62,98.12
14723,control,mobile,0,167.52,103.49
4532,treatment,desktop,1,235.7,56.9
12717,control,mobile,0,214.86,100.33
12925,control,mobile,0,205.92,145.41
7886,treatment,desktop,0,231.2,51.77
9825,control,mobile,1,239.36,57.55
12930,control,mobile,0,183.01,43.6
16030,treatment,mobile,0,219.35,25.88
2830,treatment,desktop,0,208.34,48.87
18876,control,tablet,0,255.8,33.49
6153,treatment,desktop,0,199.83,45.36
15416,treatment,mobile,0,265.2,59.52
10278,control,mobile,0,232.54,58.18
18325,control,tablet,0,208.73,84.33
12042,control,mobile,0,236.07,11.16
14312,control,mobile,0,247.91,67.96
15117,treatment,mobile,0,216.91,95.79
3012,treatment,desktop,0,245.2,18.81
7718,treatment,desktop,0,223.52,14.58
7023,treatment,desktop,0,180.03,40.36
2011,treatment,desktop,0,212.55,57.08
11382,control,mobile,0,218.09,76.79
6770,treatment,desktop,0,234.06,23.96
12769,control,mobile,0,241.13,117.75
14767,control,mobile,0,217.15,31.75
2240,treatment,desktop,0,212.4,47.27
17725,control,tablet,0,227.21,133.38
2531,treatment,desktop,0,243.15,19.57
10608,control,mobile,0,204.16,94.7
12037,control,mobile,0,272.99,87.2
19351,treatment,tablet,0,198.76,95.68
1403,treatment,desktop,0,176.09,65.78
19388,treatment,tablet,0,217.62,59.6
16118,treatment,mobile,0,185.45,81.83
7380,treatment,desktop,0,254.24,29.56
7017,treatment,desktop,0,244.88,124.63
5795,treatment,desktop,0,207.62,92.22
8230,control,mobile,0,146.03,38.79
10932,control,mobile,0,219.14,37.3
8305,control,mobile,0,229.79,102.14
8048,treatment,desktop,0,214.62,27.45
9678,control,mobile,0,187.1,54.4
14316,control,mobile,0,249.42,37.16
137,control,desktop,1,195.74,39.44
5507,treatment,desktop,0,173.85,50.87
11668,control,mobile,0,236.72,75.91
6634,treatment,desktop,0,212.89,74.4
7119,treatment,desktop,0,253.32,42.21
2909,treatment,desktop,1,185.83,55.33
9827,control,mobile,0,255.27,5862.82
8943,control,mobile,0,242.53,49.01
10744,control,mobile,0,256.95,46.23
3626,treatment,desktop,0,250.75,54.13
4227,treatment,desktop,0,241.31,40.95
7692,treatment,desktop,1,218.18,40.12
3818,treatment,desktop,0,226.82,76.77
17579,control,tablet,0,227.89,36.91
3154,treatment,desktop,0,263.82,38.92
9846,control,mobile,0,256.68,79.58
14998,control,mobile,0,279.61,41.3
6150,treatment,desktop,0,196.98,28.73
3529,treatment,desktop,0,163.91,164.13
1640,treatment,desktop,0,276.01,79.45
14424,control,mobile,0,214.0,51.69
15085,control,mobile,0,234.65,63.32
17098,treatment,mobile,0,251.74,47.65
1970,treatment,desktop,0,242.26,103.84
12063,control,mobile,0,173.95,64.54
432,control,desktop,0,203.89,45.33
3331,treatment,desktop,0,231.37,68.44
1770,treatment,desktop,0,177.99,58.76
19047,treatment,tablet,0,216.32,72.37
5334,treatment,desktop,0,149.86,18.82
10338,control,mobile,0,289.57,86.54
4421,treatment,desktop,0,209.76,22.39
9265,control,mobile,0,191.73,41.43
17298,treatment,mobile,0,205.82,68.27
13711,control,mobile,0,183.64,5487.91
10218,control,mobile,0,241.96,33.41
3520,treatment,desktop,1,214.86,41.8
15818,treatment,mobile,0,262.56,58.35
7441,treatment,desktop,0,228.95,27.74
8770,control,mobile,0,165.76,60.62
9990,control,mobile,0,159.05,38.39
17189,treatment,mobile,0,201.96,64.63
12321,control,mobile,0,169.82,20.54
7412,treatment,desktop,1,190.57,16.41
16156,treatment,mobile,0,189.06,50.13
12952,control,mobile,0,204.0,81.45
8978,control,mobile,0,200.15,51.41
10477,control,mobile,0,202.45,34.45
8994,control,mobile,0,228.46,37.32
14201,control,mobile,0,227.09,32.98
2293,treatment,desktop,0,203.55,27.21
16294,treatment,mobile,0,248.79,31.32
7536,treatment,desktop,1,181.08,86.24
18233,control,tablet,0,198.1,45.38
1366,treatment,desktop,1,189.78,28.48
7713,treatment,desktop,1,168.27,83.21
1978,treatment,desktop,0,218.72,70.07
10122,control,mobile,0,239.21,62.7
5184,treatment,desktop,0,211.56,38.02
17144,treatment,mobile,0,182.45,49.11
18402,control,tablet,0,223.52,58.61
1726,treatment,desktop,0,248.61,56.74
3467,treatment,desktop,1,203.67,55.0
14777,control,mobile,0,249.88,5316.65
6087,treatment,desktop,0,236.16,57.05
1733,treatment,desktop,0,244.84,29.57
9704,control,mobile,0,191.81,50.79
19124,treatment,tablet,0,215.05,44.13
19730,treatment,tablet,0,202.88,96.18
189,control,desktop,0,222.45,81.27
3184,treatment,desktop,0,189.73,46.57
15514,treatment,mobile,0,221.25,44.28
12850,control,mobile,0,231.09,43.25
10255,control,mobile,1,206.16,58.62
4591,treatment,desktop,0,201.54,23.01
4569,treatment,desktop,0,202.76,27.59
15629,treatment,mobile,0,207.76,54.99
7765,treatment,desktop,1,219.91,105.86
15000,control,mobile,0,219.64,34.75
10150,control,mobile,0,220.73,47.88
8464,control,mobile,0,240.42,20.09
8156,treatment,desktop,0,207.46,46.97
4047,treatment,desktop,0,203.56,102.41
8013,treatment,desktop,0,301.17,43.79
12421,control,mobile,0,214.34,60.02
14740,control,mobile,0,195.22,29.65
14763,control,mobile,0,182.49,48.68
11091,control,mobile,0,199.83,38.92
12116,control,mobile,0,217.89,10.11
1524,treatment,desktop,0,210.67,44.44
1426,treatment,desktop,1,267.42,49.44
10985,control,mobile,0,209.62,34.39
7657,treatment,desktop,0,229.2,59.67
15235,treatment,mobile,0,168.84,38.72
5490,treatment,desktop,0,304.11,99.59
12345,control,mobile,0,205.71,35.11
14371,control,mobile,0,238.15,54.05
15753,treatment,mobile,0,242.99,59.55
5067,treatment,desktop,0,206.66,75.98
7032,treatment,desktop,0,254.2,178.45
17994,control,tablet,0,253.53,32.66
14011,control,mobile,0,254.3,18.86
6610,treatment,desktop,0,250.63,101.97
10566,control,mobile,0,244.61,39.7
3629,treatment,desktop,0,214.89,54.64
18039,control,tablet,1,184.64,172.05
17374,treatment,mobile,0,179.78,37.47
14207,control,mobile,0,213.43,28.28
2467,treatment,desktop,0,195.79,21.54
11131,control,mobile,0,260.23,26.29
4276,treatment,desktop,0,215.43,40.02
15312,treatment,mobile,0,234.44,28.17
1456,treatment,desktop,0,192.85,26.59
13126,control,mobile,0,202.69,48.81
15677,treatment,mobile,0,214.08,47.42
15369,treatment,mobile,0,220.11,42.08
1106,control,desktop,0,206.13,46.17
5796,treatment,desktop,0,242.13,39.83
7791,treatment,desktop,0,238.23,40.51
3865,treatment,desktop,1,198.8,35.18
8666,control,mobile,0,207.64,54.97
1746,treatment,desktop,0,237.23,125.38
5083,treatment,desktop,0,287.22,47.56
8543,control,mobile,0,229.63,34.29
17668,control,tablet,0,204.7,22.09
18587,control,tablet,0,237.97,69.24
16396,treatment,mobile,0,236.95,32.81
1538,treatment,desktop,0,233.34,160.6
16838,treatment,mobile,0,196.59,154.88
9996,control,mobile,0,255.74,57.81
5873,treatment,desktop,1,274.31,129.42
19261,treatment,tablet,0,194.88,110.97
16342,treatment,mobile,0,242.14,71.01
6454,treatment,desktop,0,213.44,27.94
17227,treatment,mobile,0,231.17,38.13
8396,control,mobile,0,193.56,84.79
12662,control,mobile,0,215.66,33.12
17558,control,tablet,0,225.26,75.3
16357,treatment,mobile,1,256.78,72.69
894,control,desktop,0,241.45,53.08
10935,control,mobile,0,256.04,69.94
10859,control,mobile,0,184.28,47.18
18311,control,tablet,0,229.19,88.71
5145,treatment,desktop,0,228.69,50.6
7936,treatment,desktop,0,213.81,47.92
7752,treatment,desktop,0,240.56,54.57
15886,treatment,mobile,0,244.06,60.33
7822,treatment,desktop,0,198.36,54.35
7699,treatment,desktop,0,252.21,45.99
1278,treatment,desktop,0,165.35,47.27
17333,treatment,mobile,0,243.58,40.24
7826,treatment,desktop,0,177.13,52.62
18415,control,tablet,0,262.49,40.62
17798,control,tablet,0,277.42,21.74
13439,control,mobile,0,262.84,53.72
5617,treatment,desktop,0,227.88,62.24
2708,treatment,desktop,0,248.39,36.27
1889,treatment,desktop,0,196.81,48.19
8078,treatment,desktop,0,208.33,116.03
12668,control,mobile,0,172.96,33.47
14825,control,mobile,0,209.78,55.88
4626,treatment,desktop,0,193.47,36.69
12918,control,mobile,0,213.64,24.36
3334,treatment,desktop,0,231.82,41.9
17153,treatment,mobile,0,230.28,81.56
11745,control,mobile,0,228.5,45.09
3262,treatment,desktop,0,275.92,37.58
17000,treatment,mobile,0,169.64,132.31
5340,treatment,desktop,1,255.08,106.23
19405,treatment,tablet,0,188.11,19.11
4415,treatment,desktop,0,227.2,80.66
19164,treatment,tablet,0,177.92,73.46
3194,treatment,desktop,0,147.09,41.83
6188,treatment,desktop,0,195.44,64.91
10412,control,mobile,0,264.93,158.05
13774,control,mobile,1,271.85,114.16
6063,treatment,desktop,0,255.82,70.4
15376,treatment,mobile,0,222.67,53.18
10376,control,mobile,0,252.84,37.68
19816,treatment,tablet,0,305.36,90.26
14672,control,mobile,0,197.35,41.92
1610,treatment,desktop,0,236.61,192.39
13881,control,mobile,0,218.22,37.88
59,control,desktop,0,222.23,36.75
17999,control,tablet,0,152.98,24.42
525,control,desktop,0,190.35,46.84
2232,treatment,desktop,0,213.69,195.01
2308,treatment,desktop,0,253.95,58.26
9712,control,mobile,0,255.27,48.13
19959,treatment,tablet,0,253.47,174.17
7212,treatment,desktop,1,269.85,72.62
6530,treatment,desktop,0,198.42,69.3
10006,control,mobile,0,210.45,28.16
1152,control,desktop,1,153.63,64.03
746,control,desktop,0,207.27,66.37
6871,treatment,desktop,0,176.55,69.62
19105,treatment,tablet,0,239.64,36.15
7969,treatment,desktop,0,227.95,196.84
10922,control,mobile,0,221.85,46.9
8080,treatment,desktop,0,257.11,44.48
3722,treatment,desktop,0,224.51,31.2
15807,treatment,mobile,0,245.56,35.85
7819,treatment,desktop,1,273.47,54.49
10022,control,mobile,0,217.08,91.67
19403,treatment,tablet,0,219.95,36.8
9601,control,mobile,0,217.6,46.13
7291,treatment,desktop,0,224.14,37.07
11330,control,mobile,0,227.86,47.29
9169,control,mobile,1,182.7,39.78
17363,treatment,mobile,0,248.73,94.44
10623,control,mobile,0,239.96,30.66
372,control,desktop,0,205.61,52.01
7740,treatment,desktop,0,216.0,39.59
16360,treatment,mobile,0,245.45,60.3
12132,control,mobile,0,218.13,39.91
19637,treatment,tablet,0,254.86,24.17
1021,control,desktop,1,192.68,57.46
15338,treatment,mobile,0,216.95,63.78
12184,control,mobile,0,229.7,110.09
3523,treatment,desktop,0,245.72,84.81
1373,treatment,desktop,0,205.02,32.39
5756,treatment,desktop,0,218.18,152.48
13324,control,mobile,0,186.38,108.84
7369,treatment,desktop,0,192.06,99.7
8051,treatment,desktop,0,207.57,34.2
17471,treatment,mobile,0,261.18,67.62
18655,control,tablet,0,198.07,29.07
8190,treatment,desktop,0,227.19,65.98
19618,treatment,tablet,0,204.98,85.25
15848,treatment,mobile,0,182.13,51.87
438,control,desktop,0,210.43,70.65
13604,control,mobile,0,159.74,22.38
8583,control,mobile,0,207.61,113.7
14935,control,mobile,0,259.55,28.86
18019,control,tablet,0,223.82,36.21
8218,control,mobile,0,230.38,17.43
12456,control,mobile,0,176.01,68.98
16767,treatment,mobile,0,170.2,16.45
8496,control,mobile,0,203.78,31.45
7512,treatment,desktop,1,234.56,29.62
9866,control,mobile,0,220.63,86.54
7720,treatment,desktop,0,228.35,85.57
4115,treatment,desktop,1,273.48,26.4
4451,treatment,desktop,0,210.44,24.15
14515,control,mobile,0,196.43,87.6
14415,control,mobile,0,262.26,75.5
3772,treatment,desktop,0,251.57,52.98
3889,treatment,desktop,0,217.38,64.0
10812,control,mobile,0,252.16,76.24
14940,control,mobile,0,216.64,82.49
14448,control,mobile,0,255.45,81.35
12206,control,mobile,0,227.18,42.19
12469,control,mobile,0,217.67,64.06
15362,treatment,mobile,0,242.58,107.42
672,control,desktop,0,272.11,45.02
4919,treatment,desktop,0,203.24,56.19
60,control,desktop,0,183.21,29.74
7959,treatment,desktop,0,255.1,60.59
13922,control,mobile,0,223.68,48.84
19228,treatment,tablet,0,205.75,25.89
1604,treatment,desktop,0,235.96,84.76
2528,treatment,desktop,0,188.0,150.01
828,control,desktop,0,274.2,92.77
4782,treatment,desktop,0,250.72,81.39
19479,treatment,tablet,0,238.05,42.04
9240,control,mobile,0,239.08,37.78
16926,treatment,mobile,0,249.24,50.41
4104,treatment,desktop,1,195.86,112.37
4111,treatment,desktop,0,221.65,66.65
15471,treatment,mobile,1,257.57,46.93
3219,treatment,desktop,0,258.66,34.66
18049,control,tablet,0,229.29,64.7
14553,control,mobile,0,244.75,29.42
13871,control,mobile,0,236.97,58.21
11431,control,mobile,0,270.25,24.77
17453,treatment,mobile,0,202.79,70.33
18335,control,tablet,0,232.34,32.01
16535,treatment,mobile,0,232.03,39.36
13263,control,mobile,1,202.81,64.52
16581,treatment,mobile,0,280.24,63.95
13731,control,mobile,0,184.19,37.85
11313,control,mobile,0,230.14,54.83
7644,treatment,desktop,0,202.65,79.5
1549,treatment,desktop,0,185.93,81.36
19954,treatment,tablet,0,226.16,29.95
18397,control,tablet,0,219.51,81.14
19034,treatment,tablet,0,272.49,78.57
7257,treatment,desktop,1,238.44,70.69
2247,treatment,desktop,0,209.38,26.65
3735,treatment,desktop,0,217.64,49.94
5900,treatment,desktop,0,244.33,43.16
1717,treatment,desktop,0,219.09,20.6
6025,treatment,desktop,0,189.61,29.13
14953,control,mobile,0,186.66,83.82
5569,treatment,desktop,0,214.1,99.5
19308,treatment,tablet,0,226.12,28.98
13721,control,mobile,0,181.3,54.13
3987,treatment,desktop,0,257.31,148.1
12535,control,mobile,0,213.75,105.13
1143,control,desktop,0,231.32,69.62
6109,treatment,desktop,0,201.48,45.3
16070,treatment,mobile,1,184.79,66.4
6817,treatment,desktop,0,218.52,56.75
18645,control,tablet,0,201.68,21.69
1462,treatment,desktop,0,238.93,66.67
7961,treatment,desktop,0,267.4,35.99
10282,control,mobile,0,245.73,25.68
1285,treatment,desktop,0,203.44,58.2
17434,treatment,mobile,0,187.46,57.76
11616,control,mobile,0,230.16,66.87
14580,control,mobile,0,256.44,20.19
15496,treatment,mobile,0,236.1,80.55
3034,treatment,desktop,0,191.32,19.95
7210,treatment,desktop,0,259.47,56.63
6240,treatment,desktop,0,212.67,43.46
6571,treatment,desktop,0,217.16,34.08
8693,control,mobile,0,227.71,32.17
10339,control,mobile,0,235.15,113.35
18440,control,tablet,0,233.94,27.71
12127,control,mobile,0,167.49,25.87
4888,treatment,desktop,0,150.9,30.37
1190,control,desktop,1,178.33,49.29
17678,control,tablet,0,236.45,29.28
14481,control,mobile,0,169.69,28.23
570,control,desktop,0,202.1,44.96
6374,treatment,desktop,0,191.97,16.15
2800,treatment,desktop,0,190.72,60.0
16114,treatment,mobile,0,196.47,35.51
6089,treatment,desktop,0,196.3,78.45
17343,treatment,mobile,0,184.77,41.26
9984,control,mobile,0,203.03,36.53
9856,control,mobile,0,210.53,85.59
15830,treatment,mobile,0,191.42,64.92
15486,treatment,mobile,0,216.94,36.14
6900,treatment,desktop,0,245.75,25.54
8038,treatment,desktop,0,211.11,79.7
1781,treatment,desktop,0,229.84,45.38
18355,control,tablet,0,253.22,23.73
6105,treatment,desktop,0,212.87,27.6
9272,control,mobile,0,198.77,31.0
9439,control,mobile,0,216.55,33.33
10209,control,mobile,0,266.61,35.86
2885,treatment,desktop,0,146.37,34.77
4737,treatment,desktop,0,194.83,71.83
16853,treatment,mobile,0,241.96,26.76
16517,treatment,mobile,0,244.86,87.43
6785,treatment,desktop,0,257.15,48.66
14653,control,mobile,0,242.14,65.85
8965,control,mobile,0,258.36,105.19
15888,treatment,mobile,0,231.45,3181.13
10763,control,mobile,0,257.5,37.19
4524,treatment,desktop,0,227.9,54.75
16373,treatment,mobile,0,244.05,72.57
1234,treatment,desktop,0,224.85,63.29
3561,treatment,desktop,0,203.43,68.63
13195,control,mobile,0,236.14,20.0
3035,treatment,desktop,0,236.08,71.17
10327,control,mobile,0,198.2,22.95
19139,treatment,tablet,0,205.68,50.71
8076,treatment,desktop,1,208.9,69.8
1738,treatment,desktop,1,233.34,30.62
12185,control,mobile,0,228.85,77.56
7138,treatment,desktop,0,299.34,91.54
143,control,desktop,0,208.99,19.47
14364,control,mobile,0,179.45,97.59
19235,treatment,tablet,1,245.93,36.6
12595,control,mobile,0,240.39,32.33
17763,control,tablet,0,161.49,86.13
895,control,desktop,0,200.96,34.47
3387,treatment,desktop,0,219.65,94.83
5206,treatment,desktop,0,165.19,70.91
4859,treatment,desktop,0,218.86,61.06
15476,treatment,mobile,0,245.04,17.25
6637,treatment,desktop,0,194.3,26.28
2336,treatment,desktop,0,268.85,42.8
4267,treatment,desktop,0,196.23,53.98
11336,control,mobile,0,272.08,51.52
13619,control,mobile,0,238.66,36.05
10701,control,mobile,0,248.72,52.99
10873,control,mobile,0,258.03,92.75
17839,control,tablet,1,234.0,34.79
9583,control,mobile,0,219.39,37.18
2172,treatment,desktop,0,171.02,21.57
6589,treatment,desktop,1,174.6,35.0
7728,treatment,desktop,0,266.88,30.55
11416,control,mobile,0,180.67,50.47
16224,treatment,mobile,0,227.56,68.45
18769,control,tablet,1,219.4,29.33
12106,control,mobile,0,224.82,38.88
10564,control,mobile,0,137.32,92.89
2475,treatment,desktop,0,239.65,86.86
10780,control,mobile,0,267.49,10.95
816,control,desktop,1,225.71,30.39
4090,treatment,desktop,0,227.57,34.11
9260,control,mobile,0,222.27,76.66
5689,treatment,desktop,0,270.2,95.06
12385,control,mobile,0,243.74,59.95
18130,control,tablet,1,236.82,31.5
7611,treatment,desktop,0,242.52,26.15
6262,treatment,desktop,0,226.94,102.53
1747,treatment,desktop,0,200.73,63.9
18142,control,tablet,0,225.66,24.82
19571,treatment,tablet,0,223.5,60.86
8065,treatment,desktop,0,231.04,115.0
4659,treatment,desktop,0,204.72,26.91
7024,treatment,desktop,0,215.83,30.58
7157,treatment,desktop,0,256.16,84.24
4142,treatment,desktop,0,240.69,48.51
19761,treatment,tablet,0,201.32,54.45
12415,control,mobile,0,221.42,35.72
15320,treatment,mobile,0,168.64,91.72
1625,treatment,desktop,0,182.03,25.14
9838,control,mobile,1,253.14,39.67
17225,treatment,mobile,0,238.69,49.55
19171,treatment,tablet,0,246.82,148.13
16074,treatment,mobile,1,217.6,18.34
4275,treatment,desktop,0,201.23,44.78
13668,control,mobile,0,241.0,108.36
15808,treatment,mobile,0,253.59,41.1
11749,control,mobile,0,225.01,71.52
536,control,desktop,0,221.06,44.29
11778,control,mobile,0,269.77,72.88
1806,treatment,desktop,0,221.28,55.95
13303,control,mobile,0,228.15,65.56
896,control,desktop,0,224.37,43.88
3383,treatment,desktop,1,197.68,44.22
12201,control,mobile,0,268.76,28.93
3614,treatment,desktop,0,216.86,60.91
8623,control,mobile,0,214.04,27.96
15842,treatment,mobile,0,240.98,68.72
18242,control,tablet,1,204.78,47.18
1989,treatment,desktop,0,225.83,25.58
9034,control,mobile,0,177.69,120.36
19238,treatment,tablet,0,243.09,42.48
17704,control,tablet,0,228.31,47.93
19624,treatment,tablet,0,181.49,73.45
7887,treatment,desktop,0,275.2,78.36
1398,treatment,desktop,1,206.1,30.39
2076,treatment,desktop,0,245.52,34.4
5680,treatment,desktop,0,270.78,138.93
5121,treatment,desktop,0,220.29,88.89
7576,treatment,desktop,0,233.37,116.39
10350,control,mobile,0,224.56,28.28
1788,treatment,desktop,0,236.45,34.42
2802,treatment,desktop,0,244.65,41.28
10570,control,mobile,0,243.06,44.4
19044,treatment,tablet,0,209.86,72.95
10422,control,mobile,0,206.34,22.5
6870,treatment,desktop,0,157.77,50.59
19469,treatment,tablet,0,134.66,50.12
2347,treatment,desktop,1,181.56,51.34
6285,treatment,desktop,0,240.25,62.74
2163,treatment,desktop,0,225.43,75.82
8612,control,mobile,0,255.25,41.95
11554,control,mobile,0,199.18,28.18
19620,treatment,tablet,0,200.94,67.75
19981,treatment,tablet,0,239.51,53.21
17868,control,tablet,0,239.1,24.85
10819,control,mobile,0,259.4,52.63
13637,control,mobile,0,239.45,40.68
2544,treatment,desktop,1,249.21,26.56
6538,treatment,desktop,0,213.64,34.44
16414,treatment,mobile,0,202.46,61.77
15153,treatment,mobile,0,230.41,27.08
10674,control,mobile,0,237.86,49.33
6954,treatment,desktop,0,236.28,65.25
8107,treatment,desktop,0,209.69,53.84
11425,control,mobile,0,131.87,56.13
19085,treatment,tablet,0,260.25,50.66
17360,treatment,mobile,0,241.46,92.88
7866,treatment,desktop,0,138.8,59.44
9711,control,mobile,0,178.37,53.04
3436,treatment,desktop,0,266.89,21.76
11375,control,mobile,0,228.01,64.86
10576,control,mobile,0,190.79,44.77
3058,treatment,desktop,0,223.18,49.34
15596,treatment,mobile,0,197.52,37.79
19737,treatment,tablet,0,250.28,42.25
17984,control,tablet,0,233.93,77.38
19134,treatment,tablet,0,271.79,41.57
11070,control,mobile,0,261.92,47.51
4965,treatment,desktop,0,211.5,37.51
135,control,desktop,0,199.47,62.82
16193,treatment,mobile,0,214.58,17.38
6759,treatment,desktop,0,223.38,73.96
8087,treatment,desktop,0,177.13,68.42
19091,treatment,tablet,1,208.45,19.15
16957,treatment,mobile,0,216.04,59.15
8664,control,mobile,0,178.1,42.15
11783,control,mobile,0,231.94,4128.93
14784,control,mobile,0,262.99,32.98
18868,control,tablet,0,147.68,22.82
7192,treatment,desktop,0,236.44,45.67
4368,treatment,desktop,0,227.46,51.64
9406,control,mobile,0,207.18,33.57
13079,control,mobile,1,266.72,41.29
6357,treatment,desktop,1,201.67,42.66
8574,control,mobile,0,183.14,30.94
11887,control,mobile,0,206.43,26.33
4062,treatment,desktop,0,225.45,49.97
14918,control,mobile,0,207.35,57.52
17510,control,tablet,0,150.38,22.35
2592,treatment,desktop,0,227.51,36.32
18557,control,tablet,0,225.72,80.87
18551,control,tablet,0,213.09,103.07
9612,control,mobile,0,206.78,62.98
10073,control,mobile,0,209.97,65.62
75,control,desktop,0,214.6,54.24
13045,control,mobile,0,233.82,116.94
12238,control,mobile,0,168.95,58.94
9800,control,mobile,0,266.57,90.71
6742,treatment,desktop,0,245.23,49.52
11914,control,mobile,0,260.71,23.92
3843,treatment,desktop,0,173.83,52.79
2121,treatment,desktop,0,258.81,57.42
7958,treatment,desktop,0,220.85,64.24
18202,control,tablet,0,231.16,20.21
14783,control,mobile,0,220.9,42.69
11875,control,mobile,0,190.49,50.06
14657,control,mobile,0,254.22,33.04
3231,treatment,desktop,0,244.27,21.21
7501,treatment,desktop,0,236.43,61.77
16562,treatment,mobile,0,200.02,50.98
4457,treatment,desktop,0,201.94,151.6
3441,treatment,desktop,1,229.2,59.86
3410,treatment,desktop,0,231.74,29.69
18852,control,tablet,0,247.62,32.0
10561,control,mobile,0,199.17,34.31
6731,treatment,desktop,0,230.96,117.88
18767,control,tablet,0,245.49,53.53
15901,treatment,mobile,0,260.15,20.43
8894,control,mobile,0,207.05,86.77
16495,treatment,mobile,0,209.74,60.17
13228,control,mobile,0,179.58,79.37
18183,control,tablet,1,229.41,28.25
5219,treatment,desktop,0,180.0,34.54
13819,control,mobile,0,206.92,123.83
19071,treatment,tablet,0,219.64,120.48
13741,control,mobile,0,215.51,76.42
495,control,desktop,0,241.52,41.51
13264,control,mobile,0,194.83,100.76
5801,treatment,desktop,0,244.32,41.07
4430,treatment,desktop,0,232.77,120.89
11423,control,mobile,0,202.82,48.16
18902,control,tablet,0,206.84,59.9
3696,treatment,desktop,0,256.46,83.93
7867,treatment,desktop,0,256.14,45.65
6724,treatment,desktop,0,193.54,27.14
19209,treatment,tablet,0,239.92,54.0
7625,treatment,desktop,0,215.31,57.92
7879,treatment,desktop,0,201.38,60.34
8129,treatment,desktop,0,190.84,52.06
11369,control,mobile,0,192.69,40.39
5736,treatment,desktop,0,197.22,42.85
2681,treatment,desktop,0,197.2,41.82
14522,control,mobile,1,180.91,46.0
4133,treatment,desktop,0,200.18,47.79
15938,treatment,mobile,0,197.08,112.61
18327,control,tablet,0,197.22,115.95
17456,treatment,mobile,0,259.38,91.15
18345,control,tablet,0,237.94,78.03
2852,treatment,desktop,0,234.37,17.96
9987,control,mobile,0,216.89,61.86
17090,treatment,mobile,0,247.14,46.36
12738,control,mobile,0,236.55,76.65
18199,control,tablet,0,194.02,58.53
6211,treatment,desktop,0,241.24,57.57
1474,treatment,desktop,0,232.26,23.26
386,control,desktop,0,198.01,23.72
100,control,desktop,0,185.79,60.2
4042,treatment,desktop,0,230.9,39.84
18217,control,tablet,0,255.61,31.25
14229,control,mobile,0,246.25,180.64
8342,control,mobile,0,225.55,44.7
5260,treatment,desktop,0,212.4,37.76
11220,control,mobile,0,173.73,20.64
13561,control,mobile,0,308.85,92.09
14867,control,mobile,0,261.54,31.1
200,control,desktop,0,229.56,51.6
2125,treatment,desktop,0,248.14,52.73
3018,treatment,desktop,1,232.0,105.35
845,control,desktop,0,215.84,148.68
3374,treatment,desktop,0,236.2,55.66
4559,treatment,desktop,1,199.01,119.85
15713,treatment,mobile,0,286.38,70.56
15475,treatment,mobile,0,227.25,24.31
4817,treatment,desktop,0,213.57,46.9
10575,control,mobile,1,209.01,74.81
14707,control,mobile,0,214.64,66.07
15,control,desktop,0,210.44,63.77
7105,treatment,desktop,0,232.53,47.15
13996,control,mobile,1,185.91,34.16
17979,control,tablet,0,178.75,57.72
5148,treatment,desktop,0,185.05,51.85
11763,control,mobile,0,204.42,51.55
13281,control,mobile,0,171.68,22.5
8529,control,mobile,0,195.81,36.52
9278,control,mobile,1,190.83,60.25
15047,control,mobile,0,174.06,38.63
19220,treatment,tablet,0,194.07,36.9
11132,control,mobile,0,221.8,27.64
6798,treatment,desktop,0,247.19,106.97
5721,treatment,desktop,0,196.91,63.1
1862,treatment,desktop,1,180.64,67.07
15457,treatment,mobile,0,269.26,64.06
12841,control,mobile,0,189.67,40.72
6720,treatment,desktop,0,199.35,36.35
17224,treatment,mobile,0,161.61,45.07
3483,treatment,desktop,0,194.86,38.64
17615,control,tablet,0,193.36,70.2
16453,treatment,mobile,0,228.76,31.64
7688,treatment,desktop,0,191.52,60.12
5582,treatment,desktop,1,258.51,53.78
144,control,desktop,0,225.29,36.45
373,control,desktop,0,254.0,62.16
11466,control,mobile,0,226.12,28.76
17736,control,tablet,0,247.91,33.04
2658,treatment,desktop,0,306.32,38.66
15586,treatment,mobile,0,212.35,84.88
12038,control,mobile,0,254.59,35.67
1923,treatment,desktop,0,269.97,35.9
6525,treatment,desktop,0,257.54,65.86
8417,control,mobile,0,233.2,27.36
2338,treatment,desktop,0,218.68,48.07
15816,treatment,mobile,0,243.25,61.28
17840,control,tablet,0,234.61,33.87
13635,control,mobile,0,211.33,61.25
15587,treatment,mobile,0,164.42,38.21
7178,treatment,desktop,0,217.74,19.12
2062,treatment,desktop,0,177.38,47.66
12805,control,mobile,0,256.59,28.29
13200,control,mobile,0,261.19,33.08
4193,treatment,desktop,0,213.86,39.24
14267,control,mobile,0,240.61,69.06
10677,control,mobile,0,221.81,36.07
2838,treatment,desktop,0,209.95,42.06
17968,control,tablet,0,208.04,35.97
10205,control,mobile,0,268.89,25.26
14160,control,mobile,1,226.0,65.95
10768,control,mobile,0,215.69,72.57
10953,control,mobile,0,177.86,68.52
7424,treatment,desktop,0,213.52,37.68
6956,treatment,desktop,0,179.24,50.08
12643,control,mobile,0,143.99,23.83
8495,control,mobile,0,197.61,45.28
8560,control,mobile,0,153.84,170.94
14951,control,mobile,0,209.5,57.77
13262,control,mobile,0,255.14,30.47
6604,treatment,desktop,1,245.79,39.93
16943,treatment,mobile,1,188.42,45.63
17401,treatment,mobile,0,220.05,32.78
11083,control,mobile,0,229.74,86.01
6828,treatment,desktop,0,246.1,66.39
14216,control,mobile,0,198.52,41.14
13923,control,mobile,0,196.97,48.36
18123,control,tablet,0,192.35,72.72
4862,treatment,desktop,1,191.4,43.9
16086,treatment,mobile,0,169.55,53.43
8983,control,mobile,0,234.24,70.27
11192,control,mobile,0,228.32,84.67
8413,control,mobile,0,227.22,55.26
2932,treatment,desktop,1,162.1,68.48
14450,control,mobile,0,199.32,52.77
11079,control,mobile,0,244.14,70.89
18570,control,tablet,1,228.74,122.86
19543,treatment,tablet,0,243.21,65.9
19862,treatment,tablet,0,190.56,40.46
18340,control,tablet,1,243.8,66.29
8148,treatment,desktop,0,214.42,33.47
4933,treatment,desktop,0,276.88,39.96
19424,treatment,tablet,0,226.89,60.85
3974,treatment,desktop,0,205.7,34.72
11615,control,mobile,0,197.59,59.98
17696,control,tablet,1,226.18,34.63
8333,control,mobile,0,207.76,36.34
17244,treatment,mobile,0,218.79,25.63
7288,treatment,desktop,0,276.13,75.14
6650,treatment,desktop,0,221.18,60.71
7704,treatment,desktop,1,202.15,38.32
13884,control,mobile,0,140.33,87.19
2264,treatment,desktop,0,182.39,26.36
1920,treatment,desktop,0,273.41,53.96
424,control,desktop,0,220.75,29.15
7502,treatment,desktop,1,246.66,44.06
16095,treatment,mobile,0,220.56,47.04
11315,control,mobile,0,171.37,26.4
6679,treatment,desktop,1,229.29,68.63
7377,treatment,desktop,0,201.81,13.37
9610,control,mobile,0,187.99,38.74
8472,control,mobile,0,203.46,61.72
5530,treatment,desktop,1,207.42,41.11
2079,treatment,desktop,0,173.47,55.08
1391,treatment,desktop,0,229.75,43.53
19159,treatment,tablet,0,190.15,74.42
5519,treatment,desktop,0,177.35,50.71
10216,control,mobile,0,240.63,60.19
6534,treatment,desktop,0,237.13,25.47
2072,treatment,desktop,0,238.23,39.69
13595,control,mobile,0,200.37,29.81
7893,treatment,desktop,0,193.5,70.16
16816,treatment,mobile,0,221.87,69.31
15308,treatment,mobile,0,191.82,37.34
3556,treatment,desktop,1,195.49,33.21
12043,control,mobile,0,259.44,44.71
1375,treatment,desktop,0,139.22,20.93
18205,control,tablet,1,186.32,41.48
19264,treatment,tablet,0,214.43,43.41
19131,treatment,tablet,0,256.54,62.94
11715,control,mobile,0,266.8,149.81
12274,control,mobile,0,191.68,130.12
15580,treatment,mobile,0,210.88,51.89
1271,treatment,desktop,0,246.16,47.44
14399,control,mobile,0,238.85,38.75
15381,treatment,mobile,0,215.11,107.62
7676,treatment,desktop,0,205.75,41.9
6708,treatment,desktop,0,213.02,34.76
15125,treatment,mobile,0,247.13,28.58
10585,control,mobile,0,228.36,177.8
9178,control,mobile,0,258.61,88.72
10649,control,mobile,0,243.08,40.82
5853,treatment,desktop,0,236.95,41.99
235,control,desktop,0,244.5,56.33
17927,control,tablet,0,186.73,29.9
3197,treatment,desktop,0,239.75,60.48
14550,control,mobile,0,240.89,41.13
2462,treatment,desktop,0,225.83,71.86
3370,treatment,desktop,0,253.19,14.49
17707,control,tablet,0,229.33,42.41
9885,control,mobile,0,186.11,79.7
9233,control,mobile,0,219.71,59.48
1894,treatment,desktop,0,200.62,34.28
4080,treatment,desktop,0,197.63,22.14
3182,treatment,desktop,0,247.05,17.19
9159,control,mobile,0,223.13,26.72
8284,control,mobile,0,263.81,84.14
19841,treatment,tablet,0,263.85,19.24
4179,treatment,desktop,0,200.97,58.53
12902,control,mobile,0,202.15,152.5
13140,control,mobile,0,224.11,66.81
19058,treatment,tablet,0,255.29,53.51
4679,treatment,desktop,0,239.35,57.46
12569,control,mobile,0,191.33,87.92
5493,treatment,desktop,0,210.54,43.66
6789,treatment,desktop,0,211.78,61.4
18105,control,tablet,0,239.19,82.31
3899,treatment,desktop,0,246.75,32.64
6119,treatment,desktop,0,225.97,36.92
13950,control,mobile,0,278.54,137.1
14296,control,mobile,0,283.39,58.86
3500,treatment,desktop,0,182.46,33.23
17920,control,tablet,0,176.83,22.45
1713,treatment,desktop,0,231.04,130.89
11604,control,mobile,0,205.79,55.01
17524,control,tablet,0,187.04,143.76
2137,treatment,desktop,0,203.67,91.66
15452,treatment,mobile,0,226.73,39.51
12756,control,mobile,0,193.48,46.23
17594,control,tablet,1,204.61,82.41
10716,control,mobile,0,189.29,59.94
2768,treatment,desktop,0,228.35,25.9
10626,control,mobile,0,213.18,65.34
11987,control,mobile,0,236.27,39.06
10488,control,mobile,0,204.13,48.42
2152,treatment,desktop,0,239.01,45.85
16990,treatment,mobile,0,215.94,84.39
5328,treatment,desktop,1,238.81,44.95
14800,control,mobile,0,204.96,64.18
9850,control,mobile,0,228.99,53.43
2576,treatment,desktop,0,261.89,34.81
18454,control,tablet,0,245.87,34.2
1183,control,desktop,0,199.71,79.92
17659,control,tablet,1,224.9,44.26
13236,control,mobile,0,233.37,42.71
19530,treatment,tablet,0,239.09,33.85
19733,treatment,tablet,0,197.57,70.12
3508,treatment,desktop,0,188.15,32.53
15021,control,mobile,0,226.47,36.87
840,control,desktop,0,201.21,34.78
4717,treatment,desktop,0,210.9,49.22
17319,treatment,mobile,0,215.84,58.71
8302,control,mobile,0,275.98,16.17
15906,treatment,mobile,0,215.1,56.8
8885,control,mobile,0,162.6,36.94
5439,treatment,desktop,0,231.13,29.08
18104,control,tablet,0,254.43,36.14
623,control,desktop,0,208.52,37.15
13530,control,mobile,0,165.47,51.66
5870,treatment,desktop,0,219.36,46.96
7538,treatment,desktop,1,230.59,36.59
11172,control,mobile,1,226.56,92.24
6904,treatment,desktop,1,227.5,74.81
4701,treatment,desktop,0,218.52,89.17
823,control,desktop,1,283.5,51.0
10784,control,mobile,0,269.34,26.64
16635,treatment,mobile,0,293.11,71.24
3928,treatment,desktop,1,234.47,67.68
7903,treatment,desktop,0,234.7,23.51
17394,treatment,mobile,0,200.88,54.46
4570,treatment,desktop,0,188.07,76.38
16716,treatment,mobile,0,228.08,174.38
19941,treatment,tablet,0,245.83,54.83
10323,control,mobile,0,250.91,12.08
9,control,desktop,0,215.9,33.08
17411,treatment,mobile,0,234.49,33.67
15316,treatment,mobile,0,225.19,42.2
346,control,desktop,0,219.5,40.4
13021,control,mobile,1,209.46,68.55
17570,control,tablet,0,246.31,61.79
15246,treatment,mobile,0,268.88,57.48
15336,treatment,mobile,0,191.79,63.32
2023,treatment,desktop,0,194.12,86.49
4163,treatment,desktop,0,193.51,27.2
18580,control,tablet,0,239.11,62.4
14003,control,mobile,0,262.8,62.17
14890,control,mobile,1,202.52,111.19
13761,control,mobile,0,208.81,82.73
14644,control,mobile,0,271.91,34.78
1913,treatment,desktop,0,277.99,35.06
5218,treatment,desktop,0,181.07,32.71
2880,treatment,desktop,0,220.81,59.95
19915,treatment,tablet,0,195.34,67.16
11585,control,mobile,1,231.43,33.9
1514,treatment,desktop,0,161.09,5978.88
9860,control,mobile,0,212.55,41.48
13384,control,mobile,0,250.09,18.83
10559,control,mobile,0,218.7,27.92
3178,treatment,desktop,0,231.32,46.7
7596,treatment,desktop,0,209.51,92.63
19899,treatment,tablet,1,228.56,24.81
1918,treatment,desktop,0,228.42,49.36
5299,treatment,desktop,0,240.34,82.12
5057,treatment,desktop,0,251.51,58.59
19320,treatment,tablet,1,218.95,28.62
15892,treatment,mobile,0,262.87,30.33
7706,treatment,desktop,0,214.28,18.04
15261,treatment,mobile,0,227.46,40.36
13915,control,mobile,0,227.89,21.0
12096,control,mobile,0,245.98,68.52
9789,control,mobile,0,183.63,51.78
13476,control,mobile,0,228.54,62.57
7861,treatment,desktop,0,234.92,237.77
556,control,desktop,0,216.07,70.4
3619,treatment,desktop,0,193.11,51.83
4699,treatment,desktop,1,242.69,43.08
995,control,desktop,0,203.84,41.88
13081,control,mobile,0,258.95,45.83
1216,treatment,desktop,1,210.83,89.3
14428,control,mobile,0,235.77,38.22
11157,control,mobile,0,221.95,53.44
7266,treatment,desktop,0,198.74,45.73
5405,treatment,desktop,0,212.96,84.01
15568,treatment,mobile,0,225.82,29.87
7070,treatment,desktop,0,219.84,75.39
17346,treatment,mobile,0,152.19,32.19
9536,control,mobile,0,197.65,36.3
14768,control,mobile,0,206.41,44.34
16024,treatment,mobile,0,179.79,34.4
15023,control,mobile,0,210.34,53.59
16109,treatment,mobile,0,207.56,28.41
6718,treatment,desktop,1,236.85,62.24
12054,control,mobile,0,221.31,77.45
4146,treatment,desktop,1,250.07,49.3
19075,treatment,tablet,1,184.2,31.61
15356,treatment,mobile,0,220.29,35.72
17480,treatment,mobile,0,172.16,34.59
5487,treatment,desktop,0,295.76,43.88
8619,control,mobile,0,241.63,21.87
10265,control,mobile,0,229.33,32.9
6379,treatment,desktop,0,233.7,43.06
2654,treatment,desktop,0,166.09,36.1
12578,control,mobile,0,294.39,21.67
9972,control,mobile,0,230.55,62.74
7623,treatment,desktop,1,229.57,79.4
10363,control,mobile,0,197.71,74.12
4952,treatment,desktop,0,200.1,61.11
11013,control,mobile,0,216.7,41.83
9760,control,mobile,0,234.32,69.0
6819,treatment,desktop,0,194.87,32.45
4775,treatment,desktop,0,213.17,61.5
2320,treatment,desktop,0,241.69,35.28
253,control,desktop,1,224.49,51.59
6085,treatment,desktop,0,231.36,10.92
1965,treatment,desktop,0,246.97,50.57
5423,treatment,desktop,1,189.06,116.27
628,control,desktop,0,195.32,53.01
14097,control,mobile,0,183.99,23.47
6752,treatment,desktop,0,196.01,23.46
10792,control,mobile,0,213.41,80.35
1631,treatment,desktop,0,233.2,32.0
6773,treatment,desktop,0,232.08,62.87
16,control,desktop,1,266.55,44.57
9462,control,mobile,0,231.08,79.46
11657,control,mobile,0,238.04,44.87
16821,treatment,mobile,0,196.98,53.73
10725,control,mobile,0,214.15,28.28
15018,control,mobile,0,226.58,100.43
6619,treatment,desktop,0,198.96,30.74
19573,treatment,tablet,0,195.09,39.32
6840,treatment,desktop,0,199.05,53.0
14366,control,mobile,0,214.68,25.33
7194,treatment,desktop,0,260.72,62.18
18832,control,tablet,0,224.63,75.22
2321,treatment,desktop,0,269.07,29.6
9537,control,mobile,0,205.65,43.83
15718,treatment,mobile,0,227.91,73.2
13807,control,mobile,0,235.6,62.2
19183,treatment,tablet,0,204.17,61.71
9382,control,mobile,0,199.95,49.36
19141,treatment,tablet,0,221.99,49.0
19053,treatment,tablet,0,214.42,56.79
16286,treatment,mobile,0,256.33,66.47
17807,control,tablet,0,213.18,63.13
7772,treatment,desktop,0,193.51,81.06
14596,control,mobile,0,256.04,32.96
16594,treatment,mobile,0,251.43,60.71
17407,treatment,mobile,0,254.04,62.72
18906,control,tablet,0,184.44,85.62
19413,treatment,tablet,0,207.61,48.18
3840,treatment,desktop,0,191.83,57.53
14747,control,mobile,1,184.48,149.26
17365,treatment,mobile,0,234.91,49.03
1058,control,desktop,0,192.49,39.21
5240,treatment,desktop,1,193.55,97.77
3691,treatment,desktop,1,198.62,46.52
11103,control,mobile,0,209.84,25.69
13548,control,mobile,0,269.93,89.74
13322,control,mobile,0,173.83,44.16
12622,control,mobile,0,174.8,18.54
2947,treatment,desktop,0,212.11,25.26
11014,control,mobile,0,185.2,83.31
5476,treatment,desktop,0,221.3,49.88
13120,control,mobile,0,247.14,24.48
10978,control,mobile,0,237.42,70.62
6548,treatment,desktop,0,268.87,34.88
4853,treatment,desktop,0,222.88,31.74
10071,control,mobile,0,229.16,38.11
7156,treatment,desktop,0,211.18,27.42
19466,treatment,tablet,0,187.74,19.62
17642,control,tablet,0,262.16,21.8
12084,control,mobile,0,221.46,43.52
12229,control,mobile,0,159.73,29.4
5923,treatment,desktop,0,192.61,36.53
5234,treatment,desktop,0,245.55,27.41
3384,treatment,desktop,0,184.15,91.39
16824,treatment,mobile,0,209.8,102.67
13110,control,mobile,0,200.08,53.16
7582,treatment,desktop,1,218.52,57.56
11321,control,mobile,0,185.07,59.39
8633,control,mobile,0,224.89,23.52
1119,control,desktop,0,207.02,63.15
309,control,desktop,0,271.82,27.17
7509,treatment,desktop,0,245.25,63.89
13582,control,mobile,0,280.6,52.98
5912,treatment,desktop,0,209.83,63.58
8490,control,mobile,0,210.01,53.83
11150,control,mobile,0,231.34,37.36
7249,treatment,desktop,0,219.98,45.16
1941,treatment,desktop,0,166.68,82.17
3292,treatment,desktop,1,228.95,122.45
10879,control,mobile,0,187.81,57.21
13772,control,mobile,0,221.48,55.3
7217,treatment,desktop,0,244.66,54.68
16198,treatment,mobile,0,240.55,62.87
5285,treatment,desktop,0,266.18,69.04
14832,control,mobile,0,210.35,57.58
15974,treatment,mobile,0,249.29,31.37
1418,treatment,desktop,0,165.51,56.36
2195,treatment,desktop,0,267.75,44.22
3935,treatment,desktop,0,178.17,112.48
7823,treatment,desktop,0,173.69,27.43
14947,control,mobile,1,211.31,37.05
14237,control,mobile,0,229.26,77.52
1473,treatment,desktop,0,211.47,41.83
11869,control,mobile,0,196.02,51.77
10494,control,mobile,1,188.38,33.83
14941,control,mobile,0,260.01,39.61
15083,control,mobile,0,186.87,110.97
10963,control,mobile,0,204.37,34.24
7473,treatment,desktop,1,175.91,38.19
18391,control,tablet,0,187.66,69.68
2781,treatment,desktop,0,198.01,101.82
223,control,desktop,0,172.63,65.39
15149,treatment,mobile,0,234.67,37.58
16365,treatment,mobile,0,197.07,52.13
3740,treatment,desktop,0,230.65,24.17
4710,treatment,desktop,0,185.99,42.14
2699,treatment,desktop,0,243.09,79.71
18643,control,tablet,1,192.42,49.77
7813,treatment,desktop,0,222.97,36.21
2315,treatment,desktop,0,253.4,53.51
9196,control,mobile,0,196.58,29.25
11537,control,mobile,1,173.3,96.0
3968,treatment,desktop,0,233.13,51.12
1955,treatment,desktop,0,262.54,45.72
3298,treatment,desktop,0,198.83,25.08
15165,treatment,mobile,0,246.59,27.66
16855,treatment,mobile,0,242.92,58.54
13587,control,mobile,0,200.57,56.51
16168,treatment,mobile,0,294.2,49.48
431,control,desktop,0,216.39,29.21
10382,control,mobile,1,261.15,82.99
11577,control,mobile,0,255.18,31.27
8220,control,mobile,0,224.33,49.04
3609,treatment,desktop,1,136.37,144.74
16205,treatment,mobile,0,234.08,192.56
17085,treatment,mobile,0,209.56,42.21
4410,treatment,desktop,0,212.12,33.06
7081,treatment,desktop,0,233.83,329.2
8394,control,mobile,0,210.84,42.7
9532,control,mobile,0,256.92,31.29
2902,treatment,desktop,1,247.38,46.69
18928,control,tablet,0,215.46,44.16
4511,treatment,desktop,0,188.91,60.73
19093,treatment,tablet,0,195.33,65.03
1856,treatment,desktop,0,280.86,36.33
17238,treatment,mobile,0,290.47,46.8
9029,control,mobile,0,251.54,81.49
17625,control,tablet,0,201.04,60.97
13352,control,mobile,0,218.05,67.14
16511,treatment,mobile,0,222.27,42.4
8174,treatment,desktop,1,265.42,69.48
10359,control,mobile,0,156.9,113.07
13217,control,mobile,0,268.91,47.52
6467,treatment,desktop,0,224.56,62.12
11443,control,mobile,0,202.16,163.56
4491,treatment,desktop,0,247.53,58.68
8722,control,mobile,0,203.43,120.55
540,control,desktop,0,200.75,49.24
2010,treatment,desktop,0,210.23,85.72
13584,control,mobile,0,225.28,46.33
3386,treatment,desktop,0,247.58,65.22
2219,treatment,desktop,0,255.02,40.59
14081,control,mobile,0,173.96,53.03
12688,control,mobile,0,214.69,57.51
17899,control,tablet,0,179.9,26.9
8049,treatment,desktop,0,223.71,24.9
5555,treatment,desktop,0,220.15,76.85
964,control,desktop,1,226.56,52.65
3485,treatment,desktop,1,225.89,53.4
2220,treatment,desktop,0,208.84,160.27
4617,treatment,desktop,0,231.79,38.7
6478,treatment,desktop,0,186.26,94.35
19095,treatment,tablet,0,209.74,43.23
5331,treatment,desktop,0,199.89,32.95
1903,treatment,desktop,0,214.01,73.57
13830,control,mobile,0,240.46,38.42
6095,treatment,desktop,0,193.76,101.2
1958,treatment,desktop,0,223.45,90.52
17695,control,tablet,0,196.45,108.25
13760,control,mobile,0,220.3,69.2
16328,treatment,mobile,0,271.98,36.62
9496,control,mobile,0,161.91,14.39
18596,control,tablet,0,250.48,64.94
1042,control,desktop,0,205.8,88.2
12143,control,mobile,0,228.63,40.05
16203,treatment,mobile,0,242.65,44.72
11886,control,mobile,0,267.39,53.52
5339,treatment,desktop,0,195.29,18.97
5737,treatment,desktop,0,219.33,105.5
3423,treatment,desktop,0,238.11,54.18
8743,control,mobile,0,205.12,80.6
12435,control,mobile,0,168.93,46.87
8414,control,mobile,1,184.39,32.95
12157,control,mobile,0,220.24,34.68
6800,treatment,desktop,0,210.18,53.79
8425,control,mobile,0,225.2,44.1
14137,control,mobile,0,228.62,46.45
14698,control,mobile,0,205.82,73.11
18375,control,tablet,0,204.07,69.78
19282,treatment,tablet,0,169.71,45.4
17436,treatment,mobile,0,260.04,40.21
11415,control,mobile,0,210.73,24.14
9228,control,mobile,0,184.75,164.19
13973,control,mobile,0,206.3,88.99
13016,control,mobile,0,220.23,39.76
6721,treatment,desktop,0,202.44,84.57
3644,treatment,desktop,0,222.25,50.38
10235,control,mobile,0,247.42,36.48
6998,treatment,desktop,0,205.07,45.33
977,control,desktop,0,240.95,40.84
15106,treatment,mobile,0,199.37,21.73
12570,control,mobile,1,188.14,29.61
630,control,desktop,0,250.25,79.02
5653,treatment,desktop,0,211.25,74.61
8240,control,mobile,0,169.4,77.62
16256,treatment,mobile,0,189.91,61.99
18950,control,tablet,1,217.7,96.92
15704,treatment,mobile,0,246.45,83.4
17600,control,tablet,0,273.06,32.1
16381,treatment,mobile,0,202.16,26.04
2529,treatment,desktop,0,242.44,42.84
12234,control,mobile,1,204.32,54.62
12360,control,mobile,0,217.37,38.47
4879,treatment,desktop,1,236.24,27.49
2231,treatment,desktop,0,195.36,99.94
15386,treatment,mobile,0,237.26,16.72
395,control,desktop,0,177.51,29.72
14615,control,mobile,0,247.76,77.59
337,control,desktop,1,173.21,78.88
16036,treatment,mobile,0,199.58,30.52
19082,treatment,tablet,0,267.94,70.74
13423,control,mobile,0,190.22,31.83
12214,control,mobile,0,185.98,59.96
11268,control,mobile,0,187.45,42.39
7868,treatment,desktop,0,256.23,73.72
1805,treatment,desktop,0,260.46,27.41
450,control,desktop,0,185.61,155.85
9715,control,mobile,0,232.26,33.33
10142,control,mobile,0,244.13,36.61
7008,treatment,desktop,0,192.73,5909.23
8541,control,mobile,1,196.52,52.75
10069,control,mobile,0,206.58,86.8
17395,treatment,mobile,0,180.47,25.63
6405,treatment,desktop,0,230.62,82.43
579,control,desktop,0,238.83,20.35
12912,control,mobile,0,228.43,59.18
12205,control,mobile,0,200.12,36.79
14831,control,mobile,1,191.61,41.92
1389,treatment,desktop,0,223.09,31.7
5529,treatment,desktop,0,174.83,41.91
9989,control,mobile,0,250.08,75.26
315,control,desktop,0,264.55,34.12
12545,control,mobile,0,218.72,59.53
13500,control,mobile,0,207.15,26.34
19426,treatment,tablet,0,260.59,39.7
10755,control,mobile,0,215.11,53.18
2811,treatment,desktop,0,246.93,24.27
17967,control,tablet,0,228.61,116.41
18132,control,tablet,0,239.13,33.16
9172,control,mobile,0,215.83,141.49
838,control,desktop,0,295.84,39.85
15257,treatment,mobile,0,238.98,124.76
9405,control,mobile,0,198.26,80.98
6195,treatment,desktop,0,221.44,54.84
17602,control,tablet,0,171.66,64.72
2179,treatment,desktop,0,234.68,113.72
508,control,desktop,0,232.56,47.57
7141,treatment,desktop,0,204.51,72.9
7651,treatment,desktop,0,212.63,68.73
4999,treatment,desktop,1,214.39,30.76
1952,treatment,desktop,0,206.67,64.82
2505,treatment,desktop,1,217.31,73.6
19769,treatment,tablet,0,208.88,34.8
10081,control,mobile,0,205.78,49.03
19653,treatment,tablet,0,161.57,49.41
5815,treatment,desktop,0,256.91,38.5
4307,treatment,desktop,0,210.2,55.25
102,control,desktop,0,225.68,35.96
4706,treatment,desktop,0,234.37,69.16
17459,treatment,mobile,0,251.07,65.32
18276,control,tablet,0,198.43,67.52
5785,treatment,desktop,0,230.7,127.81
10026,control,mobile,0,204.92,41.47
3571,treatment,desktop,0,218.97,80.85
19329,treatment,tablet,0,237.49,49.8
1627,treatment,desktop,1,185.43,39.5
421,control,desktop,0,208.11,35.59
10846,control,mobile,0,222.33,63.21
8839,control,mobile,0,197.92,108.47
11814,control,mobile,1,190.74,48.14
18935,control,tablet,0,254.14,45.18
14862,control,mobile,0,259.5,32.8
8010,treatment,desktop,0,223.61,74.83
13758,control,mobile,0,228.4,20.62
10024,control,mobile,0,221.67,50.94
3521,treatment,desktop,0,237.28,41.28
17010,treatment,mobile,0,292.73,45.88
6627,treatment,desktop,0,187.55,90.26
11406,control,mobile,0,217.6,33.71
17918,control,tablet,0,195.92,42.45
18710,control,tablet,0,238.85,48.8
14178,control,mobile,1,233.72,18.6
10294,control,mobile,0,219.51,34.43
11640,control,mobile,0,247.8,124.41
18269,control,tablet,0,233.09,29.73
12705,control,mobile,0,178.99,99.05
11832,control,mobile,0,181.15,69.25
2489,treatment,desktop,0,228.89,40.02
16484,treatment,mobile,0,195.78,44.72
18146,control,tablet,0,239.3,91.44
18648,control,tablet,1,198.51,84.24
5319,treatment,desktop,0,253.77,74.71
15834,treatment,mobile,0,209.18,32.22
2252,treatment,desktop,0,266.17,38.15
1400,treatment,desktop,0,247.64,42.23
3800,treatment,desktop,0,234.73,49.16
8044,treatment,desktop,0,210.99,21.13
3135,treatment,desktop,0,244.32,69.34
13690,control,mobile,0,187.69,47.28
2373,treatment,desktop,0,179.86,38.24
9495,control,mobile,0,251.53,137.75
5020,treatment,desktop,1,222.12,19.71
1085,control,desktop,0,290.23,64.35
3115,treatment,desktop,0,212.04,42.95
13083,control,mobile,0,247.12,62.34
7038,treatment,desktop,0,251.09,100.22
10552,control,mobile,0,233.04,109.2
16561,treatment,mobile,0,205.09,51.67
11450,control,mobile,0,197.78,44.11
167,control,desktop,1,209.44,71.63
5981,treatment,desktop,0,232.73,39.85
7933,treatment,desktop,0,234.1,41.74
9357,control,mobile,0,190.38,47.96
4463,treatment,desktop,0,214.98,35.7
9168,control,mobile,0,209.87,31.42
4334,treatment,desktop,0,245.55,43.59
8846,control,mobile,0,227.92,50.12
7700,treatment,desktop,0,235.78,72.81
16348,treatment,mobile,0,240.95,54.77
18051,control,tablet,0,204.3,29.07
14582,control,mobile,0,267.36,136.0
8990,control,mobile,0,143.94,32.91
18930,control,tablet,0,173.56,47.44
4376,treatment,desktop,1,223.62,176.1
15838,treatment,mobile,0,227.74,39.66
4078,treatment,desktop,0,207.02,38.86
5705,treatment,desktop,0,225.93,30.42
7648,treatment,desktop,0,206.71,49.38
3183,treatment,desktop,0,206.21,95.63
15780,treatment,mobile,0,168.43,42.08
11546,control,mobile,0,165.14,82.75
5199,treatment,desktop,0,228.72,28.36
1508,treatment,desktop,0,253.34,45.52
9539,control,mobile,0,220.42,44.49
11649,control,mobile,0,220.24,39.68
14171,control,mobile,0,267.35,35.05
12297,control,mobile,0,259.6,62.16
11891,control,mobile,0,237.2,46.28
15915,treatment,mobile,0,201.77,55.49
6951,treatment,desktop,0,251.1,58.06
9686,control,mobile,0,214.01,35.68
7634,treatment,desktop,0,195.52,61.01
17516,control,tablet,0,261.89,30.88
16088,treatment,mobile,1,202.28,50.82
14866,control,mobile,0,203.63,38.5
18992,control,tablet,0,234.3,58.21
11542,control,mobile,0,220.6,58.92
9286,control,mobile,0,190.06,48.62
13365,control,mobile,0,244.05,40.48
1382,treatment,desktop,0,188.64,40.47
18125,control,tablet,0,227.75,24.01
2949,treatment,desktop,1,182.26,84.15
7230,treatment,desktop,0,257.05,35.61
9224,control,mobile,0,155.48,75.24
901,control,desktop,0,195.6,93.18
4083,treatment,desktop,0,290.86,40.36
13155,control,mobile,0,204.01,45.33
7664,treatment,desktop,0,220.63,33.11
7743,treatment,desktop,0,259.45,48.75
12869,control,mobile,0,230.52,59.15
14799,control,mobile,0,193.77,73.7
9134,control,mobile,0,199.72,22.92
11201,control,mobile,0,167.0,34.14
17906,control,tablet,0,185.79,85.39
19493,treatment,tablet,0,235.45,47.25
11463,control,mobile,0,197.14,43.08
4248,treatment,desktop,1,133.84,23.82
8292,control,mobile,0,253.88,54.33
15385,treatment,mobile,0,256.5,83.57
15922,treatment,mobile,0,203.96,84.23
16665,treatment,mobile,0,200.63,109.75
1070,control,desktop,0,203.57,29.53
17547,control,tablet,0,254.86,61.36
6045,treatment,desktop,0,266.53,52.51
1409,treatment,desktop,0,240.24,45.54
10806,control,mobile,0,198.46,17.91
10700,control,mobile,0,235.17,21.9
1778,treatment,desktop,1,213.6,176.35
1919,treatment,desktop,0,207.7,173.34
18953,control,tablet,0,210.41,21.2
10233,control,mobile,0,220.95,114.06
2316,treatment,desktop,0,213.2,40.43
9384,control,mobile,0,265.18,63.65
14649,control,mobile,0,241.69,39.18
13250,control,mobile,0,237.73,36.14
18285,control,tablet,0,185.16,38.46
5570,treatment,desktop,1,273.72,51.09
3284,treatment,desktop,0,226.67,53.31
16714,treatment,mobile,0,169.55,23.28
16431,treatment,mobile,0,222.66,61.83
6407,treatment,desktop,0,176.11,32.29
5535,treatment,desktop,0,183.59,51.72
2782,treatment,desktop,0,250.81,46.86
8177,treatment,desktop,0,243.25,22.89
4703,treatment,desktop,0,165.03,129.77
10882,control,mobile,0,283.95,39.96
7516,treatment,desktop,1,277.99,50.55
12966,control,mobile,0,252.96,97.31
4791,treatment,desktop,1,248.81,20.91
7769,treatment,desktop,1,189.77,86.68
19592,treatment,tablet,0,174.37,28.39
3103,treatment,desktop,0,238.94,36.33
9691,control,mobile,0,216.26,44.72
14974,control,mobile,0,288.31,21.73
949,control,desktop,1,230.26,49.9
18022,control,tablet,0,220.84,81.41
7955,treatment,desktop,0,170.84,55.62
2119,treatment,desktop,0,256.64,48.01
5173,treatment,desktop,0,223.78,68.37
15275,treatment,mobile,0,238.3,41.69
499,control,desktop,1,211.81,35.73
1371,treatment,desktop,0,209.96,89.53
5111,treatment,desktop,0,196.1,47.01
3491,treatment,desktop,0,180.21,34.9
7925,treatment,desktop,0,197.18,32.35
13610,control,mobile,0,239.07,53.39
2433,treatment,desktop,0,231.49,45.66
13096,control,mobile,0,285.45,39.72
10535,control,mobile,0,244.57,33.16
14012,control,mobile,0,242.62,34.61
4398,treatment,desktop,0,181.1,59.61
14220,control,mobile,0,214.49,72.56
6940,treatment,desktop,0,186.73,48.1
11110,control,mobile,0,260.05,58.83
14000,control,mobile,0,169.2,21.78
6410,treatment,desktop,1,233.3,153.28
10091,control,mobile,0,219.26,51.25
6042,treatment,desktop,0,216.54,48.66
15209,treatment,mobile,0,229.86,75.89
12742,control,mobile,0,215.41,55.6
2455,treatment,desktop,0,174.44,22.84
19580,treatment,tablet,0,204.75,149.82
15793,treatment,mobile,0,215.32,28.55
15549,treatment,mobile,0,231.67,56.35
18129,control,tablet,0,257.42,20.94
16486,treatment,mobile,0,223.42,99.42
18709,control,tablet,1,232.54,53.45
16600,treatment,mobile,0,235.0,56.12
12271,control,mobile,0,185.44,50.85
2809,treatment,desktop,0,243.55,45.77
19722,treatment,tablet,0,131.02,64.34
13001,control,mobile,0,206.47,3859.95
6884,treatment,desktop,0,229.41,26.19
4968,treatment,desktop,0,199.68,96.13
14931,control,mobile,0,189.96,45.18
992,control,desktop,1,173.57,98.14
2666,treatment,desktop,0,218.15,51.15
3962,treatment,desktop,0,234.45,73.84
19727,treatment,tablet,1,231.39,112.6
4443,treatment,desktop,0,281.51,36.61
5053,treatment,desktop,0,264.13,67.94
18644,control,tablet,0,223.63,58.75
7429,treatment,desktop,0,239.43,23.36
8023,treatment,desktop,0,202.43,74.99
16595,treatment,mobile,0,220.58,44.56
15288,treatment,mobile,0,208.14,36.41
14468,control,mobile,0,214.83,52.86
7760,treatment,desktop,0,193.07,72.34
585,control,desktop,0,222.55,40.83
6531,treatment,desktop,0,156.39,21.82
6113,treatment,desktop,0,259.08,38.34
10462,control,mobile,0,244.89,24.48
3746,treatment,desktop,1,201.37,97.0
19958,treatment,tablet,0,215.1,40.44
11702,control,mobile,1,224.81,18.51
4897,treatment,desktop,0,224.29,34.34
3727,treatment,desktop,0,229.92,161.59
10769,control,mobile,0,267.49,43.02
1934,treatment,desktop,0,181.98,124.03
7447,treatment,desktop,0,211.22,28.9
7002,treatment,desktop,0,146.9,58.97
1663,treatment,desktop,0,224.41,36.48
18934,control,tablet,0,206.72,39.13
16919,treatment,mobile,0,239.62,10.65
17149,treatment,mobile,0,247.31,93.08
9891,control,mobile,0,214.13,53.97
16703,treatment,mobile,0,186.98,28.77
13890,control,mobile,0,222.35,123.56
7433,treatment,desktop,0,234.74,39.78
2178,treatment,desktop,0,234.27,49.46
10655,control,mobile,0,216.04,55.4
15697,treatment,mobile,0,214.13,29.21
11503,control,mobile,0,207.67,19.49
9797,control,mobile,1,237.72,60.88
14702,control,mobile,0,240.1,67.63
7645,treatment,desktop,0,241.72,34.87
7921,treatment,desktop,0,238.61,79.73
12553,control,mobile,0,251.38,23.24
5455,treatment,desktop,1,281.4,47.22
10647,control,mobile,0,213.24,62.3
6716,treatment,desktop,0,205.49,182.84
18324,control,tablet,0,225.19,31.26
1729,treatment,desktop,0,221.68,47.56
10662,control,mobile,0,230.89,25.09
2582,treatment,desktop,0,187.83,136.62
6749,treatment,desktop,0,247.04,121.5
9713,control,mobile,0,239.12,37.33
18954,control,tablet,0,252.39,57.99
13665,control,mobile,0,216.58,211.81
17385,treatment,mobile,0,186.44,15.52
13797,control,mobile,0,201.14,27.86
210,control,desktop,0,211.04,79.09
5016,treatment,desktop,0,186.15,16.25
13035,control,mobile,0,210.38,52.31
1159,control,desktop,1,271.6,59.05
16934,treatment,mobile,0,245.37,46.58
29,control,desktop,1,257.8,81.8
5252,treatment,desktop,0,264.73,52.69
5888,treatment,desktop,0,252.48,104.28
12935,control,mobile,0,223.6,42.24
6068,treatment,desktop,1,228.72,111.97
9978,control,mobile,0,207.55,68.83
15741,treatment,mobile,0,224.09,63.51
988,control,desktop,0,221.78,42.2
7564,treatment,desktop,0,257.6,40.87
17539,control,tablet,1,227.83,91.26
3203,treatment,desktop,0,215.15,40.11
8217,control,mobile,0,273.67,27.21
8728,control,mobile,0,168.61,47.19
19750,treatment,tablet,0,188.8,72.32
19158,treatment,tablet,0,184.41,66.77
10734,control,mobile,0,180.02,40.42
8757,control,mobile,0,215.98,52.43
16794,treatment,mobile,0,274.12,90.93
16424,treatment,mobile,0,159.52,88.69
17139,treatment,mobile,0,202.81,125.65
17827,control,tablet,0,188.15,149.86
11285,control,mobile,0,248.52,39.67
5039,treatment,desktop,0,196.13,36.91
14956,control,mobile,0,248.81,72.09
9450,control,mobile,1,257.29,29.32
1089,control,desktop,0,241.86,24.6
8360,control,mobile,0,187.28,54.83
16730,treatment,mobile,0,215.88,37.53
1086,control,desktop,0,188.4,96.12
10047,control,mobile,0,264.23,79.13
15662,treatment,mobile,0,215.88,78.99
14513,control,mobile,0,193.28,52.95
88,control,desktop,0,231.11,33.97
16542,treatment,mobile,0,222.94,56.48
9235,control,mobile,0,233.05,33.2
5033,treatment,desktop,0,265.69,55.69
1937,treatment,desktop,0,213.77,32.72
2363,treatment,desktop,0,229.95,95.56
4007,treatment,desktop,0,240.67,22.15
12273,control,mobile,0,235.23,59.95
14246,control,mobile,0,179.37,142.88
298,control,desktop,0,234.72,64.62
16917,treatment,mobile,0,206.62,54.05
5770,treatment,desktop,0,208.59,36.92
15550,treatment,mobile,0,252.09,66.03
14646,control,mobile,0,232.67,25.0
8936,control,mobile,0,187.82,56.15
4541,treatment,desktop,0,269.46,32.24
2855,treatment,desktop,0,186.01,136.47
12697,control,mobile,0,245.51,55.01
1482,treatment,desktop,0,205.09,17.75
4437,treatment,desktop,1,252.65,37.02
11932,control,mobile,0,165.07,30.79
1531,treatment,desktop,0,220.53,40.53
9573,control,mobile,0,236.24,70.91
4056,treatment,desktop,0,224.1,65.49
14013,control,mobile,0,209.59,127.63
1925,treatment,desktop,0,253.18,32.29
3191,treatment,desktop,0,216.42,63.03
3460,treatment,desktop,1,198.95,68.31
17604,control,tablet,0,228.9,36.61
11259,control,mobile,0,281.9,38.24
16790,treatment,mobile,0,229.82,80.41
13967,control,mobile,1,265.24,32.2
16763,treatment,mobile,0,208.68,53.92
7485,treatment,desktop,0,263.04,84.4
15431,treatment,mobile,0,258.19,30.39
19455,treatment,tablet,0,200.37,46.18
13137,control,mobile,1,228.34,28.63
9831,control,mobile,0,221.9,72.92
5693,treatment,desktop,0,261.69,81.0
15678,treatment,mobile,0,264.63,59.13
8351,control,mobile,0,219.24,38.74
5349,treatment,desktop,0,206.55,40.61
11057,control,mobile,1,226.4,40.6
15238,treatment,mobile,0,221.14,39.23
19322,treatment,tablet,0,227.85,33.21
10814,control,mobile,0,246.31,74.44
10312,control,mobile,0,200.96,76.62
16636,treatment,mobile,0,177.52,87.83
19940,treatment,tablet,0,201.06,55.51
13905,control,mobile,0,213.95,100.77
2889,treatment,desktop,0,201.3,105.75
11965,control,mobile,0,261.31,48.78
13325,control,mobile,0,232.68,67.56
12674,control,mobile,0,209.21,56.72
19931,treatment,tablet,0,182.87,57.79
18372,control,tablet,0,238.25,30.05
17184,treatment,mobile,0,214.1,67.64
11403,control,mobile,0,220.31,102.07
11328,control,mobile,0,208.76,49.37
15375,treatment,mobile,0,215.4,61.81
3108,treatment,desktop,0,212.57,50.64
3050,treatment,desktop,0,206.55,58.36
8741,control,mobile,0,246.0,29.25
2583,treatment,desktop,0,252.01,115.56
5518,treatment,desktop,0,225.68,84.15
19328,treatment,tablet,0,203.24,47.67
15925,treatment,mobile,0,240.92,49.9
8818,control,mobile,0,219.27,37.07
148,control,desktop,0,228.84,57.89
7816,treatment,desktop,0,241.82,8.76
3940,treatment,desktop,0,236.15,66.4
2648,treatment,desktop,0,253.09,56.65
6200,treatment,desktop,0,277.29,47.02
11026,control,mobile,0,218.46,61.72
17542,control,tablet,0,215.27,93.81
4070,treatment,desktop,0,249.74,46.38
14199,control,mobile,0,203.65,63.15
10770,control,mobile,0,229.69,30.56
5142,treatment,desktop,1,217.66,57.68
10607,control,mobile,0,210.72,52.12
14572,control,mobile,0,254.02,29.11
11821,control,mobile,0,243.62,28.19
6018,treatment,desktop,0,176.57,66.52
15868,treatment,mobile,0,246.7,51.05
19863,treatment,tablet,0,188.61,66.13
16351,treatment,mobile,0,195.97,82.56
2350,treatment,desktop,0,235.14,35.67
3223,treatment,desktop,0,271.06,68.56
16908,treatment,mobile,0,253.0,93.04
14819,control,mobile,0,227.72,60.38
6592,treatment,desktop,1,208.93,29.33
3022,treatment,desktop,0,180.89,79.59
12438,control,mobile,0,244.2,26.34
18889,control,tablet,0,271.26,37.06
13734,control,mobile,0,275.35,21.02
18057,control,tablet,0,194.0,40.24
13128,control,mobile,0,193.47,39.33
4788,treatment,desktop,0,210.56,59.2
11908,control,mobile,0,227.84,77.96
9400,control,mobile,0,205.7,74.46
14330,control,mobile,0,265.53,53.89
5412,treatment,desktop,0,248.39,78.21
8423,control,mobile,0,189.33,62.19
19563,treatment,tablet,0,233.05,37.27
19422,treatment,tablet,0,187.65,54.7
12392,control,mobile,0,211.59,25.85
1276,treatment,desktop,0,250.1,40.39
3465,treatment,desktop,0,228.97,57.05
388,control,desktop,1,283.39,59.81
9676,control,mobile,0,195.58,66.51
6577,treatment,desktop,0,228.17,61.22
12911,control,mobile,0,154.35,31.27
11732,control,mobile,0,208.97,46.71
14960,control,mobile,0,236.94,50.28
2233,treatment,desktop,0,199.49,56.79
16977,treatment,mobile,0,221.16,59.68
8974,control,mobile,0,200.56,53.43
2795,treatment,desktop,0,203.66,28.63
11939,control,mobile,0,170.56,33.24
6055,treatment,desktop,0,172.24,118.8
15984,treatment,mobile,0,242.1,40.37
9505,control,mobile,0,221.73,87.85
6006,treatment,desktop,1,176.47,37.35
10419,control,mobile,0,219.32,168.49
17565,control,tablet,0,229.74,33.53
4035,treatment,desktop,0,240.98,25.84
3487,treatment,desktop,0,240.25,79.66
19900,treatment,tablet,0,199.14,43.29
15764,treatment,mobile,0,180.76,19.29
4841,treatment,desktop,0,241.92,83.2
17441,treatment,mobile,0,172.91,82.16
10557,control,mobile,0,276.14,78.81
13329,control,mobile,0,237.68,30.99
15152,treatment,mobile,0,198.24,41.92
3698,treatment,desktop,0,306.1,73.0
11444,control,mobile,0,234.72,31.67
7835,treatment,desktop,0,267.21,32.2
13613,control,mobile,0,194.54,39.79
15421,treatment,mobile,0,201.3,52.66
9370,control,mobile,0,209.06,42.73
6804,treatment,desktop,1,206.23,62.54
8854,control,mobile,0,220.66,57.52
9935,control,mobile,0,245.77,140.06
16344,treatment,mobile,0,175.42,3579.27
1136,control,desktop,0,170.25,110.31
8618,control,mobile,0,226.0,38.54
17889,control,tablet,0,197.35,88.53
1665,treatment,desktop,0,273.1,37.75
3603,treatment,desktop,0,238.44,35.99
16457,treatment,mobile,0,168.97,41.74
7574,treatment,desktop,0,229.19,35.39
3684,treatment,desktop,0,300.23,36.04
15665,treatment,mobile,0,217.94,67.68
3770,treatment,desktop,0,228.34,17.77
13430,control,mobile,0,225.92,36.78
3130,treatment,desktop,0,221.72,48.03
9251,control,mobile,0,149.28,37.43
18541,control,tablet,0,250.52,57.09
10034,control,mobile,0,163.38,101.82
12002,control,mobile,0,244.42,37.65
16924,treatment,mobile,0,210.54,59.59
14251,control,mobile,0,198.78,39.41
16014,treatment,mobile,0,222.55,47.75
5215,treatment,desktop,0,206.84,59.08
1314,treatment,desktop,0,241.11,63.53
2687,treatment,desktop,0,228.67,32.12
7751,treatment,desktop,0,224.12,177.72
9709,control,mobile,0,237.79,99.31
878,control,desktop,0,183.33,43.24
13748,control,mobile,0,216.31,55.46
19608,treatment,tablet,0,221.53,44.72
13073,control,mobile,0,235.93,76.96
258,control,desktop,1,195.96,39.92
9165,control,mobile,0,238.54,76.9
195,control,desktop,0,195.99,58.32
328,control,desktop,0,195.97,43.49
10068,control,mobile,0,210.9,47.68
9341,control,mobile,0,157.58,218.48
10988,control,mobile,0,166.5,3691.76
2982,treatment,desktop,1,179.19,47.98
16994,treatment,mobile,0,231.27,38.51
4395,treatment,desktop,1,211.83,17.49
16136,treatment,mobile,0,159.12,27.58
19847,treatment,tablet,0,190.75,35.82
4753,treatment,desktop,0,224.24,69.41
13196,control,mobile,0,181.06,72.14
8785,control,mobile,0,179.24,44.78
8984,control,mobile,0,262.21,41.03
19561,treatment,tablet,0,235.04,51.87
8783,control,mobile,0,199.27,32.29
1852,treatment,desktop,0,164.94,152.31
9604,control,mobile,0,246.54,170.63
1626,treatment,desktop,0,223.27,98.63
16764,treatment,mobile,1,250.48,42.02
745,control,desktop,0,243.99,34.08
7597,treatment,desktop,0,219.02,32.77
18518,control,tablet,0,179.65,76.98
5776,treatment,desktop,0,175.14,33.15
19212,treatment,tablet,0,184.25,114.31
7647,treatment,desktop,0,221.22,53.83
6111,treatment,desktop,0,227.53,57.06
6298,treatment,desktop,1,273.21,31.97
10176,control,mobile,0,230.52,47.51
1682,treatment,desktop,1,229.75,99.23
6753,treatment,desktop,0,271.34,74.14
4266,treatment,desktop,0,249.47,30.24
55,control,desktop,0,197.07,24.47
9119,control,mobile,0,169.9,100.09
6120,treatment,desktop,0,178.99,107.09
5701,treatment,desktop,0,213.55,116.28
14526,control,mobile,0,200.5,57.76
8880,control,mobile,0,172.05,67.96
13435,control,mobile,0,228.02,40.47
382,control,desktop,0,194.9,69.67
8155,treatment,desktop,0,240.99,53.18
2700,treatment,desktop,0,264.1,123.5
17251,treatment,mobile,0,211.45,69.5
1971,treatment,desktop,0,218.19,60.16
16705,treatment,mobile,0,246.74,146.54
16350,treatment,mobile,0,199.47,55.45
12483,control,mobile,0,190.04,50.55
2850,treatment,desktop,0,203.65,33.69
16425,treatment,mobile,0,212.02,44.54
6106,treatment,desktop,1,191.95,106.28
17616,control,tablet,0,219.79,62.38
9264,control,mobile,0,206.38,67.45
4428,treatment,desktop,1,271.82,66.29
16996,treatment,mobile,0,212.16,37.74
10288,control,mobile,0,178.41,43.35
11334,control,mobile,0,212.4,39.26
6966,treatment,desktop,0,191.61,53.54
14806,control,mobile,0,199.29,49.38
15454,treatment,mobile,0,204.49,132.16
15445,treatment,mobile,0,184.53,98.09
15151,treatment,mobile,1,235.75,46.12
19326,treatment,tablet,0,256.15,39.82
16009,treatment,mobile,0,267.82,59.12
2845,treatment,desktop,0,239.15,34.35
6039,treatment,desktop,0,203.24,57.3
909,control,desktop,1,231.75,21.5
14146,control,mobile,0,216.11,32.48
2266,treatment,desktop,0,232.12,41.15
18201,control,tablet,0,220.06,35.3
7256,treatment,desktop,0,197.01,141.59
13111,control,mobile,0,194.77,41.86
12107,control,mobile,0,210.33,24.55
13213,control,mobile,1,239.13,19.92
12516,control,mobile,0,195.05,49.21
11238,control,mobile,0,234.4,28.68
1170,control,desktop,0,216.68,41.53
4761,treatment,desktop,0,202.05,37.44
8082,treatment,desktop,0,195.49,101.57
9122,control,mobile,0,215.47,46.31
18969,control,tablet,0,223.74,79.23
19598,treatment,tablet,0,190.88,79.87
16850,treatment,mobile,0,187.84,21.19
14205,control,mobile,0,238.11,107.79
13714,control,mobile,0,279.54,52.93
15857,treatment,mobile,0,221.37,20.78
5759,treatment,desktop,0,206.36,54.21
3590,treatment,desktop,0,248.52,46.5
4172,treatment,desktop,0,240.11,57.73
12298,control,mobile,1,238.33,150.56
6922,treatment,desktop,1,256.81,52.17
3709,treatment,desktop,1,197.4,4953.03
18478,control,tablet,0,229.13,25.92
19811,treatment,tablet,0,238.88,46.81
3162,treatment,desktop,0,214.93,111.12
353,control,desktop,0,179.42,52.06
5961,treatment,desktop,0,189.87,55.63
10916,control,mobile,0,214.03,79.5
17638,control,tablet,1,262.26,47.66
19757,treatment,tablet,0,259.1,24.73
8296,control,mobile,0,238.98,86.16
11426,control,mobile,0,234.39,58.82
8137,treatment,desktop,0,229.54,20.97
11566,control,mobile,0,182.78,47.25
16897,treatment,mobile,0,226.36,62.5
15843,treatment,mobile,0,263.45,27.6
12319,control,mobile,0,244.62,65.9
5588,treatment,desktop,0,242.23,60.62
12944,control,mobile,0,189.05,84.12
16958,treatment,mobile,0,211.43,68.5
16759,treatment,mobile,0,211.03,93.94
6015,treatment,desktop,0,164.86,36.35
2631,treatment,desktop,1,240.92,60.58
15073,control,mobile,0,229.79,59.11
11531,control,mobile,0,184.75,61.67
12394,control,mobile,0,229.57,35.46
15084,control,mobile,0,231.36,53.54
14576,control,mobile,0,269.53,42.83
3797,treatment,desktop,0,234.87,54.83
2733,treatment,desktop,0,226.15,64.59
10430,control,mobile,0,218.41,57.6
18651,control,tablet,0,263.79,19.8
17052,treatment,mobile,1,251.46,56.98
1769,treatment,desktop,0,225.25,149.93
18961,control,tablet,0,202.39,48.71
440,control,desktop,0,228.19,66.04
5811,treatment,desktop,0,254.76,40.4
12160,control,mobile,0,234.71,37.27
18047,control,tablet,0,195.87,51.11
17464,treatment,mobile,0,208.92,30.01
19944,treatment,tablet,0,184.61,38.59
13157,control,mobile,0,219.69,66.32
9239,control,mobile,0,147.56,24.14
2952,treatment,desktop,0,173.93,59.01
5841,treatment,desktop,0,214.68,59.72
5064,treatment,desktop,0,231.45,58.1
8318,control,mobile,0,253.94,71.41
3496,treatment,desktop,0,238.33,39.75
7863,treatment,desktop,0,221.71,18.72
15422,treatment,mobile,0,183.38,38.01
13011,control,mobile,0,204.66,68.44
7301,treatment,desktop,1,255.32,44.47
10670,control,mobile,0,196.82,38.17
15008,control,mobile,0,241.16,42.78
18891,control,tablet,0,233.09,28.05
9077,control,mobile,0,231.56,40.75
15766,treatment,mobile,0,231.88,38.68
1030,control,desktop,0,229.8,54.78
11101,control,mobile,0,199.96,62.98
16177,treatment,mobile,0,255.51,62.73
11309,control,mobile,0,219.15,68.45
10409,control,mobile,0,199.58,55.33
4130,treatment,desktop,0,182.99,45.95
19187,treatment,tablet,0,278.75,47.1
5622,treatment,desktop,1,190.42,42.22
3267,treatment,desktop,1,197.8,84.48
3903,treatment,desktop,0,236.97,33.49
14948,control,mobile,0,255.72,33.17
1061,control,desktop,0,203.94,21.25
4880,treatment,desktop,0,165.45,19.0
11723,control,mobile,0,189.65,65.45
17207,treatment,mobile,0,230.83,88.57
12331,control,mobile,0,297.22,103.64
13360,control,mobile,0,278.19,24.54
17781,control,tablet,0,245.13,54.0
3812,treatment,desktop,1,213.77,51.27
2765,treatment,desktop,1,213.97,52.27
13848,control,mobile,0,212.45,27.54
682,control,desktop,0,187.6,168.56
17978,control,tablet,0,178.77,67.78
17032,treatment,mobile,0,211.88,72.35
15724,treatment,mobile,1,218.84,64.66
12476,control,mobile,1,218.05,52.35
19529,treatment,tablet,0,183.51,22.81
17335,treatment,mobile,0,229.25,50.16
4497,treatment,desktop,0,217.84,37.64
12927,control,mobile,0,234.44,28.33
8534,control,mobile,0,226.78,44.25
3647,treatment,desktop,0,229.08,44.76
3314,treatment,desktop,0,231.95,50.59
15432,treatment,mobile,0,222.79,46.86
12637,control,mobile,0,185.45,51.77
9356,control,mobile,0,195.32,36.12
17382,treatment,mobile,0,206.83,55.39
3043,treatment,desktop,0,189.92,23.51
2979,treatment,desktop,0,298.76,129.68
976,control,desktop,0,223.91,43.06
5196,treatment,desktop,1,175.22,141.95
7376,treatment,desktop,0,255.72,35.57
232,control,desktop,0,211.39,64.52
11291,control,mobile,0,202.95,95.36
5081,treatment,desktop,0,226.3,39.86
13598,control,mobile,0,253.73,44.64
18291,control,tablet,0,258.52,19.27
16619,treatment,mobile,0,252.64,40.33
420,control,desktop,0,219.56,56.03
18616,control,tablet,0,213.1,87.53
7463,treatment,desktop,0,285.23,63.03
17746,control,tablet,0,265.56,29.28
9944,control,mobile,0,253.36,20.93
2972,treatment,desktop,0,311.96,52.84
4126,treatment,desktop,1,251.52,19.2
19312,treatment,tablet,0,234.7,100.98
5806,treatment,desktop,0,143.83,39.79
633,control,desktop,0,226.31,221.4
2246,treatment,desktop,0,244.66,31.53
12454,control,mobile,0,245.01,20.57
6001,treatment,desktop,0,212.15,53.7
16429,treatment,mobile,0,189.93,35.53
6684,treatment,desktop,0,271.31,4801.23
2740,treatment,desktop,0,201.56,23.71
7909,treatment,desktop,0,228.37,42.38
4039,treatment,desktop,0,204.01,50.96
1501,treatment,desktop,0,221.76,44.92
14492,control,mobile,0,227.01,90.57
5566,treatment,desktop,1,211.41,41.41
15040,control,mobile,0,212.55,105.1
3277,treatment,desktop,0,230.63,67.75
2657,treatment,desktop,0,171.45,63.48
1932,treatment,desktop,0,201.43,46.38
12381,control,mobile,0,221.92,39.92
18147,control,tablet,0,247.73,72.97
15622,treatment,mobile,0,246.53,99.38
16968,treatment,mobile,0,214.3,17.19
6154,treatment,desktop,0,213.05,61.08
1820,treatment,desktop,0,167.26,30.78
2260,treatment,desktop,0,226.99,53.89
15263,treatment,mobile,0,168.3,234.66
5788,treatment,desktop,1,209.26,42.45
17693,control,tablet,0,186.27,52.37
18687,control,tablet,0,202.58,53.88
11835,control,mobile,0,202.76,58.33
329,control,desktop,0,184.8,64.99
4767,treatment,desktop,0,262.45,102.75
8806,control,mobile,0,206.99,64.99
13854,control,mobile,0,219.52,54.18
14510,control,mobile,0,263.27,45.01
19962,treatment,tablet,0,248.94,74.83
2601,treatment,desktop,1,263.92,35.94
18862,control,tablet,0,252.9,56.98
15202,treatment,mobile,0,260.06,79.16
11594,control,mobile,1,198.84,89.07
16460,treatment,mobile,0,270.19,73.6
3569,treatment,desktop,1,191.32,58.89
6227,treatment,desktop,0,251.61,36.26
14919,control,mobile,0,220.45,50.15
12095,control,mobile,0,238.63,104.76
11200,control,mobile,0,253.55,61.02
12486,control,mobile,0,235.55,35.61
13876,control,mobile,0,227.53,31.86
3777,treatment,desktop,1,180.19,59.4
12614,control,mobile,0,189.49,68.81
14102,control,mobile,0,202.58,42.8
18711,control,tablet,0,206.56,34.34
8368,control,mobile,0,226.68,52.83
3418,treatment,desktop,0,218.66,49.21
6729,treatment,desktop,0,276.62,117.91
18305,control,tablet,0,245.68,77.16
16127,treatment,mobile,0,264.31,44.98
13857,control,mobile,0,243.1,33.73
17896,control,tablet,0,254.52,55.7
4390,treatment,desktop,0,217.96,31.67
9498,control,mobile,0,216.31,47.93
12768,control,mobile,0,219.98,122.35
17605,control,tablet,0,282.63,69.55
9478,control,mobile,0,184.3,20.8
3832,treatment,desktop,0,237.88,38.12
6422,treatment,desktop,0,203.27,26.53
17392,treatment,mobile,0,233.63,43.2
10690,control,mobile,0,213.79,26.09
10372,control,mobile,0,164.28,22.49
4290,treatment,desktop,0,213.64,24.26
12806,control,mobile,0,209.15,113.99
16499,treatment,mobile,0,213.76,38.57
2559,treatment,desktop,0,229.07,55.02
13771,control,mobile,1,208.41,55.07
18101,control,tablet,0,285.11,5068.87
2060,treatment,desktop,0,202.43,77.51
11389,control,mobile,0,236.64,70.08
879,control,desktop,1,182.63,61.15
13833,control,mobile,0,237.06,79.0
17764,control,tablet,0,189.99,24.81
17520,control,tablet,0,282.9,28.02
18520,control,tablet,0,197.53,24.67
7838,treatment,desktop,1,177.32,56.42
2596,treatment,desktop,0,268.47,45.19
11956,control,mobile,0,241.69,153.67
11645,control,mobile,0,194.89,70.13
6646,treatment,desktop,0,207.87,77.59
1643,treatment,desktop,0,275.82,96.24
9695,control,mobile,0,219.81,45.82
10890,control,mobile,0,223.35,23.41
11937,control,mobile,0,207.39,28.93
12564,control,mobile,0,226.75,32.62
13048,control,mobile,0,209.34,36.15
492,control,desktop,0,228.64,45.66
8298,control,mobile,0,208.87,43.86
12310,control,mobile,0,198.36,44.87
1045,control,desktop,1,208.26,41.25
14807,control,mobile,0,250.59,24.0
10438,control,mobile,0,167.27,36.83
13173,control,mobile,0,179.04,28.01
6456,treatment,desktop,0,184.04,66.87
14277,control,mobile,0,227.85,125.86
14397,control,mobile,0,269.89,96.38
1416,treatment,desktop,0,223.49,24.08
19685,treatment,tablet,0,230.54,80.5
5903,treatment,desktop,0,227.37,24.92
14585,control,mobile,0,197.58,56.86
1064,control,desktop,1,233.88,16.41
351,control,desktop,0,227.15,50.75
13471,control,mobile,0,222.95,44.72
7532,treatment,desktop,0,244.4,71.88
7934,treatment,desktop,0,235.95,90.99
7318,treatment,desktop,0,221.02,36.43
3208,treatment,desktop,0,207.72,36.09
7818,treatment,desktop,0,192.75,23.83
12473,control,mobile,0,238.6,86.06
12029,control,mobile,0,186.38,118.68
13872,control,mobile,0,210.51,126.7
18228,control,tablet,0,241.87,54.26
4597,treatment,desktop,0,228.44,71.8
11525,control,mobile,0,186.83,53.51
6447,treatment,desktop,0,194.31,57.7
9015,control,mobile,0,256.16,91.5
12689,control,mobile,0,191.76,39.99
10656,control,mobile,0,231.91,27.57
9234,control,mobile,0,239.89,93.18
14485,control,mobile,0,254.43,32.15
7506,treatment,desktop,0,228.45,27.7
15225,treatment,mobile,0,242.23,44.38
6688,treatment,desktop,0,251.91,79.24
1015,control,desktop,0,225.2,27.57
7579,treatment,desktop,0,208.34,77.67
7458,treatment,desktop,0,243.41,75.31
2766,treatment,desktop,1,269.86,94.75
5599,treatment,desktop,0,134.48,47.62
7125,treatment,desktop,0,271.75,76.23
9973,control,mobile,0,187.18,28.23
16668,treatment,mobile,0,195.19,141.93
6348,treatment,desktop,0,217.14,25.18
12221,control,mobile,0,186.11,80.24
2047,treatment,desktop,0,170.94,34.36
6086,treatment,desktop,1,175.52,80.29
18535,control,tablet,0,191.84,30.39
18505,control,tablet,1,240.92,73.38
5008,treatment,desktop,0,222.11,54.52
7696,treatment,desktop,0,192.53,61.44
19375,treatment,tablet,0,243.93,60.52
8920,control,mobile,0,267.2,22.27
2810,treatment,desktop,0,255.18,40.23
1513,treatment,desktop,0,240.39,25.28
4106,treatment,desktop,1,164.06,50.58
2262,treatment,desktop,0,202.82,64.78
15292,treatment,mobile,0,233.54,52.14
13578,control,mobile,0,278.65,29.05
9538,control,mobile,0,194.52,63.02
8331,control,mobile,0,222.95,57.08
16436,treatment,mobile,0,296.78,46.36
13820,control,mobile,0,246.03,32.25
18395,control,tablet,1,260.33,109.86
2334,treatment,desktop,0,177.97,31.91
4875,treatment,desktop,0,226.98,70.02
5949,treatment,desktop,0,190.24,59.86
18796,control,tablet,0,192.26,16.04
17101,treatment,mobile,0,243.2,14.02
15542,treatment,mobile,0,239.33,34.2
9746,control,mobile,0,207.19,50.06
7891,treatment,desktop,0,199.91,32.52
14902,control,mobile,0,177.65,38.91
16405,treatment,mobile,0,254.09,113.39
16812,treatment,mobile,0,218.48,29.51
8845,control,mobile,0,206.6,22.08
18575,control,tablet,0,220.29,61.01
2533,treatment,desktop,0,225.45,47.33
9993,control,mobile,0,235.35,29.79
13938,control,mobile,0,222.82,37.8
2904,treatment,desktop,0,248.69,44.45
467,control,desktop,0,219.73,91.03
18004,control,tablet,0,244.8,52.54
19861,treatment,tablet,0,254.23,61.66
12147,control,mobile,0,251.41,23.32
15099,control,mobile,0,246.84,40.72
10179,control,mobile,0,237.41,20.26
4539,treatment,desktop,0,213.82,15.3
66,control,desktop,0,232.72,15.45
17686,control,tablet,0,163.92,30.88
11483,control,mobile,0,226.41,48.7
5088,treatment,desktop,0,218.24,33.11
11575,control,mobile,0,222.68,35.23
5284,treatment,desktop,0,238.68,59.25
8337,control,mobile,0,208.82,43.23
13932,control,mobile,0,200.69,40.82
9776,control,mobile,0,229.57,51.1
13823,control,mobile,0,166.7,70.55
11947,control,mobile,0,224.95,88.0
15607,treatment,mobile,0,211.61,52.3
18114,control,tablet,0,183.18,56.91
3484,treatment,desktop,0,221.43,3224.48
121,control,desktop,0,223.47,61.46
371,control,desktop,1,218.19,68.42
1428,treatment,desktop,0,160.32,39.31
3336,treatment,desktop,0,244.16,110.62
6784,treatment,desktop,0,243.43,28.19
7544,treatment,desktop,0,206.32,68.33
16489,treatment,mobile,0,263.17,58.28
7299,treatment,desktop,0,223.92,39.54
10385,control,mobile,0,222.73,99.07
7531,treatment,desktop,1,290.39,75.1
13531,control,mobile,0,213.89,33.43
15528,treatment,mobile,0,246.97,58.26
1841,treatment,desktop,0,234.15,114.19
9637,control,mobile,0,218.29,72.06
8776,control,mobile,0,209.73,103.29
11327,control,mobile,0,160.76,41.6
14520,control,mobile,0,202.15,51.0
8095,treatment,desktop,0,212.51,64.28
3848,treatment,desktop,0,237.02,42.83
1517,treatment,desktop,0,238.56,21.35
2907,treatment,desktop,0,239.2,55.68
7155,treatment,desktop,0,198.45,85.09
5671,treatment,desktop,0,187.88,28.34
4278,treatment,desktop,0,191.89,36.8
16268,treatment,mobile,0,207.12,32.45
18122,control,tablet,0,244.76,21.03
4905,treatment,desktop,0,219.18,51.95
16902,treatment,mobile,0,197.01,102.14
11716,control,mobile,0,259.9,154.77
3478,treatment,desktop,1,232.1,67.77
6897,treatment,desktop,0,202.19,35.82
1906,treatment,desktop,0,215.93,21.77
15130,treatment,mobile,0,231.82,40.38
17909,control,tablet,0,244.0,73.72
12799,control,mobile,0,204.08,24.99
8016,treatment,desktop,0,220.68,47.02
19799,treatment,tablet,0,228.94,72.41
14177,control,mobile,0,225.62,77.41
2858,treatment,desktop,0,223.44,33.31
19985,treatment,tablet,0,257.62,66.84
12233,control,mobile,1,247.45,69.88
7524,treatment,desktop,0,244.61,27.36
5778,treatment,desktop,0,190.07,28.0
7065,treatment,desktop,0,295.38,34.38
19852,treatment,tablet,0,210.63,31.84
9837,control,mobile,0,187.61,23.52
11802,control,mobile,0,221.74,62.14
3544,treatment,desktop,0,219.58,36.02
5394,treatment,desktop,0,226.23,106.03
15303,treatment,mobile,0,252.63,65.27
6263,treatment,desktop,0,225.44,74.94
13769,control,mobile,0,263.43,35.96
10672,control,mobile,0,223.14,52.5
19128,treatment,tablet,0,186.69,23.96
10923,control,mobile,0,253.21,50.3
4028,treatment,desktop,1,201.77,53.43
19856,treatment,tablet,0,215.91,23.87
12825,control,mobile,0,237.23,32.01
15473,treatment,mobile,0,190.5,20.51
15577,treatment,mobile,0,187.34,76.25
18647,control,tablet,0,249.97,71.33
19381,treatment,tablet,0,196.02,38.07
13951,control,mobile,0,184.87,143.7
6711,treatment,desktop,0,225.15,60.84
4392,treatment,desktop,0,221.59,58.41
17814,control,tablet,0,240.52,58.58
11304,control,mobile,0,230.99,40.15
19964,treatment,tablet,0,219.14,77.83
16795,treatment,mobile,0,156.61,106.23
17822,control,tablet,0,255.76,49.88
318,control,desktop,0,244.1,24.11
15407,treatment,mobile,0,174.3,21.01
17117,treatment,mobile,0,181.85,27.01
1158,control,desktop,1,230.51,65.27
5960,treatment,desktop,1,226.63,77.87
19,control,desktop,0,225.36,41.12
8075,treatment,desktop,0,228.77,71.74
17714,control,tablet,0,249.58,65.33
16261,treatment,mobile,0,243.24,38.84
6562,treatment,desktop,0,265.54,128.89
18758,control,tablet,0,235.71,57.59
2051,treatment,desktop,0,236.74,47.23
6283,treatment,desktop,0,201.46,85.84
17271,treatment,mobile,0,193.91,48.17
5812,treatment,desktop,0,194.03,46.42
13698,control,mobile,0,192.52,29.35
13284,control,mobile,0,213.39,48.31
10161,control,mobile,0,163.96,33.03
6745,treatment,desktop,0,280.66,53.72
15290,treatment,mobile,0,231.6,25.56
5228,treatment,desktop,0,236.61,105.28
7246,treatment,desktop,1,213.39,41.43
13782,control,mobile,0,237.77,14.92
4556,treatment,desktop,0,250.62,85.52
214,control,desktop,0,221.85,110.81
11935,control,mobile,0,270.62,51.31
1496,treatment,desktop,0,148.09,41.21
17265,treatment,mobile,0,201.53,144.09
8753,control,mobile,0,216.85,87.8
17690,control,tablet,0,217.85,34.7
12941,control,mobile,0,197.52,197.18
19693,treatment,tablet,0,192.67,112.53
1774,treatment,desktop,0,201.4,50.59
3504,treatment,desktop,0,196.29,51.12
19821,treatment,tablet,0,181.54,190.27
13974,control,mobile,0,174.83,88.41
18746,control,tablet,0,225.47,38.39
10839,control,mobile,0,200.09,96.86
19276,treatment,tablet,0,197.62,67.95
13084,control,mobile,0,288.84,18.48
18331,control,tablet,0,201.51,39.38
6575,treatment,desktop,0,250.34,29.33
7166,treatment,desktop,0,181.86,84.48
1727,treatment,desktop,0,298.78,44.61
19884,treatment,tablet,0,187.95,68.13
824,control,desktop,0,192.54,37.42
2165,treatment,desktop,0,200.28,31.3
14347,control,mobile,0,257.58,46.44
2877,treatment,desktop,0,239.22,43.73
13270,control,mobile,0,230.73,101.78
6135,treatment,desktop,0,172.55,134.67
17766,control,tablet,0,214.58,58.14
8027,treatment,desktop,1,223.54,69.89
9777,control,mobile,0,206.35,26.26
1566,treatment,desktop,0,245.67,42.64
3,control,desktop,0,162.0,43.4
12992,control,mobile,0,209.93,45.63
5804,treatment,desktop,0,179.78,71.31
18152,control,tablet,0,239.05,53.33
18959,control,tablet,0,174.98,114.46
10982,control,mobile,0,234.32,84.12
8887,control,mobile,0,267.8,38.8
12307,control,mobile,0,211.62,39.34
3905,treatment,desktop,0,182.53,51.95
15844,treatment,mobile,0,149.02,40.54
99,control,desktop,0,193.69,54.29
2832,treatment,desktop,0,210.61,29.71
3874,treatment,desktop,0,237.35,47.21
15761,treatment,mobile,0,211.59,91.1
5379,treatment,desktop,0,187.24,28.89
16876,treatment,mobile,0,257.8,44.21
12632,control,mobile,0,218.14,46.04
8207,control,mobile,0,254.26,59.33
4468,treatment,desktop,0,193.75,58.06
15459,treatment,mobile,0,247.8,16.24
4801,treatment,desktop,0,207.75,13.93
19119,treatment,tablet,0,143.3,63.18
13298,control,mobile,0,213.85,73.26
5914,treatment,desktop,0,176.13,18.47
9181,control,mobile,0,235.62,97.57
13844,control,mobile,0,212.76,46.16
3121,treatment,desktop,0,243.35,61.03
9773,control,mobile,0,231.63,93.1
13622,control,mobile,0,187.9,70.48
19487,treatment,tablet,0,263.62,75.81
8603,control,mobile,0,213.73,51.14
7476,treatment,desktop,0,239.35,28.77
5857,treatment,desktop,0,203.89,58.32
18641,control,tablet,0,212.89,35.2
497,control,desktop,0,244.63,83.71
7871,treatment,desktop,0,223.81,35.54
3598,treatment,desktop,0,246.9,30.38
17135,treatment,mobile,0,227.46,72.9
2041,treatment,desktop,0,215.13,25.25
12320,control,mobile,1,290.66,64.05
6778,treatment,desktop,0,230.34,42.77
2026,treatment,desktop,1,225.46,58.41
5573,treatment,desktop,0,149.83,31.36
19515,treatment,tablet,0,249.4,107.69
14834,control,mobile,0,212.37,81.52
3732,treatment,desktop,1,222.79,48.33
4824,treatment,desktop,0,222.18,116.22
9124,control,mobile,0,191.49,71.82
15729,treatment,mobile,0,231.88,140.53
16728,treatment,mobile,0,286.65,53.54
3377,treatment,desktop,1,290.28,77.71
8643,control,mobile,0,212.9,28.25
18200,control,tablet,0,236.65,44.35
14527,control,mobile,0,207.27,62.36
15079,control,mobile,0,302.34,35.89
17413,treatment,mobile,0,242.84,30.38
11468,control,mobile,0,170.61,43.12
13044,control,mobile,0,228.76,71.26
13115,control,mobile,0,208.19,48.74
11879,control,mobile,1,193.38,62.58
7020,treatment,desktop,0,186.56,36.37
18533,control,tablet,0,232.41,33.09
9365,control,mobile,0,184.22,75.98
16923,treatment,mobile,0,274.28,57.15
14598,control,mobile,0,225.77,52.53
3270,treatment,desktop,0,280.38,52.35
1724,treatment,desktop,0,256.46,43.63
5451,treatment,desktop,1,182.9,38.67
10171,control,mobile,0,234.56,36.22
11506,control,mobile,0,217.63,47.19
8999,control,mobile,0,168.26,38.62
1898,treatment,desktop,1,264.11,45.96
3828,treatment,desktop,0,243.58,90.5
3871,treatment,desktop,1,236.17,41.92
19883,treatment,tablet,0,210.42,36.66
15789,treatment,mobile,0,203.4,46.01
2833,treatment,desktop,0,280.35,25.23
16715,treatment,mobile,0,208.25,76.94
9906,control,mobile,0,216.64,54.87
6898,treatment,desktop,0,209.4,68.14
13305,control,mobile,0,267.07,89.25
1459,treatment,desktop,0,188.64,42.38
10306,control,mobile,0,224.18,43.83
9079,control,mobile,0,236.6,53.22
19555,treatment,tablet,0,255.95,38.89
18257,control,tablet,0,203.22,28.9
15961,treatment,mobile,0,211.59,27.17
17399,treatment,mobile,0,206.8,70.16
16586,treatment,mobile,0,229.27,50.76
7580,treatment,desktop,0,243.41,32.42
14180,control,mobile,0,266.88,61.3
2106,treatment,desktop,0,241.37,72.58
18572,control,tablet,0,197.19,73.51
771,control,desktop,0,251.28,38.8
11255,control,mobile,0,238.83,39.34
9521,control,mobile,0,240.04,151.14
4213,treatment,desktop,0,187.29,81.88
6100,treatment,desktop,0,236.35,26.1
9248,control,mobile,0,229.51,63.53
19035,treatment,tablet,0,201.02,52.93
6342,treatment,desktop,0,142.81,48.26
11011,control,mobile,0,213.06,35.95
19462,treatment,tablet,0,227.56,26.27
1286,treatment,desktop,0,244.8,46.51
8790,control,mobile,0,232.93,89.31
2510,treatment,desktop,0,224.9,38.55
9219,control,mobile,0,231.02,117.22
4439,treatment,desktop,0,140.01,46.11
926,control,desktop,0,190.96,157.76
18778,control,tablet,0,233.85,70.45
7789,treatment,desktop,0,209.78,65.28
176,control,desktop,1,240.9,37.08
3038,treatment,desktop,0,271.98,24.24
18620,control,tablet,1,198.12,38.14
3424,treatment,desktop,0,214.02,24.27
344,control,desktop,0,217.22,36.2
16888,treatment,mobile,0,206.63,42.6
6414,treatment,desktop,0,234.44,50.31
15672,treatment,mobile,0,211.26,84.13
14782,control,mobile,0,186.05,52.3
5342,treatment,desktop,1,178.33,67.74
7466,treatment,desktop,1,196.25,62.44
10396,control,mobile,0,249.12,29.64
9337,control,mobile,0,221.71,15.11
12165,control,mobile,0,212.48,41.3
17174,treatment,mobile,0,212.75,78.19
2575,treatment,desktop,1,201.95,63.05
8131,treatment,desktop,0,257.44,57.67
14186,control,mobile,0,219.28,31.17
3480,treatment,desktop,0,195.63,110.93
1646,treatment,desktop,0,209.94,46.84
2070,treatment,desktop,1,161.56,44.82
14422,control,mobile,0,203.15,79.65
11215,control,mobile,0,211.75,36.49
5999,treatment,desktop,0,256.98,47.05
14663,control,mobile,1,184.68,64.78
10802,control,mobile,0,256.51,80.22
7126,treatment,desktop,0,208.74,46.8
17297,treatment,mobile,0,257.42,28.65
12227,control,mobile,0,191.92,36.06
8316,control,mobile,0,217.96,16.63
4865,treatment,desktop,0,160.01,48.58
950,control,desktop,0,188.73,55.47
15781,treatment,mobile,0,247.91,30.48
16711,treatment,mobile,0,219.86,38.95
13989,control,mobile,0,231.58,14.2
935,control,desktop,0,205.25,35.02
13491,control,mobile,0,208.64,50.5
3473,treatment,desktop,0,199.71,165.6
13702,control,mobile,0,269.58,34.95
4418,treatment,desktop,1,208.54,38.98
4977,treatment,desktop,0,201.07,27.42
2525,treatment,desktop,0,253.87,65.92
1252,treatment,desktop,0,189.33,33.69
17722,control,tablet,0,149.66,43.74
16323,treatment,mobile,0,250.33,82.13
9525,control,mobile,0,268.54,27.33
7110,treatment,desktop,0,231.53,46.28
6862,treatment,desktop,1,280.53,64.04
12255,control,mobile,0,250.13,70.62
19975,treatment,tablet,0,202.75,49.81
14692,control,mobile,0,192.13,59.53
2660,treatment,desktop,0,174.22,80.19
6827,treatment,desktop,1,257.55,61.91
2028,treatment,desktop,0,232.55,46.95
10731,control,mobile,0,238.52,152.74
16880,treatment,mobile,0,265.08,54.99
4348,treatment,desktop,0,211.68,27.12
10153,control,mobile,0,185.97,128.44
4435,treatment,desktop,0,312.78,37.86
14419,control,mobile,0,221.83,85.97
15487,treatment,mobile,0,203.73,41.78
8685,control,mobile,0,241.81,57.7
8181,treatment,desktop,0,209.21,44.65
6974,treatment,desktop,0,220.19,19.17
163,control,desktop,0,220.73,78.56
4752,treatment,desktop,0,207.14,67.31
12683,control,mobile,0,255.24,69.73
8625,control,mobile,0,226.84,59.14
1768,treatment,desktop,0,245.16,65.6
8000,treatment,desktop,0,254.7,72.25
6869,treatment,desktop,0,243.2,39.83
17573,control,tablet,0,249.87,26.29
5237,treatment,desktop,0,247.53,22.78
10673,control,mobile,0,237.06,65.46
4100,treatment,desktop,0,200.0,30.48
651,control,desktop,0,188.51,49.24
4284,treatment,desktop,0,220.85,132.59
6591,treatment,desktop,1,237.11,51.39
9032,control,mobile,0,227.29,48.81
17031,treatment,mobile,0,258.22,41.61
17821,control,tablet,0,226.96,74.54
19669,treatment,tablet,0,208.42,26.73
9605,control,mobile,0,166.89,57.08
10134,control,mobile,0,179.53,47.73
1336,treatment,desktop,1,275.02,50.96
19606,treatment,tablet,0,248.37,93.46
2598,treatment,desktop,0,232.37,104.05
10414,control,mobile,1,272.84,32.99
3248,treatment,desktop,0,264.43,21.62
2193,treatment,desktop,0,156.66,60.76
5904,treatment,desktop,0,194.77,27.14
10276,control,mobile,0,213.28,96.78
6316,treatment,desktop,1,184.22,33.83
11338,control,mobile,0,251.87,28.84
16330,treatment,mobile,0,216.89,44.25
5238,treatment,desktop,0,258.95,32.14
10970,control,mobile,0,208.28,40.27
12425,control,mobile,0,248.28,115.42
2820,treatment,desktop,0,220.08,46.55
381,control,desktop,0,176.67,36.76
228,control,desktop,0,206.92,42.63
10431,control,mobile,0,252.3,34.67
19399,treatment,tablet,0,225.09,46.4
11037,control,mobile,0,223.9,39.12
12576,control,mobile,0,255.4,38.61
119,control,desktop,0,179.79,50.17
14774,control,mobile,0,271.04,78.7
868,control,desktop,0,252.6,57.57
8206,control,mobile,0,189.47,63.87
11926,control,mobile,0,237.03,79.7
14949,control,mobile,0,184.99,52.51
10515,control,mobile,0,182.98,44.03
10443,control,mobile,0,282.71,52.24
678,control,desktop,0,262.55,16.27
16529,treatment,mobile,0,276.42,39.99
15126,treatment,mobile,0,235.14,51.6
4708,treatment,desktop,1,247.69,73.05
9522,control,mobile,0,237.77,84.03
18764,control,tablet,0,261.34,45.58
645,control,desktop,0,227.66,45.87
18737,control,tablet,0,201.16,72.28
12565,control,mobile,0,231.7,39.78
5552,treatment,desktop,1,140.38,31.67
9373,control,mobile,0,230.43,50.17
16349,treatment,mobile,0,209.7,63.2
17105,treatment,mobile,0,269.98,27.58
5343,treatment,desktop,0,163.17,60.89
16483,treatment,mobile,0,256.49,39.46
13931,control,mobile,0,202.56,40.58
16440,treatment,mobile,0,167.32,27.75
9164,control,mobile,0,208.5,33.72
12212,control,mobile,0,250.76,40.46
12940,control,mobile,0,235.1,89.53
18720,control,tablet,0,164.72,22.41
12121,control,mobile,0,261.26,24.45
837,control,desktop,0,224.27,27.78
5401,treatment,desktop,0,195.46,40.7
2269,treatment,desktop,1,222.99,43.09
9340,control,mobile,0,184.43,43.08
4434,treatment,desktop,0,220.58,57.67
19016,treatment,tablet,0,241.42,37.8
48,control,desktop,0,213.74,36.21
9876,control,mobile,0,281.56,16.1
9087,control,mobile,0,181.74,18.68
18666,control,tablet,0,211.62,112.1
4707,treatment,desktop,0,187.33,63.9
7510,treatment,desktop,0,150.03,44.5
226,control,desktop,0,237.15,53.99
12010,control,mobile,0,221.24,78.97
2643,treatment,desktop,0,186.42,26.26
3970,treatment,desktop,0,205.46,84.12
275,control,desktop,0,171.11,72.39
9642,control,mobile,0,181.19,39.77
7320,treatment,desktop,0,201.65,76.93
17779,control,tablet,0,260.68,92.22
14191,control,mobile,0,192.69,55.05
4339,treatment,desktop,0,218.56,52.49
1374,treatment,desktop,0,248.2,36.67
26,control,desktop,0,261.74,73.1
13880,control,mobile,0,199.87,58.63
19030,treatment,tablet,0,241.48,20.14
13316,control,mobile,0,190.14,65.22
7626,treatment,desktop,0,165.37,42.26
13194,control,mobile,0,186.87,54.68
12990,control,mobile,0,235.6,42.11
16228,treatment,mobile,0,255.28,120.98
4308,treatment,desktop,0,241.0,23.13
9421,control,mobile,0,204.34,87.25
6380,treatment,desktop,0,197.55,39.08
7259,treatment,desktop,0,306.24,115.96
18594,control,tablet,0,228.81,42.15
17915,control,tablet,0,177.1,32.41
11567,control,mobile,0,236.04,20.67
321,control,desktop,1,218.99,32.91
16863,treatment,mobile,0,205.26,42.94
17299,treatment,mobile,0,238.61,95.45
14521,control,mobile,0,235.2,19.19
1075,control,desktop,0,238.13,74.07
9516,control,mobile,0,246.08,3627.47
13438,control,mobile,1,212.19,43.45
952,control,desktop,0,230.98,65.85
5537,treatment,desktop,0,163.31,40.7
9865,control,mobile,0,232.52,15.81
7439,treatment,desktop,0,231.99,30.67
5816,treatment,desktop,0,218.33,111.49
14764,control,mobile,0,188.3,57.1
16399,treatment,mobile,0,215.18,31.37
14320,control,mobile,1,214.73,23.44
5316,treatment,desktop,0,239.31,43.96
301,control,desktop,0,173.02,67.95
11046,control,mobile,0,193.79,45.7
786,control,desktop,0,235.68,84.4
3204,treatment,desktop,0,204.19,27.57
557,control,desktop,0,183.66,65.22
14537,control,mobile,0,246.13,22.38
9484,control,mobile,0,227.32,48.46
417,control,desktop,1,240.54,24.64
15734,treatment,mobile,0,252.02,35.96
18240,control,tablet,0,202.88,134.95
12596,control,mobile,0,251.25,104.16
8874,control,mobile,0,180.12,57.68
13514,control,mobile,0,213.25,49.99
4293,treatment,desktop,0,216.26,78.6
3180,treatment,desktop,0,215.04,34.03
5824,treatment,desktop,0,197.77,51.49
19181,treatment,tablet,0,201.48,70.63
15691,treatment,mobile,0,191.73,95.95
8232,control,mobile,0,245.9,17.04
12655,control,mobile,0,194.82,43.46
1950,treatment,desktop,0,160.88,33.76
2372,treatment,desktop,0,151.38,53.25
3948,treatment,desktop,0,216.21,40.07
6112,treatment,desktop,0,205.1,32.01
5139,treatment,desktop,0,280.38,64.17
6614,treatment,desktop,0,219.16,106.78
16527,treatment,mobile,0,212.76,94.82
16993,treatment,mobile,0,221.05,29.9
15478,treatment,mobile,0,229.58,319.74
6424,treatment,desktop,0,234.29,73.62
14241,control,mobile,0,260.21,77.61
16409,treatment,mobile,0,285.6,82.96
7026,treatment,desktop,0,229.01,36.29
19372,treatment,tablet,0,231.61,61.01
10374,control,mobile,0,287.16,50.24
18509,control,tablet,0,196.04,91.78
10040,control,mobile,0,221.06,63.59
1570,treatment,desktop,0,222.14,33.25
7778,treatment,desktop,0,235.97,48.19
9723,control,mobile,0,222.08,34.69
13681,control,mobile,0,264.73,57.1
686,control,desktop,0,233.71,110.36
12074,control,mobile,0,229.6,76.57
17069,treatment,mobile,0,216.11,61.41
12695,control,mobile,0,235.17,32.05
10231,control,mobile,0,213.29,40.54
5553,treatment,desktop,0,211.24,92.3
1493,treatment,desktop,0,236.21,37.05
6547,treatment,desktop,1,255.31,31.44
2218,treatment,desktop,0,234.95,57.28
165,control,desktop,0,216.75,77.44
12974,control,mobile,0,238.48,49.93
19003,treatment,tablet,0,227.28,72.02
15770,treatment,mobile,0,219.46,50.69
17702,control,tablet,0,246.27,77.99
7335,treatment,desktop,0,248.19,64.97
18549,control,tablet,0,266.53,22.78
2646,treatment,desktop,0,220.79,119.51
14041,control,mobile,0,185.94,10.52
6403,treatment,desktop,0,290.62,23.01
16047,treatment,mobile,0,187.76,91.36
5635,treatment,desktop,0,260.47,144.14
19191,treatment,tablet,0,225.54,53.01
15963,treatment,mobile,0,264.0,54.18
15788,treatment,mobile,0,177.85,68.12
19476,treatment,tablet,0,223.95,29.14
5608,treatment,desktop,0,230.71,24.44
4544,treatment,desktop,0,224.89,37.7
14567,control,mobile,0,233.39,48.07
14197,control,mobile,0,256.94,4561.51
18974,control,tablet,0,217.32,20.78
13727,control,mobile,1,229.54,34.29
10181,control,mobile,0,213.3,69.58
9290,control,mobile,0,203.17,17.92
3678,treatment,desktop,0,200.49,33.09
547,control,desktop,0,168.69,94.51
8985,control,mobile,0,226.92,119.96
17338,treatment,mobile,0,172.62,19.78
18115,control,tablet,0,205.28,47.7
6114,treatment,desktop,0,282.72,49.28
2519,treatment,desktop,0,174.53,51.91
2688,treatment,desktop,0,179.62,71.68
3099,treatment,desktop,0,247.96,25.33
15014,control,mobile,0,286.69,25.39
13103,control,mobile,0,181.1,25.68
18036,control,tablet,0,239.47,35.31
10684,control,mobile,0,201.24,148.51
15698,treatment,mobile,0,237.1,46.33
12616,control,mobile,0,223.83,27.32
8683,control,mobile,0,230.11,27.99
16931,treatment,mobile,0,239.2,30.04
8324,control,mobile,0,210.19,20.98
15053,control,mobile,0,213.68,54.12
1270,treatment,desktop,0,185.09,35.35
4050,treatment,desktop,0,250.07,49.35
3003,treatment,desktop,0,269.5,24.33
12988,control,mobile,0,288.53,117.48
18621,control,tablet,0,237.52,20.18
2565,treatment,desktop,0,243.56,69.09
6929,treatment,desktop,0,207.57,111.66
15200,treatment,mobile,0,191.41,36.56
8907,control,mobile,0,213.96,27.79
11985,control,mobile,0,239.14,25.96
12443,control,mobile,0,214.5,38.94
15116,treatment,mobile,0,232.55,19.55
8772,control,mobile,0,243.74,49.02
16865,treatment,mobile,0,174.29,78.35
15298,treatment,mobile,0,204.71,21.8
1929,treatment,desktop,0,246.05,45.47
9818,control,mobile,0,176.12,67.48
7144,treatment,desktop,0,221.18,54.51
9201,control,mobile,0,234.59,33.67
4230,treatment,desktop,0,198.16,127.59
1327,treatment,desktop,1,245.47,83.52
18585,control,tablet,0,181.21,29.35
8004,treatment,desktop,0,276.48,43.25
7712,treatment,desktop,0,210.42,128.74
2061,treatment,desktop,0,187.92,33.35
4221,treatment,desktop,1,163.44,80.48
4381,treatment,desktop,0,225.87,34.26
844,control,desktop,0,200.61,26.6
8702,control,mobile,0,195.36,77.82
3773,treatment,desktop,0,277.16,39.76
7172,treatment,desktop,0,227.37,41.86
3657,treatment,desktop,0,196.18,76.89
12789,control,mobile,0,234.77,177.46
286,control,desktop,0,207.6,78.42
14222,control,mobile,0,268.72,41.45
16955,treatment,mobile,0,202.95,53.98
18430,control,tablet,0,239.36,126.23
4828,treatment,desktop,0,146.93,56.3
9310,control,mobile,0,189.58,103.96
4292,treatment,desktop,0,187.17,28.01
9256,control,mobile,0,201.88,27.73
15343,treatment,mobile,0,138.58,23.19
4616,treatment,desktop,0,160.25,90.65
13593,control,mobile,0,217.75,58.54
14562,control,mobile,0,205.61,66.65
7131,treatment,desktop,0,254.89,40.43
7954,treatment,desktop,0,209.39,67.87
13186,control,mobile,0,178.45,74.12
6476,treatment,desktop,0,195.77,43.88
4732,treatment,desktop,1,238.86,22.86
1227,treatment,desktop,0,213.82,70.61
12280,control,mobile,0,221.3,66.52
14906,control,mobile,0,230.8,46.12
4288,treatment,desktop,0,253.69,29.75
10617,control,mobile,0,262.6,119.82
4077,treatment,desktop,0,150.54,59.37
5225,treatment,desktop,0,246.83,4514.85
17054,treatment,mobile,0,216.71,42.2
12541,control,mobile,0,199.06,47.85
9287,control,mobile,0,185.35,51.56
10657,control,mobile,0,299.51,51.36
14314,control,mobile,0,202.23,88.27
10391,control,mobile,0,201.22,24.57
11560,control,mobile,0,204.93,24.55
14822,control,mobile,0,243.41,90.43
12712,control,mobile,0,195.13,102.98
2791,treatment,desktop,0,249.49,27.51
11781,control,mobile,0,231.02,53.47
11497,control,mobile,0,239.03,26.41
5656,treatment,desktop,0,162.56,58.67
16679,treatment,mobile,0,172.88,57.37
14581,control,mobile,0,210.42,50.79
12001,control,mobile,0,211.47,70.86
11523,control,mobile,0,183.36,39.51
2,control,desktop,0,191.86,34.43
993,control,desktop,0,242.77,4639.87
12083,control,mobile,0,188.05,19.5
12976,control,mobile,0,179.47,72.31
5084,treatment,desktop,0,211.45,25.51
14950,control,mobile,0,198.73,89.37
13493,control,mobile,0,198.49,48.53
19172,treatment,tablet,0,248.28,36.01
11880,control,mobile,0,209.38,22.17
10957,control,mobile,0,239.86,29.19
16906,treatment,mobile,0,245.27,26.36
19923,treatment,tablet,0,260.41,23.4
12678,control,mobile,0,241.38,61.17
11106,control,mobile,0,174.11,64.01
19789,treatment,tablet,0,193.14,37.61
15924,treatment,mobile,0,247.64,41.18
12932,control,mobile,0,203.37,101.54
4366,treatment,desktop,0,267.46,68.57
17040,treatment,mobile,0,146.91,91.06
8290,control,mobile,0,161.86,64.22
7200,treatment,desktop,0,219.62,21.4
19250,treatment,tablet,0,240.51,95.66
18277,control,tablet,0,268.24,31.3
1899,treatment,desktop,0,244.35,24.72
2693,treatment,desktop,0,182.33,103.97
1672,treatment,desktop,0,241.75,107.44
3537,treatment,desktop,0,242.0,62.43
18427,control,tablet,0,222.64,36.28
3973,treatment,desktop,0,191.57,48.89
706,control,desktop,0,235.58,27.94
19998,treatment,tablet,0,174.44,51.35
15346,treatment,mobile,0,195.71,37.04
2361,treatment,desktop,0,210.92,43.95
3213,treatment,desktop,0,197.96,34.46
13914,control,mobile,0,213.35,121.95
10220,control,mobile,0,269.63,32.07
13169,control,mobile,0,259.23,84.39
15105,treatment,mobile,0,246.71,68.08
2772,treatment,desktop,0,240.12,34.47
131,control,desktop,1,224.75,89.28
13463,control,mobile,0,267.72,87.85
5803,treatment,desktop,0,235.51,77.89
4705,treatment,desktop,0,227.66,70.11
16267,treatment,mobile,0,298.49,83.37
12467,control,mobile,0,231.34,54.44
9292,control,mobile,0,236.24,45.86
3074,treatment,desktop,0,216.1,109.78
18637,control,tablet,0,265.29,55.04
19576,treatment,tablet,0,213.57,37.25
12692,control,mobile,0,220.51,78.9
423,control,desktop,1,223.43,23.82
4087,treatment,desktop,0,146.28,152.94
12352,control,mobile,0,247.21,61.99
11936,control,mobile,0,221.58,30.83
14920,control,mobile,0,166.08,62.93
17878,control,tablet,0,263.16,84.45
861,control,desktop,0,219.99,20.55
17537,control,tablet,0,227.68,58.26
3442,treatment,desktop,0,210.32,57.57
19544,treatment,tablet,1,144.59,45.84
3666,treatment,desktop,1,230.27,29.72
4013,treatment,desktop,0,232.04,55.34
15274,treatment,mobile,0,244.6,42.39
18704,control,tablet,0,255.58,66.08
19623,treatment,tablet,0,191.08,40.46
4009,treatment,desktop,0,141.79,50.94
5929,treatment,desktop,1,244.62,36.04
18137,control,tablet,0,196.62,140.67
8083,treatment,desktop,0,229.83,83.54
11931,control,mobile,0,186.51,28.7
4619,treatment,desktop,0,231.76,44.01
3368,treatment,desktop,0,189.12,68.25
3415,treatment,desktop,0,257.86,31.48
5943,treatment,desktop,0,226.67,47.74
8367,control,mobile,0,233.95,72.62
12056,control,mobile,0,227.82,38.56
6162,treatment,desktop,1,182.22,37.51
15575,treatment,mobile,1,187.95,59.45
19226,treatment,tablet,0,250.14,23.72
12525,control,mobile,0,206.74,32.49
4674,treatment,desktop,0,196.83,39.38
2682,treatment,desktop,0,193.41,40.78
7184,treatment,desktop,0,223.67,65.59
11225,control,mobile,0,205.35,29.74
9900,control,mobile,0,196.25,31.72
567,control,desktop,0,206.4,31.03
19495,treatment,tablet,0,199.53,60.0
18825,control,tablet,1,166.01,46.33
18164,control,tablet,0,266.66,18.6
16719,treatment,mobile,0,237.21,53.9
16625,treatment,mobile,0,282.98,87.2
19197,treatment,tablet,0,217.15,52.89
4471,treatment,desktop,0,255.21,81.31
7430,treatment,desktop,0,266.48,64.93
18042,control,tablet,0,245.45,63.4
9048,control,mobile,0,199.02,78.05
17751,control,tablet,0,214.31,28.74
9434,control,mobile,0,221.38,58.14
15233,treatment,mobile,0,193.93,86.21
8509,control,mobile,0,233.54,21.73
1444,treatment,desktop,0,222.88,43.5
12612,control,mobile,0,203.18,107.74
4517,treatment,desktop,1,259.65,143.99
18315,control,tablet,1,213.23,45.57
12663,control,mobile,0,192.99,39.55
4823,treatment,desktop,0,227.04,64.48
11509,control,mobile,0,203.03,12.86
16891,treatment,mobile,0,214.83,113.61
13877,control,mobile,0,200.73,96.55
15937,treatment,mobile,0,226.34,57.86
4103,treatment,desktop,0,234.15,24.81
12482,control,mobile,0,235.08,27.67
17106,treatment,mobile,0,182.55,80.97
2442,treatment,desktop,0,186.18,26.69
13764,control,mobile,0,240.8,44.9
17698,control,tablet,0,247.62,61.16
19689,treatment,tablet,0,223.86,56.8
4150,treatment,desktop,0,247.02,85.09
3158,treatment,desktop,0,227.64,47.01
15389,treatment,mobile,0,253.66,53.34
8601,control,mobile,0,235.93,38.14
14801,control,mobile,0,206.0,38.26
11169,control,mobile,0,230.07,25.28
14914,control,mobile,0,210.61,76.19
8795,control,mobile,0,216.28,62.68
1026,control,desktop,0,256.26,37.56
8192,treatment,desktop,0,231.12,38.19
17043,treatment,mobile,0,233.34,65.06
13756,control,mobile,0,251.28,55.48
6023,treatment,desktop,0,206.12,19.55
3695,treatment,desktop,0,268.57,35.07
4438,treatment,desktop,0,254.43,51.28
14514,control,mobile,0,239.43,34.25
19438,treatment,tablet,0,201.5,45.33
6402,treatment,desktop,0,245.67,162.43
5984,treatment,desktop,0,253.85,49.84
7355,treatment,desktop,0,205.04,55.72
8154,treatment,desktop,1,249.34,33.67
5434,treatment,desktop,1,191.69,69.48
13538,control,mobile,0,233.26,87.84
19376,treatment,tablet,0,263.62,101.97
7372,treatment,desktop,0,217.6,32.83
1132,control,desktop,0,238.75,45.08
8786,control,mobile,0,206.82,22.21
18449,control,tablet,0,223.84,40.82
6936,treatment,desktop,0,187.39,93.51
16235,treatment,mobile,0,201.49,23.97
1575,treatment,desktop,0,211.51,32.89
19696,treatment,tablet,0,220.61,98.54
18092,control,tablet,0,255.54,56.93
16935,treatment,mobile,0,181.5,68.75
14759,control,mobile,0,195.39,117.33
9226,control,mobile,0,267.45,18.46
7055,treatment,desktop,0,159.73,75.26
11705,control,mobile,0,201.37,41.95
11669,control,mobile,0,272.21,45.89
5609,treatment,desktop,0,267.64,37.55
7847,treatment,desktop,0,211.48,103.94
1498,treatment,desktop,0,174.38,53.31
18016,control,tablet,1,221.85,50.62
4401,treatment,desktop,0,252.15,52.43
16723,treatment,mobile,0,171.34,14.12
1478,treatment,desktop,0,206.32,39.46
9207,control,mobile,0,205.0,49.18
15772,treatment,mobile,0,202.4,55.73
3131,treatment,desktop,0,239.8,73.56
18160,control,tablet,0,247.28,41.1
12267,control,mobile,0,282.6,20.7
1054,control,desktop,0,152.12,55.27
6717,treatment,desktop,0,185.9,152.64
6963,treatment,desktop,0,206.68,41.58
12342,control,mobile,0,261.03,101.31
2763,treatment,desktop,0,225.07,41.46
17217,treatment,mobile,0,174.08,58.93
11120,control,mobile,0,198.71,58.92
16539,treatment,mobile,0,197.91,67.57
18108,control,tablet,0,198.41,61.68
2826,treatment,desktop,0,240.19,43.14
12620,control,mobile,0,240.56,39.26
16237,treatment,mobile,0,225.71,23.38
729,control,desktop,0,219.06,47.65
8555,control,mobile,0,230.37,60.09
13204,control,mobile,0,194.51,48.53
1985,treatment,desktop,0,194.19,22.65
18166,control,tablet,0,217.75,53.31
13837,control,mobile,0,199.83,87.84
9632,control,mobile,0,190.14,98.63
17794,control,tablet,0,218.43,59.2
10061,control,mobile,0,189.49,37.18
17408,treatment,mobile,0,197.44,26.0
10715,control,mobile,0,235.78,132.05
4431,treatment,desktop,0,188.64,52.12
11243,control,mobile,0,216.76,157.97
17133,treatment,mobile,0,286.13,51.37
2726,treatment,desktop,0,217.17,33.24
18425,control,tablet,1,241.24,98.06
14731,control,mobile,0,225.13,63.34
2155,treatment,desktop,1,243.77,75.37
6096,treatment,desktop,1,219.88,67.75
12829,control,mobile,0,320.04,64.05
3128,treatment,desktop,1,187.64,54.92
14107,control,mobile,0,217.17,36.46
10052,control,mobile,0,180.67,88.26
7566,treatment,desktop,0,203.49,80.67
12407,control,mobile,0,137.88,43.78
3186,treatment,desktop,0,206.69,82.05
11954,control,mobile,0,254.36,109.98
1609,treatment,desktop,0,242.88,67.91
86,control,desktop,0,219.63,33.96
6916,treatment,desktop,0,214.59,94.3
3036,treatment,desktop,0,216.15,73.27
3799,treatment,desktop,0,208.8,32.35
9878,control,mobile,0,208.15,48.9
13257,control,mobile,0,202.33,51.12
11548,control,mobile,0,215.18,29.06
9714,control,mobile,0,256.81,65.55
18336,control,tablet,0,205.88,75.0
19365,treatment,tablet,0,170.24,29.29
12436,control,mobile,0,217.16,38.47
13969,control,mobile,0,219.28,75.43
6730,treatment,desktop,0,221.49,91.22
3925,treatment,desktop,0,208.57,54.22
11532,control,mobile,0,229.88,70.28
224,control,desktop,0,256.68,75.99
8256,control,mobile,0,232.06,4633.74
1884,treatment,desktop,0,222.47,89.64
7668,treatment,desktop,0,215.15,108.07
7924,treatment,desktop,0,219.75,37.72
792,control,desktop,1,241.28,77.19
25,control,desktop,0,195.66,22.83
2718,treatment,desktop,0,225.79,82.82
5025,treatment,desktop,0,213.76,26.27
15589,treatment,mobile,0,188.91,89.06
12102,control,mobile,0,198.9,42.11
153,control,desktop,0,208.94,22.99
8680,control,mobile,0,172.01,101.19
4371,treatment,desktop,0,216.81,33.15
4598,treatment,desktop,0,223.38,44.19
1675,treatment,desktop,0,185.2,57.09
11164,control,mobile,0,222.44,42.22
9304,control,mobile,0,226.28,44.41
12051,control,mobile,0,154.72,22.27
3145,treatment,desktop,1,222.38,40.29
6566,treatment,desktop,0,234.83,18.8
6344,treatment,desktop,0,184.92,15.84
7729,treatment,desktop,0,248.8,91.1
5105,treatment,desktop,0,214.13,47.49
15145,treatment,mobile,0,179.32,120.99
1936,treatment,desktop,0,214.5,21.26
14208,control,mobile,0,269.16,58.23
9314,control,mobile,0,215.24,37.86
2747,treatment,desktop,0,200.55,44.99
15993,treatment,mobile,0,214.16,23.21
18459,control,tablet,0,278.98,66.59
17924,control,tablet,0,268.59,34.99
15795,treatment,mobile,0,277.19,92.19
6694,treatment,desktop,0,229.39,77.42
6399,treatment,desktop,0,176.84,41.52
7165,treatment,desktop,1,253.81,67.7
4208,treatment,desktop,0,235.09,75.87
18877,control,tablet,0,197.54,60.12
18774,control,tablet,0,172.4,37.89
599,control,desktop,0,242.7,34.39
1334,treatment,desktop,0,191.59,39.68
7467,treatment,desktop,0,255.29,34.43
7340,treatment,desktop,0,215.37,45.92
9218,control,mobile,0,249.82,83.76
16872,treatment,mobile,0,211.75,64.33
12230,control,mobile,0,247.35,115.95
6082,treatment,desktop,1,173.8,128.15
13232,control,mobile,0,176.72,75.39
2087,treatment,desktop,0,219.2,33.06
5911,treatment,desktop,0,214.97,29.6
10368,control,mobile,0,234.55,63.31
19516,treatment,tablet,0,169.65,87.78
4530,treatment,desktop,0,212.19,72.42
1752,treatment,desktop,0,172.45,19.98
6486,treatment,desktop,0,206.22,33.79
455,control,desktop,1,240.44,60.38
12207,control,mobile,0,249.36,45.25
12534,control,mobile,0,167.34,30.54
2007,treatment,desktop,0,206.85,132.16
13233,control,mobile,0,200.35,44.28
1018,control,desktop,0,217.39,18.31
10748,control,mobile,0,178.31,51.42
5488,treatment,desktop,0,280.06,41.29
866,control,desktop,0,221.52,98.68
14115,control,mobile,0,248.91,73.16
19241,treatment,tablet,0,283.48,29.41
14571,control,mobile,0,188.26,62.59
19394,treatment,tablet,0,271.8,62.38
5860,treatment,desktop,0,199.67,28.53
9851,control,mobile,0,193.27,3814.99
17716,control,tablet,0,267.93,32.82
2711,treatment,desktop,0,197.14,27.65
17997,control,tablet,0,221.33,60.5
8098,treatment,desktop,0,184.6,23.87
4911,treatment,desktop,0,273.63,41.69
9171,control,mobile,0,257.63,52.85
18316,control,tablet,0,211.49,26.49
9111,control,mobile,0,257.3,79.56
18002,control,tablet,0,246.77,59.53
15091,control,mobile,0,220.15,46.72
4873,treatment,desktop,0,267.59,40.8
8546,control,mobile,0,265.14,39.79
1940,treatment,desktop,0,233.98,121.98
9163,control,mobile,0,181.06,43.74
9953,control,mobile,0,196.27,43.79
5029,treatment,desktop,0,224.28,49.09
10388,control,mobile,0,183.39,37.69
4808,treatment,desktop,0,205.85,88.11
1537,treatment,desktop,0,202.09,37.33
7295,treatment,desktop,0,220.25,61.39
17892,control,tablet,0,233.79,82.76
12156,control,mobile,0,233.04,58.47
542,control,desktop,0,237.09,86.48
12359,control,mobile,0,219.09,98.56
18097,control,tablet,0,237.02,23.8
10446,control,mobile,0,177.89,38.92
7661,treatment,desktop,0,254.19,27.92
16980,treatment,mobile,0,243.23,63.85
13566,control,mobile,0,249.4,88.82
2804,treatment,desktop,1,271.28,38.71
18364,control,tablet,0,246.08,45.53
10860,control,mobile,0,228.74,64.97
19557,treatment,tablet,0,189.17,64.14
14983,control,mobile,0,266.71,63.85
10005,control,mobile,0,211.77,81.86
18914,control,tablet,1,230.16,76.4
15952,treatment,mobile,0,219.22,34.83
734,control,desktop,0,226.61,46.68
6102,treatment,desktop,1,258.38,81.26
18082,control,tablet,0,221.78,50.31
16026,treatment,mobile,0,196.59,41.87
13639,control,mobile,0,235.32,67.42
19090,treatment,tablet,0,192.51,43.37
19610,treatment,tablet,0,215.07,41.65
719,control,desktop,0,276.17,87.26
13350,control,mobile,0,265.77,71.5
3876,treatment,desktop,0,147.79,14.47
3301,treatment,desktop,0,217.92,80.66
11753,control,mobile,0,229.95,34.13
9342,control,mobile,0,231.68,23.0
10955,control,mobile,0,213.94,27.21
11048,control,mobile,0,210.53,40.82
19352,treatment,tablet,0,225.04,43.41
4993,treatment,desktop,0,199.23,64.01
15057,control,mobile,0,189.61,39.65
14044,control,mobile,0,154.77,83.72
1617,treatment,desktop,1,196.93,32.91
19055,treatment,tablet,0,207.27,73.97
293,control,desktop,0,242.54,102.4
4005,treatment,desktop,0,190.29,69.21
5093,treatment,desktop,0,192.13,75.11
14138,control,mobile,0,226.74,37.74
12723,control,mobile,0,210.24,33.37
14645,control,mobile,0,166.32,94.87
10099,control,mobile,0,238.63,60.39
2777,treatment,desktop,1,191.57,46.8
3139,treatment,desktop,0,229.26,45.1
11999,control,mobile,0,226.28,48.58
12736,control,mobile,0,218.28,82.87
65,control,desktop,0,247.68,73.33
18093,control,tablet,0,236.97,42.27
17755,control,tablet,0,204.03,41.24
18568,control,tablet,0,219.98,19.31
7303,treatment,desktop,0,234.87,54.24
10290,control,mobile,0,202.75,57.81
16560,treatment,mobile,0,200.5,39.48
7356,treatment,desktop,0,252.13,29.13
10010,control,mobile,0,253.28,43.25
10053,control,mobile,0,224.94,83.26
17925,control,tablet,0,189.58,86.72
2674,treatment,desktop,0,237.37,27.16
1982,treatment,desktop,0,233.43,43.28
6834,treatment,desktop,0,229.52,21.96
12667,control,mobile,0,189.02,32.78
3667,treatment,desktop,0,217.38,49.41
15142,treatment,mobile,0,217.26,42.94
14978,control,mobile,1,244.31,31.72
4754,treatment,desktop,0,200.74,33.91
17107,treatment,mobile,0,150.53,64.85
12325,control,mobile,0,253.11,156.58
8649,control,mobile,0,247.61,45.27
14524,control,mobile,0,172.32,76.36
5761,treatment,desktop,0,199.31,91.33
4798,treatment,desktop,1,214.61,55.75
1433,treatment,desktop,0,215.2,62.15
7911,treatment,desktop,0,241.62,52.18
19955,treatment,tablet,0,236.93,43.11
17339,treatment,mobile,0,279.77,55.77
1975,treatment,desktop,0,198.28,24.44
19710,treatment,tablet,0,179.53,125.56
14447,control,mobile,0,205.44,30.15
11925,control,mobile,0,232.65,55.41
2974,treatment,desktop,0,247.45,43.91
15787,treatment,mobile,0,156.66,51.62
10772,control,mobile,0,264.21,47.33
4061,treatment,desktop,0,184.91,38.67
6960,treatment,desktop,0,214.39,48.08
2503,treatment,desktop,0,222.11,49.01
2238,treatment,desktop,1,201.21,24.96
12700,control,mobile,0,233.98,44.65
16413,treatment,mobile,0,202.2,29.01
19645,treatment,tablet,0,254.16,62.06
8184,treatment,desktop,0,262.4,58.48
14200,control,mobile,0,224.57,18.56
7982,treatment,desktop,0,208.96,48.41
19933,treatment,tablet,0,203.85,50.37
7403,treatment,desktop,1,207.33,51.98
13700,control,mobile,0,241.93,52.2
3902,treatment,desktop,0,231.42,47.1
1897,treatment,desktop,0,210.2,58.8
12339,control,mobile,0,246.79,26.21
11510,control,mobile,0,264.83,65.62
18210,control,tablet,0,256.81,39.08
16356,treatment,mobile,0,216.33,34.77
10420,control,mobile,0,249.09,144.88
16309,treatment,mobile,0,232.75,28.85
11249,control,mobile,0,203.01,21.03
15345,treatment,mobile,0,245.28,50.02
9580,control,mobile,0,201.17,27.63
14242,control,mobile,0,218.16,27.15
15532,treatment,mobile,0,228.86,67.74
15435,treatment,mobile,0,250.28,51.68
16318,treatment,mobile,0,233.31,31.44
10522,control,mobile,0,213.74,47.84
16246,treatment,mobile,0,231.36,31.38
17881,control,tablet,0,244.56,32.99
12408,control,mobile,0,246.88,57.38
16528,treatment,mobile,0,272.25,59.06
8533,control,mobile,0,202.07,61.38
14358,control,mobile,0,258.79,32.48
9757,control,mobile,0,195.72,30.0
3274,treatment,desktop,0,260.4,48.75
6034,treatment,desktop,0,224.09,40.48
4940,treatment,desktop,0,200.04,86.64
15366,treatment,mobile,0,197.18,38.48
1380,treatment,desktop,0,232.25,22.9
3952,treatment,desktop,1,259.88,29.08
5478,treatment,desktop,0,185.22,38.22
16354,treatment,mobile,0,204.06,51.14
14833,control,mobile,0,206.36,32.49
1434,treatment,desktop,1,247.35,58.95
4002,treatment,desktop,0,195.95,91.19
13609,control,mobile,0,221.63,42.32
12167,control,mobile,0,216.77,39.67
2135,treatment,desktop,0,141.89,35.25
2743,treatment,desktop,0,270.47,138.68
1685,treatment,desktop,0,196.65,63.58
10810,control,mobile,0,237.28,147.64
919,control,desktop,0,260.35,27.19
14708,control,mobile,0,315.53,93.61
2797,treatment,desktop,0,255.4,65.56
5575,treatment,desktop,0,218.06,45.06
3608,treatment,desktop,0,158.03,48.91
10247,control,mobile,0,225.79,36.18
10868,control,mobile,0,221.38,119.96
2494,treatment,desktop,0,248.2,57.75
16732,treatment,mobile,0,209.63,34.71
13362,control,mobile,0,194.13,32.1
19718,treatment,tablet,0,156.54,175.66
3218,treatment,desktop,0,209.37,31.86
14695,control,mobile,1,219.7,52.22
584,control,desktop,0,202.09,49.74
5567,treatment,desktop,0,206.63,14.37
4243,treatment,desktop,0,264.45,97.61
10933,control,mobile,0,228.85,17.07
13628,control,mobile,0,251.48,30.33
13451,control,mobile,0,196.25,9.96
5420,treatment,desktop,0,201.2,30.9
7996,treatment,desktop,0,252.53,33.73
8329,control,mobile,0,226.64,66.11
3024,treatment,desktop,0,185.16,49.52
108,control,desktop,1,214.65,48.0
8008,treatment,desktop,0,195.15,41.92
6475,treatment,desktop,0,210.87,57.01
15997,treatment,mobile,0,217.77,26.97
6644,treatment,desktop,0,188.81,32.77
11674,control,mobile,0,202.58,86.32
14573,control,mobile,1,221.11,36.73
17596,control,tablet,0,251.27,49.51
3625,treatment,desktop,0,226.37,52.77
7486,treatment,desktop,0,247.86,34.09
971,control,desktop,0,217.32,28.52
541,control,desktop,0,196.78,36.45
12480,control,mobile,0,235.48,44.1
6242,treatment,desktop,0,305.83,41.61
16772,treatment,mobile,0,209.97,33.85
4671,treatment,desktop,0,209.14,48.05
2752,treatment,desktop,0,218.27,61.61
1618,treatment,desktop,0,246.56,21.56
14142,control,mobile,0,183.77,25.86
4652,treatment,desktop,0,242.84,21.14
6244,treatment,desktop,1,188.2,113.7
14403,control,mobile,0,229.08,20.82
6981,treatment,desktop,0,188.72,19.0
17262,treatment,mobile,0,205.94,97.73
7350,treatment,desktop,1,214.48,57.76
4271,treatment,desktop,0,198.01,33.84
13467,control,mobile,0,284.78,44.47
2881,treatment,desktop,1,196.55,72.58
14796,control,mobile,0,285.45,82.82
13090,control,mobile,0,226.76,61.94
15013,control,mobile,0,253.25,71.08
13759,control,mobile,0,157.73,45.28
11621,control,mobile,0,205.73,85.62
10654,control,mobile,0,209.9,64.99
8252,control,mobile,0,213.01,39.3
9569,control,mobile,1,208.95,71.61
15866,treatment,mobile,0,244.9,44.09
7655,treatment,desktop,0,265.25,21.7
18150,control,tablet,0,162.49,48.62
5348,treatment,desktop,1,215.43,83.55
2813,treatment,desktop,0,218.87,37.38
18793,control,tablet,0,205.75,73.9
7309,treatment,desktop,0,216.2,267.5
356,control,desktop,1,231.79,91.56
6601,treatment,desktop,0,163.34,53.4
14982,control,mobile,0,197.32,60.25
7160,treatment,desktop,1,235.13,77.99
16987,treatment,mobile,0,223.4,28.03
15271,treatment,mobile,0,246.27,32.12
9016,control,mobile,0,238.64,60.44
6915,treatment,desktop,0,215.86,52.3
3634,treatment,desktop,1,170.72,34.25
13891,control,mobile,0,215.12,46.13
16502,treatment,mobile,0,200.49,62.9
2967,treatment,desktop,0,256.31,99.88
17732,control,tablet,0,214.16,104.57
9162,control,mobile,0,252.83,49.44
8045,treatment,desktop,0,255.28,61.77
9430,control,mobile,0,207.82,63.15
11355,control,mobile,0,262.83,54.44
10847,control,mobile,0,242.67,91.4
7653,treatment,desktop,0,195.4,32.59
2189,treatment,desktop,0,188.47,66.67
10861,control,mobile,1,174.61,78.35
6448,treatment,desktop,0,218.98,52.4
7300,treatment,desktop,0,175.31,63.03
2460,treatment,desktop,1,212.11,25.95
3648,treatment,desktop,0,189.52,26.98
13694,control,mobile,0,168.09,63.7
3779,treatment,desktop,0,202.03,31.76
2861,treatment,desktop,0,192.59,19.84
11016,control,mobile,0,224.91,40.1
18197,control,tablet,0,233.07,100.12
9223,control,mobile,0,204.57,58.25
12853,control,mobile,0,183.37,83.77
349,control,desktop,1,271.29,71.08
5418,treatment,desktop,0,221.93,33.48
9092,control,mobile,0,174.4,66.29
18052,control,tablet,0,250.22,34.49
858,control,desktop,0,240.01,59.9
5320,treatment,desktop,0,180.96,51.4
13740,control,mobile,0,197.36,43.97
11095,control,mobile,0,196.28,74.41
3501,treatment,desktop,0,224.12,111.98
17785,control,tablet,0,263.52,20.68
5042,treatment,desktop,1,236.6,117.86
10931,control,mobile,0,231.23,58.66
7998,treatment,desktop,0,184.31,37.8
9836,control,mobile,0,187.98,74.68
6560,treatment,desktop,1,220.21,79.16
15428,treatment,mobile,0,189.14,73.37
14213,control,mobile,0,227.62,52.51
9677,control,mobile,0,204.69,101.53
16731,treatment,mobile,0,269.11,72.29
1741,treatment,desktop,0,223.84,34.95
5450,treatment,desktop,0,251.5,53.43
10928,control,mobile,0,219.82,63.31
2720,treatment,desktop,0,145.73,40.0
12665,control,mobile,1,196.51,25.98
10537,control,mobile,0,178.37,34.71
17528,control,tablet,0,189.1,49.04
13591,control,mobile,0,210.21,34.59
16333,treatment,mobile,0,207.72,19.46
10307,control,mobile,0,222.12,56.54
4854,treatment,desktop,0,247.2,77.73
15166,treatment,mobile,0,190.8,49.7
18251,control,tablet,0,276.82,26.29
17034,treatment,mobile,0,219.62,38.34
16686,treatment,mobile,0,226.97,67.27
12278,control,mobile,0,246.25,31.63
2495,treatment,desktop,0,234.57,54.22
312,control,desktop,1,278.37,32.77
19763,treatment,tablet,0,200.72,101.94
15036,control,mobile,0,213.03,62.26
14988,control,mobile,0,210.45,38.11
14994,control,mobile,1,163.69,45.07
11664,control,mobile,0,226.13,56.79
11834,control,mobile,0,222.31,94.94
9745,control,mobile,0,223.31,119.29
2261,treatment,desktop,0,227.42,76.68
2006,treatment,desktop,0,188.21,60.8
4935,treatment,desktop,1,248.59,19.46
1572,treatment,desktop,0,241.27,36.28
10553,control,mobile,0,266.68,62.22
13742,control,mobile,0,240.07,76.14
601,control,desktop,0,239.37,60.2
282,control,desktop,0,207.04,30.81
18938,control,tablet,0,190.63,65.15
19868,treatment,tablet,0,221.5,63.11
4051,treatment,desktop,0,225.74,78.68
18252,control,tablet,0,238.88,59.28
13320,control,mobile,0,184.95,31.31
8208,control,mobile,0,233.91,52.88
14504,control,mobile,0,198.4,89.23
7852,treatment,desktop,1,255.06,50.07
7814,treatment,desktop,0,266.4,61.91
709,control,desktop,0,209.37,64.59
1615,treatment,desktop,1,193.33,32.69
13642,control,mobile,0,243.41,51.21
5180,treatment,desktop,0,193.93,35.14
10226,control,mobile,0,194.24,48.67
2016,treatment,desktop,0,147.71,28.48
5456,treatment,desktop,0,194.92,38.87
10595,control,mobile,0,189.24,58.2
19019,treatment,tablet,0,206.53,60.35
19074,treatment,tablet,0,309.56,57.01
15663,treatment,mobile,0,190.53,66.33
5722,treatment,desktop,1,263.35,28.45
18598,control,tablet,0,265.66,89.02
19299,treatment,tablet,0,205.14,50.07
16308,treatment,mobile,1,238.87,47.81
4195,treatment,desktop,0,181.24,54.13
17838,control,tablet,1,143.22,33.01
2286,treatment,desktop,1,240.48,60.29
7053,treatment,desktop,0,221.42,26.85
18795,control,tablet,0,253.46,55.15
7856,treatment,desktop,0,206.82,68.37
19270,treatment,tablet,0,172.44,38.31
7406,treatment,desktop,0,218.8,29.94
3912,treatment,desktop,1,247.91,43.99
2823,treatment,desktop,0,185.9,5300.14
6606,treatment,desktop,0,256.03,29.0
12650,control,mobile,0,194.71,16.34
8273,control,mobile,0,191.58,71.35
8407,control,mobile,0,177.59,34.01
18275,control,tablet,0,225.09,59.45
12113,control,mobile,0,202.78,38.73
19628,treatment,tablet,0,190.87,44.48
9947,control,mobile,0,195.71,28.19
1323,treatment,desktop,0,205.25,61.53
2466,treatment,desktop,0,221.02,29.71
5318,treatment,desktop,0,228.15,47.05
12685,control,mobile,0,179.32,95.84
11651,control,mobile,0,157.94,62.2
14545,control,mobile,0,167.47,43.41
10899,control,mobile,0,175.4,60.02
17595,control,tablet,0,169.97,24.03
4450,treatment,desktop,0,166.85,28.62
10455,control,mobile,0,256.05,62.33
9671,control,mobile,0,219.67,117.48
14113,control,mobile,1,200.92,21.31
11535,control,mobile,0,256.63,60.1
614,control,desktop,0,244.73,35.13
42,control,desktop,0,184.56,50.4
4785,treatment,desktop,0,232.35,34.31
104,control,desktop,0,264.6,120.55
18768,control,tablet,0,241.74,49.29
11684,control,mobile,0,211.01,308.53
4979,treatment,desktop,0,234.07,31.95
8173,treatment,desktop,0,193.02,22.96
7193,treatment,desktop,0,154.6,43.03
17937,control,tablet,1,250.54,69.26
11822,control,mobile,0,221.92,55.64
5831,treatment,desktop,1,235.77,50.21
2506,treatment,desktop,0,194.45,33.29
1324,treatment,desktop,0,272.28,54.86
6464,treatment,desktop,0,269.79,35.46
13558,control,mobile,1,136.51,51.45
6185,treatment,desktop,0,283.77,36.16
6924,treatment,desktop,0,271.55,39.83
603,control,desktop,1,265.3,47.37
18615,control,tablet,0,249.76,116.97
842,control,desktop,0,227.0,33.13
11976,control,mobile,1,268.37,64.02
4170,treatment,desktop,1,179.21,41.99
2300,treatment,desktop,0,211.47,37.92
3639,treatment,desktop,0,242.68,28.82
6813,treatment,desktop,0,261.14,30.44
19701,treatment,tablet,0,239.04,50.05
5834,treatment,desktop,0,265.01,65.33
19356,treatment,tablet,1,223.89,93.08
14120,control,mobile,0,223.77,64.92
6948,treatment,desktop,0,194.01,57.27
13633,control,mobile,0,247.4,71.53
1488,treatment,desktop,0,205.97,30.63
19152,treatment,tablet,0,262.69,113.94
8980,control,mobile,0,226.08,61.62
19298,treatment,tablet,0,202.94,59.83
14376,control,mobile,0,236.08,92.54
9661,control,mobile,0,256.91,76.19
1567,treatment,desktop,0,230.03,40.84
12355,control,mobile,0,197.57,35.46
10737,control,mobile,0,214.43,78.86
416,control,desktop,0,213.19,70.42
3622,treatment,desktop,0,243.92,92.2
2243,treatment,desktop,0,197.65,38.44
11158,control,mobile,1,202.54,84.53
11861,control,mobile,0,245.74,38.93
11445,control,mobile,0,250.33,39.58
4804,treatment,desktop,0,229.12,37.9
2108,treatment,desktop,0,226.58,46.16
6233,treatment,desktop,0,195.94,70.32
16398,treatment,mobile,0,253.81,74.48
17949,control,tablet,0,240.81,21.28
15991,treatment,mobile,0,178.24,45.5
18496,control,tablet,0,222.55,124.18
18543,control,tablet,0,202.91,73.07
12373,control,mobile,1,188.75,17.88
14082,control,mobile,0,273.99,26.03
10766,control,mobile,0,185.49,49.13
2589,treatment,desktop,0,209.19,73.11
12178,control,mobile,0,225.05,102.25
10403,control,mobile,0,228.54,50.75
10555,control,mobile,0,240.79,69.1
8164,treatment,desktop,0,218.31,40.82
5259,treatment,desktop,0,209.56,30.92
15332,treatment,mobile,0,228.19,120.66
10296,control,mobile,0,197.28,65.48
8373,control,mobile,0,269.94,181.56
15987,treatment,mobile,0,236.62,85.74
16609,treatment,mobile,0,242.95,39.98
5103,treatment,desktop,0,219.26,35.33
17846,control,tablet,1,197.5,44.66
10434,control,mobile,0,198.18,47.59
6666,treatment,desktop,1,237.37,42.73
1662,treatment,desktop,0,226.03,27.18
847,control,desktop,0,187.29,21.12
17308,treatment,mobile,0,224.55,84.99
2754,treatment,desktop,0,214.02,10.17
11877,control,mobile,1,214.05,44.91
17891,control,tablet,0,206.88,167.52
12007,control,mobile,0,217.31,23.16
3822,treatment,desktop,0,188.93,45.74
3148,treatment,desktop,0,225.34,63.12
2309,treatment,desktop,0,144.79,163.16
17442,treatment,mobile,0,238.82,59.14
10835,control,mobile,0,225.34,55.38
11555,control,mobile,0,242.21,44.03
11378,control,mobile,0,207.37,24.34
9275,control,mobile,0,235.9,85.31
4664,treatment,desktop,0,186.02,19.74
10531,control,mobile,0,214.09,43.4
9724,control,mobile,0,220.8,86.91
11570,control,mobile,0,217.53,66.34
13506,control,mobile,1,251.97,45.35
9012,control,mobile,0,182.33,71.36
1077,control,desktop,1,215.08,31.44
7161,treatment,desktop,0,238.81,31.53
3463,treatment,desktop,0,260.41,56.31
15881,treatment,mobile,0,221.41,60.16
19960,treatment,tablet,0,242.0,24.7
7158,treatment,desktop,0,217.26,104.64
9372,control,mobile,0,215.61,85.99
18776,control,tablet,0,197.07,69.24
18262,control,tablet,0,210.13,71.98
13370,control,mobile,0,233.67,18.22
3827,treatment,desktop,0,203.71,159.43
11231,control,mobile,0,265.65,57.1
2292,treatment,desktop,0,222.67,30.47
12782,control,mobile,0,217.81,43.68
17404,treatment,mobile,0,263.05,34.15
11257,control,mobile,0,276.91,47.65
7722,treatment,desktop,0,179.78,33.89
3638,treatment,desktop,0,217.11,92.83
2118,treatment,desktop,0,231.54,73.42
3207,treatment,desktop,0,239.33,32.9
6290,treatment,desktop,1,149.22,83.12
9139,control,mobile,0,226.64,93.12
13296,control,mobile,0,220.71,65.54
14230,control,mobile,0,239.52,11.65
3950,treatment,desktop,0,253.76,124.08
9802,control,mobile,0,231.37,20.24
11182,control,mobile,0,223.16,73.1
906,control,desktop,0,258.0,57.07
9988,control,mobile,0,264.55,64.33
8108,treatment,desktop,0,250.21,30.42
6072,treatment,desktop,0,220.91,90.39
4603,treatment,desktop,0,232.73,55.18
8453,control,mobile,0,212.52,51.86
7137,treatment,desktop,0,251.73,50.13
15527,treatment,mobile,0,211.24,70.46
6091,treatment,desktop,1,185.28,29.18
5580,treatment,desktop,0,268.04,31.65
849,control,desktop,0,231.07,57.78
9624,control,mobile,0,190.01,45.5
15722,treatment,mobile,0,167.34,40.61
11063,control,mobile,0,207.2,145.34
10398,control,mobile,1,200.08,39.75
3339,treatment,desktop,0,243.35,54.79
8913,control,mobile,0,189.28,82.99
3015,treatment,desktop,1,198.65,39.86
4105,treatment,desktop,0,220.45,41.72
9921,control,mobile,0,230.57,28.0
19651,treatment,tablet,0,228.88,46.21
6277,treatment,desktop,0,195.62,36.38
7085,treatment,desktop,0,187.98,99.56
16124,treatment,mobile,0,257.64,83.17
12119,control,mobile,0,236.13,105.78
19999,treatment,tablet,0,207.81,63.29
17697,control,tablet,0,184.58,66.33
843,control,desktop,0,238.33,39.24
3138,treatment,desktop,0,250.17,34.98
12099,control,mobile,0,169.13,134.89
7360,treatment,desktop,0,285.79,37.78
7063,treatment,desktop,0,195.44,37.54
5044,treatment,desktop,0,238.93,138.28
14686,control,mobile,0,212.37,120.53
15745,treatment,mobile,0,259.27,18.02
14389,control,mobile,1,211.12,77.03
3401,treatment,desktop,0,219.16,39.4
13358,control,mobile,0,227.16,63.96
7927,treatment,desktop,0,204.14,49.57
1974,treatment,desktop,0,266.05,35.21
6561,treatment,desktop,1,229.95,45.39
16491,treatment,mobile,0,200.6,29.93
10709,control,mobile,0,172.77,23.16
3769,treatment,desktop,0,189.68,30.32
7665,treatment,desktop,0,223.98,26.88
17015,treatment,mobile,1,236.62,51.91
850,control,desktop,0,231.56,68.94
15668,treatment,mobile,0,257.65,49.46
512,control,desktop,0,201.98,114.35
10371,control,mobile,0,198.66,82.19
3185,treatment,desktop,0,248.83,38.31
7381,treatment,desktop,0,226.04,57.35
13874,control,mobile,0,179.61,89.62
4586,treatment,desktop,1,236.41,68.89
11298,control,mobile,0,217.36,43.31
15350,treatment,mobile,0,196.2,38.6
14705,control,mobile,1,240.82,30.51
15919,treatment,mobile,0,252.66,41.35
19257,treatment,tablet,0,251.55,61.67
10896,control,mobile,0,187.32,42.65
12081,control,mobile,0,237.96,42.88
16201,treatment,mobile,0,234.53,30.28
19986,treatment,tablet,0,159.79,29.85
7518,treatment,desktop,1,250.69,60.5
16126,treatment,mobile,0,222.96,22.96
8238,control,mobile,0,165.43,20.81
7922,treatment,desktop,0,239.31,37.83
365,control,desktop,1,219.66,32.57
8063,treatment,desktop,0,223.71,43.45
12773,control,mobile,0,204.45,46.67
4399,treatment,desktop,0,224.13,40.95
13391,control,mobile,0,229.92,19.78
6496,treatment,desktop,0,205.52,28.12
11793,control,mobile,0,273.63,31.28
427,control,desktop,1,198.92,22.5
1563,treatment,desktop,1,199.04,94.81
15450,treatment,mobile,0,250.92,91.39
14119,control,mobile,1,173.71,60.34
12943,control,mobile,0,225.08,37.47
19216,treatment,tablet,0,267.93,38.48
12073,control,mobile,0,238.78,37.52
16661,treatment,mobile,0,263.32,46.92
19704,treatment,tablet,0,206.24,30.33
8812,control,mobile,0,208.91,25.67
6412,treatment,desktop,0,221.94,36.18
13290,control,mobile,0,256.84,108.61
6003,treatment,desktop,1,226.03,141.56
1107,control,desktop,1,267.5,36.57
2673,treatment,desktop,0,234.92,37.05
12509,control,mobile,0,175.56,36.39
2457,treatment,desktop,1,233.76,30.15
3393,treatment,desktop,0,211.43,58.08
12628,control,mobile,0,212.27,95.68
7552,treatment,desktop,0,188.29,77.45
15005,control,mobile,0,239.69,89.89
11451,control,mobile,0,220.51,69.25
8966,control,mobile,0,236.64,34.03
13038,control,mobile,0,179.29,49.13
16266,treatment,mobile,0,223.22,24.59
15260,treatment,mobile,0,216.65,121.23
6831,treatment,desktop,0,257.47,46.15
3047,treatment,desktop,0,263.01,33.62
7139,treatment,desktop,0,263.36,57.03
1022,control,desktop,0,190.12,73.02
3488,treatment,desktop,1,203.96,11.96
12376,control,mobile,0,267.36,27.34
13507,control,mobile,0,204.25,64.31
9056,control,mobile,0,224.9,23.88
15760,treatment,mobile,0,240.18,59.87
8556,control,mobile,0,242.88,39.09
95,control,desktop,1,217.83,58.16
19208,treatment,tablet,0,216.5,30.44
10837,control,mobile,0,182.92,17.78
674,control,desktop,0,213.76,52.63
14066,control,mobile,0,257.44,66.78
19450,treatment,tablet,0,179.48,48.03
17939,control,tablet,0,226.17,38.75
2463,treatment,desktop,0,235.79,50.85
2203,treatment,desktop,0,181.45,50.45
16695,treatment,mobile,0,264.24,42.94
6618,treatment,desktop,0,192.47,24.53
2963,treatment,desktop,0,201.99,51.82
18188,control,tablet,0,206.07,34.15
13629,control,mobile,0,249.02,31.56
5248,treatment,desktop,0,258.74,45.43
5691,treatment,desktop,0,228.75,67.68
3461,treatment,desktop,0,160.31,22.22
16389,treatment,mobile,0,208.57,50.18
9526,control,mobile,0,267.05,67.26
11413,control,mobile,1,256.66,81.54
11600,control,mobile,0,198.73,73.02
15182,treatment,mobile,0,268.69,35.32
1013,control,desktop,0,188.84,5334.78
13816,control,mobile,1,233.55,38.11
2825,treatment,desktop,0,223.85,64.16
5104,treatment,desktop,0,208.28,53.36
1652,treatment,desktop,0,217.46,27.5
9347,control,mobile,0,237.06,103.62
7308,treatment,desktop,0,260.49,74.74
12505,control,mobile,0,167.89,23.2
8291,control,mobile,0,237.94,23.2
13402,control,mobile,0,242.37,36.49
12591,control,mobile,0,247.82,85.61
15001,control,mobile,0,223.31,80.83
3517,treatment,desktop,0,260.39,50.95
13092,control,mobile,0,221.7,32.28
16129,treatment,mobile,0,251.14,45.09
12263,control,mobile,0,268.59,134.89
10969,control,mobile,0,182.64,42.66
7761,treatment,desktop,0,266.75,99.56
15905,treatment,mobile,0,256.2,45.71
16027,treatment,mobile,0,258.44,75.47
16461,treatment,mobile,0,203.15,46.79
15791,treatment,mobile,0,210.34,41.23
10787,control,mobile,1,182.13,43.53
7371,treatment,desktop,0,212.32,82.04
11518,control,mobile,0,225.86,69.53
4197,treatment,desktop,0,215.33,36.87
6156,treatment,desktop,0,157.74,78.44
16814,treatment,mobile,0,197.22,52.14
16300,treatment,mobile,0,245.38,27.43
475,control,desktop,0,243.19,54.61
5825,treatment,desktop,0,216.38,126.79
12942,control,mobile,0,278.03,92.13
11734,control,mobile,0,182.17,129.18
1614,treatment,desktop,0,224.23,58.75
18480,control,tablet,0,213.83,24.54
8376,control,mobile,0,219.1,45.16
15281,treatment,mobile,0,227.19,110.99
712,control,desktop,1,199.82,32.83
1386,treatment,desktop,0,182.37,62.67
186,control,desktop,0,137.07,36.61
12575,control,mobile,0,214.75,61.57
653,control,desktop,0,248.06,85.4
17796,control,tablet,0,159.99,63.83
5127,treatment,desktop,0,220.56,66.67
19996,treatment,tablet,0,257.16,44.43
18141,control,tablet,1,233.77,33.94
17768,control,tablet,0,239.08,39.76
18326,control,tablet,0,250.01,57.43
15558,treatment,mobile,0,203.08,32.18
8247,control,mobile,0,192.33,34.61
5941,treatment,desktop,1,257.69,41.5
19068,treatment,tablet,0,183.39,57.26
11682,control,mobile,0,266.6,43.7
7214,treatment,desktop,0,215.78,85.8
8834,control,mobile,0,222.53,86.08
14859,control,mobile,0,206.58,39.13
18054,control,tablet,0,248.69,73.46
1988,treatment,desktop,0,217.57,44.45
3428,treatment,desktop,1,200.75,107.44
914,control,desktop,0,228.51,48.8
11353,control,mobile,0,220.88,62.43
14631,control,mobile,0,159.42,40.3
7316,treatment,desktop,0,269.1,121.96
12791,control,mobile,0,182.69,40.46
4945,treatment,desktop,0,215.26,51.23
11308,control,mobile,0,194.85,55.82
9074,control,mobile,0,217.29,57.52
11241,control,mobile,0,231.75,23.84
7127,treatment,desktop,0,202.81,53.04
13567,control,mobile,0,191.94,91.21
9328,control,mobile,0,208.54,55.75
18271,control,tablet,0,229.61,61.73
8598,control,mobile,0,203.4,89.0
10506,control,mobile,0,223.54,28.24
5716,treatment,desktop,0,269.91,85.94
2523,treatment,desktop,0,223.8,90.19
12766,control,mobile,0,230.82,31.44
15955,treatment,mobile,0,221.16,110.61
15367,treatment,mobile,0,229.24,100.3
1193,control,desktop,1,246.31,36.67
16735,treatment,mobile,0,183.56,99.91
11363,control,mobile,0,206.87,47.47
569,control,desktop,0,217.62,24.83
19932,treatment,tablet,0,207.77,32.98
11873,control,mobile,0,142.35,116.38
16225,treatment,mobile,0,204.16,36.49
14677,control,mobile,0,199.36,103.91
10532,control,mobile,0,194.26,48.09
6074,treatment,desktop,0,264.66,36.8
18059,control,tablet,0,228.02,47.32
7877,treatment,desktop,0,216.29,56.27
3302,treatment,desktop,0,204.53,32.84
5842,treatment,desktop,0,206.85,99.27
13432,control,mobile,0,204.35,15.11
19018,treatment,tablet,0,183.68,70.49
14414,control,mobile,0,233.28,34.28
17289,treatment,mobile,0,265.68,58.77
6880,treatment,desktop,1,244.94,52.54
685,control,desktop,0,237.05,52.71
14019,control,mobile,0,221.5,31.97
21,control,desktop,0,254.1,113.58
3414,treatment,desktop,0,183.15,37.7
1219,treatment,desktop,0,277.18,58.4
5040,treatment,desktop,0,244.5,92.38
2201,treatment,desktop,1,239.18,38.16
7234,treatment,desktop,0,225.6,43.52
6043,treatment,desktop,0,174.29,157.9
268,control,desktop,0,204.27,41.09
5165,treatment,desktop,0,189.32,72.28
9453,control,mobile,0,181.9,20.73
8748,control,mobile,0,179.03,28.38
9666,control,mobile,0,209.36,16.06
17568,control,tablet,0,234.5,58.83
12827,control,mobile,1,184.27,41.49
5026,treatment,desktop,0,251.11,93.78
19622,treatment,tablet,0,249.0,43.97
9804,control,mobile,0,236.46,66.27
13341,control,mobile,0,229.06,26.48
11755,control,mobile,0,235.38,38.4
14529,control,mobile,0,252.61,75.73
18342,control,tablet,0,246.51,39.28
10644,control,mobile,0,214.37,91.61
11744,control,mobile,0,276.67,62.11
8572,control,mobile,0,246.86,47.54
13495,control,mobile,0,219.2,25.14
2054,treatment,desktop,0,192.91,39.78
15889,treatment,mobile,0,211.79,55.05
12289,control,mobile,0,228.46,23.45
15299,treatment,mobile,0,168.51,27.0
2892,treatment,desktop,0,200.39,30.1
5133,treatment,desktop,0,209.7,42.59
16305,treatment,mobile,0,212.12,74.02
10037,control,mobile,0,201.16,30.52
8086,treatment,desktop,0,219.26,45.89
10303,control,mobile,0,222.94,20.84
14031,control,mobile,0,251.47,40.52
10565,control,mobile,0,129.22,68.3
2866,treatment,desktop,1,219.48,63.16
2213,treatment,desktop,1,203.62,29.25
16091,treatment,mobile,0,180.76,52.32
17521,control,tablet,0,183.88,45.35
5889,treatment,desktop,0,205.04,62.1
3234,treatment,desktop,0,230.24,43.58
1297,treatment,desktop,0,222.9,78.63
18213,control,tablet,0,190.71,20.42
6485,treatment,desktop,0,229.4,60.04
736,control,desktop,0,220.02,141.83
8646,control,mobile,0,216.83,75.84
9782,control,mobile,0,237.33,60.26
17209,treatment,mobile,0,209.78,98.63
11342,control,mobile,0,232.2,22.45
13545,control,mobile,0,216.91,40.05
4844,treatment,desktop,0,242.04,103.5
9189,control,mobile,0,206.74,35.22
18924,control,tablet,0,246.16,48.04
18559,control,tablet,0,255.59,62.92
13251,control,mobile,0,244.33,56.16
6583,treatment,desktop,0,224.17,81.77
1413,treatment,desktop,0,233.48,15.11
1178,control,desktop,1,227.47,27.0
9828,control,mobile,0,224.07,53.28
3711,treatment,desktop,0,247.26,42.04
6053,treatment,desktop,0,211.74,17.88
14895,control,mobile,0,269.76,49.47
9890,control,mobile,0,220.68,40.21
3863,treatment,desktop,0,242.72,16.21
2299,treatment,desktop,0,202.08,46.67
1991,treatment,desktop,0,241.75,57.49
4562,treatment,desktop,0,157.3,19.05
12470,control,mobile,0,190.71,43.38
5449,treatment,desktop,1,237.84,43.68
1761,treatment,desktop,0,267.27,67.29
9155,control,mobile,0,267.88,82.29
290,control,desktop,0,188.01,25.49
9353,control,mobile,0,268.97,72.9
19698,treatment,tablet,0,155.31,64.63
1773,treatment,desktop,0,189.97,71.89
11251,control,mobile,0,225.77,79.76
2167,treatment,desktop,0,238.32,56.59
7578,treatment,desktop,0,281.49,54.3
13174,control,mobile,0,207.05,84.77
10027,control,mobile,0,180.4,67.97
16613,treatment,mobile,0,159.4,43.49
3839,treatment,desktop,0,225.52,73.3
13276,control,mobile,0,223.98,72.24
9266,control,mobile,0,240.71,44.34
15572,treatment,mobile,0,245.33,44.23
6159,treatment,desktop,0,276.79,28.71
193,control,desktop,0,223.36,17.0
12551,control,mobile,0,186.32,35.17
17212,treatment,mobile,1,246.42,69.89
16570,treatment,mobile,0,217.67,32.98
12189,control,mobile,0,249.68,56.28
13421,control,mobile,0,275.9,39.85
4920,treatment,desktop,0,152.36,46.25
2222,treatment,desktop,1,265.28,85.45
10777,control,mobile,0,185.35,39.44
12389,control,mobile,0,291.18,44.69
6590,treatment,desktop,1,215.54,35.79
9062,control,mobile,0,246.99,72.79
9269,control,mobile,0,171.81,55.84
10070,control,mobile,0,213.08,28.87
15560,treatment,mobile,0,272.54,53.88
3261,treatment,desktop,0,177.86,36.19
602,control,desktop,0,222.19,127.79
16921,treatment,mobile,0,264.22,31.7
1188,control,desktop,0,170.27,117.53
1078,control,desktop,0,202.55,46.54
6535,treatment,desktop,0,213.81,85.89
5644,treatment,desktop,0,209.11,94.37
13124,control,mobile,0,184.02,57.69
1052,control,desktop,1,253.78,27.62
16575,treatment,mobile,0,216.02,49.68
16953,treatment,mobile,0,195.41,74.67
17036,treatment,mobile,0,164.86,145.82
5325,treatment,desktop,0,178.31,39.14
17412,treatment,mobile,0,238.61,18.21
3762,treatment,desktop,1,241.28,62.23
3856,treatment,desktop,0,236.72,42.99
5765,treatment,desktop,0,200.64,169.96
10870,control,mobile,0,212.3,67.23
4886,treatment,desktop,0,185.4,4431.9
12082,control,mobile,0,158.64,30.15
3322,treatment,desktop,1,219.4,15.66
10003,control,mobile,0,237.2,195.91
13245,control,mobile,0,201.65,40.88
19005,treatment,tablet,0,212.24,47.51
4449,treatment,desktop,0,225.44,223.07
3687,treatment,desktop,0,271.4,28.8
13763,control,mobile,0,228.47,40.02
8116,treatment,desktop,0,210.42,65.36
335,control,desktop,0,173.57,32.76
6879,treatment,desktop,0,198.46,42.07
18967,control,tablet,0,201.9,46.49
18292,control,tablet,0,211.73,51.71
18245,control,tablet,0,231.83,21.06
7907,treatment,desktop,0,236.98,77.0
18860,control,tablet,0,209.69,50.98
15497,treatment,mobile,0,134.24,39.73
5427,treatment,desktop,0,186.18,22.91
10855,control,mobile,0,173.42,32.19
10643,control,mobile,0,241.72,40.77
13719,control,mobile,0,207.49,51.81
8565,control,mobile,0,259.71,23.56
13818,control,mobile,1,230.73,42.15
9509,control,mobile,0,241.22,39.93
5269,treatment,desktop,1,202.65,83.84
9759,control,mobile,0,250.35,69.59
5295,treatment,desktop,0,191.88,20.32
13145,control,mobile,0,236.96,41.36
18033,control,tablet,0,211.21,27.0
11279,control,mobile,0,248.45,137.91
3125,treatment,desktop,0,216.79,27.83
14954,control,mobile,0,169.89,41.56
6620,treatment,desktop,0,168.67,71.22
17795,control,tablet,1,231.83,31.86
5835,treatment,desktop,0,239.24,80.56
5157,treatment,desktop,0,199.13,39.76
12979,control,mobile,0,230.11,48.65
11067,control,mobile,0,226.59,57.18
10790,control,mobile,0,209.22,47.43
17907,control,tablet,0,258.79,35.9
257,control,desktop,0,200.2,69.5
7848,treatment,desktop,0,211.11,23.14
11653,control,mobile,0,230.54,43.62
636,control,desktop,1,262.74,29.3
2305,treatment,desktop,0,216.7,35.94
5333,treatment,desktop,0,228.71,27.67
2454,treatment,desktop,0,267.96,42.35
10367,control,mobile,0,179.65,67.43
14395,control,mobile,0,203.98,121.59
9685,control,mobile,0,236.86,27.91
7061,treatment,desktop,0,254.94,148.95
13618,control,mobile,0,197.89,83.8
9057,control,mobile,1,224.17,64.99
13106,control,mobile,0,260.15,32.52
982,control,desktop,0,211.17,14.95
12719,control,mobile,1,222.2,15.59
11941,control,mobile,0,234.4,21.38
19828,treatment,tablet,0,221.98,60.15
19956,treatment,tablet,0,174.48,48.05
7304,treatment,desktop,0,244.6,35.78
10925,control,mobile,0,257.93,64.06
13311,control,mobile,0,180.96,58.66
3439,treatment,desktop,0,257.99,15.41
17964,control,tablet,0,171.61,82.86
5854,treatment,desktop,0,218.41,25.68
17351,treatment,mobile,0,230.99,13.83
58,control,desktop,1,218.98,130.63
4364,treatment,desktop,0,181.13,65.17
2894,treatment,desktop,0,243.92,39.08
2317,treatment,desktop,0,213.87,54.84
14155,control,mobile,0,200.95,56.93
9183,control,mobile,0,189.74,48.17
14838,control,mobile,0,232.81,37.62
4260,treatment,desktop,0,196.57,52.11
4744,treatment,desktop,0,225.99,26.08
16145,treatment,mobile,0,185.81,66.38
2713,treatment,desktop,0,227.41,71.43
7781,treatment,desktop,0,186.69,58.7
17738,control,tablet,0,227.9,25.18
9243,control,mobile,0,207.35,29.04
2516,treatment,desktop,0,246.64,65.52
6580,treatment,desktop,0,233.06,42.53
18530,control,tablet,0,217.68,34.15
1678,treatment,desktop,0,187.51,50.37
11474,control,mobile,0,245.16,21.66
1708,treatment,desktop,0,232.75,39.51
12109,control,mobile,0,232.02,63.08
9046,control,mobile,0,219.65,40.65
6358,treatment,desktop,1,165.97,91.07
8289,control,mobile,0,221.98,23.17
12718,control,mobile,0,169.99,45.78
1198,control,desktop,0,216.1,68.89
1561,treatment,desktop,0,203.08,36.42
17140,treatment,mobile,0,232.05,16.04
16861,treatment,mobile,0,236.59,58.64
18552,control,tablet,0,203.39,41.76
9200,control,mobile,0,219.93,83.08
10703,control,mobile,0,201.02,60.37
18014,control,tablet,0,188.7,62.59
14597,control,mobile,1,173.03,38.26
2618,treatment,desktop,0,199.43,71.42
3635,treatment,desktop,0,228.85,35.22
5645,treatment,desktop,0,232.6,38.01
3340,treatment,desktop,0,220.2,44.91
4067,treatment,desktop,0,203.46,68.77
8088,treatment,desktop,0,239.73,67.61
6765,treatment,desktop,0,269.22,32.82
9596,control,mobile,0,220.25,63.29
14724,control,mobile,0,218.6,33.39
64,control,desktop,0,177.57,47.95
7056,treatment,desktop,1,215.67,70.78
18264,control,tablet,0,242.47,62.0
11812,control,mobile,0,179.71,27.04
8577,control,mobile,0,241.45,27.71
16194,treatment,mobile,0,214.27,38.7
13258,control,mobile,0,239.74,63.65
6997,treatment,desktop,0,252.62,72.5
14165,control,mobile,0,215.58,57.42
3448,treatment,desktop,0,259.77,57.56
8379,control,mobile,0,252.57,46.03
9144,control,mobile,0,243.5,19.35
16773,treatment,mobile,0,220.09,48.3
10872,control,mobile,0,214.75,38.3
7795,treatment,desktop,0,201.24,16.35
17203,treatment,mobile,0,240.04,32.48
15347,treatment,mobile,0,215.87,49.84
8673,control,mobile,0,201.08,38.6
17885,control,tablet,0,209.87,40.84
12502,control,mobile,0,204.18,43.89
18968,control,tablet,0,224.02,78.31
18095,control,tablet,0,256.8,46.47
12563,control,mobile,0,243.45,54.48
7413,treatment,desktop,0,218.46,75.04
11012,control,mobile,1,273.09,37.6
10708,control,mobile,0,131.56,62.26
387,control,desktop,1,220.78,23.51
15870,treatment,mobile,0,200.27,45.92
13724,control,mobile,0,239.07,31.97
16525,treatment,mobile,0,220.51,28.54
19762,treatment,tablet,0,196.89,26.18
19453,treatment,tablet,0,287.61,58.08
3010,treatment,desktop,0,223.02,21.64
16212,treatment,mobile,0,236.0,63.19
14778,control,mobile,0,188.35,88.98
9622,control,mobile,0,219.61,76.43
8808,control,mobile,0,222.51,23.9
3658,treatment,desktop,0,210.48,95.87
11265,control,mobile,0,184.14,27.97
13116,control,mobile,0,224.08,55.1
13832,control,mobile,0,224.62,33.68
702,control,desktop,1,250.61,28.46
13002,control,mobile,0,273.46,92.09
787,control,desktop,0,193.01,98.72
4994,treatment,desktop,0,193.5,53.54
17655,control,tablet,0,244.03,44.63
18865,control,tablet,0,240.95,54.39
17154,treatment,mobile,0,226.45,82.8
7793,treatment,desktop,0,251.38,43.92
9250,control,mobile,0,177.38,65.56
17332,treatment,mobile,0,228.74,35.2
12377,control,mobile,0,228.12,102.18
4137,treatment,desktop,0,220.85,31.79
1638,treatment,desktop,0,175.42,48.57
652,control,desktop,0,182.75,50.39
17479,treatment,mobile,0,281.56,90.61
4866,treatment,desktop,0,251.08,29.11
7889,treatment,desktop,0,187.03,28.5
8675,control,mobile,0,191.51,55.47
11025,control,mobile,0,276.02,83.52
6369,treatment,desktop,0,234.05,46.2
14523,control,mobile,0,201.35,64.27
2278,treatment,desktop,0,226.62,40.03
7097,treatment,desktop,0,195.76,30.71
5829,treatment,desktop,0,186.78,69.79
8889,control,mobile,0,169.75,16.92
1364,treatment,desktop,0,232.69,102.94
4728,treatment,desktop,0,220.88,45.46
19027,treatment,tablet,0,206.45,34.74
17784,control,tablet,0,286.98,55.59
12103,control,mobile,0,247.57,63.75
17373,treatment,mobile,0,217.6,49.76
19280,treatment,tablet,0,221.1,48.53
4756,treatment,desktop,0,267.43,29.08
12873,control,mobile,0,217.09,56.71
4218,treatment,desktop,1,241.19,37.75
1431,treatment,desktop,0,184.73,40.13
16718,treatment,mobile,0,265.01,41.57
17947,control,tablet,0,235.37,34.59
19023,treatment,tablet,0,238.66,79.99
11288,control,mobile,0,231.06,71.39
16784,treatment,mobile,0,208.86,35.54
7629,treatment,desktop,0,215.65,17.94
4623,treatment,desktop,0,238.28,42.1
11696,control,mobile,0,178.31,21.82
10977,control,mobile,0,238.98,47.45
6381,treatment,desktop,0,241.89,58.17
2853,treatment,desktop,1,249.65,95.52
8228,control,mobile,1,222.92,51.39
7951,treatment,desktop,0,254.2,25.32
6477,treatment,desktop,1,262.59,56.17
2710,treatment,desktop,0,211.52,29.46
11244,control,mobile,0,207.28,46.29
9731,control,mobile,0,217.04,46.37
17867,control,tablet,0,201.63,51.58
16751,treatment,mobile,0,239.72,89.3
10528,control,mobile,0,245.13,38.06
13970,control,mobile,0,273.37,88.66
4661,treatment,desktop,0,243.48,44.42
7478,treatment,desktop,0,181.33,52.46
6554,treatment,desktop,0,229.46,20.64
19873,treatment,tablet,0,244.77,29.9
16055,treatment,mobile,0,236.04,50.88
13199,control,mobile,0,274.17,109.14
11721,control,mobile,0,214.26,53.1
15645,treatment,mobile,0,256.62,54.2
691,control,desktop,0,192.08,81.75
4344,treatment,desktop,1,242.29,15.05
16018,treatment,mobile,0,201.46,42.58
18895,control,tablet,0,230.81,47.92
13033,control,mobile,0,210.24,29.89
3692,treatment,desktop,0,246.47,26.98
6366,treatment,desktop,0,267.87,45.28
3785,treatment,desktop,0,175.43,120.44
10089,control,mobile,0,193.03,34.5
19234,treatment,tablet,0,209.04,51.09
12008,control,mobile,0,237.92,50.34
13699,control,mobile,0,188.02,44.34
16098,treatment,mobile,0,161.67,54.51
6901,treatment,desktop,0,220.25,103.18
8406,control,mobile,0,221.08,91.47
2573,treatment,desktop,0,274.7,35.43
6017,treatment,desktop,0,245.41,84.41
16739,treatment,mobile,0,207.2,30.41
6463,treatment,desktop,0,217.21,30.39
11717,control,mobile,0,235.74,58.75
9025,control,mobile,0,235.25,81.05
4134,treatment,desktop,0,177.89,123.4
1104,control,desktop,0,227.33,29.72
19000,control,tablet,0,238.52,26.56
7828,treatment,desktop,0,216.17,79.54
11314,control,mobile,0,241.27,30.16
11439,control,mobile,0,232.3,88.37
11205,control,mobile,0,168.3,33.37
19831,treatment,tablet,0,279.02,57.7
4680,treatment,desktop,0,233.43,97.54
14425,control,mobile,0,289.09,66.7
4643,treatment,desktop,1,198.24,37.83
4764,treatment,desktop,0,185.65,29.71
552,control,desktop,0,222.99,44.78
2509,treatment,desktop,0,212.77,88.49
2411,treatment,desktop,1,226.96,43.93
14959,control,mobile,0,239.64,61.42
8167,treatment,desktop,0,176.25,31.4
9913,control,mobile,0,223.4,29.84
9994,control,mobile,0,202.62,97.74
7836,treatment,desktop,0,176.53,37.07
12064,control,mobile,0,192.97,118.35
15899,treatment,mobile,0,219.27,19.42
13117,control,mobile,0,222.93,53.12
13490,control,mobile,0,243.49,25.16
10717,control,mobile,0,223.74,40.95
6174,treatment,desktop,0,193.25,25.93
16120,treatment,mobile,0,228.45,21.39
2190,treatment,desktop,0,221.86,45.88
2044,treatment,desktop,0,201.55,23.79
11646,control,mobile,0,235.25,42.76
3236,treatment,desktop,0,226.8,18.97
6396,treatment,desktop,0,179.01,47.05
19108,treatment,tablet,0,231.87,38.01
9433,control,mobile,0,230.81,31.72
9644,control,mobile,0,280.59,43.81
14302,control,mobile,0,220.05,42.54
3535,treatment,desktop,0,201.15,25.87
1489,treatment,desktop,1,233.66,26.06
9108,control,mobile,0,228.92,30.32
9103,control,mobile,0,199.58,48.17
6292,treatment,desktop,0,216.2,63.49
10448,control,mobile,0,188.37,48.63
12623,control,mobile,0,244.96,89.0
8905,control,mobile,0,209.12,68.91
7705,treatment,desktop,0,284.91,84.24
15401,treatment,mobile,0,230.79,80.15
11434,control,mobile,0,148.25,82.24
47,control,desktop,0,269.38,67.54
2705,treatment,desktop,1,175.15,44.73
3775,treatment,desktop,0,221.41,103.84
8182,treatment,desktop,0,227.93,63.29
16450,treatment,mobile,0,200.0,43.11
16675,treatment,mobile,0,215.91,80.03
7115,treatment,desktop,1,212.33,28.41
5620,treatment,desktop,0,244.02,19.27
738,control,desktop,1,236.52,59.0
2567,treatment,desktop,0,159.97,81.41
3293,treatment,desktop,0,230.06,37.95
14057,control,mobile,0,186.98,65.91
4711,treatment,desktop,0,271.01,56.6
18333,control,tablet,0,209.88,63.78
4483,treatment,desktop,0,228.67,28.84
1792,treatment,desktop,0,173.0,96.0
14543,control,mobile,1,241.86,55.46
13943,control,mobile,0,266.52,51.57
5996,treatment,desktop,0,161.53,44.11
19255,treatment,tablet,0,214.22,24.13
3522,treatment,desktop,1,243.81,108.19
14289,control,mobile,0,195.4,49.38
12078,control,mobile,0,241.57,51.91
10094,control,mobile,0,270.71,73.87
8823,control,mobile,0,202.43,46.23
4790,treatment,desktop,0,244.41,67.11
2577,treatment,desktop,0,241.13,28.32
3633,treatment,desktop,0,208.32,29.92
18203,control,tablet,0,227.89,63.34
15444,treatment,mobile,0,256.26,24.84
17386,treatment,mobile,0,244.48,62.11
4116,treatment,desktop,0,277.27,40.58
8547,control,mobile,0,231.22,21.01
17811,control,tablet,0,231.57,86.58
17175,treatment,mobile,0,222.27,62.85
14888,control,mobile,0,182.71,24.94
16123,treatment,mobile,0,223.53,30.23
740,control,desktop,0,199.55,107.67
5837,treatment,desktop,0,287.36,74.0
6886,treatment,desktop,0,252.33,56.7
5548,treatment,desktop,0,188.43,80.65
5554,treatment,desktop,0,228.22,31.58
16927,treatment,mobile,0,251.83,39.33
1636,treatment,desktop,0,150.52,19.86
14293,control,mobile,0,207.53,75.4
14893,control,mobile,0,167.28,109.12
3337,treatment,desktop,0,289.06,68.4
3124,treatment,desktop,0,220.66,42.54
11893,control,mobile,0,199.38,133.13
1316,treatment,desktop,0,225.89,52.35
17664,control,tablet,0,242.86,45.94
19135,treatment,tablet,0,196.39,25.75
19924,treatment,tablet,0,236.52,42.13
6404,treatment,desktop,0,204.01,106.0
7970,treatment,desktop,1,235.6,84.43
279,control,desktop,0,203.71,22.58
19203,treatment,tablet,1,211.65,50.42
18282,control,tablet,0,202.34,67.4
14203,control,mobile,0,208.59,37.91
14252,control,mobile,0,253.32,39.25
11701,control,mobile,0,222.23,55.17
18353,control,tablet,0,195.24,86.88
6224,treatment,desktop,0,207.98,104.92
10753,control,mobile,0,210.0,157.06
18609,control,tablet,0,237.35,92.04
15129,treatment,mobile,0,250.34,118.8
2208,treatment,desktop,0,250.38,35.94
4010,treatment,desktop,0,160.81,32.59
14911,control,mobile,0,233.49,140.89
14063,control,mobile,0,238.28,49.38
11349,control,mobile,0,164.1,80.13
12802,control,mobile,0,212.72,73.73
5654,treatment,desktop,0,199.17,27.17
9758,control,mobile,0,194.02,30.15
14882,control,mobile,0,269.86,51.98
1876,treatment,desktop,0,202.98,52.72
1131,control,desktop,1,230.33,57.61
4838,treatment,desktop,1,179.18,91.31
9963,control,mobile,0,279.97,78.07
12187,control,mobile,0,273.47,34.2
10457,control,mobile,0,247.95,29.61
9930,control,mobile,0,182.96,50.74
6541,treatment,desktop,0,199.76,124.77
8153,treatment,desktop,0,232.7,64.94
12649,control,mobile,0,252.32,29.79
8363,control,mobile,0,212.26,27.32
19686,treatment,tablet,0,310.21,40.88
15996,treatment,mobile,0,244.98,115.03
12938,control,mobile,0,199.77,66.35
14929,control,mobile,0,224.36,69.96
7142,treatment,desktop,1,209.65,32.0
3519,treatment,desktop,0,212.28,19.66
4509,treatment,desktop,0,166.91,61.28
19291,treatment,tablet,0,232.35,59.01
17865,control,tablet,0,160.52,30.97
2612,treatment,desktop,0,195.37,28.46
11850,control,mobile,0,232.08,29.03
16629,treatment,mobile,0,225.9,76.93
8068,treatment,desktop,1,162.09,62.26
9112,control,mobile,0,182.75,50.53
9615,control,mobile,0,235.74,47.81
18477,control,tablet,0,195.36,21.83
11597,control,mobile,0,247.24,41.04
18278,control,tablet,1,303.02,38.9
3728,treatment,desktop,0,261.62,38.25
13409,control,mobile,0,135.45,77.16
1696,treatment,desktop,1,220.75,67.09
9795,control,mobile,0,201.62,41.58
2116,treatment,desktop,0,186.49,31.29
18944,control,tablet,0,215.58,104.58
19776,treatment,tablet,1,253.84,29.54
1497,treatment,desktop,0,153.68,11.22
1849,treatment,desktop,0,264.07,26.14
2757,treatment,desktop,0,218.36,53.67
1481,treatment,desktop,0,215.72,172.72
87,control,desktop,0,225.65,46.37
2806,treatment,desktop,0,186.28,39.89
3958,treatment,desktop,0,197.15,93.13
3617,treatment,desktop,1,211.7,68.2
10920,control,mobile,0,243.39,71.55
17173,treatment,mobile,0,171.93,81.16
15483,treatment,mobile,0,224.4,84.77
3720,treatment,desktop,0,211.57,52.64
9031,control,mobile,0,244.94,41.76
2534,treatment,desktop,0,214.26,47.4
16427,treatment,mobile,0,157.25,93.8
15460,treatment,mobile,0,255.48,15.11
4914,treatment,desktop,0,270.76,50.73
1822,treatment,desktop,0,257.38,27.12
13462,control,mobile,0,189.27,119.88
5859,treatment,desktop,0,209.68,28.36
10199,control,mobile,0,208.72,29.77
10599,control,mobile,0,207.82,82.89
14531,control,mobile,0,254.09,23.45
7652,treatment,desktop,0,207.19,45.42
19869,treatment,tablet,0,243.9,40.78
4958,treatment,desktop,0,263.17,29.39
10310,control,mobile,0,158.06,34.96
16693,treatment,mobile,0,238.52,19.28
13815,control,mobile,0,212.08,42.1
15639,treatment,mobile,0,202.29,95.4
4132,treatment,desktop,0,231.5,5807.42
18314,control,tablet,0,213.09,57.91
333,control,desktop,0,144.71,24.67
15075,control,mobile,0,252.79,36.49
2815,treatment,desktop,0,180.82,16.86
14391,control,mobile,0,203.77,95.39
12239,control,mobile,0,202.77,86.76
15721,treatment,mobile,0,230.23,51.56
2422,treatment,desktop,0,201.38,47.55
3602,treatment,desktop,0,178.26,47.48
2351,treatment,desktop,0,150.71,108.17
7830,treatment,desktop,0,199.05,4223.86
1589,treatment,desktop,0,194.0,43.83
3119,treatment,desktop,0,237.56,26.59
10729,control,mobile,0,239.51,31.14
5820,treatment,desktop,0,195.18,48.89
6152,treatment,desktop,0,274.31,46.45
12402,control,mobile,0,239.16,56.55
12368,control,mobile,0,214.47,96.74
8422,control,mobile,0,201.12,112.46
2022,treatment,desktop,0,224.08,57.26
8987,control,mobile,0,222.39,43.83
6764,treatment,desktop,0,291.02,48.26
9969,control,mobile,0,238.03,59.17
12635,control,mobile,0,202.38,47.23
11185,control,mobile,1,214.88,46.59
5459,treatment,desktop,0,261.24,31.59
13965,control,mobile,0,243.79,74.27
1304,treatment,desktop,0,227.31,66.95
12747,control,mobile,0,244.41,83.68
11459,control,mobile,0,220.44,104.4
12305,control,mobile,0,222.49,69.65
18103,control,tablet,0,171.03,67.54
15293,treatment,mobile,0,208.46,20.82
5650,treatment,desktop,0,253.88,53.8
14226,control,mobile,1,208.53,109.11
9623,control,mobile,0,227.57,28.02
15957,treatment,mobile,0,244.37,31.75
14650,control,mobile,0,227.87,63.68
16176,treatment,mobile,0,265.34,48.75
13689,control,mobile,0,234.17,108.05
18667,control,tablet,0,182.05,39.61
11361,control,mobile,0,230.11,43.1
8345,control,mobile,0,171.99,52.76
4129,treatment,desktop,0,202.34,73.4
18175,control,tablet,1,214.08,23.33
791,control,desktop,0,210.71,10.26
9904,control,mobile,0,207.59,31.26
8268,control,mobile,0,177.43,21.14
14741,control,mobile,0,234.21,50.47
3938,treatment,desktop,1,207.89,113.73
11300,control,mobile,1,249.03,44.89
16298,treatment,mobile,0,221.56,50.31
3250,treatment,desktop,1,166.58,36.55
13944,control,mobile,0,181.36,54.08
727,control,desktop,0,228.57,50.43
9246,control,mobile,0,189.88,48.58
12141,control,mobile,0,232.71,34.29
5771,treatment,desktop,0,201.8,91.55
15624,treatment,mobile,0,269.67,27.03
35,control,desktop,0,198.67,36.98
4997,treatment,desktop,0,279.54,22.74
2728,treatment,desktop,0,222.05,127.52
448,control,desktop,0,169.88,29.39
10219,control,mobile,0,260.19,45.57
5198,treatment,desktop,0,185.89,31.82
8873,control,mobile,0,192.53,36.36
3061,treatment,desktop,0,238.6,20.21
4489,treatment,desktop,0,235.28,8.56
7173,treatment,desktop,0,209.9,77.78
10685,control,mobile,0,252.41,28.74
19575,treatment,tablet,0,255.62,31.08
3486,treatment,desktop,0,244.48,39.78
19643,treatment,tablet,0,230.98,28.3
2723,treatment,desktop,0,185.0,67.75
1569,treatment,desktop,0,174.18,40.37
16593,treatment,mobile,0,207.67,72.12
9771,control,mobile,0,231.65,39.23
8738,control,mobile,0,179.94,38.99
6149,treatment,desktop,1,255.44,68.86
2878,treatment,desktop,0,246.32,74.46
5590,treatment,desktop,0,203.62,44.08
6208,treatment,desktop,0,218.06,35.36
18606,control,tablet,1,199.55,61.26
18220,control,tablet,0,213.42,79.25
9897,control,mobile,0,208.31,56.9
6946,treatment,desktop,0,218.41,25.72
14803,control,mobile,0,219.33,60.02
3509,treatment,desktop,0,211.98,49.48
7326,treatment,desktop,0,231.75,54.31
14643,control,mobile,0,265.95,90.47
19324,treatment,tablet,0,225.52,59.51
2888,treatment,desktop,0,173.05,70.81
451,control,desktop,0,196.7,88.79
19971,treatment,tablet,0,233.83,73.34
6893,treatment,desktop,0,191.34,28.32
9722,control,mobile,0,230.44,37.63
9456,control,mobile,0,153.9,32.11
16079,treatment,mobile,0,255.96,59.58
12977,control,mobile,0,235.54,52.9
8202,control,mobile,0,212.76,30.96
4872,treatment,desktop,0,271.49,83.9
18485,control,tablet,0,208.33,124.21
19336,treatment,tablet,0,177.33,9.53
9355,control,mobile,0,216.26,50.53
14878,control,mobile,0,214.38,96.9
17801,control,tablet,0,205.54,38.83
10956,control,mobile,0,195.41,25.31
1356,treatment,desktop,0,182.11,52.79
3879,treatment,desktop,0,271.81,34.39
10927,control,mobile,0,263.72,64.33
7726,treatment,desktop,0,195.8,24.61
16545,treatment,mobile,0,236.58,70.04
17703,control,tablet,0,231.93,36.68
10937,control,mobile,0,167.3,42.64
1904,treatment,desktop,0,202.93,70.06
3880,treatment,desktop,0,294.47,118.67
13240,control,mobile,0,199.29,28.54
8594,control,mobile,1,177.23,36.88
15276,treatment,mobile,0,188.67,33.96
2786,treatment,desktop,1,244.67,17.2
6268,treatment,desktop,0,214.94,29.23
6409,treatment,desktop,0,202.65,20.12
3192,treatment,desktop,0,238.04,27.55
18222,control,tablet,0,188.39,36.91
3646,treatment,desktop,1,198.16,54.21
1908,treatment,desktop,0,206.87,65.31
7357,treatment,desktop,0,276.68,22.99
1454,treatment,desktop,0,224.69,29.39
15387,treatment,mobile,0,237.47,42.48
430,control,desktop,0,255.89,33.95
3849,treatment,desktop,0,211.41,34.68
5679,treatment,desktop,0,207.96,64.03
11958,control,mobile,0,236.22,65.61
788,control,desktop,1,186.15,49.62
13667,control,mobile,0,242.56,53.24
405,control,desktop,0,203.57,51.57
14517,control,mobile,0,263.63,37.02
11284,control,mobile,0,234.51,164.15
1808,treatment,desktop,0,181.85,74.6
3816,treatment,desktop,0,208.16,95.73
16312,treatment,mobile,0,280.72,22.91
12750,control,mobile,0,158.7,42.22
4342,treatment,desktop,0,176.53,30.3
17531,control,tablet,0,244.37,160.1
4820,treatment,desktop,0,210.25,30.73
5708,treatment,desktop,1,207.76,41.57
6299,treatment,desktop,0,250.78,39.02
1759,treatment,desktop,0,163.62,41.69
17992,control,tablet,0,238.14,48.26
13535,control,mobile,0,197.53,46.46
15493,treatment,mobile,0,213.98,22.73
6683,treatment,desktop,0,181.16,51.9
8014,treatment,desktop,0,259.07,105.49
9625,control,mobile,0,227.59,51.46
17017,treatment,mobile,0,218.63,83.35
18794,control,tablet,0,197.62,88.14
18555,control,tablet,0,192.35,40.41
13799,control,mobile,0,200.63,76.43
19179,treatment,tablet,0,173.73,38.79
7118,treatment,desktop,0,202.27,54.56
5213,treatment,desktop,0,211.12,36.81
19579,treatment,tablet,0,217.73,17.3
3211,treatment,desktop,0,242.79,53.4
8941,control,mobile,0,186.46,28.41
9467,control,mobile,0,241.69,54.71
7588,treatment,desktop,0,237.92,24.47
15208,treatment,mobile,0,215.28,46.73
1791,treatment,desktop,0,223.99,49.84
17330,treatment,mobile,0,230.11,68.04
4781,treatment,desktop,0,231.74,88.59
8718,control,mobile,0,241.81,126.49
2938,treatment,desktop,0,206.76,48.85
16875,treatment,mobile,0,256.99,110.1
14839,control,mobile,0,197.01,34.95
2280,treatment,desktop,0,199.5,104.28
11350,control,mobile,0,228.82,80.45
17644,control,tablet,0,224.97,98.71
1144,control,desktop,1,212.69,49.03
14429,control,mobile,0,216.31,41.23
6613,treatment,desktop,0,228.61,41.8
11766,control,mobile,0,188.51,49.38
8056,treatment,desktop,0,215.1,24.82
3888,treatment,desktop,0,203.38,39.55
5948,treatment,desktop,0,197.6,40.92
15201,treatment,mobile,0,203.91,30.66
2129,treatment,desktop,0,226.08,45.01
4455,treatment,desktop,0,178.76,41.18
16905,treatment,mobile,0,179.9,43.68
12011,control,mobile,0,211.65,32.75
8515,control,mobile,0,228.4,113.99
11312,control,mobile,0,186.63,22.09
6027,treatment,desktop,0,254.33,55.88
10336,control,mobile,0,207.59,51.81
10517,control,mobile,0,248.65,31.62
12327,control,mobile,0,177.24,41.98
10542,control,mobile,0,281.26,38.27
14260,control,mobile,0,247.44,66.82
5150,treatment,desktop,0,227.75,75.19
19833,treatment,tablet,0,229.43,61.07
17293,treatment,mobile,0,220.2,66.48
10554,control,mobile,0,172.54,23.34
2461,treatment,desktop,0,293.61,51.61
18960,control,tablet,0,255.96,66.43
11175,control,mobile,0,224.3,36.76
5734,treatment,desktop,0,271.73,19.97
16248,treatment,mobile,0,238.09,32.48
7881,treatment,desktop,0,240.44,62.58
13779,control,mobile,0,217.49,58.49
15845,treatment,mobile,0,229.71,79.01
5576,treatment,desktop,0,194.02,26.68
19145,treatment,tablet,0,209.84,27.48
14174,control,mobile,0,229.92,35.73
14170,control,mobile,0,261.78,49.49
19965,treatment,tablet,1,196.07,24.17
9158,control,mobile,0,265.72,50.92
12499,control,mobile,0,224.14,71.86
12523,control,mobile,0,207.23,68.97
19327,treatment,tablet,0,146.36,56.61
2584,treatment,desktop,0,252.56,31.36
4552,treatment,desktop,1,242.4,21.22
5360,treatment,desktop,0,232.52,62.25
16900,treatment,mobile,0,244.51,48.59
16831,treatment,mobile,0,207.84,30.0
16112,treatment,mobile,0,186.12,25.21
4004,treatment,desktop,0,204.49,88.64
34,control,desktop,0,204.74,52.93
230,control,desktop,0,262.25,19.41
6736,treatment,desktop,0,247.29,31.29
8059,treatment,desktop,0,219.06,29.02
8485,control,mobile,0,255.93,95.66
14549,control,mobile,0,262.95,49.11
3042,treatment,desktop,0,280.02,54.84
6788,treatment,desktop,0,218.66,33.98
8881,control,mobile,0,217.18,41.82
6324,treatment,desktop,0,221.04,37.85
5323,treatment,desktop,1,252.76,83.6
2685,treatment,desktop,0,177.42,143.37
12290,control,mobile,0,282.08,121.5
6146,treatment,desktop,1,229.59,69.45
3071,treatment,desktop,0,235.45,58.71
2322,treatment,desktop,0,222.76,29.89
5189,treatment,desktop,0,240.84,16.8
6282,treatment,desktop,0,242.33,71.96
5978,treatment,desktop,0,263.03,35.23
11020,control,mobile,0,242.53,53.79
784,control,desktop,0,205.08,53.35
18162,control,tablet,0,247.26,41.46
19342,treatment,tablet,0,170.31,35.58
3613,treatment,desktop,0,211.84,33.4
15063,control,mobile,0,260.49,70.41
3479,treatment,desktop,0,234.71,70.47
13359,control,mobile,0,185.86,74.75
11402,control,mobile,0,202.68,48.22
15333,treatment,mobile,0,183.93,63.19
13275,control,mobile,0,224.11,29.89
17946,control,tablet,0,223.55,50.89
2117,treatment,desktop,0,234.06,39.24
15412,treatment,mobile,0,196.38,105.07
12264,control,mobile,0,267.37,20.8
14728,control,mobile,0,186.71,36.74
14814,control,mobile,0,158.01,77.99
16408,treatment,mobile,0,217.49,28.4
10250,control,mobile,0,212.57,42.48
2307,treatment,desktop,0,217.04,32.83
7487,treatment,desktop,0,199.36,24.67
14639,control,mobile,0,216.37,29.92
9599,control,mobile,0,216.73,39.84
8670,control,mobile,0,254.14,62.56
19794,treatment,tablet,0,234.99,94.43
18800,control,tablet,0,185.91,25.17
16646,treatment,mobile,0,245.44,39.9
7975,treatment,desktop,0,217.15,43.19
11789,control,mobile,0,214.37,42.82
11391,control,mobile,0,217.15,227.74
11563,control,mobile,0,280.8,33.05
14861,control,mobile,0,207.94,36.3
19307,treatment,tablet,0,188.58,30.21
6411,treatment,desktop,1,222.2,129.05
14493,control,mobile,0,195.99,38.7
8432,control,mobile,0,236.93,65.08
10635,control,mobile,0,179.74,42.74
2184,treatment,desktop,0,209.25,126.16
16065,treatment,mobile,0,208.16,62.69
9293,control,mobile,0,213.74,69.34
16359,treatment,mobile,0,193.66,93.86
13282,control,mobile,0,236.39,43.88
18913,control,tablet,0,189.03,134.18
5168,treatment,desktop,0,268.07,28.61
12101,control,mobile,0,270.74,46.81
13804,control,mobile,0,218.93,44.43
10650,control,mobile,0,224.95,43.39
391,control,desktop,0,281.59,47.93
3636,treatment,desktop,1,241.17,54.53
11392,control,mobile,0,200.19,54.28
8033,treatment,desktop,0,201.83,161.4
13397,control,mobile,0,214.01,39.72
18848,control,tablet,0,248.08,53.06
5232,treatment,desktop,0,191.39,32.98
5966,treatment,desktop,1,248.15,54.86
9475,control,mobile,0,187.76,60.74
3438,treatment,desktop,0,258.26,68.87
2035,treatment,desktop,0,251.39,38.49
17115,treatment,mobile,0,226.68,15.99
5887,treatment,desktop,0,218.87,95.71
2024,treatment,desktop,0,259.98,60.18
6799,treatment,desktop,1,214.68,32.6
5043,treatment,desktop,0,196.07,42.33
5429,treatment,desktop,0,200.0,69.11
11408,control,mobile,0,233.68,69.6
8986,control,mobile,0,212.42,46.56
12059,control,mobile,0,202.98,35.81
3716,treatment,desktop,0,232.98,96.75
14745,control,mobile,0,229.14,57.18
10440,control,mobile,0,231.89,59.8
19386,treatment,tablet,0,182.57,74.97
7801,treatment,desktop,0,219.25,64.44
13570,control,mobile,0,213.09,47.9
17737,control,tablet,0,261.8,52.78
16583,treatment,mobile,0,217.97,48.37
12945,control,mobile,0,174.4,108.93
19354,treatment,tablet,0,221.86,72.44
1697,treatment,desktop,0,215.57,61.21
16769,treatment,mobile,0,219.07,32.28
1690,treatment,desktop,0,222.51,25.54
2306,treatment,desktop,0,204.27,14.82
6098,treatment,desktop,0,159.06,67.21
8430,control,mobile,0,202.68,80.47
8141,treatment,desktop,0,272.49,53.79
3959,treatment,desktop,1,192.44,89.97
8813,control,mobile,0,260.8,39.85
16869,treatment,mobile,0,206.9,34.57
13953,control,mobile,0,246.0,47.09
13386,control,mobile,0,180.27,32.0
10317,control,mobile,0,199.53,169.07
4969,treatment,desktop,0,170.35,121.14
1725,treatment,desktop,0,251.54,52.37
19882,treatment,tablet,0,226.81,20.07
18368,control,tablet,0,174.82,45.28
11476,control,mobile,0,256.75,102.68
11758,control,mobile,0,191.23,92.12
16442,treatment,mobile,0,252.49,49.93
16733,treatment,mobile,0,197.66,34.41
4320,treatment,desktop,0,256.32,55.51
6995,treatment,desktop,0,212.96,20.19
17322,treatment,mobile,0,225.27,73.73
3759,treatment,desktop,0,211.08,94.9
1914,treatment,desktop,0,228.34,41.57
9520,control,mobile,0,234.12,68.14
19485,treatment,tablet,0,182.07,86.69
9645,control,mobile,0,245.08,57.98
13751,control,mobile,0,243.45,97.85
13879,control,mobile,0,190.35,81.61
8740,control,mobile,0,228.34,65.84
16995,treatment,mobile,0,224.21,55.88
12134,control,mobile,0,168.23,46.47
19901,treatment,tablet,0,212.83,94.12
12729,control,mobile,0,261.22,58.81
8869,control,mobile,1,178.28,48.59
19764,treatment,tablet,0,224.95,33.29
3516,treatment,desktop,0,293.16,92.68
4358,treatment,desktop,0,214.12,59.46
10346,control,mobile,0,248.57,44.87
3163,treatment,desktop,0,262.82,58.72
4858,treatment,desktop,0,243.66,44.73
5964,treatment,desktop,0,220.52,100.48
13273,control,mobile,0,250.64,51.59
18715,control,tablet,0,248.81,68.34
16141,treatment,mobile,0,225.88,75.56
6144,treatment,desktop,0,205.88,79.4
12807,control,mobile,0,252.04,23.54
4280,treatment,desktop,0,199.27,70.87
18,control,desktop,0,282.86,32.15
9438,control,mobile,0,218.8,55.33
5247,treatment,desktop,0,249.95,24.01
7937,treatment,desktop,0,261.97,126.8
18303,control,tablet,0,201.27,34.88
9717,control,mobile,0,192.37,62.27
6979,treatment,desktop,0,199.11,36.94
18013,control,tablet,0,209.86,43.29
17282,treatment,mobile,0,229.66,69.3
7219,treatment,desktop,0,154.0,35.88
12152,control,mobile,0,266.72,60.91
14285,control,mobile,0,170.27,42.88
10433,control,mobile,0,213.99,57.51
17337,treatment,mobile,0,230.91,30.9
5695,treatment,desktop,0,240.92,40.94
6919,treatment,desktop,1,200.45,21.7
1014,control,desktop,1,229.74,47.57
9271,control,mobile,0,235.25,28.3
6629,treatment,desktop,0,207.26,48.3
5651,treatment,desktop,0,222.15,37.17
15390,treatment,mobile,0,211.18,79.47
5311,treatment,desktop,0,183.12,25.54
11678,control,mobile,0,222.17,44.53
5263,treatment,desktop,1,235.87,18.5
8521,control,mobile,0,215.86,56.91
16774,treatment,mobile,0,214.06,30.24
16988,treatment,mobile,0,263.69,26.2
3029,treatment,desktop,0,233.66,72.68
4558,treatment,desktop,0,201.98,22.64
11352,control,mobile,0,203.2,33.91
19938,treatment,tablet,0,238.24,197.32
10193,control,mobile,0,260.83,88.18
19657,treatment,tablet,0,218.76,65.34
2415,treatment,desktop,0,216.15,79.75
3955,treatment,desktop,0,192.11,32.72
8473,control,mobile,0,241.03,56.42
11400,control,mobile,0,228.71,30.3
10000,control,mobile,0,181.57,40.53
3723,treatment,desktop,1,171.54,57.24
3476,treatment,desktop,0,243.45,49.19
8962,control,mobile,0,222.56,49.19
12878,control,mobile,0,208.94,15.85
11428,control,mobile,0,226.43,48.02
6990,treatment,desktop,0,257.36,28.2
7561,treatment,desktop,0,196.78,58.25
17257,treatment,mobile,0,200.26,53.01
19920,treatment,tablet,0,247.8,21.18
17027,treatment,mobile,0,224.65,46.96
10120,control,mobile,0,218.91,24.0
18780,control,tablet,0,187.96,104.07
12889,control,mobile,0,200.08,28.71
11202,control,mobile,0,263.97,56.46
16597,treatment,mobile,0,238.8,42.14
19432,treatment,tablet,0,235.65,37.85
14028,control,mobile,0,172.08,91.92
259,control,desktop,0,202.36,39.41
5211,treatment,desktop,0,188.92,14.11
5416,treatment,desktop,0,209.89,21.89
4803,treatment,desktop,0,277.79,45.25
10421,control,mobile,0,197.55,45.15
2405,treatment,desktop,0,210.77,34.05
11890,control,mobile,0,193.42,118.01
19054,treatment,tablet,1,192.6,29.86
124,control,desktop,0,200.87,54.47
1477,treatment,desktop,0,246.38,60.97
9209,control,mobile,0,233.17,74.13
9068,control,mobile,1,219.19,58.03
10613,control,mobile,0,198.29,45.26
14212,control,mobile,0,254.51,23.13
18863,control,tablet,0,218.53,37.87
1586,treatment,desktop,0,165.81,22.55
17645,control,tablet,0,237.5,21.8
17761,control,tablet,0,269.5,33.84
17685,control,tablet,0,172.61,85.68
5942,treatment,desktop,0,172.52,74.64
14791,control,mobile,0,249.85,58.38
7029,treatment,desktop,1,187.9,15.39
234,control,desktop,0,191.48,54.57
11126,control,mobile,0,192.08,47.03
9232,control,mobile,0,194.2,48.35
10173,control,mobile,0,275.37,42.12
3237,treatment,desktop,0,258.93,41.46
9424,control,mobile,0,275.06,50.67
19979,treatment,tablet,0,239.13,59.84
1185,control,desktop,0,259.32,135.87
44,control,desktop,0,176.69,18.2
10234,control,mobile,0,188.43,31.03
11568,control,mobile,0,273.29,147.13
7784,treatment,desktop,0,212.85,73.09
14022,control,mobile,0,266.27,43.36
9835,control,mobile,0,252.18,87.38
11665,control,mobile,0,224.18,69.44
15709,treatment,mobile,0,236.95,48.25
118,control,desktop,0,225.45,53.19
2211,treatment,desktop,0,201.9,55.88
15458,treatment,mobile,0,225.2,57.0
2653,treatment,desktop,1,229.66,34.54
16012,treatment,mobile,0,268.47,50.86
6502,treatment,desktop,0,172.61,106.17
13792,control,mobile,1,198.57,95.67
6982,treatment,desktop,0,235.25,75.23
16013,treatment,mobile,0,189.34,38.85
15143,treatment,mobile,0,218.17,58.58
16974,treatment,mobile,0,245.4,42.52
9951,control,mobile,0,140.9,67.23
3464,treatment,desktop,0,214.43,61.71
1987,treatment,desktop,0,246.48,40.65
13977,control,mobile,0,193.35,111.74
13775,control,mobile,0,182.98,59.26
4992,treatment,desktop,0,205.96,32.94
3852,treatment,desktop,0,247.56,62.42
1528,treatment,desktop,0,215.64,49.43
19829,treatment,tablet,1,230.15,83.52
6264,treatment,desktop,0,248.37,34.78
14718,control,mobile,0,176.33,77.98
9786,control,mobile,0,160.44,121.43
534,control,desktop,0,240.12,37.67
3372,treatment,desktop,0,246.9,95.68
1796,treatment,desktop,0,198.52,34.29
13394,control,mobile,0,183.22,39.96
19549,treatment,tablet,0,217.53,82.77
6418,treatment,desktop,0,272.86,40.66
5313,treatment,desktop,0,227.21,87.86
18476,control,tablet,0,276.8,53.9
19675,treatment,tablet,0,196.12,44.97
16698,treatment,mobile,0,190.96,52.46
511,control,desktop,1,210.23,21.34
13176,control,mobile,0,273.09,17.41
10801,control,mobile,0,196.98,75.26
18985,control,tablet,1,215.09,32.33
643,control,desktop,0,222.95,25.91
13198,control,mobile,0,239.21,64.78
16230,treatment,mobile,0,156.37,42.36
13627,control,mobile,0,231.72,76.89
12129,control,mobile,1,215.04,75.31
16021,treatment,mobile,0,207.07,28.62
9949,control,mobile,0,215.66,37.28
15167,treatment,mobile,0,211.51,68.85
18908,control,tablet,0,221.77,52.75
6949,treatment,desktop,0,217.8,36.46
11069,control,mobile,0,181.1,44.48
15485,treatment,mobile,0,250.41,81.51
3575,treatment,desktop,0,207.73,81.94
9358,control,mobile,0,255.72,27.09
15743,treatment,mobile,0,209.18,102.97
14881,control,mobile,0,247.64,49.45
3073,treatment,desktop,0,217.06,39.51
15221,treatment,mobile,0,218.8,38.86
666,control,desktop,0,230.8,33.42
12559,control,mobile,0,218.58,97.28
7060,treatment,desktop,0,253.03,29.71
2683,treatment,desktop,0,228.83,36.12
4526,treatment,desktop,0,258.88,82.21
3187,treatment,desktop,0,218.63,68.93
11178,control,mobile,0,162.2,33.3
11501,control,mobile,0,228.09,39.27
12826,control,mobile,0,211.79,40.19
19977,treatment,tablet,1,223.92,87.31
6852,treatment,desktop,1,182.63,29.63
14617,control,mobile,0,187.81,77.02
11533,control,mobile,0,243.05,57.94
16952,treatment,mobile,0,228.47,40.49
10813,control,mobile,0,250.81,82.49
2758,treatment,desktop,1,255.41,28.38
17771,control,tablet,0,253.11,20.27
7990,treatment,desktop,0,243.05,69.62
10817,control,mobile,0,240.43,23.34
19343,treatment,tablet,0,219.78,58.4
5659,treatment,desktop,0,244.94,60.28
3559,treatment,desktop,0,233.91,42.78
980,control,desktop,0,204.7,32.98
754,control,desktop,0,211.49,89.93
12154,control,mobile,0,247.7,80.95
14494,control,mobile,0,176.15,28.99
11938,control,mobile,0,177.37,24.94
3171,treatment,desktop,0,212.22,46.23
9581,control,mobile,0,295.47,31.6
7330,treatment,desktop,0,236.57,82.22
16559,treatment,mobile,0,225.24,75.03
17679,control,tablet,0,189.96,23.54
13138,control,mobile,0,232.03,49.0
6739,treatment,desktop,0,232.52,78.89
5946,treatment,desktop,0,208.27,25.93
6115,treatment,desktop,0,245.11,32.13
3690,treatment,desktop,0,204.02,34.71
9688,control,mobile,0,191.08,69.15
16163,treatment,mobile,0,227.6,30.07
15279,treatment,mobile,0,252.97,50.52
6202,treatment,desktop,0,224.07,57.62
18457,control,tablet,0,224.32,61.06
19772,treatment,tablet,0,251.74,106.17
5181,treatment,desktop,0,265.29,15.43
3093,treatment,desktop,0,208.37,56.77
11504,control,mobile,0,228.13,44.98
3116,treatment,desktop,0,231.77,55.83
16277,treatment,mobile,0,240.08,26.6
15481,treatment,mobile,0,254.55,68.27
11054,control,mobile,0,214.71,42.01
19904,treatment,tablet,0,198.03,29.45
16423,treatment,mobile,0,231.15,41.08
2393,treatment,desktop,1,167.94,59.13
322,control,desktop,0,196.49,131.84
6444,treatment,desktop,0,158.04,34.35
6081,treatment,desktop,1,204.8,66.74
18844,control,tablet,0,203.79,130.24
11022,control,mobile,0,162.63,126.39
1825,treatment,desktop,0,203.18,64.81
3444,treatment,desktop,0,274.86,27.61
15529,treatment,mobile,0,192.13,42.58
9510,control,mobile,0,238.49,56.72
13427,control,mobile,0,210.53,29.3
14542,control,mobile,0,200.1,38.91
810,control,desktop,0,218.06,57.55
11673,control,mobile,0,255.66,36.62
6406,treatment,desktop,1,197.77,38.8
18060,control,tablet,1,199.18,15.86
8436,control,mobile,0,234.95,42.02
12512,control,mobile,0,247.03,37.23
4666,treatment,desktop,0,178.19,42.81
17240,treatment,mobile,0,213.01,82.95
14333,control,mobile,0,262.25,41.03
11550,control,mobile,0,206.21,30.13
4379,treatment,desktop,0,207.95,38.79
12159,control,mobile,0,211.58,36.61
16115,treatment,mobile,0,231.46,25.7
789,control,desktop,1,209.67,21.36
6875,treatment,desktop,0,222.28,191.5
14016,control,mobile,0,224.26,35.32
11697,control,mobile,0,208.37,21.93
18734,control,tablet,0,213.62,101.38
5298,treatment,desktop,0,211.29,164.29
10489,control,mobile,1,208.09,27.18
17500,treatment,mobile,0,169.83,68.85
18289,control,tablet,0,248.21,65.43
16364,treatment,mobile,0,189.79,104.31
3659,treatment,desktop,0,263.6,75.04
4367,treatment,desktop,0,170.89,42.86
8963,control,mobile,0,193.17,73.9
920,control,desktop,0,174.39,64.94
1540,treatment,desktop,0,219.93,80.99
13692,control,mobile,0,207.16,33.67
13085,control,mobile,0,219.69,135.53
14331,control,mobile,0,234.57,75.09
2840,treatment,desktop,0,241.75,37.78
9469,control,mobile,0,186.99,45.06
1292,treatment,desktop,0,216.97,59.3
3972,treatment,desktop,0,235.31,108.47
2557,treatment,desktop,0,221.51,33.42
15510,treatment,mobile,0,268.84,65.12
13801,control,mobile,0,181.74,45.8
8573,control,mobile,0,218.16,75.35
11071,control,mobile,0,266.69,66.8
14038,control,mobile,0,194.84,28.59
3445,treatment,desktop,0,213.05,66.3
15033,control,mobile,0,210.4,73.59
7832,treatment,desktop,0,223.0,57.31
8707,control,mobile,0,261.13,61.56
10050,control,mobile,0,210.41,37.23
13134,control,mobile,0,266.11,54.61
19898,treatment,tablet,0,226.55,48.97
18029,control,tablet,0,186.48,45.36
8245,control,mobile,0,215.38,46.51
5466,treatment,desktop,0,274.5,37.41
4845,treatment,desktop,1,212.53,72.42
8708,control,mobile,0,181.69,28.46
4522,treatment,desktop,0,190.82,89.02
16937,treatment,mobile,0,201.6,41.97
18032,control,tablet,0,189.9,51.52
9981,control,mobile,0,224.26,45.48
4185,treatment,desktop,0,304.37,66.94
5477,treatment,desktop,0,216.18,38.9
12448,control,mobile,0,213.02,87.22
12228,control,mobile,0,160.37,27.89
12786,control,mobile,0,200.01,46.66
5512,treatment,desktop,1,252.55,40.77
9544,control,mobile,0,203.11,42.52
12556,control,mobile,0,200.33,49.71
17467,treatment,mobile,0,229.98,32.06
1764,treatment,desktop,0,239.43,28.35
18728,control,tablet,0,224.55,27.2
19629,treatment,tablet,0,196.64,50.77
3543,treatment,desktop,0,262.15,42.45
4011,treatment,desktop,0,207.13,108.81
18874,control,tablet,0,231.34,53.43
18592,control,tablet,0,182.68,37.89
19773,treatment,tablet,1,263.98,49.85
3075,treatment,desktop,0,242.86,35.83
11747,control,mobile,0,233.28,14.74
13163,control,mobile,0,214.14,42.19
11343,control,mobile,0,175.05,46.73
2842,treatment,desktop,0,223.78,42.15
11840,control,mobile,0,194.86,42.15
11777,control,mobile,0,203.9,44.13
18363,control,tablet,0,259.1,68.84
11978,control,mobile,0,226.59,74.58
14239,control,mobile,0,194.42,74.84
19294,treatment,tablet,0,227.5,29.17
6959,treatment,desktop,0,191.99,19.72
2319,treatment,desktop,0,213.47,51.4
13680,control,mobile,0,290.62,51.03
16913,treatment,mobile,0,210.71,38.01
12442,control,mobile,0,258.88,44.61
17231,treatment,mobile,0,207.46,55.91
8067,treatment,desktop,0,227.89,101.16
13102,control,mobile,0,209.92,30.56
5985,treatment,desktop,0,198.0,62.06
15495,treatment,mobile,0,246.17,65.78
17812,control,tablet,0,242.24,70.82
8213,control,mobile,0,175.17,19.9
6274,treatment,desktop,0,226.98,88.03
18855,control,tablet,0,198.4,108.47
18926,control,tablet,0,283.14,22.04
16552,treatment,mobile,0,209.21,59.08
7774,treatment,desktop,1,231.23,30.95
1833,treatment,desktop,0,187.95,53.22
9687,control,mobile,0,169.7,43.38
14593,control,mobile,0,205.53,30.17
10997,control,mobile,0,241.41,36.52
14111,control,mobile,1,228.31,38.22
1169,control,desktop,1,227.18,36.66
17650,control,tablet,0,251.65,65.9
6885,treatment,desktop,0,227.76,100.77
898,control,desktop,0,255.59,96.84
9378,control,mobile,0,277.6,40.8
1458,treatment,desktop,0,195.38,22.63
15304,treatment,mobile,0,241.18,31.41
1622,treatment,desktop,0,264.18,18.66
10016,control,mobile,0,221.0,43.65
1785,treatment,desktop,0,264.58,153.89
12249,control,mobile,0,259.21,46.56
11787,control,mobile,0,211.7,29.12
3286,treatment,desktop,0,159.89,28.7
7895,treatment,desktop,0,292.71,17.75
953,control,desktop,0,179.88,42.32
2958,treatment,desktop,0,197.07,53.31
14077,control,mobile,0,270.06,64.97
7034,treatment,desktop,0,177.57,65.55
7332,treatment,desktop,0,187.46,32.56
13960,control,mobile,0,175.86,36.16
1559,treatment,desktop,0,193.99,21.26
2281,treatment,desktop,1,228.53,91.44
8012,treatment,desktop,0,215.72,37.81
10469,control,mobile,0,206.68,60.34
10834,control,mobile,0,239.23,99.93
5642,treatment,desktop,0,181.09,61.0
18072,control,tablet,0,263.57,43.83
16736,treatment,mobile,0,225.11,50.77
8118,treatment,desktop,0,222.17,54.48
9630,control,mobile,0,233.13,39.79
10401,control,mobile,0,215.01,36.55
1992,treatment,desktop,0,222.16,100.01
17083,treatment,mobile,0,244.14,41.24
12752,control,mobile,0,185.72,58.85
10402,control,mobile,1,270.61,24.27
6643,treatment,desktop,0,227.0,17.06
10083,control,mobile,0,237.4,62.03
10773,control,mobile,0,225.45,37.17
3700,treatment,desktop,0,181.02,139.33
11579,control,mobile,0,171.04,31.74
11230,control,mobile,0,181.71,58.28
15914,treatment,mobile,0,240.0,92.39
19599,treatment,tablet,0,230.31,37.34
19500,treatment,tablet,0,203.69,42.46
3341,treatment,desktop,0,198.43,42.56
5437,treatment,desktop,0,269.31,27.04
16487,treatment,mobile,0,210.81,79.57
14114,control,mobile,0,234.28,66.79
2719,treatment,desktop,1,231.4,27.16
10439,control,mobile,0,192.45,68.41
12204,control,mobile,0,209.35,26.81
6388,treatment,desktop,0,249.6,75.26
5496,treatment,desktop,0,182.94,29.46
9857,control,mobile,0,200.7,78.18
19357,treatment,tablet,0,255.88,113.98
7213,treatment,desktop,0,199.0,98.75
3454,treatment,desktop,0,275.11,42.84
3808,treatment,desktop,0,260.18,70.23
3446,treatment,desktop,0,223.49,23.2
10062,control,mobile,1,210.87,156.89
16650,treatment,mobile,0,243.43,27.6
5817,treatment,desktop,0,254.29,39.55
15659,treatment,mobile,0,198.68,70.62
18447,control,tablet,0,198.96,27.25
15479,treatment,mobile,0,215.47,33.3
3844,treatment,desktop,0,287.92,52.17
5746,treatment,desktop,1,193.63,36.97
11540,control,mobile,0,240.07,59.57
5253,treatment,desktop,0,252.35,33.24
5615,treatment,desktop,0,245.82,49.15
4913,treatment,desktop,0,211.84,39.09
16843,treatment,mobile,0,209.65,35.79
5868,treatment,desktop,0,252.39,52.77
14619,control,mobile,0,208.35,68.28
1966,treatment,desktop,0,232.36,187.23
862,control,desktop,0,242.14,74.25
8606,control,mobile,0,202.81,95.85
19891,treatment,tablet,0,181.1,40.83
18589,control,tablet,0,258.14,46.58
398,control,desktop,0,204.12,22.54
3893,treatment,desktop,0,209.6,71.17
18145,control,tablet,0,184.4,39.46
6337,treatment,desktop,0,214.34,24.11
4473,treatment,desktop,0,229.33,29.49
9009,control,mobile,0,236.96,57.35
9166,control,mobile,0,252.67,20.93
14018,control,mobile,0,243.14,69.14
19601,treatment,tablet,0,234.47,91.31
16096,treatment,mobile,0,234.13,92.6
14151,control,mobile,0,176.67,30.58
4941,treatment,desktop,1,204.64,35.41
5643,treatment,desktop,1,213.81,84.94
3283,treatment,desktop,0,261.85,33.97
14036,control,mobile,0,172.4,35.9
17585,control,tablet,0,196.94,69.61
13649,control,mobile,0,241.39,65.91
4263,treatment,desktop,1,246.2,34.59
9887,control,mobile,0,244.38,66.26
5017,treatment,desktop,0,249.49,94.58
2095,treatment,desktop,0,230.53,49.95
5504,treatment,desktop,0,266.24,90.14
15942,treatment,mobile,0,221.74,58.74
4960,treatment,desktop,0,245.09,67.63
8385,control,mobile,0,203.72,42.71
15972,treatment,mobile,0,230.85,71.84
4604,treatment,desktop,0,198.16,73.28
5697,treatment,desktop,0,237.08,28.55
9720,control,mobile,0,199.14,35.45
12641,control,mobile,0,274.87,46.31
83,control,desktop,0,269.82,115.42
16677,treatment,mobile,0,223.17,49.63
19784,treatment,tablet,0,154.97,45.68
2616,treatment,desktop,1,176.44,30.9
2859,treatment,desktop,0,224.1,36.15
14634,control,mobile,0,204.43,37.0
1911,treatment,desktop,0,255.28,121.44
9465,control,mobile,1,184.08,78.53
17789,control,tablet,0,246.58,164.83
15434,treatment,mobile,0,185.34,59.08
10092,control,mobile,0,169.0,38.6
2526,treatment,desktop,0,205.49,75.51
7456,treatment,desktop,0,169.94,49.41
17904,control,tablet,0,208.79,39.06
8528,control,mobile,0,193.83,24.75
17874,control,tablet,0,211.27,42.54
12550,control,mobile,0,177.37,102.49
3664,treatment,desktop,0,197.72,48.14
3405,treatment,desktop,0,201.94,18.0
7018,treatment,desktop,0,199.25,25.45
4125,treatment,desktop,0,247.57,41.44
6141,treatment,desktop,0,188.14,23.68
2977,treatment,desktop,0,223.65,88.0
3688,treatment,desktop,0,230.41,35.96
748,control,desktop,0,169.1,112.8
14991,control,mobile,0,281.24,95.67
13911,control,mobile,0,200.7,64.73
3052,treatment,desktop,0,281.06,38.15
11114,control,mobile,0,226.52,163.54
2273,treatment,desktop,1,230.99,44.21
9780,control,mobile,0,176.66,39.88
13840,control,mobile,0,247.97,26.71
19373,treatment,tablet,0,174.52,73.25
4922,treatment,desktop,1,185.92,46.0
801,control,desktop,0,256.99,66.28
13592,control,mobile,0,217.06,69.5
11602,control,mobile,0,239.32,53.99
6413,treatment,desktop,0,166.92,85.84
17911,control,tablet,0,184.12,48.57
1757,treatment,desktop,0,173.3,68.11
19125,treatment,tablet,0,248.75,18.17
8237,control,mobile,0,223.69,116.9
2817,treatment,desktop,0,202.45,78.69
10624,control,mobile,0,220.94,64.41
4119,treatment,desktop,1,201.48,48.56
15751,treatment,mobile,0,243.36,30.81
18248,control,tablet,0,231.37,125.22
4333,treatment,desktop,0,215.74,198.25
14108,control,mobile,0,220.76,53.92
3471,treatment,desktop,0,235.08,66.52
15873,treatment,mobile,0,184.7,26.24
4533,treatment,desktop,0,239.08,49.27
12387,control,mobile,1,218.13,92.73
14311,control,mobile,0,233.52,35.52
3079,treatment,desktop,1,144.34,61.63
9350,control,mobile,0,207.73,50.44
18931,control,tablet,0,222.51,95.1
14789,control,mobile,0,207.76,26.85
3719,treatment,desktop,0,221.76,50.62
14308,control,mobile,0,270.99,24.08
3317,treatment,desktop,0,180.39,49.14
9402,control,mobile,0,219.39,17.61
16100,treatment,mobile,0,238.72,80.5
2927,treatment,desktop,0,249.47,147.83
7913,treatment,desktop,0,205.43,97.65
2716,treatment,desktop,0,183.65,51.24
2502,treatment,desktop,0,180.89,31.55
16877,treatment,mobile,0,295.12,48.9
12171,control,mobile,0,247.81,77.91
6776,treatment,desktop,0,252.37,26.91
17039,treatment,mobile,0,230.65,80.07
573,control,desktop,1,172.61,28.29
18437,control,tablet,0,227.54,24.03
10190,control,mobile,0,250.51,30.18
11019,control,mobile,0,257.16,32.75
8604,control,mobile,0,234.84,45.08
17656,control,tablet,0,261.06,49.62
12835,control,mobile,0,203.91,248.63
9457,control,mobile,0,276.99,62.48
9263,control,mobile,0,256.41,59.96
18799,control,tablet,0,203.19,39.17
15470,treatment,mobile,0,231.92,38.12
10603,control,mobile,0,179.54,75.27
846,control,desktop,0,233.51,31.05
10981,control,mobile,0,188.47,50.18
13936,control,mobile,0,222.58,51.58
1024,control,desktop,0,240.07,43.81
9628,control,mobile,0,191.51,35.99
3588,treatment,desktop,0,200.81,78.12
19729,treatment,tablet,0,225.05,25.0
7734,treatment,desktop,0,211.91,47.78
9149,control,mobile,0,198.42,59.48
11180,control,mobile,0,205.88,74.07
16106,treatment,mobile,0,223.95,84.21
5367,treatment,desktop,1,287.02,42.0
3729,treatment,desktop,0,212.65,58.21
17711,control,tablet,0,259.23,29.76
6167,treatment,desktop,0,184.8,34.46
14569,control,mobile,0,196.77,35.75
9549,control,mobile,1,193.06,58.59
5968,treatment,desktop,0,251.31,66.93
10505,control,mobile,0,195.19,40.27
154,control,desktop,0,218.27,62.49
7460,treatment,desktop,0,197.03,46.78
13444,control,mobile,0,228.13,70.22
11587,control,mobile,0,238.97,58.18
5134,treatment,desktop,0,238.33,26.02
5001,treatment,desktop,0,228.29,54.66
9985,control,mobile,0,165.91,41.99
11572,control,mobile,0,257.81,49.7
7968,treatment,desktop,0,204.71,152.16
15851,treatment,mobile,0,205.49,50.93
16744,treatment,mobile,0,229.78,42.29
6714,treatment,desktop,1,251.84,37.81
16860,treatment,mobile,0,223.01,90.49
1218,treatment,desktop,1,171.68,39.47
12970,control,mobile,0,254.93,76.17
132,control,desktop,0,209.54,17.95
1596,treatment,desktop,0,265.53,32.79
6221,treatment,desktop,0,283.5,51.38
4237,treatment,desktop,0,150.64,76.74
13191,control,mobile,0,208.76,99.71
8121,treatment,desktop,0,191.64,87.78
11183,control,mobile,0,244.11,44.64
4102,treatment,desktop,0,214.49,54.66
4211,treatment,desktop,0,229.29,44.0
9830,control,mobile,0,211.69,79.94
11919,control,mobile,0,174.36,47.67
18446,control,tablet,0,284.47,44.04
10820,control,mobile,0,226.77,54.08
19706,treatment,tablet,0,186.27,47.93
3215,treatment,desktop,0,212.44,27.58
5546,treatment,desktop,0,169.42,39.13
7551,treatment,desktop,1,235.89,111.77
4622,treatment,desktop,0,199.66,43.44
4950,treatment,desktop,0,204.16,99.9
11228,control,mobile,0,209.13,54.25
3680,treatment,desktop,0,178.25,49.91
13497,control,mobile,0,244.16,38.4
5511,treatment,desktop,0,216.83,24.53
12517,control,mobile,0,240.12,104.17
15228,treatment,mobile,0,237.28,71.89
7609,treatment,desktop,0,242.07,73.09
10119,control,mobile,0,247.13,177.32
15656,treatment,mobile,0,254.7,32.36
6097,treatment,desktop,1,228.48,66.99
12449,control,mobile,0,235.93,40.99
15617,treatment,mobile,0,182.09,38.2
16336,treatment,mobile,0,225.26,41.65
6660,treatment,desktop,0,263.63,24.74
17124,treatment,mobile,0,204.04,34.27
1999,treatment,desktop,1,252.76,37.07
6732,treatment,desktop,0,247.57,80.18
2253,treatment,desktop,0,209.84,42.95
12338,control,mobile,0,204.91,99.04
3947,treatment,desktop,0,224.73,83.28
3189,treatment,desktop,0,211.85,22.38
13553,control,mobile,0,214.44,66.96
8411,control,mobile,0,202.7,30.0
9244,control,mobile,0,277.59,88.13
13652,control,mobile,0,196.44,30.62
4214,treatment,desktop,0,259.07,26.98
14306,control,mobile,0,211.3,66.58
19712,treatment,tablet,0,212.02,45.02
12223,control,mobile,0,219.77,37.65
5255,treatment,desktop,0,206.27,49.69
8711,control,mobile,0,254.04,50.86
3807,treatment,desktop,0,219.99,38.83
13465,control,mobile,0,252.32,54.53
4632,treatment,desktop,0,218.66,25.2
2585,treatment,desktop,1,247.17,59.07
6676,treatment,desktop,1,254.93,35.37
7208,treatment,desktop,0,215.35,38.09
17587,control,tablet,0,205.67,70.28
13813,control,mobile,0,187.47,51.04
2088,treatment,desktop,1,212.72,86.98
3307,treatment,desktop,0,250.76,25.94
4268,treatment,desktop,0,194.12,76.57
13875,control,mobile,0,243.16,34.55
12158,control,mobile,0,218.85,85.65
12879,control,mobile,0,217.86,42.45
14132,control,mobile,0,216.69,55.41
2697,treatment,desktop,0,188.98,31.81
17818,control,tablet,0,240.76,111.27
8201,control,mobile,0,276.55,22.37
7319,treatment,desktop,0,179.47,60.9
1311,treatment,desktop,0,224.45,37.65
8031,treatment,desktop,1,213.49,32.49
15750,treatment,mobile,0,210.15,33.49
17804,control,tablet,0,221.82,72.68
14985,control,mobile,0,255.13,37.03
1358,treatment,desktop,0,191.47,22.54
16578,treatment,mobile,0,243.34,44.14
12262,control,mobile,0,190.77,33.4
10237,control,mobile,0,167.85,58.49
2197,treatment,desktop,0,230.91,40.23
768,control,desktop,0,237.81,20.61
18610,control,tablet,0,219.88,33.09
336,control,desktop,0,235.06,58.87
12162,control,mobile,0,250.98,101.95
2138,treatment,desktop,0,226.19,39.35
3296,treatment,desktop,0,224.31,27.2
7143,treatment,desktop,0,236.61,22.89
1275,treatment,desktop,1,231.45,89.0
13583,control,mobile,0,172.97,74.75
9090,control,mobile,0,265.6,61.27
16253,treatment,mobile,0,210.2,55.01
2992,treatment,desktop,0,191.73,24.3
17954,control,tablet,0,277.66,108.27
18074,control,tablet,0,239.17,36.44
5572,treatment,desktop,0,202.46,29.24
9845,control,mobile,0,211.83,56.41
7282,treatment,desktop,0,217.28,39.46
4585,treatment,desktop,0,201.13,22.97
14353,control,mobile,0,225.94,52.42
3409,treatment,desktop,1,265.13,46.74
7180,treatment,desktop,0,263.55,84.56
15717,treatment,mobile,0,209.45,24.6
9729,control,mobile,0,216.26,55.68
8719,control,mobile,0,229.24,91.16
8897,control,mobile,0,211.22,58.5
2161,treatment,desktop,0,228.02,26.61
5090,treatment,desktop,0,212.91,52.73
19835,treatment,tablet,0,285.05,43.91
18232,control,tablet,0,237.96,63.45
6549,treatment,desktop,0,284.15,73.22
7068,treatment,desktop,0,190.61,159.24
10405,control,mobile,1,159.17,109.56
11203,control,mobile,0,228.84,43.11
3851,treatment,desktop,0,165.12,41.21
718,control,desktop,1,233.24,63.31
2077,treatment,desktop,1,223.65,38.57
18840,control,tablet,0,230.33,91.15
8429,control,mobile,0,206.91,56.08
11121,control,mobile,0,236.21,27.0
11115,control,mobile,0,241.76,62.46
19824,treatment,tablet,0,237.79,46.04
8304,control,mobile,0,214.69,49.07
11733,control,mobile,0,239.35,15.6
1668,treatment,desktop,0,227.13,88.89
14083,control,mobile,0,226.52,62.53
4908,treatment,desktop,1,242.22,52.28
5772,treatment,desktop,0,262.0,40.33
14247,control,mobile,0,272.11,37.77
2103,treatment,desktop,0,225.32,26.57
11620,control,mobile,0,209.88,131.07
2841,treatment,desktop,0,193.85,44.09
1350,treatment,desktop,0,217.1,85.14
17718,control,tablet,0,210.82,67.73
7423,treatment,desktop,0,199.05,42.12
6908,treatment,desktop,0,204.43,31.96
2027,treatment,desktop,0,266.38,46.26
18513,control,tablet,0,227.01,67.21
18991,control,tablet,0,228.71,51.08
17445,treatment,mobile,0,161.07,53.75
3086,treatment,desktop,0,205.18,84.31
18972,control,tablet,0,188.59,39.28
16023,treatment,mobile,0,290.71,112.07
4589,treatment,desktop,0,195.23,19.62
17415,treatment,mobile,0,281.27,48.79
13003,control,mobile,0,242.58,97.92
15603,treatment,mobile,0,221.86,34.8
4355,treatment,desktop,0,251.68,20.41
1616,treatment,desktop,0,148.6,79.87
737,control,desktop,0,236.06,60.1
7296,treatment,desktop,0,221.32,89.83
803,control,desktop,0,194.81,43.79
10476,control,mobile,0,237.29,58.05
1163,control,desktop,0,204.56,57.93
8523,control,mobile,0,215.26,59.5
973,control,desktop,0,198.83,166.98
2555,treatment,desktop,0,223.36,87.18
15146,treatment,mobile,0,233.72,55.34
3417,treatment,desktop,0,256.97,113.4
10228,control,mobile,0,202.33,5826.9
7926,treatment,desktop,0,216.79,32.08
14184,control,mobile,0,242.01,59.66
14498,control,mobile,0,248.4,48.13
11159,control,mobile,1,221.04,45.73
17226,treatment,mobile,0,206.93,48.7
9733,control,mobile,0,221.28,38.0
11061,control,mobile,1,221.6,43.58
7669,treatment,desktop,0,231.21,38.73
1577,treatment,desktop,1,233.62,100.19
10039,control,mobile,0,269.62,52.97
2263,treatment,desktop,0,227.93,61.71
1472,treatment,desktop,0,241.51,53.49
3601,treatment,desktop,1,191.21,69.94
10892,control,mobile,0,216.76,93.49
17383,treatment,mobile,0,193.48,30.92
13013,control,mobile,0,243.94,32.42
17482,treatment,mobile,0,200.68,56.04
8674,control,mobile,0,169.85,62.13
11199,control,mobile,0,233.59,40.86
12281,control,mobile,0,163.66,89.73
2115,treatment,desktop,0,221.85,31.95
16903,treatment,mobile,0,212.87,30.31
4240,treatment,desktop,0,182.1,29.44
4249,treatment,desktop,0,238.1,17.57
8157,treatment,desktop,0,140.12,90.25
4870,treatment,desktop,0,204.03,24.37
9321,control,mobile,0,218.92,62.24
1260,treatment,desktop,0,196.85,48.77
14304,control,mobile,0,218.73,44.08
14637,control,mobile,1,181.71,40.99
12012,control,mobile,0,173.26,8.55
5775,treatment,desktop,0,230.13,32.5
2324,treatment,desktop,0,197.12,109.94
1214,treatment,desktop,0,213.96,37.38
2348,treatment,desktop,0,176.25,31.4
2997,treatment,desktop,0,235.27,62.91
17088,treatment,mobile,0,232.63,54.0
13224,control,mobile,0,234.98,78.4
1044,control,desktop,0,210.68,109.19
17405,treatment,mobile,0,268.34,23.05
9934,control,mobile,0,281.6,43.76
1421,treatment,desktop,1,225.89,48.65
17013,treatment,mobile,0,245.48,34.98
5399,treatment,desktop,0,221.44,31.85
6088,treatment,desktop,0,216.88,44.09
3156,treatment,desktop,0,274.46,39.55
15088,control,mobile,0,188.07,52.6
10370,control,mobile,0,166.18,43.65
11512,control,mobile,0,248.92,37.63
17802,control,tablet,0,266.03,47.07
18244,control,tablet,0,201.15,42.69
16871,treatment,mobile,0,177.21,56.26
7592,treatment,desktop,0,248.89,54.42
4518,treatment,desktop,0,209.81,26.38
14002,control,mobile,0,224.68,32.03
16007,treatment,mobile,0,189.04,27.51
10993,control,mobile,0,200.53,58.89
1232,treatment,desktop,0,237.4,37.96
18870,control,tablet,0,226.38,85.92
6066,treatment,desktop,0,207.1,36.17
960,control,desktop,0,234.02,75.02
8482,control,mobile,0,285.09,24.84
7520,treatment,desktop,0,286.24,32.0
10888,control,mobile,0,199.69,35.9
11699,control,mobile,0,192.13,46.95
17350,treatment,mobile,0,199.34,55.61
14658,control,mobile,0,218.1,84.23
8734,control,mobile,0,250.82,73.31
2860,treatment,desktop,0,251.1,37.85
13896,control,mobile,0,216.73,42.63
18409,control,tablet,0,217.32,68.68
16805,treatment,mobile,0,230.37,25.36
15255,treatment,mobile,0,236.66,61.44
11260,control,mobile,0,208.19,32.72
3554,treatment,desktop,0,182.85,18.66
14732,control,mobile,0,200.12,51.02
19504,treatment,tablet,0,256.75,50.13
4996,treatment,desktop,0,195.33,53.0
6252,treatment,desktop,0,218.78,69.53
889,control,desktop,0,223.34,39.62
11234,control,mobile,0,215.71,54.66
2298,treatment,desktop,0,269.48,71.13
3558,treatment,desktop,0,202.14,85.05
4171,treatment,desktop,0,217.65,41.07
11489,control,mobile,0,226.22,43.71
14385,control,mobile,0,260.05,54.04
12670,control,mobile,0,250.59,48.54
18798,control,tablet,0,245.36,23.74
16134,treatment,mobile,0,189.13,112.63
6198,treatment,desktop,0,170.99,37.58
9415,control,mobile,0,177.04,42.56
6636,treatment,desktop,0,222.71,18.49
16407,treatment,mobile,0,237.88,32.76
10738,control,mobile,0,277.82,29.85
16262,treatment,mobile,0,179.83,92.98
16220,treatment,mobile,0,214.55,17.49
8552,control,mobile,0,223.7,67.59
4332,treatment,desktop,1,239.2,51.13
3579,treatment,desktop,0,277.23,65.33
15305,treatment,mobile,0,201.59,65.99
13063,control,mobile,0,257.43,40.27
10258,control,mobile,0,200.58,59.69
1834,treatment,desktop,0,195.1,57.41
18149,control,tablet,0,215.39,79.41
4954,treatment,desktop,1,195.61,29.58
14014,control,mobile,0,228.1,27.07
6437,treatment,desktop,0,203.08,45.39
16653,treatment,mobile,0,218.82,98.05
6434,treatment,desktop,0,171.21,56.68
16063,treatment,mobile,0,132.96,54.5
11383,control,mobile,0,212.42,33.12
14591,control,mobile,0,209.62,91.13
16380,treatment,mobile,0,250.08,58.75
6622,treatment,desktop,0,250.31,25.98
3717,treatment,desktop,0,230.3,31.46
3435,treatment,desktop,0,190.6,27.98
9481,control,mobile,0,244.75,16.53
14211,control,mobile,0,175.16,62.85
8636,control,mobile,1,213.04,50.64
11216,control,mobile,0,224.95,24.2
14805,control,mobile,0,214.84,130.51
7188,treatment,desktop,0,233.37,70.98
11780,control,mobile,0,206.21,43.19
8977,control,mobile,1,220.6,28.7
9500,control,mobile,0,206.65,40.0
958,control,desktop,0,246.92,40.45
18642,control,tablet,0,184.38,89.17
8493,control,mobile,0,257.17,28.64
6110,treatment,desktop,0,304.6,35.23
1267,treatment,desktop,0,200.83,40.86
19607,treatment,tablet,0,204.27,47.11
13849,control,mobile,0,210.01,62.27
5563,treatment,desktop,0,223.25,96.85
15467,treatment,mobile,0,153.9,51.31
13255,control,mobile,0,246.61,66.72
3320,treatment,desktop,0,233.04,54.12
1877,treatment,desktop,0,256.04,61.13
7686,treatment,desktop,0,278.44,32.86
19679,treatment,tablet,0,234.32,64.57
13076,control,mobile,0,182.12,29.65
15953,treatment,mobile,0,209.63,44.34
5362,treatment,desktop,0,208.09,32.57
9257,control,mobile,0,187.26,18.57
8525,control,mobile,0,195.6,74.65
19267,treatment,tablet,0,187.81,93.97
12118,control,mobile,0,236.36,36.73
17481,treatment,mobile,0,199.63,67.63
19514,treatment,tablet,0,238.2,18.84
19279,treatment,tablet,0,266.08,30.8
13707,control,mobile,0,260.06,57.6
10893,control,mobile,0,261.71,47.67
1146,control,desktop,0,226.48,26.73
4814,treatment,desktop,0,284.11,29.61
8393,control,mobile,0,200.58,30.48
181,control,desktop,0,211.85,51.63
15359,treatment,mobile,0,165.83,81.35
14196,control,mobile,0,232.69,31.23
10169,control,mobile,0,177.41,70.33
8145,treatment,desktop,0,286.91,101.87
7498,treatment,desktop,0,176.04,31.99
8090,treatment,desktop,0,304.59,40.78
18917,control,tablet,1,208.94,35.19
6133,treatment,desktop,0,153.47,19.04
5154,treatment,desktop,0,178.45,48.75
19319,treatment,tablet,0,239.8,74.65
16265,treatment,mobile,0,223.36,38.06
11982,control,mobile,0,258.13,61.0
17592,control,tablet,0,294.47,78.29
2078,treatment,desktop,0,200.35,59.11
12245,control,mobile,0,231.07,107.77
16271,treatment,mobile,0,219.27,58.04
4768,treatment,desktop,0,208.46,41.98
17533,control,tablet,0,258.96,39.99
10009,control,mobile,0,242.02,53.58
14968,control,mobile,0,172.51,107.3
1533,treatment,desktop,0,195.42,50.09
18735,control,tablet,0,220.61,108.63
8459,control,mobile,0,224.28,31.82
15511,treatment,mobile,0,182.41,19.33
10326,control,mobile,0,330.44,33.54
9834,control,mobile,0,207.58,64.14
11660,control,mobile,0,258.19,136.59
19890,treatment,tablet,0,230.99,47.51
7601,treatment,desktop,0,232.21,49.19
11345,control,mobile,0,251.99,77.22
8575,control,mobile,0,180.39,26.87
15777,treatment,mobile,0,260.12,34.74
8480,control,mobile,0,193.3,70.37
6124,treatment,desktop,1,238.65,94.17
13600,control,mobile,0,232.65,94.26
10594,control,mobile,0,232.45,58.52
9672,control,mobile,0,222.1,30.8
5378,treatment,desktop,0,215.48,50.39
17233,treatment,mobile,0,201.49,56.94
14055,control,mobile,0,200.89,51.0
19418,treatment,tablet,0,280.31,169.4
8797,control,mobile,0,281.55,51.42
13203,control,mobile,0,210.89,36.22
3146,treatment,desktop,1,205.81,35.38
8522,control,mobile,0,262.15,92.55
7449,treatment,desktop,0,301.35,48.45
12658,control,mobile,0,238.4,55.55
7273,treatment,desktop,0,236.25,115.83
16538,treatment,mobile,0,226.16,71.16
19395,treatment,tablet,0,174.41,22.93
715,control,desktop,0,200.49,63.51
8303,control,mobile,0,174.29,90.15
11335,control,mobile,0,249.05,113.46
6179,treatment,desktop,0,275.64,201.54
6609,treatment,desktop,0,199.54,40.68
1578,treatment,desktop,0,172.96,39.41
15043,control,mobile,0,242.37,94.98
10759,control,mobile,0,267.65,48.7
14459,control,mobile,0,240.25,39.75
6626,treatment,desktop,0,276.37,40.85
7438,treatment,desktop,1,211.02,36.42
3319,treatment,desktop,0,209.32,43.99
16162,treatment,mobile,0,220.33,54.59
9351,control,mobile,0,226.1,54.16
12848,control,mobile,0,215.31,61.35
19939,treatment,tablet,0,177.92,56.77
16845,treatment,mobile,0,171.13,79.43
19489,treatment,tablet,1,253.18,75.79
4648,treatment,desktop,1,232.32,38.54
19353,treatment,tablet,0,145.85,92.1
7508,treatment,desktop,0,227.45,97.05
12291,control,mobile,0,192.31,56.4
5308,treatment,desktop,0,206.53,35.07
15506,treatment,mobile,0,182.21,41.61
17061,treatment,mobile,0,235.92,55.86
6649,treatment,desktop,0,245.69,41.2
1153,control,desktop,0,132.05,53.36
19664,treatment,tablet,0,242.76,31.8
6641,treatment,desktop,0,178.38,39.3
7811,treatment,desktop,0,193.65,58.79
969,control,desktop,0,207.76,55.6
11667,control,mobile,0,259.69,52.67
6429,treatment,desktop,0,233.89,27.57
7279,treatment,desktop,0,248.2,52.88
1345,treatment,desktop,0,234.26,62.1
5810,treatment,desktop,0,226.6,43.36
5163,treatment,desktop,0,185.34,75.62
11320,control,mobile,0,185.83,56.61
15098,control,mobile,0,242.03,35.81
7918,treatment,desktop,0,225.44,41.57
19429,treatment,tablet,0,237.53,36.87
7786,treatment,desktop,0,225.79,58.06
8801,control,mobile,0,185.31,135.57
11849,control,mobile,0,225.05,54.54
4733,treatment,desktop,0,202.91,61.05
14156,control,mobile,0,211.27,112.92
3996,treatment,desktop,0,241.56,39.25
8117,treatment,desktop,0,272.25,49.76
13070,control,mobile,0,191.9,37.82
12934,control,mobile,0,211.19,28.14
12035,control,mobile,0,198.62,92.38
11618,control,mobile,0,204.38,35.09
9493,control,mobile,0,224.84,26.39
2413,treatment,desktop,0,229.23,87.76
13383,control,mobile,0,207.75,50.31
10845,control,mobile,0,190.23,104.77
6054,treatment,desktop,0,230.64,80.85
19782,treatment,tablet,1,235.81,59.79
4921,treatment,desktop,0,233.83,4671.79
9579,control,mobile,0,286.85,25.02
8698,control,mobile,0,211.67,113.84
9313,control,mobile,0,178.22,93.18
14690,control,mobile,0,173.73,44.58
13164,control,mobile,0,234.81,63.85
17035,treatment,mobile,0,183.63,15.38
1599,treatment,desktop,0,213.48,88.56
3922,treatment,desktop,0,219.42,33.71
11307,control,mobile,0,246.97,44.13
7965,treatment,desktop,0,148.39,54.69
7711,treatment,desktop,0,240.44,43.13
11253,control,mobile,0,277.42,112.51
15805,treatment,mobile,0,218.21,60.69
1500,treatment,desktop,0,185.46,69.32
12859,control,mobile,0,268.08,35.17
10818,control,mobile,0,213.19,126.16
7956,treatment,desktop,0,195.91,43.14
6926,treatment,desktop,0,216.13,47.67
14263,control,mobile,0,241.53,39.64
10435,control,mobile,1,234.29,29.36
14032,control,mobile,0,225.76,60.86
11458,control,mobile,0,200.97,20.96
12947,control,mobile,0,204.58,55.33
12937,control,mobile,0,231.01,66.49
404,control,desktop,0,253.24,49.84
9807,control,mobile,0,208.59,51.28
10719,control,mobile,0,234.93,54.65
170,control,desktop,0,233.34,56.98
12005,control,mobile,0,190.53,21.2
11545,control,mobile,0,244.96,55.41
10878,control,mobile,0,162.2,46.52
6882,treatment,desktop,0,257.06,39.08
13211,control,mobile,0,237.74,32.3
16607,treatment,mobile,0,215.16,68.6
17357,treatment,mobile,0,260.92,32.18
2002,treatment,desktop,0,224.77,95.26
4250,treatment,desktop,0,264.98,37.58
16255,treatment,mobile,0,236.39,106.23
15664,treatment,mobile,0,219.4,24.11
11582,control,mobile,0,230.77,32.04
10166,control,mobile,0,230.0,68.51
15037,control,mobile,0,223.36,81.16
5052,treatment,desktop,0,235.58,41.5
13494,control,mobile,0,181.19,24.9
9296,control,mobile,0,249.76,59.25
14827,control,mobile,0,216.16,30.18
8317,control,mobile,0,207.95,47.82
8769,control,mobile,0,238.98,34.91
2537,treatment,desktop,0,198.16,50.35
17097,treatment,mobile,0,237.51,65.56
14104,control,mobile,0,209.71,58.21
4749,treatment,desktop,0,240.54,59.86
5390,treatment,desktop,0,172.03,45.71
9675,control,mobile,0,278.89,76.84
553,control,desktop,0,238.63,46.41
6810,treatment,desktop,0,213.4,30.16
6655,treatment,desktop,0,245.45,44.84
17563,control,tablet,0,235.64,151.1
11195,control,mobile,0,208.21,83.87
16420,treatment,mobile,0,248.04,55.2
10186,control,mobile,0,267.51,86.03
14703,control,mobile,0,237.25,49.07
2104,treatment,desktop,0,219.57,70.77
7348,treatment,desktop,0,209.25,70.7
9662,control,mobile,1,235.05,55.91
14626,control,mobile,0,214.27,61.55
15694,treatment,mobile,0,246.2,56.79
3971,treatment,desktop,0,203.02,45.4
19341,treatment,tablet,0,260.99,54.25
6323,treatment,desktop,1,218.56,38.64
3371,treatment,desktop,0,226.16,27.8
17314,treatment,mobile,0,174.86,56.69
12711,control,mobile,0,243.28,94.32
15847,treatment,mobile,0,195.74,45.42
6864,treatment,desktop,1,207.06,80.99
10889,control,mobile,0,269.29,39.51
4201,treatment,desktop,0,265.66,50.51
1071,control,desktop,0,214.29,78.59
7490,treatment,desktop,0,187.41,34.51
3591,treatment,desktop,0,205.69,40.4
7405,treatment,desktop,0,240.72,16.36
81,control,desktop,1,281.79,60.04
2587,treatment,desktop,0,227.64,42.19
14997,control,mobile,0,178.64,22.82
13227,control,mobile,0,222.79,71.07
11654,control,mobile,0,215.53,136.88
7044,treatment,desktop,1,212.14,46.96
4299,treatment,desktop,0,216.41,23.82
17355,treatment,mobile,0,251.38,105.46
17377,treatment,mobile,0,285.39,51.5
19459,treatment,tablet,0,204.46,41.31
14446,control,mobile,0,240.95,16.82
890,control,desktop,1,221.59,30.19
6028,treatment,desktop,0,172.04,70.68
581,control,desktop,0,262.34,14.75
4433,treatment,desktop,0,243.35,123.53
6889,treatment,desktop,0,264.03,43.71
3291,treatment,desktop,0,228.37,19.89
14987,control,mobile,0,195.98,140.47
10582,control,mobile,0,153.58,40.07
15878,treatment,mobile,0,217.36,90.5
2563,treatment,desktop,0,196.26,58.93
14133,control,mobile,0,190.98,38.36
14340,control,mobile,0,229.14,31.38
7049,treatment,desktop,0,239.79,23.22
3927,treatment,desktop,0,262.31,22.97
4809,treatment,desktop,1,240.71,65.11
9651,control,mobile,0,246.21,55.85
11656,control,mobile,0,183.85,114.44
880,control,desktop,0,206.33,44.19
18805,control,tablet,0,233.25,49.5
19997,treatment,tablet,0,249.19,106.69
11704,control,mobile,0,256.07,15.86
2635,treatment,desktop,1,286.9,29.39
13470,control,mobile,0,173.48,83.25
15301,treatment,mobile,0,223.14,104.99
10510,control,mobile,0,234.38,133.98
6347,treatment,desktop,1,194.58,36.85
14821,control,mobile,0,252.63,66.96
16914,treatment,mobile,0,232.87,53.4
19726,treatment,tablet,0,250.52,31.64
6122,treatment,desktop,0,214.85,79.95
3297,treatment,desktop,0,189.27,46.88
5209,treatment,desktop,0,243.52,36.91
10348,control,mobile,0,250.39,55.6
19865,treatment,tablet,0,229.99,54.84
1581,treatment,desktop,0,235.58,53.8
13505,control,mobile,0,159.66,46.51
13620,control,mobile,0,269.5,29.09
6334,treatment,desktop,0,240.62,47.9
13650,control,mobile,0,222.19,50.68
9461,control,mobile,0,162.99,32.69
3682,treatment,desktop,0,261.22,23.05
989,control,desktop,0,182.52,61.76
14089,control,mobile,0,213.43,47.17
19252,treatment,tablet,0,260.1,24.94
227,control,desktop,0,279.97,20.49
10030,control,mobile,0,229.29,62.48
2018,treatment,desktop,0,272.15,58.25
7904,treatment,desktop,0,251.37,20.47
3704,treatment,desktop,1,207.95,34.91
12640,control,mobile,0,250.65,65.88
3998,treatment,desktop,0,278.97,99.1
8756,control,mobile,0,186.32,46.78
7776,treatment,desktop,0,189.07,60.81
19258,treatment,tablet,0,274.87,57.42
17649,control,tablet,0,224.98,54.45
5201,treatment,desktop,1,260.85,35.82
14060,control,mobile,0,213.43,22.42
5069,treatment,desktop,0,196.19,50.1
6842,treatment,desktop,0,209.69,23.86
18423,control,tablet,0,236.59,27.4
4454,treatment,desktop,0,175.02,55.51
19662,treatment,tablet,0,223.13,105.54
4168,treatment,desktop,0,260.57,49.93
14153,control,mobile,0,240.47,113.24
11005,control,mobile,0,244.4,39.54
9566,control,mobile,0,205.85,76.89
17379,treatment,mobile,0,196.76,73.99
14976,control,mobile,1,273.26,51.96
17857,control,tablet,0,145.71,109.32
14431,control,mobile,0,213.43,22.38
8018,treatment,desktop,0,185.51,111.22
4805,treatment,desktop,0,242.23,50.7
7890,treatment,desktop,0,235.64,73.19
13247,control,mobile,0,227.64,100.86
7480,treatment,desktop,0,224.3,63.4
19387,treatment,tablet,0,203.32,29.24
327,control,desktop,0,215.13,26.44
1202,treatment,desktop,0,252.47,44.83
19161,treatment,tablet,0,189.78,105.56
15070,control,mobile,0,206.66,60.7
1548,treatment,desktop,0,196.99,39.95
5229,treatment,desktop,0,245.09,27.12
19639,treatment,tablet,0,242.85,41.4
14868,control,mobile,0,220.94,26.26
10297,control,mobile,0,201.23,42.9
4855,treatment,desktop,0,211.07,24.26
16119,treatment,mobile,0,252.31,51.87
6857,treatment,desktop,1,174.96,49.94
3199,treatment,desktop,0,245.03,75.92
11371,control,mobile,0,202.52,39.7
2441,treatment,desktop,0,227.13,68.28
17269,treatment,mobile,0,201.38,79.96
8595,control,mobile,1,243.56,57.38
17989,control,tablet,0,196.6,47.62
3754,treatment,desktop,0,209.23,34.4
16706,treatment,mobile,0,204.86,61.86
9923,control,mobile,0,201.89,47.3
4955,treatment,desktop,0,219.55,103.43
19574,treatment,tablet,1,234.19,122.69
1495,treatment,desktop,0,142.64,42.08
18466,control,tablet,0,202.98,40.13
18661,control,tablet,1,176.92,22.85
18850,control,tablet,0,264.57,45.15
476,control,desktop,0,165.84,91.68
16786,treatment,mobile,0,206.5,74.43
19716,treatment,tablet,0,212.05,42.92
16322,treatment,mobile,0,206.3,111.08
8332,control,mobile,0,168.02,130.07
5380,treatment,desktop,0,195.89,88.82
5627,treatment,desktop,0,210.94,23.29
15171,treatment,mobile,0,199.0,72.94
8160,treatment,desktop,0,257.22,105.17
17572,control,tablet,0,197.62,46.45
19732,treatment,tablet,0,219.05,41.46
354,control,desktop,1,217.9,26.22
13551,control,mobile,0,142.83,35.96
18884,control,tablet,0,238.15,63.43
11860,control,mobile,0,205.33,69.77
17428,treatment,mobile,0,192.16,26.06
11075,control,mobile,0,223.08,61.05
13416,control,mobile,0,225.38,33.25
3536,treatment,desktop,0,179.84,79.71
11902,control,mobile,0,225.5,29.48
11124,control,mobile,0,178.58,54.06
16690,treatment,mobile,0,246.81,69.04
16311,treatment,mobile,0,184.02,72.93
10262,control,mobile,0,283.04,40.37
10042,control,mobile,0,260.55,34.66
9020,control,mobile,0,215.18,42.55
944,control,desktop,0,321.11,16.58
860,control,desktop,0,240.89,69.63
799,control,desktop,0,228.39,96.44
19801,treatment,tablet,0,201.74,47.03
6659,treatment,desktop,0,214.71,100.29
15405,treatment,mobile,0,251.04,69.71
7585,treatment,desktop,0,241.02,44.34
4852,treatment,desktop,1,234.24,59.76
199,control,desktop,0,245.39,50.29
16449,treatment,mobile,0,238.41,43.31
5354,treatment,desktop,0,230.13,88.02
7595,treatment,desktop,0,175.33,26.35
14406,control,mobile,0,199.81,63.23
14264,control,mobile,0,244.4,50.43
1637,treatment,desktop,0,249.83,49.57
14840,control,mobile,0,256.62,28.73
3134,treatment,desktop,0,219.56,44.23
19253,treatment,tablet,0,219.57,63.1
4225,treatment,desktop,0,206.11,43.55
6196,treatment,desktop,0,244.44,83.84
18945,control,tablet,0,250.69,54.75
8139,treatment,desktop,0,259.53,29.21
16704,treatment,mobile,0,197.4,40.29
14797,control,mobile,0,154.38,40.14
12757,control,mobile,0,225.87,33.22
8032,treatment,desktop,0,252.66,32.8
12142,control,mobile,0,216.0,61.95
6209,treatment,desktop,0,233.08,62.12
14749,control,mobile,0,244.56,32.11
2249,treatment,desktop,1,223.34,43.39
4209,treatment,desktop,0,204.63,42.85
3861,treatment,desktop,0,198.13,40.13
662,control,desktop,0,199.63,87.46
9919,control,mobile,0,235.05,73.22
6338,treatment,desktop,1,248.29,71.44
1033,control,desktop,1,216.44,72.9
1878,treatment,desktop,1,222.7,40.09
9277,control,mobile,0,229.3,88.79
4303,treatment,desktop,0,229.68,27.56
19795,treatment,tablet,0,292.16,32.8
17019,treatment,mobile,0,239.48,31.38
16582,treatment,mobile,0,209.36,72.2
12341,control,mobile,0,193.68,66.89
15856,treatment,mobile,0,231.24,27.7
2330,treatment,desktop,0,250.51,47.51
12760,control,mobile,0,197.7,46.3
7853,treatment,desktop,1,219.29,82.76
3737,treatment,desktop,0,213.73,37.72
2876,treatment,desktop,0,222.19,45.23
19936,treatment,tablet,0,220.54,78.79
6458,treatment,desktop,0,220.97,39.88
19922,treatment,tablet,0,292.58,156.42
7987,treatment,desktop,0,215.07,29.59
13187,control,mobile,0,248.55,30.98
16978,treatment,mobile,0,263.08,21.31
15696,treatment,mobile,0,230.85,64.32
11876,control,mobile,0,240.96,90.96
14765,control,mobile,0,214.11,42.73
4018,treatment,desktop,1,188.09,27.86
15287,treatment,mobile,0,199.41,43.84
6821,treatment,desktop,1,227.96,67.87
19109,treatment,tablet,0,155.95,59.86
14719,control,mobile,0,218.38,48.57
10217,control,mobile,0,146.37,16.49
1814,treatment,desktop,0,227.81,95.83
13501,control,mobile,0,228.72,115.42
16002,treatment,mobile,0,174.43,43.5
10907,control,mobile,0,225.71,33.4
12198,control,mobile,0,218.73,50.53
19870,treatment,tablet,1,185.0,44.2
15429,treatment,mobile,0,159.66,48.42
11735,control,mobile,0,199.22,92.44
5018,treatment,desktop,0,209.27,27.65
5956,treatment,desktop,0,209.58,46.71
1274,treatment,desktop,0,245.38,31.02
4726,treatment,desktop,0,232.89,34.7
1195,control,desktop,1,185.55,57.69
7269,treatment,desktop,0,194.91,53.49
6713,treatment,desktop,1,221.08,45.09
4036,treatment,desktop,0,189.23,41.35
11258,control,mobile,0,207.12,49.39
1395,treatment,desktop,0,222.14,16.64
5762,treatment,desktop,0,236.06,53.62
5843,treatment,desktop,0,224.92,71.34
14682,control,mobile,0,168.25,30.67
7265,treatment,desktop,0,256.94,54.53
15982,treatment,mobile,0,211.48,36.21
5063,treatment,desktop,0,177.81,61.3
730,control,desktop,1,208.34,22.86
10432,control,mobile,0,222.69,64.36
13564,control,mobile,0,283.33,59.09
19190,treatment,tablet,0,209.52,62.66
7090,treatment,desktop,0,201.8,30.3
6275,treatment,desktop,0,251.65,108.6
961,control,desktop,0,207.91,38.71
14299,control,mobile,0,157.96,21.55
17473,treatment,mobile,0,227.38,63.97
11299,control,mobile,0,178.97,31.2
13546,control,mobile,0,194.47,61.06
3141,treatment,desktop,0,248.8,43.27
1411,treatment,desktop,0,233.46,29.94
859,control,desktop,0,221.55,68.2
2568,treatment,desktop,1,201.0,132.6
4273,treatment,desktop,0,240.1,34.39
9740,control,mobile,0,265.95,15.35
14691,control,mobile,0,201.76,66.58
18177,control,tablet,0,198.69,60.58
2799,treatment,desktop,0,256.94,58.72
17647,control,tablet,0,190.88,35.67
18882,control,tablet,1,271.42,47.29
14136,control,mobile,0,200.13,37.59
1332,treatment,desktop,0,271.81,54.19
6512,treatment,desktop,0,243.34,34.58
10277,control,mobile,0,233.17,54.46
3805,treatment,desktop,0,204.68,16.59
10520,control,mobile,0,196.99,95.57
9940,control,mobile,0,259.05,60.43
8969,control,mobile,0,210.27,37.29
4572,treatment,desktop,0,210.64,44.91
426,control,desktop,0,262.23,23.84
9617,control,mobile,0,227.25,79.58
3632,treatment,desktop,1,246.27,59.84
8803,control,mobile,0,181.84,52.39
5786,treatment,desktop,0,230.12,49.79
6021,treatment,desktop,1,186.99,31.54
3076,treatment,desktop,0,240.21,22.63
18143,control,tablet,0,235.49,42.35
7031,treatment,desktop,0,228.06,76.71
10416,control,mobile,0,263.37,113.85
7930,treatment,desktop,0,270.26,40.72
2343,treatment,desktop,0,213.46,153.64
9071,control,mobile,0,261.68,59.61
16097,treatment,mobile,0,198.23,69.98
13956,control,mobile,0,251.44,34.9
8064,treatment,desktop,0,202.72,57.17
11907,control,mobile,0,251.0,41.47
19204,treatment,tablet,0,205.63,58.24
2274,treatment,desktop,0,191.55,30.51
8326,control,mobile,0,201.11,86.63
6430,treatment,desktop,0,212.96,27.84
19596,treatment,tablet,0,204.17,33.32
182,control,desktop,0,219.93,16.53
1490,treatment,desktop,0,212.41,62.7
16339,treatment,mobile,0,227.8,27.03
5300,treatment,desktop,0,215.54,116.02
15029,control,mobile,0,255.66,61.05
10425,control,mobile,0,268.77,73.05
11776,control,mobile,0,207.42,82.76
11675,control,mobile,0,142.44,71.78
18830,control,tablet,0,202.86,16.16
4536,treatment,desktop,0,215.09,31.17
18803,control,tablet,1,213.52,32.13
10407,control,mobile,0,163.61,35.14
18988,control,tablet,0,208.43,71.01
8610,control,mobile,0,226.31,41.65
6077,treatment,desktop,0,215.1,69.01
15507,treatment,mobile,0,175.25,51.41
7459,treatment,desktop,0,262.79,33.48
15173,treatment,mobile,0,244.17,54.13
19744,treatment,tablet,0,233.73,19.99
2160,treatment,desktop,0,182.37,31.19
2767,treatment,desktop,0,194.16,42.77
1582,treatment,desktop,1,212.76,80.68
244,control,desktop,1,257.48,29.33
9339,control,mobile,0,234.5,50.94
10523,control,mobile,0,173.18,78.18
18579,control,tablet,0,208.27,23.11
5614,treatment,desktop,0,236.53,29.66
16327,treatment,mobile,0,246.13,88.7
19315,treatment,tablet,0,206.3,82.65
179,control,desktop,0,238.47,54.33
7782,treatment,desktop,0,204.0,38.9
17545,control,tablet,0,216.88,26.61
13811,control,mobile,0,258.19,35.17
11790,control,mobile,0,181.19,50.12
12104,control,mobile,0,236.09,33.78
4492,treatment,desktop,0,227.97,53.35
18660,control,tablet,0,163.1,167.64
4730,treatment,desktop,0,189.75,47.52
13599,control,mobile,0,157.23,160.04
14135,control,mobile,0,231.74,45.94
15220,treatment,mobile,0,195.2,22.64
2069,treatment,desktop,0,228.47,40.21
822,control,desktop,0,206.38,61.84
1135,control,desktop,0,243.7,48.89
8923,control,mobile,0,215.52,108.71
2590,treatment,desktop,0,210.43,82.38
3731,treatment,desktop,0,263.76,58.2
7388,treatment,desktop,0,212.15,31.96
8996,control,mobile,0,200.41,91.77
18875,control,tablet,0,215.95,44.5
18366,control,tablet,0,213.91,64.25
15184,treatment,mobile,0,241.93,19.69
2073,treatment,desktop,0,208.03,56.33
18880,control,tablet,0,232.66,64.21
7540,treatment,desktop,0,212.7,118.15
2294,treatment,desktop,0,242.21,39.63
3867,treatment,desktop,1,201.09,19.14
3986,treatment,desktop,0,302.65,41.79
15796,treatment,mobile,0,197.04,57.62
4127,treatment,desktop,0,233.55,66.87
10144,control,mobile,0,228.15,24.32
4937,treatment,desktop,0,263.18,75.96
2063,treatment,desktop,1,252.2,67.96
13415,control,mobile,0,248.92,87.21
12910,control,mobile,0,199.85,61.64
17129,treatment,mobile,0,158.74,25.15
18691,control,tablet,0,250.46,87.61
1041,control,desktop,0,229.09,125.77
752,control,desktop,0,187.64,48.44
8600,control,mobile,0,232.16,91.63
11449,control,mobile,0,180.33,50.76
7179,treatment,desktop,0,274.36,87.05
13314,control,mobile,0,241.04,27.08
1321,treatment,desktop,0,243.53,69.23
9035,control,mobile,0,234.31,51.11
18887,control,tablet,0,225.47,37.88
15858,treatment,mobile,0,205.82,27.52
7565,treatment,desktop,0,205.84,62.16
6772,treatment,desktop,0,192.51,96.66
19876,treatment,tablet,0,212.31,44.84
2745,treatment,desktop,0,216.94,37.13
14738,control,mobile,0,177.6,33.09
19593,treatment,tablet,0,187.97,47.53
16702,treatment,mobile,0,251.35,95.51
11590,control,mobile,0,233.44,54.96
2946,treatment,desktop,0,218.66,62.66
2941,treatment,desktop,0,190.98,153.31
930,control,desktop,0,137.69,92.13
14853,control,mobile,0,223.77,113.23
18439,control,tablet,0,278.26,73.55
10007,control,mobile,0,171.4,42.74
15295,treatment,mobile,0,242.57,39.06
14281,control,mobile,0,211.4,67.45
5881,treatment,desktop,1,178.11,71.4
2886,treatment,desktop,0,212.99,32.83
2663,treatment,desktop,0,271.9,66.3
14402,control,mobile,0,230.34,40.5
6598,treatment,desktop,0,190.9,33.02
2812,treatment,desktop,0,233.11,60.17
15469,treatment,mobile,0,192.57,143.66
1487,treatment,desktop,0,213.81,26.52
1305,treatment,desktop,0,228.19,90.64
9364,control,mobile,0,250.68,49.01
9101,control,mobile,0,211.35,34.77
7373,treatment,desktop,0,202.66,40.18
1800,treatment,desktop,0,211.44,47.68
13835,control,mobile,0,264.42,34.66
13482,control,mobile,0,247.78,47.51
1137,control,desktop,0,222.97,37.41
8435,control,mobile,0,231.38,127.44
6594,treatment,desktop,0,210.79,29.89
8319,control,mobile,0,226.9,34.47
17560,control,tablet,0,218.31,28.26
2465,treatment,desktop,0,173.87,59.01
6855,treatment,desktop,0,215.32,45.51
4161,treatment,desktop,0,241.54,30.81
6520,treatment,desktop,0,196.58,87.98
9551,control,mobile,0,247.89,94.86
8669,control,mobile,0,249.28,60.45
16747,treatment,mobile,0,244.58,57.59
10387,control,mobile,0,228.48,89.97
2227,treatment,desktop,0,211.12,39.31
14873,control,mobile,0,177.72,23.47
109,control,desktop,1,198.05,42.05
18725,control,tablet,0,151.28,58.99
4984,treatment,desktop,0,245.6,41.15
16209,treatment,mobile,0,205.7,27.61
12652,control,mobile,0,172.41,24.77
19278,treatment,tablet,1,218.09,55.83
3809,treatment,desktop,0,215.13,52.18
13623,control,mobile,0,241.71,99.82
11967,control,mobile,0,224.94,22.32
14467,control,mobile,0,288.84,43.71
17963,control,tablet,0,266.82,59.66
6682,treatment,desktop,0,196.92,50.99
10344,control,mobile,0,213.47,43.59
79,control,desktop,0,214.46,46.96
18120,control,tablet,0,222.31,46.81
13437,control,mobile,0,293.44,30.41
1557,treatment,desktop,0,197.34,28.07
16077,treatment,mobile,0,282.73,43.56
19337,treatment,tablet,0,251.08,29.93
6744,treatment,desktop,0,202.62,66.19
8402,control,mobile,1,217.33,58.83
7077,treatment,desktop,0,212.7,4199.48
7908,treatment,desktop,0,177.93,60.52
6372,treatment,desktop,0,201.4,93.5
3335,treatment,desktop,0,187.51,25.15
8704,control,mobile,0,177.25,112.18
18531,control,tablet,0,222.63,41.83
2313,treatment,desktop,0,180.17,47.33
6783,treatment,desktop,1,206.46,44.22
4196,treatment,desktop,0,268.28,50.47
16909,treatment,mobile,0,222.08,29.14
9042,control,mobile,0,212.97,79.26
7103,treatment,desktop,1,261.96,75.01
17114,treatment,mobile,0,238.42,38.49
7472,treatment,desktop,0,201.51,37.4
12322,control,mobile,0,237.87,38.01
19857,treatment,tablet,0,225.99,47.34
8883,control,mobile,0,256.58,57.27
13477,control,mobile,0,224.79,146.33
19056,treatment,tablet,0,190.26,25.79
8309,control,mobile,0,249.57,35.14
19867,treatment,tablet,0,244.92,64.69
17680,control,tablet,0,146.13,39.88
4523,treatment,desktop,0,169.12,145.49
4365,treatment,desktop,0,228.29,33.48
13023,control,mobile,0,219.49,121.3
5509,treatment,desktop,1,208.49,40.23
15867,treatment,mobile,0,247.34,33.08
4639,treatment,desktop,1,179.22,49.35
17024,treatment,mobile,0,252.03,71.32
17162,treatment,mobile,0,191.17,83.39
15231,treatment,mobile,0,257.66,72.51
9912,control,mobile,0,245.53,31.12
12164,control,mobile,0,281.27,58.75
8214,control,mobile,0,272.71,70.01
18151,control,tablet,0,267.97,31.32
9083,control,mobile,0,198.16,68.39
14274,control,mobile,0,212.67,123.31
8421,control,mobile,1,221.04,41.15
10816,control,mobile,0,218.56,39.67
9770,control,mobile,0,225.34,59.81
4255,treatment,desktop,0,165.83,54.44
18338,control,tablet,0,249.91,40.11
4990,treatment,desktop,1,235.46,59.02
15637,treatment,mobile,0,208.94,27.82
15590,treatment,mobile,0,200.52,38.43
9810,control,mobile,0,219.18,155.94
12210,control,mobile,0,247.39,74.28
11942,control,mobile,0,200.63,62.38
6206,treatment,desktop,0,287.83,17.13
4647,treatment,desktop,0,199.55,53.65
14693,control,mobile,0,203.47,73.43
9383,control,mobile,0,166.12,55.04
9184,control,mobile,0,284.35,73.62
15190,treatment,mobile,1,221.26,40.73
3268,treatment,desktop,0,225.88,26.52
15900,treatment,mobile,0,177.92,17.93
5618,treatment,desktop,1,192.88,138.67
8498,control,mobile,0,197.27,71.67
17483,treatment,mobile,0,243.49,23.21
10355,control,mobile,0,271.26,41.69
4776,treatment,desktop,0,215.24,37.41
7250,treatment,desktop,0,195.79,70.3
7678,treatment,desktop,0,236.3,37.51
8211,control,mobile,0,250.43,26.15
19360,treatment,tablet,0,199.33,24.24
6989,treatment,desktop,0,225.23,58.21
4184,treatment,desktop,0,179.57,47.78
5458,treatment,desktop,1,175.64,70.21
12431,control,mobile,0,198.03,37.29
12243,control,mobile,0,165.0,75.54
12023,control,mobile,0,224.39,51.79
10077,control,mobile,1,196.17,17.18
17786,control,tablet,0,213.87,36.83
4596,treatment,desktop,0,209.15,51.11
16985,treatment,mobile,0,177.68,57.49
8851,control,mobile,0,203.49,61.53
5474,treatment,desktop,0,217.24,32.45
4095,treatment,desktop,0,224.85,105.04
8956,control,mobile,0,211.61,16.91
10987,control,mobile,0,209.12,31.63
9633,control,mobile,0,276.01,94.25
2760,treatment,desktop,0,184.45,51.31
348,control,desktop,0,192.28,60.02
2382,treatment,desktop,1,192.24,43.4
14221,control,mobile,0,226.21,36.39
13614,control,mobile,0,244.76,34.48
11295,control,mobile,0,234.62,76.25
14505,control,mobile,0,180.78,47.5
17450,treatment,mobile,1,188.59,67.33
14461,control,mobile,0,200.96,38.73
18253,control,tablet,0,215.61,25.75
4800,treatment,desktop,0,196.21,31.6
6971,treatment,desktop,0,263.34,52.78
16441,treatment,mobile,0,217.67,23.58
2067,treatment,desktop,0,173.65,52.81
17177,treatment,mobile,0,238.83,80.89
17077,treatment,mobile,0,238.81,30.55
9552,control,mobile,0,176.38,41.89
8036,treatment,desktop,1,251.68,53.68
17410,treatment,mobile,0,212.7,63.69
15859,treatment,mobile,0,199.55,83.73
5781,treatment,desktop,0,171.93,43.49
9883,control,mobile,0,165.92,24.32
297,control,desktop,1,167.38,79.95
12604,control,mobile,0,170.08,29.38
10869,control,mobile,0,248.49,37.74
14871,control,mobile,0,217.21,100.18
18664,control,tablet,0,225.89,67.58
9879,control,mobile,0,224.35,51.43
4094,treatment,desktop,0,259.71,87.06
3985,treatment,desktop,0,182.63,192.66
17943,control,tablet,0,294.28,82.11
3362,treatment,desktop,1,228.13,90.28
4614,treatment,desktop,0,192.81,232.66
9423,control,mobile,0,279.68,53.93
3057,treatment,desktop,1,272.41,21.87
5931,treatment,desktop,0,237.04,28.89
17864,control,tablet,0,188.08,65.49
15871,treatment,mobile,0,284.39,35.21
13223,control,mobile,0,192.62,25.65
7450,treatment,desktop,0,232.33,61.12
14189,control,mobile,1,241.44,43.62
2580,treatment,desktop,0,228.94,93.24
8188,treatment,desktop,0,201.57,37.65
6797,treatment,desktop,0,251.55,29.98
4987,treatment,desktop,0,217.4,70.79
2438,treatment,desktop,0,233.92,41.7
11639,control,mobile,0,200.16,42.19
1827,treatment,desktop,1,161.79,49.54
16818,treatment,mobile,0,258.59,36.28
8904,control,mobile,0,189.9,27.64
2235,treatment,desktop,0,236.84,56.94
6964,treatment,desktop,0,269.95,36.12
16093,treatment,mobile,0,247.19,38.83
16419,treatment,mobile,0,233.78,59.58
169,control,desktop,1,252.92,38.48
2547,treatment,desktop,0,215.92,24.06
14733,control,mobile,0,252.11,77.14
4924,treatment,desktop,0,214.49,61.98
9546,control,mobile,0,165.84,42.31
16249,treatment,mobile,0,211.39,26.0
8176,treatment,desktop,0,203.61,28.75
2490,treatment,desktop,0,217.8,81.71
5669,treatment,desktop,0,202.28,34.66
14490,control,mobile,0,201.55,35.92
14979,control,mobile,0,228.51,78.79
10452,control,mobile,0,296.36,57.45
4049,treatment,desktop,0,176.57,41.38
16418,treatment,mobile,0,240.87,49.15
723,control,desktop,0,187.98,38.06
2542,treatment,desktop,0,223.11,42.71
11471,control,mobile,0,201.92,151.52
8313,control,mobile,0,225.44,19.76
10041,control,mobile,0,212.56,30.33
11484,control,mobile,0,198.58,80.33
17494,treatment,mobile,0,168.27,72.33
10612,control,mobile,0,247.22,51.14
15675,treatment,mobile,0,192.44,70.02
10702,control,mobile,0,248.39,47.71
7274,treatment,desktop,1,235.3,28.52
7605,treatment,desktop,0,239.89,76.69
19242,treatment,tablet,0,257.91,26.0
6181,treatment,desktop,0,231.6,26.98
18370,control,tablet,0,203.29,54.96
6191,treatment,desktop,1,209.12,50.95
10568,control,mobile,0,239.13,50.05
1541,treatment,desktop,0,212.36,43.78
9474,control,mobile,0,230.18,97.07
12087,control,mobile,0,187.83,56.98
10214,control,mobile,0,168.71,44.35
12811,control,mobile,0,216.33,33.64
13662,control,mobile,0,256.63,64.6
8642,control,mobile,0,221.33,34.78
10379,control,mobile,0,179.99,42.75
3316,treatment,desktop,0,243.07,35.43
12250,control,mobile,0,211.55,51.59
1829,treatment,desktop,0,211.38,31.85
2478,treatment,desktop,0,234.05,72.04
6890,treatment,desktop,0,249.78,37.31
3434,treatment,desktop,0,193.55,68.28
5852,treatment,desktop,0,245.77,59.13
7036,treatment,desktop,0,262.52,136.73
3392,treatment,desktop,0,198.6,84.33
17987,control,tablet,0,219.03,73.81
4242,treatment,desktop,0,252.12,130.77
14933,control,mobile,1,194.69,130.63
6805,treatment,desktop,0,212.97,85.77
696,control,desktop,0,175.98,64.94
8465,control,mobile,0,192.09,93.7
5846,treatment,desktop,0,247.41,46.2
625,control,desktop,0,228.73,57.53
16057,treatment,mobile,0,259.28,80.33
19296,treatment,tablet,0,224.08,78.1
10743,control,mobile,0,180.42,76.47
18464,control,tablet,0,199.67,72.48
16915,treatment,mobile,0,164.28,56.21
7,control,desktop,1,226.66,72.67
15540,treatment,mobile,0,277.81,20.93
5077,treatment,desktop,0,197.7,50.27
17575,control,tablet,1,198.05,88.91
3107,treatment,desktop,0,193.74,35.13
15947,treatment,mobile,0,258.24,80.24
532,control,desktop,0,228.67,74.19
5110,treatment,desktop,0,234.44,187.45
8981,control,mobile,0,239.92,56.83
15658,treatment,mobile,0,221.98,60.74
12684,control,mobile,0,232.84,30.89
13559,control,mobile,0,228.0,62.32
8725,control,mobile,0,218.0,61.57
12020,control,mobile,0,198.38,4800.78
14420,control,mobile,0,193.86,70.74
7920,treatment,desktop,0,242.12,55.31
15852,treatment,mobile,0,270.78,86.48
15960,treatment,mobile,0,226.79,94.51
8136,treatment,desktop,0,209.49,76.83
19196,treatment,tablet,0,191.43,23.67
1010,control,desktop,1,229.94,34.27
9840,control,mobile,0,233.55,5832.59
2168,treatment,desktop,1,208.74,30.25
8765,control,mobile,0,243.66,20.95
8938,control,mobile,0,239.12,34.31
6689,treatment,desktop,0,192.3,107.01
3255,treatment,desktop,0,215.86,36.87
1509,treatment,desktop,0,251.56,71.48
6384,treatment,desktop,0,223.29,44.28
5879,treatment,desktop,0,211.3,102.0
1065,control,desktop,0,180.87,87.28
2600,treatment,desktop,0,187.58,23.61
12120,control,mobile,0,237.38,18.38
16918,treatment,mobile,0,214.5,49.84
16598,treatment,mobile,0,215.48,42.74
17462,treatment,mobile,0,214.33,48.07
13762,control,mobile,0,192.13,47.06
9512,control,mobile,0,210.58,53.01
5266,treatment,desktop,0,208.81,31.1
13304,control,mobile,0,216.19,29.14
9099,control,mobile,0,212.56,76.49
17783,control,tablet,0,215.29,38.68
8109,treatment,desktop,0,247.22,22.15
5448,treatment,desktop,1,249.25,28.48
16839,treatment,mobile,0,257.63,94.51
15439,treatment,mobile,0,215.79,17.37
12916,control,mobile,0,199.78,45.9
1414,treatment,desktop,0,177.8,68.61
11446,control,mobile,0,193.02,33.98
13080,control,mobile,0,151.66,76.02
18966,control,tablet,0,230.75,33.26
5158,treatment,desktop,0,221.71,37.97
8997,control,mobile,0,260.29,53.2
11636,control,mobile,0,285.72,70.09
13975,control,mobile,0,219.6,22.79
10724,control,mobile,0,191.0,38.89
3790,treatment,desktop,1,235.62,74.53
10025,control,mobile,0,204.44,77.33
4673,treatment,desktop,0,189.42,49.73
6579,treatment,desktop,0,210.74,19.9
17765,control,tablet,0,270.23,30.99
6352,treatment,desktop,0,184.74,31.39
13718,control,mobile,0,211.04,84.2
5692,treatment,desktop,0,223.29,24.74
891,control,desktop,1,179.29,108.52
17501,control,tablet,0,206.71,67.09
18939,control,tablet,0,220.11,31.82
7114,treatment,desktop,0,282.58,54.55
10474,control,mobile,0,199.64,32.24
16933,treatment,mobile,0,245.44,49.06
14261,control,mobile,0,228.01,81.98
3594,treatment,desktop,0,240.73,39.1
4034,treatment,desktop,1,247.5,84.69
3600,treatment,desktop,0,218.93,33.72
669,control,desktop,0,203.79,46.39
6466,treatment,desktop,0,197.54,21.76
11955,control,mobile,0,192.67,35.0
14855,control,mobile,0,229.64,57.71
11892,control,mobile,0,219.48,56.13
3063,treatment,desktop,0,192.31,41.17
13279,control,mobile,0,205.76,29.1
18312,control,tablet,0,198.28,34.93
406,control,desktop,0,267.57,114.61
19492,treatment,tablet,0,215.11,166.08
701,control,desktop,0,212.19,75.35
6777,treatment,desktop,1,205.75,71.3
11644,control,mobile,0,240.56,17.02
14835,control,mobile,0,208.07,51.74
14486,control,mobile,0,229.35,37.55
1408,treatment,desktop,1,254.25,35.55
3113,treatment,desktop,0,173.4,138.09
5663,treatment,desktop,0,193.11,81.78
10253,control,mobile,1,255.72,28.22
1480,treatment,desktop,0,190.96,68.92
12369,control,mobile,0,227.6,34.36
15433,treatment,mobile,0,207.11,17.54
12270,control,mobile,0,193.63,37.8
1516,treatment,desktop,0,229.44,77.44
4636,treatment,desktop,0,246.51,24.0
18613,control,tablet,0,229.55,77.48
13053,control,mobile,0,248.33,62.91
9352,control,mobile,0,254.05,31.51
1037,control,desktop,0,269.03,30.52
2446,treatment,desktop,0,183.91,82.16
16285,treatment,mobile,0,222.49,41.97
7229,treatment,desktop,1,169.47,51.77
10732,control,mobile,0,196.61,31.39
10825,control,mobile,0,179.78,24.92
18053,control,tablet,0,181.43,38.82
5353,treatment,desktop,0,275.2,57.97
16315,treatment,mobile,0,212.11,48.23
13791,control,mobile,0,235.62,98.66
345,control,desktop,0,182.89,80.09
15896,treatment,mobile,0,211.35,148.15
7855,treatment,desktop,0,198.02,44.43
13235,control,mobile,0,241.98,23.93
684,control,desktop,0,254.6,44.21
11771,control,mobile,0,191.99,33.34
17157,treatment,mobile,0,239.67,25.91
19014,treatment,tablet,0,237.07,42.39
2082,treatment,desktop,0,245.35,35.89
1756,treatment,desktop,0,201.43,93.64
7983,treatment,desktop,1,233.55,18.22
8199,treatment,desktop,0,218.5,79.01
18949,control,tablet,0,242.7,38.2
5791,treatment,desktop,1,196.6,21.37
19021,treatment,tablet,0,214.32,32.1
15212,treatment,mobile,0,301.61,128.72
15555,treatment,mobile,0,191.92,43.57
17095,treatment,mobile,0,191.99,46.25
4198,treatment,desktop,0,243.86,38.6
1723,treatment,desktop,0,235.76,51.93
7396,treatment,desktop,0,176.27,64.6
14106,control,mobile,0,234.99,44.15
1867,treatment,desktop,0,195.1,50.5
17211,treatment,mobile,0,285.3,60.94
6972,treatment,desktop,1,231.29,39.34
13065,control,mobile,0,199.99,54.66
13549,control,mobile,0,253.65,67.02
13487,control,mobile,0,167.3,118.48
6967,treatment,desktop,1,274.47,77.58
9948,control,mobile,0,240.68,39.76
15218,treatment,mobile,0,251.16,55.03
19582,treatment,tablet,0,197.33,70.64
3062,treatment,desktop,0,232.04,26.35
3470,treatment,desktop,1,268.8,19.69
8781,control,mobile,0,203.09,42.17
11388,control,mobile,0,249.32,32.74
6373,treatment,desktop,0,220.53,36.91
12361,control,mobile,0,183.21,75.93
12968,control,mobile,0,241.53,39.57
12427,control,mobile,0,205.99,72.24
7006,treatment,desktop,1,187.18,79.13
6269,treatment,desktop,0,185.57,49.71
5322,treatment,desktop,0,233.97,36.74
13012,control,mobile,0,180.11,25.92
9936,control,mobile,0,251.08,43.9
7003,treatment,desktop,0,205.08,78.8
2005,treatment,desktop,0,255.08,30.61
8937,control,mobile,0,267.35,28.02
8755,control,mobile,0,205.06,20.22
9668,control,mobile,0,197.51,60.84
7420,treatment,desktop,0,221.1,64.21
10184,control,mobile,0,180.39,56.8
12920,control,mobile,0,238.27,27.94
8694,control,mobile,0,179.77,27.43
19132,treatment,tablet,0,176.4,233.32
17263,treatment,mobile,0,239.61,93.94
15944,treatment,mobile,0,192.65,152.66
11846,control,mobile,0,227.71,57.56
8052,treatment,desktop,1,222.66,141.53
9540,control,mobile,1,184.4,97.49
185,control,desktop,0,319.67,134.62
19106,treatment,tablet,0,219.0,43.96
2406,treatment,desktop,0,183.05,27.98
480,control,desktop,1,264.34,61.96
12182,control,mobile,0,244.46,52.76
2884,treatment,desktop,0,203.37,35.92
251,control,desktop,1,162.13,43.2
7773,treatment,desktop,0,196.28,33.14
18603,control,tablet,0,179.67,87.74
5294,treatment,desktop,0,196.57,40.03
13006,control,mobile,0,224.4,56.93
12177,control,mobile,0,248.34,83.28
10973,control,mobile,0,252.22,61.29
18890,control,tablet,1,224.0,41.05
9075,control,mobile,0,233.09,38.36
13504,control,mobile,0,165.17,54.82
1290,treatment,desktop,0,193.64,42.48
15370,treatment,mobile,0,187.67,99.26
6125,treatment,desktop,0,198.76,35.21
13480,control,mobile,0,181.64,31.85
1542,treatment,desktop,0,209.99,49.59
17607,control,tablet,1,205.22,51.83
19149,treatment,tablet,0,236.8,65.99
1657,treatment,desktop,0,235.29,41.01
12975,control,mobile,0,263.52,108.54
2619,treatment,desktop,1,242.43,23.09
2110,treatment,desktop,0,165.96,32.95
16410,treatment,mobile,0,190.18,51.54
17556,control,tablet,0,210.08,39.14
9670,control,mobile,0,206.24,102.0
11076,control,mobile,0,202.0,59.5
2383,treatment,desktop,0,157.84,49.52
9884,control,mobile,0,194.46,45.35
4538,treatment,desktop,1,165.04,49.3
10125,control,mobile,0,248.55,40.7
756,control,desktop,0,260.74,46.35
13442,control,mobile,1,230.7,27.82
17735,control,tablet,1,223.32,70.97
697,control,desktop,0,237.6,24.09
11276,control,mobile,0,199.04,62.96
1262,treatment,desktop,0,261.85,20.32
17661,control,tablet,0,244.1,34.17
10032,control,mobile,0,267.76,70.72
12257,control,mobile,0,196.7,40.85
9665,control,mobile,0,155.89,67.38
10314,control,mobile,1,224.07,22.74
7885,treatment,desktop,0,241.64,22.71
14159,control,mobile,0,209.89,34.65
5495,treatment,desktop,0,252.34,35.0
68,control,desktop,0,207.38,26.87
8877,control,mobile,1,225.52,43.4
14995,control,mobile,0,212.24,55.76
4766,treatment,desktop,0,193.04,30.45
6697,treatment,desktop,1,251.81,35.34
8935,control,mobile,0,208.72,73.03
11551,control,mobile,0,218.16,36.33
18238,control,tablet,0,150.54,45.43
6328,treatment,desktop,0,179.39,37.62
9796,control,mobile,0,164.04,45.98
3526,treatment,desktop,0,218.18,42.75
12864,control,mobile,0,162.95,40.45
16388,treatment,mobile,0,221.97,18.19
10778,control,mobile,0,249.35,32.35
5337,treatment,desktop,0,216.61,75.48
19232,treatment,tablet,0,247.47,44.19
19719,treatment,tablet,0,216.99,50.23
7431,treatment,desktop,0,243.15,18.08
1595,treatment,desktop,0,187.55,52.77
4560,treatment,desktop,0,230.02,96.62
15769,treatment,mobile,0,284.0,62.04
9285,control,mobile,0,195.42,90.89
1047,control,desktop,0,201.76,33.15
19798,treatment,tablet,0,220.3,35.73
15950,treatment,mobile,0,221.32,32.67
12698,control,mobile,0,217.52,55.05
9529,control,mobile,0,257.7,49.8
13856,control,mobile,0,146.56,51.49
14993,control,mobile,0,238.43,50.25
2522,treatment,desktop,0,205.85,26.64
12128,control,mobile,1,245.51,23.6
19207,treatment,tablet,0,222.62,39.63
7817,treatment,desktop,0,244.15,53.45
6389,treatment,desktop,0,227.04,78.22
13722,control,mobile,0,218.6,97.93
10082,control,mobile,0,273.99,35.96
18990,control,tablet,0,216.31,17.2
17916,control,tablet,0,206.48,47.72
5858,treatment,desktop,0,208.36,35.0
7989,treatment,desktop,0,246.07,32.51
17048,treatment,mobile,0,194.36,76.59
2498,treatment,desktop,0,186.9,36.05
9394,control,mobile,0,250.04,45.21
13563,control,mobile,0,245.85,25.77
8444,control,mobile,0,170.02,65.15
6400,treatment,desktop,0,200.19,47.51
14128,control,mobile,0,173.91,101.18
10163,control,mobile,0,231.96,37.63
74,control,desktop,0,246.19,48.08
17011,treatment,mobile,0,206.87,23.79
1094,control,desktop,0,176.81,185.52
1765,treatment,desktop,0,227.74,77.45
13032,control,mobile,0,253.92,88.73
2857,treatment,desktop,0,207.13,64.34
2380,treatment,desktop,0,203.89,53.42
13212,control,mobile,0,212.89,30.35
12584,control,mobile,0,197.1,46.26
15133,treatment,mobile,0,237.06,46.81
6774,treatment,desktop,1,164.61,50.52
9657,control,mobile,0,191.17,46.41
5598,treatment,desktop,0,165.1,62.43
4427,treatment,desktop,0,226.28,28.39
17242,treatment,mobile,0,250.67,55.0
8749,control,mobile,0,274.23,61.67
5542,treatment,desktop,0,274.06,34.44
11595,control,mobile,0,254.54,54.93
11894,control,mobile,0,234.3,39.64
7145,treatment,desktop,0,280.12,33.02
12588,control,mobile,0,249.97,75.84
537,control,desktop,0,233.85,45.51
5249,treatment,desktop,0,214.03,39.73
884,control,desktop,0,255.24,25.69
12646,control,mobile,0,219.21,64.21
13344,control,mobile,0,241.48,65.87
19059,treatment,tablet,0,172.6,68.98
1624,treatment,desktop,0,200.01,94.1
2897,treatment,desktop,0,224.78,21.18
19007,treatment,tablet,0,216.2,132.22
13078,control,mobile,0,210.27,32.86
2304,treatment,desktop,0,231.38,58.27
16191,treatment,mobile,0,199.32,80.24
1802,treatment,desktop,0,183.88,25.69
13239,control,mobile,0,262.28,45.62
9177,control,mobile,0,248.66,35.43
13112,control,mobile,0,266.79,91.93
12755,control,mobile,0,215.58,36.55
13532,control,mobile,0,236.89,57.86
6069,treatment,desktop,1,206.12,39.0
14756,control,mobile,0,166.58,57.17
16554,treatment,mobile,0,231.88,35.08
16186,treatment,mobile,0,203.14,38.18
14599,control,mobile,0,225.11,29.46
10791,control,mobile,0,256.26,35.53
164,control,desktop,0,263.96,60.79
11242,control,mobile,0,270.12,82.35
13059,control,mobile,0,202.06,120.48
19233,treatment,tablet,0,181.17,20.16
12587,control,mobile,0,207.0,23.71
3853,treatment,desktop,0,226.1,36.49
13244,control,mobile,0,256.91,23.81
16862,treatment,mobile,0,219.31,48.95
2091,treatment,desktop,1,265.05,40.17
1711,treatment,desktop,0,202.39,59.88
3276,treatment,desktop,0,257.14,34.35
3514,treatment,desktop,0,263.37,55.19
16984,treatment,mobile,0,226.66,45.72
5543,treatment,desktop,1,253.45,58.43
5616,treatment,desktop,0,263.04,38.52
5485,treatment,desktop,0,214.0,46.15
16395,treatment,mobile,0,176.64,51.72
17390,treatment,mobile,0,202.59,53.77
4143,treatment,desktop,0,227.08,137.57
12774,control,mobile,0,240.39,109.92
15518,treatment,mobile,0,227.87,63.59
13607,control,mobile,0,251.51,47.71
366,control,desktop,0,229.55,41.0
5694,treatment,desktop,0,225.68,56.7
6624,treatment,desktop,0,227.32,89.27
9801,control,mobile,0,231.82,28.09
17525,control,tablet,0,173.98,47.2
14116,control,mobile,0,240.56,69.44
10495,control,mobile,0,213.89,51.08
12508,control,mobile,0,218.22,117.31
8081,treatment,desktop,0,192.67,51.62
7742,treatment,desktop,1,235.31,52.53
8798,control,mobile,0,214.29,15.61
8657,control,mobile,0,248.97,84.5
6012,treatment,desktop,0,199.91,29.72
954,control,desktop,1,207.68,71.64
2216,treatment,desktop,0,200.75,42.86
11722,control,mobile,0,225.97,24.71
2727,treatment,desktop,1,217.79,63.09
5397,treatment,desktop,0,209.88,30.2
13484,control,mobile,0,187.1,26.04
1529,treatment,desktop,0,190.07,45.56
5291,treatment,desktop,0,257.82,64.36
4160,treatment,desktop,0,217.56,41.43
13424,control,mobile,0,237.17,49.8
1204,treatment,desktop,0,151.58,96.62
17417,treatment,mobile,0,208.14,43.74
5351,treatment,desktop,1,158.33,53.87
14813,control,mobile,0,213.89,52.33
6965,treatment,desktop,0,194.65,77.56
18306,control,tablet,0,209.49,105.99
16851,treatment,mobile,0,171.89,32.18
7025,treatment,desktop,1,185.36,53.25
6947,treatment,desktop,0,221.24,66.44
12110,control,mobile,0,199.58,41.62
17468,treatment,mobile,0,230.23,23.47
18741,control,tablet,0,244.5,35.92
1148,control,desktop,0,226.9,54.03
10707,control,mobile,0,192.73,43.27
4627,treatment,desktop,0,222.25,38.01
6020,treatment,desktop,0,274.64,47.71
5315,treatment,desktop,0,143.28,53.67
13572,control,mobile,0,245.68,31.53
10044,control,mobile,0,239.58,56.2
14218,control,mobile,0,235.34,51.82
4001,treatment,desktop,0,170.85,67.64
14990,control,mobile,0,236.49,65.26
9276,control,mobile,0,226.99,61.75
15162,treatment,mobile,0,230.94,55.74
162,control,desktop,0,179.23,70.35
8307,control,mobile,0,205.67,46.8
11397,control,mobile,1,178.97,46.37
5326,treatment,desktop,0,237.0,36.72
4932,treatment,desktop,0,249.49,102.54
15657,treatment,mobile,0,187.28,60.49
14554,control,mobile,1,279.19,26.27
7555,treatment,desktop,0,209.75,28.84
9464,control,mobile,0,218.01,67.35
14592,control,mobile,0,207.87,55.02
6740,treatment,desktop,0,216.63,31.57
8954,control,mobile,0,243.77,88.53
6092,treatment,desktop,0,172.74,66.45
17312,treatment,mobile,0,230.43,35.03
369,control,desktop,1,222.57,31.47
3422,treatment,desktop,0,230.89,60.2
16734,treatment,mobile,0,255.77,40.27
16857,treatment,mobile,0,216.88,77.74
5619,treatment,desktop,0,225.98,56.22
7224,treatment,desktop,0,212.16,109.86
2540,treatment,desktop,0,184.22,47.95
18722,control,tablet,0,223.12,38.04
7562,treatment,desktop,0,261.68,50.81
667,control,desktop,0,210.22,57.59
6313,treatment,desktop,0,203.6,39.95
1556,treatment,desktop,0,222.66,24.18
6180,treatment,desktop,0,195.11,34.67
2379,treatment,desktop,0,236.28,54.54
15134,treatment,mobile,0,175.74,56.62
4774,treatment,desktop,0,232.57,63.58
319,control,desktop,0,230.97,48.37
8775,control,mobile,0,255.44,53.1
18379,control,tablet,0,206.73,79.84
8293,control,mobile,1,206.02,91.36
1864,treatment,desktop,0,223.7,46.74
19808,treatment,tablet,0,208.21,47.43
9941,control,mobile,0,218.49,74.82
1722,treatment,desktop,0,194.05,31.23
9194,control,mobile,0,239.34,32.23
10549,control,mobile,0,187.64,119.54
14387,control,mobile,0,230.41,36.37
1339,treatment,desktop,0,186.16,35.91
4676,treatment,desktop,0,282.96,55.5
11390,control,mobile,0,194.37,79.13
14484,control,mobile,0,229.79,23.55
19268,treatment,tablet,0,271.52,25.65
2588,treatment,desktop,1,238.47,32.79
3670,treatment,desktop,0,254.4,43.96
2923,treatment,desktop,0,204.56,60.63
18690,control,tablet,0,277.16,36.41
11472,control,mobile,0,204.52,113.7
13859,control,mobile,0,197.0,15.82
17325,treatment,mobile,0,178.71,15.34
6846,treatment,desktop,0,199.92,44.52
18762,control,tablet,0,248.68,38.51
9647,control,mobile,0,246.56,86.91
19974,treatment,tablet,0,281.52,32.72
17113,treatment,mobile,0,195.81,25.41
9769,control,mobile,0,254.14,45.14
12715,control,mobile,0,254.41,32.6
18989,control,tablet,0,230.35,55.5
7111,treatment,desktop,0,242.05,139.3
3910,treatment,desktop,0,236.03,31.88
8468,control,mobile,0,185.52,70.14
5175,treatment,desktop,0,151.77,74.38
14056,control,mobile,0,189.86,37.98
13984,control,mobile,0,224.55,54.38
16490,treatment,mobile,0,242.75,58.47
17141,treatment,mobile,0,236.21,30.99
18755,control,tablet,1,239.04,39.36
4653,treatment,desktop,0,226.58,37.6
8733,control,mobile,0,246.51,72.01
478,control,desktop,0,153.14,57.38
18751,control,tablet,0,288.15,58.54
4279,treatment,desktop,0,184.72,83.17
2154,treatment,desktop,0,241.4,74.27
11619,control,mobile,0,193.15,44.86
2194,treatment,desktop,1,195.71,44.48
10329,control,mobile,0,260.78,65.23
15726,treatment,mobile,0,183.01,57.77
14606,control,mobile,0,260.77,52.91
3753,treatment,desktop,0,253.39,56.05
12062,control,mobile,0,166.91,54.45
1207,treatment,desktop,1,249.08,62.38
19790,treatment,tablet,0,231.47,27.23
14327,control,mobile,0,213.65,4340.17
5505,treatment,desktop,0,216.57,18.78
15415,treatment,mobile,0,200.13,103.01
15058,control,mobile,0,278.09,20.61
10619,control,mobile,0,267.02,65.68
9592,control,mobile,1,238.24,33.54
7992,treatment,desktop,0,208.64,23.44
16828,treatment,mobile,0,192.52,53.15
5166,treatment,desktop,0,225.15,59.43
4898,treatment,desktop,0,190.39,22.42
3967,treatment,desktop,0,242.97,40.3
5386,treatment,desktop,0,207.7,80.83
873,control,desktop,1,161.5,29.69
4306,treatment,desktop,0,229.5,5897.82
17324,treatment,mobile,0,212.17,41.06
7426,treatment,desktop,0,196.95,88.69
4058,treatment,desktop,1,216.45,18.27
16434,treatment,mobile,0,217.25,58.46
2511,treatment,desktop,0,149.54,34.42
8349,control,mobile,0,233.59,113.68
3994,treatment,desktop,0,195.48,13.52
16639,treatment,mobile,1,234.81,58.57
4187,treatment,desktop,0,190.21,54.11
14061,control,mobile,0,177.6,60.03
1881,treatment,desktop,1,281.21,82.06
9229,control,mobile,0,213.92,56.23
10152,control,mobile,0,201.11,34.47
6223,treatment,desktop,0,195.78,45.16
18633,control,tablet,0,178.29,42.53
16017,treatment,mobile,0,218.94,24.4
2916,treatment,desktop,0,244.52,58.6
11737,control,mobile,0,214.16,19.0
12863,control,mobile,0,205.87,74.3
19893,treatment,tablet,0,228.82,25.51
9004,control,mobile,0,221.97,50.52
5293,treatment,desktop,0,210.45,68.45
3577,treatment,desktop,0,221.07,61.57
12401,control,mobile,0,282.67,56.22
8242,control,mobile,0,191.56,30.83
19437,treatment,tablet,0,201.73,81.25
690,control,desktop,0,243.51,39.62
19681,treatment,tablet,0,272.39,47.91
4057,treatment,desktop,0,211.34,70.17
2599,treatment,desktop,0,201.81,61.79
5202,treatment,desktop,0,231.25,31.73
7191,treatment,desktop,0,236.96,51.29
11271,control,mobile,0,229.9,100.04
1763,treatment,desktop,0,221.3,60.08
11107,control,mobile,0,138.07,34.82
19122,treatment,tablet,0,152.49,36.64
16983,treatment,mobile,0,223.35,227.24
2483,treatment,desktop,0,177.94,64.94
2493,treatment,desktop,0,220.42,40.63
19349,treatment,tablet,0,193.32,114.96
2742,treatment,desktop,0,247.86,76.44
10652,control,mobile,0,213.98,30.58
2670,treatment,desktop,0,191.73,32.99
6165,treatment,desktop,1,281.95,86.85
7410,treatment,desktop,0,230.09,37.89
19705,treatment,tablet,0,194.66,127.85
6184,treatment,desktop,1,275.39,33.61
15647,treatment,mobile,0,223.37,55.92
1432,treatment,desktop,0,253.61,29.86
7292,treatment,desktop,0,229.44,147.02
12959,control,mobile,0,252.23,42.29
7709,treatment,desktop,0,236.1,40.9
7906,treatment,desktop,0,238.73,78.68
10289,control,mobile,0,198.1,71.75
7362,treatment,desktop,0,182.81,47.49
16962,treatment,mobile,0,194.14,38.63
12572,control,mobile,0,195.58,43.57
10750,control,mobile,1,259.66,39.12
11398,control,mobile,0,268.37,39.41
17758,control,tablet,0,184.64,68.99
13455,control,mobile,1,200.01,41.32
16778,treatment,mobile,0,247.16,67.68
19222,treatment,tablet,0,213.05,53.9
18003,control,tablet,0,284.28,49.3
18749,control,tablet,0,192.8,26.9
15811,treatment,mobile,1,231.4,37.09
16020,treatment,mobile,0,189.43,41.78
12949,control,mobile,0,174.1,37.72
13526,control,mobile,0,231.99,26.15
13481,control,mobile,0,248.18,28.9
14704,control,mobile,0,255.45,84.69
19079,treatment,tablet,0,168.89,54.9
16028,treatment,mobile,0,221.31,86.11
5515,treatment,desktop,0,183.6,51.59
17275,treatment,mobile,0,219.79,99.49
10639,control,mobile,0,226.88,91.96
4408,treatment,desktop,0,204.69,37.61
9721,control,mobile,0,199.51,67.24
16463,treatment,mobile,0,232.24,39.23
19486,treatment,tablet,0,240.51,24.92
596,control,desktop,0,219.03,63.34
12549,control,mobile,0,206.59,17.36
19767,treatment,tablet,0,190.02,31.91
2085,treatment,desktop,0,221.06,61.04
18937,control,tablet,0,186.48,35.0
1256,treatment,desktop,0,218.84,54.81
1656,treatment,desktop,1,170.49,26.27
7489,treatment,desktop,0,240.73,36.81
18947,control,tablet,0,250.38,121.77
6415,treatment,desktop,1,240.83,63.97
9967,control,mobile,0,217.49,83.64
7384,treatment,desktop,0,216.33,46.18
7019,treatment,desktop,0,262.54,49.21
11028,control,mobile,0,234.16,55.98
12754,control,mobile,0,207.46,56.7
12627,control,mobile,0,225.99,34.58
12175,control,mobile,0,184.65,17.28
16496,treatment,mobile,0,225.58,49.15
14335,control,mobile,0,248.47,26.85
2214,treatment,desktop,0,267.56,121.05
9334,control,mobile,0,244.52,42.29
5092,treatment,desktop,0,213.8,28.93
2608,treatment,desktop,0,239.52,43.29
13132,control,mobile,1,197.59,50.05
8339,control,mobile,0,268.35,12.83
8399,control,mobile,0,200.21,79.79
1826,treatment,desktop,0,236.15,25.85
9094,control,mobile,0,230.04,37.11
12216,control,mobile,0,180.05,31.88
17167,treatment,mobile,0,205.54,52.55
10271,control,mobile,0,240.82,40.03
1250,treatment,desktop,0,203.47,54.72
17687,control,tablet,1,234.87,18.33
9399,control,mobile,0,225.38,58.49
17559,control,tablet,0,174.07,50.45
5309,treatment,desktop,0,260.99,100.6
1654,treatment,desktop,0,257.26,40.1
19366,treatment,tablet,0,220.15,35.97
1896,treatment,desktop,0,233.34,31.68
14651,control,mobile,0,240.89,106.22
1676,treatment,desktop,1,172.77,29.32
17228,treatment,mobile,0,325.48,66.51
482,control,desktop,0,255.37,41.82
3969,treatment,desktop,0,261.85,42.44
12100,control,mobile,0,209.18,30.97
8567,control,mobile,0,239.11,19.48
16762,treatment,mobile,0,215.96,27.71
11380,control,mobile,0,237.59,32.31
12070,control,mobile,0,199.33,58.28
14071,control,mobile,0,190.76,63.73
6329,treatment,desktop,0,251.82,23.7
1244,treatment,desktop,0,241.57,54.21
11662,control,mobile,1,259.29,28.82
17094,treatment,mobile,0,226.1,73.85
13653,control,mobile,0,218.76,54.97
15289,treatment,mobile,0,211.68,121.83
17641,control,tablet,0,243.84,87.27
396,control,desktop,0,249.45,67.15
1853,treatment,desktop,0,244.5,50.89
12296,control,mobile,0,203.27,36.5
7206,treatment,desktop,1,192.89,37.09
1394,treatment,desktop,0,249.97,30.87
7942,treatment,desktop,0,223.26,35.09
11670,control,mobile,0,221.2,32.21
9463,control,mobile,0,209.58,239.54
4474,treatment,desktop,1,241.34,81.82
7649,treatment,desktop,0,209.91,29.18
19379,treatment,tablet,0,190.22,117.91
11232,control,mobile,0,270.74,25.01
2801,treatment,desktop,0,260.04,19.2
11761,control,mobile,0,223.89,43.94
9558,control,mobile,0,200.82,22.84
5514,treatment,desktop,0,228.14,52.88
17253,treatment,mobile,0,236.48,40.96
12019,control,mobile,0,221.5,94.08
17334,treatment,mobile,0,207.97,34.32
17327,treatment,mobile,0,235.91,66.66
3347,treatment,desktop,0,193.3,40.68
19531,treatment,tablet,0,226.25,38.84
4136,treatment,desktop,0,230.04,38.14
4818,treatment,desktop,0,201.66,43.22
2846,treatment,desktop,0,256.35,75.35
12176,control,mobile,0,269.11,62.04
17586,control,tablet,0,292.73,114.07
10507,control,mobile,0,147.15,29.21
13864,control,mobile,0,180.21,39.62
18970,control,tablet,0,232.54,96.73
12465,control,mobile,1,142.62,61.51
16645,treatment,mobile,0,174.13,111.2
6228,treatment,desktop,0,252.98,63.02
644,control,desktop,0,207.4,53.44
15759,treatment,mobile,0,242.65,32.23
9920,control,mobile,0,227.26,34.92
12317,control,mobile,0,220.37,71.75
13271,control,mobile,0,240.89,45.58
17817,control,tablet,0,178.2,27.02
688,control,desktop,0,181.78,50.97
17204,treatment,mobile,0,265.53,50.24
12633,control,mobile,0,224.7,75.28
6273,treatment,desktop,0,217.6,84.06
5528,treatment,desktop,0,156.29,26.77
376,control,desktop,1,230.92,44.42
11642,control,mobile,0,270.92,152.05
4759,treatment,desktop,0,229.44,54.49
8637,control,mobile,0,195.72,46.02
11482,control,mobile,0,252.75,53.13
9393,control,mobile,0,206.37,53.0
9975,control,mobile,0,213.87,85.68
10999,control,mobile,0,247.9,29.09
7575,treatment,desktop,1,208.4,39.71
11290,control,mobile,0,230.34,38.26
9454,control,mobile,0,262.34,45.57
17723,control,tablet,0,228.23,86.35
17465,treatment,mobile,0,241.78,77.1
9210,control,mobile,0,212.27,59.54
18892,control,tablet,1,201.18,34.14
7416,treatment,desktop,0,178.73,45.19
14627,control,mobile,0,235.4,60.28
5400,treatment,desktop,0,204.43,46.66
115,control,desktop,0,181.12,63.82
1793,treatment,desktop,1,230.46,44.64
9915,control,mobile,0,213.7,28.96
13708,control,mobile,1,169.87,46.23
963,control,desktop,1,222.68,163.88
8179,treatment,desktop,0,223.07,47.4
8381,control,mobile,0,150.56,74.06
6353,treatment,desktop,0,226.21,57.15
10511,control,mobile,0,212.48,59.23
5683,treatment,desktop,0,183.89,81.98
2277,treatment,desktop,1,151.69,16.41
9570,control,mobile,0,240.1,91.39
15850,treatment,mobile,0,209.14,57.59
1083,control,desktop,0,213.91,65.05
1661,treatment,desktop,0,182.42,20.66
19363,treatment,tablet,0,180.97,37.72
13049,control,mobile,0,158.86,102.94
11513,control,mobile,1,243.14,71.61
7064,treatment,desktop,1,222.09,31.31
6958,treatment,desktop,0,193.93,38.29
12426,control,mobile,0,221.39,41.54
1755,treatment,desktop,1,204.41,41.49
9091,control,mobile,0,179.67,42.64
11041,control,mobile,0,259.78,51.36
3855,treatment,desktop,0,171.39,102.78
4927,treatment,desktop,0,201.35,181.7
9542,control,mobile,0,210.57,67.35
1558,treatment,desktop,0,156.51,56.56
17172,treatment,mobile,0,262.04,35.05
5880,treatment,desktop,0,174.13,20.83
1039,control,desktop,1,219.96,48.51
15744,treatment,mobile,0,226.38,47.72
2391,treatment,desktop,0,196.5,21.69
4543,treatment,desktop,0,206.29,36.66
14310,control,mobile,0,272.79,23.83
16651,treatment,mobile,0,198.65,37.78
15224,treatment,mobile,0,226.96,43.94
17444,treatment,mobile,0,185.42,139.17
17770,control,tablet,0,211.4,35.51
17331,treatment,mobile,0,143.88,48.48
7717,treatment,desktop,0,246.54,64.98
2879,treatment,desktop,0,228.79,19.36
19908,treatment,tablet,0,231.14,54.02
5677,treatment,desktop,1,207.93,67.7
14860,control,mobile,0,281.71,60.16
19010,treatment,tablet,0,249.24,57.58
8945,control,mobile,0,192.87,23.18
11824,control,mobile,0,161.87,46.63
12363,control,mobile,1,231.48,48.39
11209,control,mobile,0,216.57,32.77
11062,control,mobile,0,191.92,30.41
7985,treatment,desktop,1,225.31,52.59
17025,treatment,mobile,0,166.56,44.39
12365,control,mobile,0,177.2,33.7
17099,treatment,mobile,1,227.32,43.52
17841,control,tablet,0,200.86,88.27
5414,treatment,desktop,0,213.82,116.49
13036,control,mobile,1,201.98,61.52
17071,treatment,mobile,0,207.26,32.06
2935,treatment,desktop,0,199.2,69.59
17156,treatment,mobile,0,260.21,99.66
2637,treatment,desktop,1,262.31,54.39
5162,treatment,desktop,0,237.14,33.76
19554,treatment,tablet,0,213.94,59.06
2995,treatment,desktop,0,170.19,40.3
12091,control,mobile,0,233.95,21.99
3356,treatment,desktop,0,221.46,17.54
13000,control,mobile,0,246.22,38.17
5973,treatment,desktop,1,257.84,67.07
2849,treatment,desktop,1,249.21,160.6
16181,treatment,mobile,0,206.97,96.85
9021,control,mobile,0,180.26,116.27
7737,treatment,desktop,0,215.29,26.36
12477,control,mobile,0,255.1,182.04
3458,treatment,desktop,0,228.4,56.36
6516,treatment,desktop,0,226.57,15.58
16834,treatment,mobile,0,226.54,45.03
1197,control,desktop,0,211.58,66.48
7201,treatment,desktop,0,201.66,27.4
11099,control,mobile,0,211.21,45.11
18744,control,tablet,0,222.92,48.08
18941,control,tablet,0,205.76,84.11
17998,control,tablet,0,189.98,71.41
13256,control,mobile,0,219.59,91.66
9997,control,mobile,0,204.23,48.09
17341,treatment,mobile,0,221.65,70.69
2960,treatment,desktop,0,270.58,65.63
19169,treatment,tablet,0,234.88,17.96
19989,treatment,tablet,0,250.56,67.08
4885,treatment,desktop,0,275.81,43.06
6408,treatment,desktop,0,187.63,31.78
2957,treatment,desktop,0,189.71,76.53
7894,treatment,desktop,0,207.16,52.68
2248,treatment,desktop,0,190.94,57.88
8912,control,mobile,0,187.14,78.39
3174,treatment,desktop,0,213.46,81.55
13382,control,mobile,0,238.47,80.37
13266,control,mobile,0,243.63,23.67
9716,control,mobile,0,232.33,53.21
4016,treatment,desktop,0,229.08,42.78
7092,treatment,desktop,0,263.88,39.59
6079,treatment,desktop,1,256.63,45.91
19925,treatment,tablet,0,238.38,38.86
8970,control,mobile,0,221.18,67.29
17440,treatment,mobile,0,298.38,53.29
12451,control,mobile,0,201.01,70.79
4445,treatment,desktop,1,252.76,19.26
15232,treatment,mobile,0,259.46,59.3
9064,control,mobile,0,279.21,35.19
2407,treatment,desktop,0,281.87,24.15
829,control,desktop,0,223.01,76.18
16142,treatment,mobile,0,204.68,60.42
708,control,desktop,0,209.46,26.76
10259,control,mobile,0,226.29,37.03
6820,treatment,desktop,0,280.08,108.21
5144,treatment,desktop,1,258.36,27.67
13336,control,mobile,0,231.45,41.21
19358,treatment,tablet,0,234.57,53.13
4153,treatment,desktop,0,256.7,39.47
8198,treatment,desktop,0,211.04,88.19
19635,treatment,tablet,0,199.74,22.94
14026,control,mobile,0,203.55,37.54
3011,treatment,desktop,0,179.59,30.15
8656,control,mobile,0,215.93,59.31
12219,control,mobile,0,216.54,104.26
12085,control,mobile,0,233.04,39.7
16299,treatment,mobile,0,198.34,106.79
2171,treatment,desktop,0,193.95,116.7
4370,treatment,desktop,0,235.14,93.47
14375,control,mobile,0,248.36,46.55
9518,control,mobile,0,182.67,26.48
15712,treatment,mobile,0,191.13,26.04
11725,control,mobile,0,215.28,26.55
9022,control,mobile,0,183.16,62.77
14286,control,mobile,1,220.71,50.29
13425,control,mobile,0,193.61,38.94
6709,treatment,desktop,0,234.93,53.97
5649,treatment,desktop,0,269.69,33.03
13555,control,mobile,0,241.74,37.61
13184,control,mobile,0,194.61,49.96
4448,treatment,desktop,0,230.73,37.14
12777,control,mobile,0,235.32,81.61
16175,treatment,mobile,0,254.49,31.64
2913,treatment,desktop,0,199.44,5492.64
11325,control,mobile,0,273.11,27.2
8409,control,mobile,0,243.93,22.71
3177,treatment,desktop,0,227.89,42.1
4534,treatment,desktop,0,211.15,96.94
9983,control,mobile,1,234.92,93.75
14687,control,mobile,0,217.99,83.4
8855,control,mobile,0,169.11,44.18
16165,treatment,mobile,0,288.02,55.62
9824,control,mobile,0,184.43,24.09
9621,control,mobile,0,258.96,49.05
334,control,desktop,1,238.45,28.23
3886,treatment,desktop,1,232.74,101.11
10793,control,mobile,0,243.56,30.75
13369,control,mobile,0,204.02,48.43
10718,control,mobile,0,160.34,30.65
6654,treatment,desktop,0,244.01,71.71
4326,treatment,desktop,0,257.76,49.66
4638,treatment,desktop,0,232.16,57.22
4426,treatment,desktop,1,233.77,17.28
17621,control,tablet,0,219.91,44.45
12272,control,mobile,0,232.06,38.79
9110,control,mobile,0,171.74,22.11
17375,treatment,mobile,0,250.43,22.88
3455,treatment,desktop,0,242.11,64.62
19160,treatment,tablet,0,242.77,54.16
5972,treatment,desktop,0,212.57,28.63
12610,control,mobile,0,233.7,80.23
18640,control,tablet,0,235.09,17.5
5805,treatment,desktop,0,245.18,28.68
8225,control,mobile,0,219.77,36.37
8511,control,mobile,0,263.63,97.95
3133,treatment,desktop,0,223.97,24.83
3166,treatment,desktop,0,255.14,165.9
10866,control,mobile,0,174.87,71.57
2100,treatment,desktop,1,229.0,24.66
2025,treatment,desktop,0,156.65,46.61
3578,treatment,desktop,0,267.9,65.42
7810,treatment,desktop,0,201.96,93.39
10540,control,mobile,0,261.14,39.6
2250,treatment,desktop,0,245.41,43.94
18822,control,tablet,0,243.7,31.75
7067,treatment,desktop,0,195.66,35.72
12466,control,mobile,1,201.26,34.99
17682,control,tablet,0,212.36,25.57
1783,treatment,desktop,1,201.95,87.42
13039,control,mobile,0,209.21,64.42
10141,control,mobile,0,213.65,76.04
77,control,desktop,0,238.24,96.01
9986,control,mobile,0,261.96,57.7
2883,treatment,desktop,0,240.18,105.29
1122,control,desktop,0,245.57,73.9
7491,treatment,desktop,0,217.66,64.82
15003,control,mobile,0,234.3,41.37
16358,treatment,mobile,0,235.94,48.54
8371,control,mobile,0,178.49,67.54
3908,treatment,desktop,0,259.16,21.68
16697,treatment,mobile,0,205.2,50.95
17021,treatment,mobile,0,229.57,50.85
8791,control,mobile,0,191.88,35.43
5031,treatment,desktop,0,209.93,55.96
19508,treatment,tablet,0,272.91,35.64
15319,treatment,mobile,0,235.47,61.93
3946,treatment,desktop,0,256.33,34.05
13552,control,mobile,0,259.13,69.77
13180,control,mobile,0,256.48,76.83
3066,treatment,desktop,0,225.9,54.21
9494,control,mobile,0,142.01,17.73
18858,control,tablet,0,159.94,83.84
10614,control,mobile,0,221.96,40.41
12254,control,mobile,0,213.73,47.01
4683,treatment,desktop,0,212.34,23.08
9182,control,mobile,0,204.38,97.12
18246,control,tablet,0,174.48,56.38
19525,treatment,tablet,0,170.49,41.05
1639,treatment,desktop,0,200.03,40.62
19903,treatment,tablet,0,220.11,18.98
7147,treatment,desktop,0,262.74,57.61
16467,treatment,mobile,0,196.31,64.17
10088,control,mobile,0,197.19,99.89
14179,control,mobile,0,179.51,5012.26
4244,treatment,desktop,0,232.13,64.07
18463,control,tablet,0,189.43,35.53
5827,treatment,desktop,0,210.24,107.33
4186,treatment,desktop,0,262.87,52.19
19888,treatment,tablet,0,176.5,47.04
646,control,desktop,0,232.41,67.68
2472,treatment,desktop,0,218.22,46.92
1402,treatment,desktop,0,217.01,26.16
1114,control,desktop,0,164.24,49.13
14276,control,mobile,1,226.95,47.68
6701,treatment,desktop,0,243.52,38.63
19384,treatment,tablet,0,231.04,41.9
11370,control,mobile,0,208.47,61.48
1002,control,desktop,0,182.11,115.1
11086,control,mobile,0,220.48,42.06
16223,treatment,mobile,0,205.52,43.95
18897,control,tablet,0,211.81,130.7
7727,treatment,desktop,0,214.14,32.95
18791,control,tablet,0,207.92,30.4
18678,control,tablet,0,231.38,102.89
3230,treatment,desktop,0,207.08,29.31
4423,treatment,desktop,0,196.01,22.78
15061,control,mobile,0,218.64,29.44
16899,treatment,mobile,0,250.64,88.32
2353,treatment,desktop,0,250.51,17.49
12984,control,mobile,1,241.25,57.51
10767,control,mobile,0,249.52,22.33
3570,treatment,desktop,0,234.8,53.6
105,control,desktop,0,207.15,42.97
5403,treatment,desktop,0,221.03,32.22
13733,control,mobile,0,185.69,29.95
6033,treatment,desktop,0,246.45,51.89
1379,treatment,desktop,1,206.2,87.76
4155,treatment,desktop,0,253.41,57.34
12329,control,mobile,1,276.59,45.79
11143,control,mobile,0,197.32,22.21
12026,control,mobile,0,227.87,38.88
11997,control,mobile,0,250.16,126.78
6699,treatment,desktop,1,258.67,20.49
12598,control,mobile,0,271.24,53.25
1601,treatment,desktop,0,239.83,99.33
17191,treatment,mobile,0,180.46,62.73
18952,control,tablet,0,211.47,70.46
10085,control,mobile,0,240.46,70.67
3502,treatment,desktop,0,224.06,129.51
16701,treatment,mobile,0,173.42,66.22
6157,treatment,desktop,0,196.25,38.09
4810,treatment,desktop,0,231.19,84.35
2989,treatment,desktop,1,252.72,84.14
4755,treatment,desktop,0,252.23,52.95
5899,treatment,desktop,1,236.1,64.33
15680,treatment,mobile,0,233.57,102.92
11547,control,mobile,0,185.11,39.35
16945,treatment,mobile,0,290.81,34.12
16822,treatment,mobile,0,175.32,84.05
16783,treatment,mobile,1,214.0,28.15
17347,treatment,mobile,0,238.04,23.86
16524,treatment,mobile,0,211.52,69.35
2497,treatment,desktop,0,198.55,36.61
15630,treatment,mobile,0,205.53,28.0
5925,treatment,desktop,0,218.77,27.41
5499,treatment,desktop,1,207.2,21.99
7721,treatment,desktop,1,228.8,98.88
18329,control,tablet,0,220.46,69.28
1629,treatment,desktop,0,262.05,80.48
11134,control,mobile,0,225.11,33.9
17535,control,tablet,0,184.57,32.24
15406,treatment,mobile,0,182.22,37.46
14101,control,mobile,0,203.95,43.31
11580,control,mobile,0,229.98,98.78
16846,treatment,mobile,0,226.03,51.03
13364,control,mobile,0,238.45,53.53
15349,treatment,mobile,0,206.77,39.87
18811,control,tablet,0,246.97,29.42
3847,treatment,desktop,1,237.29,52.01
4393,treatment,desktop,0,216.14,52.89
14981,control,mobile,0,225.45,113.38
15864,treatment,mobile,0,240.43,41.52
15330,treatment,mobile,1,197.56,35.55
5275,treatment,desktop,0,196.47,63.73
7974,treatment,desktop,1,246.18,69.36
10427,control,mobile,0,229.08,127.16
7474,treatment,desktop,0,245.79,94.15
2980,treatment,desktop,0,225.16,73.08
5830,treatment,desktop,1,204.56,31.78
6761,treatment,desktop,0,172.13,87.75
16842,treatment,mobile,0,212.31,56.34
3104,treatment,desktop,0,231.91,47.95
7148,treatment,desktop,0,209.83,37.66
16806,treatment,mobile,0,253.03,28.09
2094,treatment,desktop,0,224.64,48.01
12585,control,mobile,0,256.06,26.18
10539,control,mobile,0,199.5,102.32
3269,treatment,desktop,0,191.04,41.39
7901,treatment,desktop,1,244.02,21.19
5096,treatment,desktop,0,255.26,66.38
17629,control,tablet,1,275.13,63.98
3714,treatment,desktop,0,197.48,31.17
7162,treatment,desktop,0,286.1,59.51
7267,treatment,desktop,0,236.92,21.12
1977,treatment,desktop,0,187.33,39.26
16087,treatment,mobile,0,225.94,33.35
8908,control,mobile,0,184.95,34.3
18182,control,tablet,0,248.2,57.48
1960,treatment,desktop,1,220.75,29.36
19397,treatment,tablet,0,231.67,34.07
15193,treatment,mobile,0,220.78,73.88
6698,treatment,desktop,0,244.37,32.79
5364,treatment,desktop,0,243.58,70.47
11588,control,mobile,0,244.44,68.94
2039,treatment,desktop,1,234.62,61.04
15862,treatment,mobile,0,210.38,100.85
474,control,desktop,0,189.54,43.04
12748,control,mobile,0,249.33,84.48
2359,treatment,desktop,1,193.36,80.02
1076,control,desktop,0,231.8,29.43
8580,control,mobile,0,220.22,44.11
211,control,desktop,1,223.7,61.61
18334,control,tablet,0,202.81,4256.07
2113,treatment,desktop,0,187.35,33.18
17198,treatment,mobile,0,218.71,33.6
3825,treatment,desktop,0,260.39,119.89
809,control,desktop,0,247.14,22.49
4356,treatment,desktop,1,239.87,24.16
18723,control,tablet,0,253.78,52.86
1933,treatment,desktop,0,246.18,77.18
4085,treatment,desktop,0,230.49,70.22
3546,treatment,desktop,0,280.0,42.9
14396,control,mobile,0,164.89,110.3
13862,control,mobile,0,221.92,51.6
9282,control,mobile,0,198.12,34.22
4406,treatment,desktop,0,280.46,25.44
17466,treatment,mobile,0,278.74,70.34
18467,control,tablet,0,215.75,86.39
1450,treatment,desktop,0,249.0,29.67
4669,treatment,desktop,0,219.6,47.6
3552,treatment,desktop,0,233.6,67.67
5279,treatment,desktop,0,152.78,76.29
1698,treatment,desktop,0,265.7,20.48
3618,treatment,desktop,1,239.17,72.32
16501,treatment,mobile,0,265.53,60.73
8690,control,mobile,0,293.5,43.63
14217,control,mobile,0,237.0,44.28
19070,treatment,tablet,0,201.99,57.37
4641,treatment,desktop,0,219.89,41.43
5395,treatment,desktop,0,197.59,83.36
863,control,desktop,0,278.2,34.81
13878,control,mobile,0,266.04,43.67
8301,control,mobile,0,239.54,91.5
7255,treatment,desktop,0,223.14,72.91
6581,treatment,desktop,0,232.67,27.35
15700,treatment,mobile,0,166.84,92.74
18753,control,tablet,0,235.83,49.07
13957,control,mobile,1,157.92,52.75
876,control,desktop,1,259.51,10.27
13754,control,mobile,0,229.52,58.89
9217,control,mobile,0,262.46,163.25
7677,treatment,desktop,0,257.66,57.56
11975,control,mobile,0,249.6,41.4
779,control,desktop,0,178.34,84.03
11430,control,mobile,0,200.64,50.16
18754,control,tablet,0,256.15,42.8
7009,treatment,desktop,0,222.32,92.34
15396,treatment,mobile,0,215.4,72.23
19724,treatment,tablet,0,203.28,80.53
10170,control,mobile,0,205.36,53.07
5630,treatment,desktop,0,176.15,17.57
16345,treatment,mobile,0,229.31,53.53
10991,control,mobile,0,220.26,28.99
5272,treatment,desktop,0,166.68,50.59
15188,treatment,mobile,0,215.77,135.48
11868,control,mobile,0,222.13,5996.69
9066,control,mobile,0,226.58,29.97
15681,treatment,mobile,0,279.15,32.15
15543,treatment,mobile,0,214.04,77.94
16038,treatment,mobile,0,242.9,143.64
7120,treatment,desktop,0,246.16,71.44
12417,control,mobile,0,189.69,70.77
3930,treatment,desktop,1,205.38,51.95
1103,control,desktop,1,248.6,85.05
3764,treatment,desktop,0,226.01,57.14
4681,treatment,desktop,0,200.26,86.27
13107,control,mobile,0,224.41,99.73
8582,control,mobile,0,185.61,34.01
16158,treatment,mobile,0,172.03,55.16
12980,control,mobile,0,291.48,156.03
202,control,desktop,0,241.57,83.49
12704,control,mobile,0,187.11,96.79
14195,control,mobile,0,207.46,47.25
6543,treatment,desktop,1,231.41,34.66
3304,treatment,desktop,1,209.61,31.35
6968,treatment,desktop,0,220.35,46.62
19826,treatment,tablet,0,267.32,36.84
14897,control,mobile,0,269.03,65.19
4928,treatment,desktop,0,224.2,70.93
15007,control,mobile,0,225.08,47.06
1666,treatment,desktop,0,212.95,40.07
14434,control,mobile,0,224.47,67.47
9140,control,mobile,0,261.73,33.07
11319,control,mobile,0,229.53,54.13
12865,control,mobile,0,206.79,18.08
16966,treatment,mobile,0,190.91,53.41
1160,control,desktop,0,241.05,17.85
18538,control,tablet,0,178.72,77.02
18818,control,tablet,0,231.45,42.56
19913,treatment,tablet,0,235.31,54.59
2910,treatment,desktop,1,196.91,74.49
10378,control,mobile,0,234.8,27.46
7674,treatment,desktop,1,210.14,113.3
13209,control,mobile,1,218.33,111.68
19800,treatment,tablet,0,192.65,43.99
1831,treatment,desktop,0,259.37,100.32
11819,control,mobile,0,186.26,16.03
15962,treatment,mobile,0,261.84,79.97
15799,treatment,mobile,0,230.01,41.91
12958,control,mobile,1,254.67,22.31
9932,control,mobile,0,245.64,40.39
8215,control,mobile,0,232.66,33.32
10974,control,mobile,0,197.27,38.81
14354,control,mobile,1,197.21,40.89
18629,control,tablet,0,229.12,49.71
8638,control,mobile,0,197.02,37.2
2029,treatment,desktop,0,210.27,30.29
16199,treatment,mobile,0,214.73,48.18
10060,control,mobile,0,264.68,41.44
3253,treatment,desktop,0,257.88,44.16
19695,treatment,tablet,0,211.51,17.77
19720,treatment,tablet,0,178.15,127.08
9411,control,mobile,0,218.38,42.38
18907,control,tablet,0,225.59,35.36
4446,treatment,desktop,0,232.78,55.01
13029,control,mobile,0,172.44,54.68
7468,treatment,desktop,0,193.54,49.77
923,control,desktop,0,222.31,60.46
10513,control,mobile,1,205.27,46.23
1118,control,desktop,0,222.49,70.44
6327,treatment,desktop,0,253.46,3595.21
10114,control,mobile,0,235.82,32.38
5965,treatment,desktop,0,237.99,49.89
16684,treatment,mobile,0,196.61,89.72
12418,control,mobile,0,241.54,53.68
457,control,desktop,0,230.76,52.96
7719,treatment,desktop,0,192.54,64.15
10865,control,mobile,0,241.14,28.02
8281,control,mobile,0,188.17,39.26
12746,control,mobile,0,230.98,67.37
6521,treatment,desktop,0,241.61,91.43
14188,control,mobile,0,191.12,84.64
11750,control,mobile,0,218.28,83.38
2677,treatment,desktop,0,241.05,90.96
17569,control,tablet,0,192.17,40.24
5779,treatment,desktop,1,210.61,70.19
12890,control,mobile,0,257.74,104.55
4777,treatment,desktop,0,208.95,46.26
600,control,desktop,0,227.18,66.99
18632,control,tablet,0,158.43,40.35
12224,control,mobile,0,213.63,47.41
5623,treatment,desktop,0,224.03,40.99
14656,control,mobile,0,205.02,35.7
15579,treatment,mobile,0,209.23,29.82
16245,treatment,mobile,0,232.91,105.72
6481,treatment,desktop,0,252.32,101.66
12847,control,mobile,0,245.57,30.12
18178,control,tablet,0,232.73,53.07
5807,treatment,desktop,0,184.93,62.72
15155,treatment,mobile,0,215.73,51.67
8261,control,mobile,0,201.72,91.91
1619,treatment,desktop,0,230.72,83.22
7971,treatment,desktop,0,234.72,46.3
12531,control,mobile,0,189.89,77.71
15248,treatment,mobile,0,190.89,41.01
6260,treatment,desktop,0,228.66,61.29
12052,control,mobile,0,160.66,41.5
15128,treatment,mobile,0,239.45,103.81
10366,control,mobile,0,228.86,48.95
3078,treatment,desktop,0,207.41,124.85
19796,treatment,tablet,0,240.36,52.78
5850,treatment,desktop,0,183.31,23.45
10074,control,mobile,0,207.6,39.57
848,control,desktop,0,275.7,33.83
4140,treatment,desktop,1,226.37,38.08
8172,treatment,desktop,0,214.94,71.72
11452,control,mobile,0,211.6,32.0
2965,treatment,desktop,0,250.35,52.62
15539,treatment,mobile,0,225.72,46.87
3945,treatment,desktop,0,239.07,36.69
6678,treatment,desktop,0,252.6,79.31
3072,treatment,desktop,1,278.28,161.47
13323,control,mobile,0,260.54,75.66
5720,treatment,desktop,0,224.0,34.96
15174,treatment,mobile,0,197.22,53.07
11896,control,mobile,0,190.72,57.34
15755,treatment,mobile,0,214.68,54.3
932,control,desktop,0,219.45,38.04
18386,control,tablet,0,209.75,29.25
11072,control,mobile,0,247.39,51.42
3391,treatment,desktop,0,266.61,33.75
3033,treatment,desktop,1,183.16,38.21
4802,treatment,desktop,0,214.42,49.49
4797,treatment,desktop,0,222.24,39.76
3555,treatment,desktop,0,192.16,32.32
17617,control,tablet,0,260.73,38.7
11073,control,mobile,0,210.32,37.34
6047,treatment,desktop,0,189.36,20.02
10569,control,mobile,0,233.29,26.96
16035,treatment,mobile,0,239.58,48.04
152,control,desktop,0,182.29,41.81
11964,control,mobile,0,283.26,62.02
15686,treatment,mobile,0,225.88,22.87
2642,treatment,desktop,0,278.07,86.28
8297,control,mobile,0,191.87,38.34
13991,control,mobile,0,204.9,70.3
15101,treatment,mobile,0,268.77,56.37
15522,treatment,mobile,0,296.91,24.14
15066,control,mobile,0,217.15,85.02
4006,treatment,desktop,0,178.23,69.26
9881,control,mobile,0,192.89,40.99
5727,treatment,desktop,0,226.28,31.4
1351,treatment,desktop,0,217.62,34.45
8017,treatment,desktop,0,247.63,83.08
12594,control,mobile,0,219.18,35.83
4787,treatment,desktop,0,206.9,34.38
4656,treatment,desktop,0,231.07,33.15
2572,treatment,desktop,0,259.31,44.3
17463,treatment,mobile,0,190.26,52.57
15965,treatment,mobile,0,261.99,41.26
4020,treatment,desktop,1,243.57,53.68
5950,treatment,desktop,0,244.02,51.04
11117,control,mobile,0,197.42,49.3
5730,treatment,desktop,0,212.94,32.78
17393,treatment,mobile,0,211.07,55.78
6497,treatment,desktop,0,237.99,31.84
3776,treatment,desktop,0,190.83,29.34
9319,control,mobile,0,236.0,26.86
5932,treatment,desktop,0,218.57,91.16
18743,control,tablet,0,233.28,51.88
4998,treatment,desktop,0,263.31,38.0
9739,control,mobile,0,224.7,52.1
2931,treatment,desktop,0,228.8,38.82
10586,control,mobile,0,203.67,19.3
1352,treatment,desktop,1,253.27,33.95
3256,treatment,desktop,0,234.71,5311.38
888,control,desktop,0,255.05,58.25
16780,treatment,mobile,0,197.02,34.11
670,control,desktop,1,258.43,30.3
12302,control,mobile,0,242.7,40.19
9893,control,mobile,0,258.38,34.32
11855,control,mobile,0,196.17,70.91
11001,control,mobile,0,169.74,59.61
9602,control,mobile,0,201.56,51.08
14717,control,mobile,0,202.54,31.8
249,control,desktop,0,273.63,57.8
1006,control,desktop,0,213.83,82.92
9205,control,mobile,0,162.43,26.26
15954,treatment,mobile,0,225.14,81.43
15977,treatment,mobile,0,286.17,132.94
1683,treatment,desktop,1,183.41,41.99
12528,control,mobile,0,254.94,26.46
7600,treatment,desktop,0,164.22,41.96
19684,treatment,tablet,0,241.56,32.75
1539,treatment,desktop,0,226.59,28.27
15114,treatment,mobile,0,207.88,82.2
6192,treatment,desktop,0,214.79,98.96
7108,treatment,desktop,0,200.75,50.45
7949,treatment,desktop,1,229.29,48.51
11743,control,mobile,0,222.24,96.12
1222,treatment,desktop,1,244.13,89.87
6733,treatment,desktop,0,189.95,69.88
16341,treatment,mobile,0,168.99,41.22
9727,control,mobile,0,222.07,91.6
8590,control,mobile,0,196.03,58.6
19137,treatment,tablet,0,242.47,24.62
10499,control,mobile,0,204.11,58.23
15860,treatment,mobile,0,226.37,135.55
19439,treatment,tablet,0,269.31,39.76
12065,control,mobile,0,219.57,28.46
15112,treatment,mobile,0,229.08,38.72
18435,control,tablet,0,269.3,56.63
16998,treatment,mobile,0,213.4,35.44
18068,control,tablet,0,198.42,39.33
1317,treatment,desktop,0,221.72,44.69
18193,control,tablet,0,235.33,87.03
12086,control,mobile,0,202.86,95.52
660,control,desktop,0,232.04,81.79
11293,control,mobile,0,176.28,56.51
13513,control,mobile,0,245.89,36.17
19428,treatment,tablet,0,247.11,31.08
14359,control,mobile,0,209.59,45.85
16533,treatment,mobile,0,277.85,59.68
4066,treatment,desktop,0,202.93,55.5
8931,control,mobile,0,272.61,50.76
19359,treatment,tablet,0,142.53,44.75
8717,control,mobile,0,236.51,54.07
7732,treatment,desktop,0,210.55,53.27
12179,control,mobile,1,219.78,102.81
5410,treatment,desktop,0,203.91,47.85
19535,treatment,tablet,0,190.51,37.08
8224,control,mobile,0,250.89,43.01
10408,control,mobile,0,233.41,79.67
19912,treatment,tablet,0,212.91,47.05
4760,treatment,desktop,0,177.2,89.85
2633,treatment,desktop,0,183.25,72.94
624,control,desktop,0,245.05,32.99
15181,treatment,mobile,0,210.28,22.28
13755,control,mobile,0,171.3,32.23
19585,treatment,tablet,0,260.5,64.98
7435,treatment,desktop,0,247.48,62.36
9572,control,mobile,0,265.83,57.99
10174,control,mobile,0,213.24,25.42
16819,treatment,mobile,0,170.74,41.74
10979,control,mobile,0,212.69,53.5
14743,control,mobile,0,241.39,42.04
9636,control,mobile,0,212.02,40.32
16503,treatment,mobile,0,200.13,88.91
15714,treatment,mobile,0,206.15,90.14
5862,treatment,desktop,1,241.04,43.23
6076,treatment,desktop,0,190.55,77.68
6297,treatment,desktop,0,241.26,44.21
10633,control,mobile,0,174.65,63.26
13786,control,mobile,0,248.9,82.68
18099,control,tablet,1,176.03,82.23
14323,control,mobile,0,241.31,30.9
582,control,desktop,0,231.19,74.72
19367,treatment,tablet,0,244.88,114.97
12590,control,mobile,0,237.15,97.76
18888,control,tablet,0,177.13,79.46
18558,control,tablet,0,200.5,83.07
2579,treatment,desktop,1,223.73,34.62
2865,treatment,desktop,0,240.69,31.65
2956,treatment,desktop,0,189.67,59.78
22,control,desktop,1,195.88,41.34
2188,treatment,desktop,1,247.03,80.07
6987,treatment,desktop,0,184.56,55.24
3676,treatment,desktop,0,255.02,54.91
10491,control,mobile,0,254.71,42.71
4254,treatment,desktop,0,200.54,30.34
18290,control,tablet,0,258.95,31.29
4917,treatment,desktop,0,238.19,83.45
18653,control,tablet,0,235.85,23.52
16832,treatment,mobile,0,217.72,24.66
12901,control,mobile,0,250.1,44.44
18497,control,tablet,0,207.63,61.14
8387,control,mobile,0,209.54,22.01
14561,control,mobile,0,243.83,29.29
8357,control,mobile,0,273.11,108.67
1564,treatment,desktop,0,211.44,26.54
18802,control,tablet,0,225.24,42.18
802,control,desktop,0,221.44,58.51
8294,control,mobile,0,212.29,45.93
4663,treatment,desktop,0,200.06,99.12
12138,control,mobile,0,174.95,48.18
18546,control,tablet,0,194.61,69.47
11047,control,mobile,0,206.76,121.08
6931,treatment,desktop,0,249.12,33.27
2256,treatment,desktop,0,214.56,20.81
11339,control,mobile,0,186.43,62.37
9952,control,mobile,0,233.21,21.13
19805,treatment,tablet,0,214.61,68.91
15779,treatment,mobile,0,176.89,119.32
4959,treatment,desktop,0,238.51,18.64
9768,control,mobile,0,272.07,61.64
13621,control,mobile,0,238.15,48.57
10322,control,mobile,0,221.65,72.94
9992,control,mobile,0,222.04,72.86
3606,treatment,desktop,0,210.95,39.93
18900,control,tablet,0,167.25,121.71
2221,treatment,desktop,0,248.66,43.31
12300,control,mobile,1,263.88,49.41
1649,treatment,desktop,0,218.09,82.23
18067,control,tablet,0,203.29,37.1
4253,treatment,desktop,0,233.43,41.02
6808,treatment,desktop,0,249.92,31.1
14980,control,mobile,0,236.16,34.29
4350,treatment,desktop,0,246.95,66.99
13934,control,mobile,1,237.66,38.42
8111,treatment,desktop,0,233.54,32.89
2930,treatment,desktop,0,224.11,50.36
7941,treatment,desktop,1,234.39,32.5
6728,treatment,desktop,0,173.5,90.48
18519,control,tablet,0,225.59,28.02
19364,treatment,tablet,0,231.73,44.39
9044,control,mobile,0,230.91,62.18
15264,treatment,mobile,0,231.12,45.0
12424,control,mobile,0,155.26,65.83
15841,treatment,mobile,0,191.99,97.1
1562,treatment,desktop,0,206.23,51.48
9888,control,mobile,1,240.05,86.03
5897,treatment,desktop,0,233.19,104.33
14381,control,mobile,0,238.48,41.59
4024,treatment,desktop,1,254.53,64.59
16669,treatment,mobile,0,229.3,98.18
8175,treatment,desktop,0,229.63,30.08
14052,control,mobile,0,219.49,49.3
1873,treatment,desktop,0,207.74,71.42
18380,control,tablet,0,243.02,68.13
8524,control,mobile,0,219.72,22.95
8549,control,mobile,0,198.22,39.44
13897,control,mobile,0,235.04,59.02
5814,treatment,desktop,0,185.44,32.62
5271,treatment,desktop,0,290.88,39.8
5838,treatment,desktop,0,251.22,107.7
16121,treatment,mobile,0,261.88,42.61
9718,control,mobile,0,201.2,22.92
483,control,desktop,1,202.32,81.44
13141,control,mobile,0,227.55,22.06
14394,control,mobile,0,238.49,26.47
19897,treatment,tablet,0,164.16,46.61
10436,control,mobile,0,229.72,66.18
4079,treatment,desktop,1,238.12,34.89
4419,treatment,desktop,0,222.38,37.58
15205,treatment,mobile,0,195.73,59.98
6918,treatment,desktop,0,229.83,62.91
11553,control,mobile,0,240.88,101.84
12969,control,mobile,0,256.64,85.71
16214,treatment,mobile,0,231.36,26.96
6350,treatment,desktop,0,166.59,40.71
7639,treatment,desktop,0,221.47,21.42
4724,treatment,desktop,0,234.64,44.2
4377,treatment,desktop,0,239.68,89.79
3557,treatment,desktop,0,223.02,121.91
4575,treatment,desktop,0,191.42,33.92
13993,control,mobile,0,209.79,67.34
1857,treatment,desktop,0,217.09,55.78
3353,treatment,desktop,0,297.09,54.14
16400,treatment,mobile,0,220.27,54.3
159,control,desktop,1,186.94,144.64
17087,treatment,mobile,0,208.8,51.74
13261,control,mobile,0,225.82,79.63
2176,treatment,desktop,0,244.24,20.77
18221,control,tablet,0,218.76,42.9
19619,treatment,tablet,0,177.47,20.22
16264,treatment,mobile,0,219.67,66.13
8512,control,mobile,0,217.17,76.03
8001,treatment,desktop,0,279.37,110.04
8779,control,mobile,0,207.53,97.09
15817,treatment,mobile,0,251.22,30.69
17086,treatment,mobile,0,216.45,56.06
5108,treatment,desktop,0,228.93,41.66
4628,treatment,desktop,0,235.21,64.3
2690,treatment,desktop,0,165.97,44.83
17739,control,tablet,0,183.82,19.02
16986,treatment,mobile,0,211.48,43.25
19511,treatment,tablet,0,232.29,71.79
18856,control,tablet,0,242.01,32.24
17045,treatment,mobile,0,164.37,106.39
2057,treatment,desktop,0,238.64,67.69
13206,control,mobile,0,196.82,35.46
18630,control,tablet,0,167.2,97.42
10104,control,mobile,0,228.48,52.86
15194,treatment,mobile,0,214.16,20.73
4796,treatment,desktop,0,194.07,44.95
17260,treatment,mobile,0,206.97,41.29
7815,treatment,desktop,0,222.54,45.58
18131,control,tablet,0,215.28,42.93
19717,treatment,tablet,0,221.6,32.01
6386,treatment,desktop,0,157.97,33.28
12586,control,mobile,0,209.93,48.94
15107,treatment,mobile,0,236.9,48.61
7033,treatment,desktop,0,243.92,72.56
17317,treatment,mobile,0,208.03,31.67
3279,treatment,desktop,0,247.53,65.44
2874,treatment,desktop,0,233.04,95.25
8800,control,mobile,0,268.39,33.99
8306,control,mobile,0,182.07,50.55
16377,treatment,mobile,1,216.81,63.67
19968,treatment,tablet,0,193.45,56.23
15286,treatment,mobile,0,252.35,56.09
19129,treatment,tablet,0,199.58,45.15
1986,treatment,desktop,0,202.31,22.6
4889,treatment,desktop,0,148.58,33.94
9377,control,mobile,0,190.25,110.51
1963,treatment,desktop,0,259.19,28.06
12839,control,mobile,0,240.19,70.74
5661,treatment,desktop,0,176.39,37.09
10302,control,mobile,0,296.1,86.76
13925,control,mobile,0,272.05,82.22
12409,control,mobile,0,213.8,26.47
1813,treatment,desktop,0,165.77,65.13
12430,control,mobile,0,134.1,54.2
10023,control,mobile,0,196.39,39.03
7448,treatment,desktop,0,167.08,46.35
5441,treatment,desktop,0,200.62,61.99
15484,treatment,mobile,1,187.72,87.2
1307,treatment,desktop,0,167.79,66.83
19501,treatment,tablet,0,222.43,54.4
7231,treatment,desktop,1,238.84,88.82
9206,control,mobile,0,237.22,34.52
9765,control,mobile,0,248.24,59.35
749,control,desktop,0,193.39,37.4
15138,treatment,mobile,0,261.61,129.84
3173,treatment,desktop,0,185.85,50.83
3225,treatment,desktop,0,240.87,58.06
12803,control,mobile,0,215.64,24.21
15840,treatment,mobile,1,217.09,66.31
16029,treatment,mobile,0,235.66,29.18
16886,treatment,mobile,0,198.37,47.08
4484,treatment,desktop,0,183.25,37.78
7374,treatment,desktop,0,228.86,40.9
19256,treatment,tablet,0,238.23,107.95
11214,control,mobile,0,235.55,136.68
5408,treatment,desktop,0,218.24,9.4
18354,control,tablet,0,227.61,38.83
19836,treatment,tablet,0,204.01,19.7
13483,control,mobile,0,200.32,46.43
6305,treatment,desktop,1,192.87,47.88
377,control,desktop,0,233.5,136.5
4354,treatment,desktop,0,275.33,81.81
7635,treatment,desktop,0,240.54,24.79
3896,treatment,desktop,0,197.66,52.86
925,control,desktop,0,230.67,48.87
12458,control,mobile,0,213.94,68.1
903,control,desktop,0,196.54,51.98
7910,treatment,desktop,1,248.56,73.91
428,control,desktop,0,249.41,71.19
15833,treatment,mobile,0,146.36,65.1
6370,treatment,desktop,0,214.04,45.82
15912,treatment,mobile,0,208.34,102.07
7876,treatment,desktop,0,190.69,40.42
4096,treatment,desktop,1,167.09,50.26
2822,treatment,desktop,0,197.77,55.53
3449,treatment,desktop,0,208.21,40.49
10033,control,mobile,0,232.65,64.49
6873,treatment,desktop,0,199.15,34.46
12429,control,mobile,0,267.17,28.2
5551,treatment,desktop,0,183.82,75.47
6005,treatment,desktop,1,229.76,34.69
17328,treatment,mobile,0,185.95,74.77
129,control,desktop,0,220.85,44.93
15623,treatment,mobile,0,206.96,35.3
565,control,desktop,0,237.41,96.5
15763,treatment,mobile,0,237.36,45.87
19963,treatment,tablet,0,210.94,23.96
178,control,desktop,0,209.46,53.17
13381,control,mobile,0,243.42,62.93
16284,treatment,mobile,0,258.41,45.17
2994,treatment,desktop,0,179.02,89.63
12716,control,mobile,0,229.93,55.62
2848,treatment,desktop,0,201.04,17.72
151,control,desktop,0,244.44,34.72
89,control,desktop,0,181.27,108.18
13121,control,mobile,0,190.56,48.53
4505,treatment,desktop,0,178.69,55.97
11622,control,mobile,0,220.38,30.14
5187,treatment,desktop,0,214.0,55.4
15268,treatment,mobile,0,228.41,23.81
8695,control,mobile,0,262.13,79.1
19406,treatment,tablet,0,249.17,29.69
2991,treatment,desktop,0,223.17,16.16
5545,treatment,desktop,0,205.4,157.77
5373,treatment,desktop,1,216.66,41.54
13009,control,mobile,0,195.36,48.54
7831,treatment,desktop,0,187.71,59.05
8094,treatment,desktop,0,251.93,28.8
7539,treatment,desktop,0,211.45,12.82
597,control,desktop,0,240.88,30.07
43,control,desktop,0,221.38,33.22
8119,treatment,desktop,0,261.16,99.03
3560,treatment,desktop,1,222.38,28.17
18174,control,tablet,0,191.71,74.32
17264,treatment,mobile,0,245.31,109.85
10894,control,mobile,0,146.09,68.45
13367,control,mobile,0,212.14,46.43
3241,treatment,desktop,0,271.26,62.53
5396,treatment,desktop,0,208.9,12.24
1553,treatment,desktop,1,208.65,60.38
17041,treatment,mobile,0,193.59,38.17
9267,control,mobile,0,270.78,117.54
2102,treatment,desktop,0,203.76,42.27
13333,control,mobile,0,210.86,45.16
5709,treatment,desktop,0,232.98,40.31
17950,control,tablet,1,217.1,112.12
2527,treatment,desktop,1,224.54,69.46
13426,control,mobile,0,245.94,36.53
4222,treatment,desktop,0,212.48,57.13
16522,treatment,mobile,0,239.05,25.06
13781,control,mobile,0,275.56,29.73
18797,control,tablet,0,250.65,122.32
4931,treatment,desktop,0,254.75,27.79
16572,treatment,mobile,0,213.45,81.85
76,control,desktop,0,250.41,53.3
1568,treatment,desktop,0,226.56,52.53
14382,control,mobile,0,233.42,64.43
15004,control,mobile,0,220.64,16.66
7280,treatment,desktop,0,199.32,54.43
16155,treatment,mobile,0,238.88,37.17
17219,treatment,mobile,0,235.0,88.69
13231,control,mobile,0,227.36,47.84
17790,control,tablet,0,247.81,51.44
16940,treatment,mobile,0,183.27,56.52
2225,treatment,desktop,0,221.21,155.56
9369,control,mobile,0,170.66,17.54
1680,treatment,desktop,1,251.75,29.67
7275,treatment,desktop,0,193.41,48.96
8716,control,mobile,0,251.18,37.47
16579,treatment,mobile,0,229.56,25.94
3379,treatment,desktop,0,206.11,40.09
6565,treatment,desktop,0,162.55,97.07
15300,treatment,mobile,0,241.77,44.1
17890,control,tablet,0,190.7,30.09
2245,treatment,desktop,0,258.4,112.35
5538,treatment,desktop,1,207.27,21.42
10130,control,mobile,0,233.26,57.93
13499,control,mobile,0,246.34,41.72
9191,control,mobile,0,236.54,47.4
2524,treatment,desktop,0,253.45,32.92
15619,treatment,mobile,0,245.66,27.16
17720,control,tablet,1,241.61,17.25
887,control,desktop,0,205.53,30.78
14916,control,mobile,0,233.33,64.84
4461,treatment,desktop,0,236.63,33.33
17538,control,tablet,0,236.12,84.02
19806,treatment,tablet,0,250.84,70.65
7683,treatment,desktop,0,225.23,50.61
19792,treatment,tablet,0,253.86,14.0
11558,control,mobile,0,246.42,40.37
19947,treatment,tablet,0,232.59,42.33
3547,treatment,desktop,0,142.46,38.73
15524,treatment,mobile,0,236.74,104.49
10782,control,mobile,0,226.01,40.46
6932,treatment,desktop,0,251.62,69.32
15615,treatment,mobile,0,203.58,39.02
389,control,desktop,1,185.69,21.11
17206,treatment,mobile,0,266.12,22.3
8055,treatment,desktop,0,262.46,15.71
16102,treatment,mobile,0,179.26,56.05
14046,control,mobile,0,206.01,62.39
6010,treatment,desktop,0,168.89,40.11
19290,treatment,tablet,0,214.62,19.61
7775,treatment,desktop,0,202.7,72.55
8142,treatment,desktop,0,215.92,81.98
10066,control,mobile,0,250.16,45.39
12745,control,mobile,0,235.92,39.78
3407,treatment,desktop,0,180.71,34.07
5155,treatment,desktop,0,237.11,120.39
2414,treatment,desktop,0,249.94,31.84
10897,control,mobile,0,230.96,43.15
1354,treatment,desktop,1,217.38,112.84
7293,treatment,desktop,0,257.38,34.51
17903,control,tablet,0,250.43,27.51
10533,control,mobile,0,248.47,33.0
5338,treatment,desktop,0,194.17,38.0
8350,control,mobile,0,193.9,113.84
9640,control,mobile,0,254.02,41.99
12644,control,mobile,0,162.63,110.42
19687,treatment,tablet,0,238.78,85.54
8527,control,mobile,0,179.5,50.98
10058,control,mobile,0,236.85,67.39
17929,control,tablet,0,240.1,61.55
3884,treatment,desktop,0,220.95,18.92
7537,treatment,desktop,0,251.68,30.61
6128,treatment,desktop,1,192.74,62.07
3007,treatment,desktop,0,238.28,39.56
8833,control,mobile,0,297.95,40.28
11204,control,mobile,0,248.99,13.5
16801,treatment,mobile,0,242.57,162.91
11811,control,mobile,0,241.34,46.18
19345,treatment,tablet,0,253.08,16.18
15606,treatment,mobile,0,217.82,70.59
11193,control,mobile,0,267.19,142.42
10183,control,mobile,0,240.18,61.91
11017,control,mobile,0,208.68,44.15
12671,control,mobile,0,236.59,26.09
7591,treatment,desktop,0,263.98,69.18
6920,treatment,desktop,0,214.97,30.24
4269,treatment,desktop,0,236.64,88.92
8285,control,mobile,0,207.69,51.27
19921,treatment,tablet,0,218.3,38.87
2564,treatment,desktop,0,202.34,43.02
9511,control,mobile,0,186.25,38.0
11040,control,mobile,0,215.52,32.38
7517,treatment,desktop,0,222.01,35.54
18492,control,tablet,1,204.71,20.77
57,control,desktop,1,157.44,87.49
13664,control,mobile,0,211.21,119.21
17250,treatment,mobile,0,260.71,145.46
1798,treatment,desktop,1,208.08,23.06
7171,treatment,desktop,0,195.01,50.58
156,control,desktop,0,208.43,32.03
15546,treatment,mobile,0,221.09,27.42
7797,treatment,desktop,0,185.54,25.15
11738,control,mobile,0,196.66,79.63
3730,treatment,desktop,0,219.98,215.62
3858,treatment,desktop,0,208.81,104.04
6738,treatment,desktop,0,216.67,41.79
15267,treatment,mobile,0,250.17,78.26
15929,treatment,mobile,0,250.87,28.2
1236,treatment,desktop,1,231.47,38.48
12661,control,mobile,0,169.87,114.35
7294,treatment,desktop,0,225.33,27.91
14109,control,mobile,0,201.07,34.13
10143,control,mobile,1,231.63,41.16
12495,control,mobile,0,223.75,37.34
16792,treatment,mobile,0,231.21,61.25
7021,treatment,desktop,0,231.61,36.21
19471,treatment,tablet,0,237.33,120.36
18514,control,tablet,0,212.48,105.48
17836,control,tablet,0,265.22,19.28
19813,treatment,tablet,0,237.04,42.81
18225,control,tablet,0,240.48,23.11
17606,control,tablet,0,190.86,32.06
5137,treatment,desktop,0,176.61,34.01
19443,treatment,tablet,0,212.36,53.12
19011,treatment,tablet,0,235.35,50.52
9829,control,mobile,0,202.36,60.79
16089,treatment,mobile,0,260.31,67.48
1753,treatment,desktop,0,173.74,50.87
13346,control,mobile,0,210.85,60.62
10628,control,mobile,0,262.25,143.21
6674,treatment,desktop,1,240.76,70.28
9305,control,mobile,0,216.57,75.01
19317,treatment,tablet,0,158.47,25.83
17104,treatment,mobile,0,198.59,65.22
18638,control,tablet,0,188.21,67.05
11270,control,mobile,0,234.19,59.11
13663,control,mobile,0,275.69,34.09
15285,treatment,mobile,0,191.33,60.75
5909,treatment,desktop,0,277.27,106.57
13802,control,mobile,1,206.1,33.58
3765,treatment,desktop,0,146.55,152.55
9679,control,mobile,0,238.73,75.32
12813,control,mobile,0,243.12,38.63
12986,control,mobile,0,230.67,49.78
8531,control,mobile,0,181.97,45.46
9674,control,mobile,0,246.31,30.1
15089,control,mobile,0,220.99,48.16
8773,control,mobile,0,168.23,53.17
11661,control,mobile,1,252.32,24.32
12315,control,mobile,0,215.19,48.75
7507,treatment,desktop,1,248.57,32.52
5719,treatment,desktop,1,225.84,32.78
7216,treatment,desktop,0,253.29,57.35
6888,treatment,desktop,0,197.51,73.77
15638,treatment,mobile,0,196.05,67.61
6272,treatment,desktop,0,233.86,51.66
17070,treatment,mobile,0,225.26,77.95
15189,treatment,mobile,0,201.25,51.99
931,control,desktop,0,171.0,62.05
13963,control,mobile,0,240.51,29.82
19309,treatment,tablet,0,235.07,27.01
24,control,desktop,0,165.38,18.62
9309,control,mobile,0,178.15,42.65
15364,treatment,mobile,0,206.22,89.35
14689,control,mobile,0,211.83,71.62
5758,treatment,desktop,0,222.38,51.64
19878,treatment,tablet,0,208.96,33.53
8925,control,mobile,0,255.97,90.65
3642,treatment,desktop,1,229.41,40.99
3960,treatment,desktop,0,243.27,26.91
5192,treatment,desktop,0,238.21,46.7
6757,treatment,desktop,0,217.01,75.07
14574,control,mobile,0,181.06,67.39
2794,treatment,desktop,0,194.84,27.35
14694,control,mobile,0,224.06,45.44
15277,treatment,mobile,0,186.02,47.11
3452,treatment,desktop,0,222.34,29.45
17856,control,tablet,0,207.04,36.63
1836,treatment,desktop,0,291.3,73.27
12140,control,mobile,0,171.0,43.64
3693,treatment,desktop,0,214.32,63.03
15773,treatment,mobile,0,212.02,54.85
12348,control,mobile,0,195.95,62.81
722,control,desktop,0,221.89,92.3
13869,control,mobile,0,245.36,48.05
5939,treatment,desktop,0,227.88,98.55
7323,treatment,desktop,1,201.07,40.07
9587,control,mobile,0,180.24,19.16
11310,control,mobile,0,229.04,55.49
19140,treatment,tablet,0,276.63,60.81
17435,treatment,mobile,0,252.02,26.36
14534,control,mobile,0,224.64,86.36
14844,control,mobile,0,252.14,60.65
2107,treatment,desktop,0,166.82,54.78
17185,treatment,mobile,0,224.25,187.97
12907,control,mobile,0,207.76,19.23
9082,control,mobile,0,215.94,70.89
1789,treatment,desktop,0,267.51,29.27
14355,control,mobile,0,186.71,165.23
9332,control,mobile,0,215.75,38.1
2978,treatment,desktop,0,242.49,39.11
9492,control,mobile,0,223.81,75.46
15583,treatment,mobile,0,220.45,39.35
5970,treatment,desktop,0,227.24,79.75
19435,treatment,tablet,0,238.97,50.76
5662,treatment,desktop,0,267.16,48.54
11004,control,mobile,0,197.18,61.12
1175,control,desktop,0,181.64,36.39
7135,treatment,desktop,0,185.82,25.2
10663,control,mobile,0,206.22,49.07
16973,treatment,mobile,0,143.29,63.5
13903,control,mobile,0,228.06,110.15
117,control,desktop,0,242.62,144.87
15041,control,mobile,0,212.77,92.8
17552,control,tablet,0,249.17,48.86
1067,control,desktop,0,274.54,73.45
18996,control,tablet,1,291.91,38.7
15265,treatment,mobile,0,193.84,57.7
17791,control,tablet,1,220.7,59.03
14989,control,mobile,0,216.63,73.93
4615,treatment,desktop,0,258.62,31.04
11905,control,mobile,0,233.86,46.0
9609,control,mobile,0,198.9,44.58
3804,treatment,desktop,1,156.83,128.6
14075,control,mobile,0,188.26,40.93
16745,treatment,mobile,0,231.1,50.46
16910,treatment,mobile,0,192.43,54.33
7351,treatment,desktop,0,190.92,50.41
2672,treatment,desktop,1,288.74,32.73
7869,treatment,desktop,1,196.94,62.88
10399,control,mobile,0,217.0,40.15
798,control,desktop,0,221.28,33.37
10721,control,mobile,0,218.06,67.88
5878,treatment,desktop,0,224.54,111.28
11772,control,mobile,0,207.94,151.89
1168,control,desktop,0,240.47,43.58
14090,control,mobile,0,217.04,28.86
16754,treatment,mobile,0,274.86,117.26
12546,control,mobile,0,226.08,27.63
13088,control,mobile,0,234.88,44.09
17304,treatment,mobile,0,293.06,55.49
14117,control,mobile,0,225.07,211.44
17380,treatment,mobile,0,202.41,40.59
694,control,desktop,1,217.68,63.21
6746,treatment,desktop,0,237.42,36.97
1003,control,desktop,0,238.23,67.98
5957,treatment,desktop,0,204.62,102.54
9470,control,mobile,0,214.14,124.58
12870,control,mobile,0,213.97,49.03
18504,control,tablet,0,186.78,62.15
3266,treatment,desktop,0,197.77,58.63
4831,treatment,desktop,0,221.65,29.47
9598,control,mobile,0,204.42,17.34
16997,treatment,mobile,0,196.08,43.03
11033,control,mobile,1,177.68,49.95
8260,control,mobile,1,261.59,29.79
13812,control,mobile,0,224.23,199.72
17418,treatment,mobile,0,196.77,69.74
1224,treatment,desktop,1,233.95,88.87
936,control,desktop,0,192.76,37.23
13146,control,mobile,0,206.75,63.91
16854,treatment,mobile,0,204.22,27.48
306,control,desktop,0,272.65,255.8
5793,treatment,desktop,0,241.49,70.39
9965,control,mobile,0,227.15,48.14
4031,treatment,desktop,0,163.22,49.28
12881,control,mobile,0,231.0,170.75
13105,control,mobile,0,285.27,45.04
437,control,desktop,0,202.85,102.69
11921,control,mobile,0,191.04,49.54
18031,control,tablet,0,230.6,38.02
16626,treatment,mobile,0,250.6,46.47
15703,treatment,mobile,1,212.95,40.72
18788,control,tablet,0,232.52,32.76
2605,treatment,desktop,0,260.93,33.61
11188,control,mobile,0,200.84,68.2
5443,treatment,desktop,1,284.05,45.13
13456,control,mobile,0,227.16,83.63
9703,control,mobile,0,305.89,75.93
11691,control,mobile,0,192.49,42.22
10185,control,mobile,0,191.95,50.67
2835,treatment,desktop,0,224.49,66.9
9922,control,mobile,0,134.48,50.41
5159,treatment,desktop,0,188.34,80.56
17663,control,tablet,0,171.72,69.46
7075,treatment,desktop,0,223.18,96.85
14654,control,mobile,0,213.05,119.54
17490,treatment,mobile,0,255.35,24.37
17502,control,tablet,0,228.2,55.12
10340,control,mobile,0,209.17,64.58
11611,control,mobile,0,206.05,92.95
12884,control,mobile,0,248.27,134.44
18287,control,tablet,0,222.15,45.47
2641,treatment,desktop,1,226.33,31.37
1451,treatment,desktop,0,265.9,61.29
1171,control,desktop,1,251.34,109.58
17120,treatment,mobile,0,132.32,25.02
9937,control,mobile,0,261.56,21.63
11236,control,mobile,0,253.27,21.39
2581,treatment,desktop,0,217.47,45.09
15559,treatment,mobile,0,190.26,82.1
6303,treatment,desktop,0,190.18,59.1
16182,treatment,mobile,0,199.79,80.25
2862,treatment,desktop,1,211.65,72.07
6235,treatment,desktop,0,231.96,41.98
18007,control,tablet,0,178.59,56.4
9389,control,mobile,0,226.92,50.05
6769,treatment,desktop,0,224.64,43.83
11963,control,mobile,0,173.35,130.25
11152,control,mobile,0,206.05,109.6
13846,control,mobile,0,203.19,42.93
9187,control,mobile,0,217.01,61.45
18357,control,tablet,0,225.79,24.21
10720,control,mobile,0,237.63,69.55
11002,control,mobile,0,255.98,71.42
16710,treatment,mobile,0,206.44,32.03
3122,treatment,desktop,1,231.41,39.68
14870,control,mobile,0,178.72,80.86
7603,treatment,desktop,0,255.79,43.85
12218,control,mobile,0,131.11,61.67
9816,control,mobile,0,220.21,15.61
18839,control,tablet,0,224.78,129.48
836,control,desktop,0,200.57,51.16
8035,treatment,desktop,1,246.47,63.03
905,control,desktop,0,216.03,48.15
13539,control,mobile,0,218.3,57.82
18469,control,tablet,0,204.56,48.53
17549,control,tablet,0,224.62,52.99
8653,control,mobile,0,276.65,23.54
10437,control,mobile,0,168.18,64.8
7344,treatment,desktop,0,260.88,59.47
1915,treatment,desktop,0,201.36,48.04
19446,treatment,tablet,0,192.53,24.82
17658,control,tablet,0,221.2,35.67
15080,control,mobile,0,196.12,40.88
1095,control,desktop,1,220.11,3390.1
13828,control,mobile,0,296.81,103.61
2075,treatment,desktop,0,171.73,31.7
209,control,desktop,0,248.32,95.58
11627,control,mobile,0,202.88,50.44
12615,control,mobile,0,148.03,69.47
4916,treatment,desktop,0,211.91,54.7
3838,treatment,desktop,0,182.71,22.21
4460,treatment,desktop,0,229.63,16.54
9279,control,mobile,0,197.6,57.92
16443,treatment,mobile,0,211.69,105.6
18576,control,tablet,0,210.3,31.37
13148,control,mobile,0,223.36,43.55
15846,treatment,mobile,0,217.73,77.24
14158,control,mobile,0,258.5,65.02
10072,control,mobile,0,263.77,25.66
790,control,desktop,0,229.06,51.25
631,control,desktop,1,190.6,30.28
15016,control,mobile,0,210.83,37.35
4649,treatment,desktop,0,250.83,51.27
489,control,desktop,0,231.57,45.95
3820,treatment,desktop,0,214.72,57.8
18268,control,tablet,0,235.9,98.11
5365,treatment,desktop,0,211.56,49.05
5936,treatment,desktop,0,193.83,33.74
11688,control,mobile,0,181.55,77.78
11470,control,mobile,0,245.95,40.81
19827,treatment,tablet,0,228.4,104.95
362,control,desktop,0,268.77,3032.34
1110,control,desktop,0,238.26,68.13
9499,control,mobile,0,180.85,62.98
15273,treatment,mobile,0,181.52,56.47
6923,treatment,desktop,0,192.3,39.1
6173,treatment,desktop,0,248.86,26.91
2270,treatment,desktop,0,246.16,28.73
15207,treatment,mobile,0,239.71,118.61
9043,control,mobile,0,180.53,52.77
18037,control,tablet,0,213.47,97.75
11854,control,mobile,0,183.88,72.24
18260,control,tablet,1,224.47,32.96
2624,treatment,desktop,0,245.52,72.85
19817,treatment,tablet,0,237.25,8.43
2552,treatment,desktop,0,187.97,64.73
9528,control,mobile,0,176.34,27.17
4099,treatment,desktop,0,241.67,29.42
11030,control,mobile,0,249.61,162.35
16848,treatment,mobile,0,182.65,46.95
10049,control,mobile,0,188.71,16.55
6648,treatment,desktop,0,225.33,53.82
6953,treatment,desktop,0,195.26,97.33
16200,treatment,mobile,0,154.13,72.91
418,control,desktop,0,157.1,15.07
4477,treatment,desktop,0,244.66,81.35
16868,treatment,mobile,0,199.1,31.51
6861,treatment,desktop,0,184.96,65.78
11714,control,mobile,0,200.38,20.31
9261,control,mobile,0,214.52,37.59
17295,treatment,mobile,0,186.66,31.63
6910,treatment,desktop,0,181.95,67.57
14533,control,mobile,0,186.22,43.07
18707,control,tablet,1,211.3,26.73
17660,control,tablet,1,192.74,48.25
4684,treatment,desktop,0,225.55,67.62
11862,control,mobile,0,219.23,74.3
4742,treatment,desktop,0,275.3,67.25
12308,control,mobile,0,232.38,36.75
2410,treatment,desktop,0,200.62,65.93
1340,treatment,desktop,1,231.22,97.68
19853,treatment,tablet,0,233.9,60.55
12828,control,mobile,0,190.04,36.43
2397,treatment,desktop,0,208.2,33.41
19860,treatment,tablet,1,213.35,128.56
16999,treatment,mobile,0,261.07,28.71
7444,treatment,desktop,0,157.24,45.1
13968,control,mobile,0,256.23,107.68
2934,treatment,desktop,1,222.44,42.03
18350,control,tablet,0,198.0,44.38
10051,control,mobile,0,233.13,58.18
7370,treatment,desktop,0,159.96,79.81
2456,treatment,desktop,0,226.02,74.06
18365,control,tablet,0,237.06,91.78
14625,control,mobile,0,157.22,67.63
5587,treatment,desktop,0,250.54,46.17
17007,treatment,mobile,0,208.0,33.22
241,control,desktop,1,255.33,42.76
4904,treatment,desktop,0,207.99,16.0
10,control,desktop,0,205.62,117.06
18831,control,tablet,1,204.62,46.1
19711,treatment,tablet,0,211.17,16.67
13193,control,mobile,0,266.82,43.0
18584,control,tablet,0,189.99,40.71
14917,control,mobile,0,191.96,58.14
8452,control,mobile,0,254.0,36.74
8392,control,mobile,0,221.26,61.74
17780,control,tablet,0,238.35,27.68
3350,treatment,desktop,0,212.04,24.94
4074,treatment,desktop,0,256.26,47.22
9901,control,mobile,0,268.5,137.45
1598,treatment,desktop,0,240.83,21.93
11292,control,mobile,0,251.43,44.66
12571,control,mobile,0,175.2,67.48
15913,treatment,mobile,0,217.57,45.21
17851,control,tablet,0,233.43,57.13
10389,control,mobile,0,219.87,51.31
9039,control,mobile,0,244.82,35.64
19218,treatment,tablet,0,244.15,114.59
3793,treatment,desktop,0,259.99,31.18
10781,control,mobile,0,143.68,17.97
11163,control,mobile,0,200.35,88.37
19749,treatment,tablet,0,194.02,71.42
908,control,desktop,0,210.08,78.82
18384,control,tablet,0,225.39,61.89
18601,control,tablet,0,228.27,67.75
6289,treatment,desktop,1,212.41,55.85
11167,control,mobile,0,193.71,50.36
8768,control,mobile,0,217.2,59.84
12810,control,mobile,0,196.07,35.6
16565,treatment,mobile,0,247.1,25.83
15314,treatment,mobile,0,243.71,28.42
16281,treatment,mobile,0,251.34,103.78
6443,treatment,desktop,0,243.45,40.1
11713,control,mobile,0,188.29,91.06
11895,control,mobile,0,223.94,50.52
3375,treatment,desktop,0,285.95,83.81
12792,control,mobile,0,266.04,48.84
19045,treatment,tablet,0,157.57,32.62
3936,treatment,desktop,0,253.52,19.96
10723,control,mobile,0,201.25,33.15
16000,treatment,mobile,0,207.64,65.43
5290,treatment,desktop,0,284.93,159.88
4349,treatment,desktop,0,215.69,68.42
18517,control,tablet,0,210.09,64.97
10804,control,mobile,0,159.11,90.93
18823,control,tablet,0,228.57,76.21
11409,control,mobile,1,229.69,53.16
4878,treatment,desktop,1,250.16,71.73
5681,treatment,desktop,1,178.31,75.3
514,control,desktop,0,163.53,75.46
10951,control,mobile,0,193.53,57.33
17530,control,tablet,0,182.5,91.94
7865,treatment,desktop,0,201.39,39.11
13356,control,mobile,0,207.96,53.24
15661,treatment,mobile,0,178.85,99.98
10485,control,mobile,0,198.94,79.51
18298,control,tablet,0,195.93,39.4
19804,treatment,tablet,0,171.18,78.31
7794,treatment,desktop,0,188.74,47.56
3329,treatment,desktop,0,187.28,50.28
13900,control,mobile,0,157.18,117.85
6801,treatment,desktop,0,202.92,79.89
17745,control,tablet,0,282.34,37.3
3175,treatment,desktop,0,163.9,29.99
11583,control,mobile,0,240.07,43.43
18351,control,tablet,0,237.28,42.33
27,control,desktop,0,227.9,16.59
15461,treatment,mobile,0,249.17,34.23
6950,treatment,desktop,1,253.89,40.32
11362,control,mobile,0,205.3,29.15
18590,control,tablet,1,220.22,89.22
17058,treatment,mobile,0,218.73,85.73
11250,control,mobile,0,218.55,63.17
4578,treatment,desktop,0,199.76,77.84
12765,control,mobile,0,185.33,61.12
19126,treatment,tablet,0,236.76,32.89
19448,treatment,tablet,0,217.58,112.39
15045,control,mobile,0,214.55,36.32
14636,control,mobile,0,238.08,41.57
19597,treatment,tablet,0,240.95,79.97
9336,control,mobile,0,260.48,21.7
17620,control,tablet,0,162.58,62.86
10692,control,mobile,0,204.08,30.46
18525,control,tablet,0,179.84,55.7
12831,control,mobile,0,193.85,36.0
2301,treatment,desktop,0,213.1,50.11
751,control,desktop,0,149.22,64.67
997,control,desktop,0,245.0,48.59
6360,treatment,desktop,0,250.95,36.06
3857,treatment,desktop,0,234.44,37.84
17974,control,tablet,0,161.0,35.02
14121,control,mobile,1,199.27,89.82
593,control,desktop,1,251.85,99.45
10404,control,mobile,0,224.06,19.56
16116,treatment,mobile,0,239.47,16.09
16474,treatment,mobile,0,229.73,124.57
4178,treatment,desktop,0,214.73,29.59
13376,control,mobile,0,212.19,68.02
19707,treatment,tablet,0,262.92,15.17
16226,treatment,mobile,0,254.16,83.42
4607,treatment,desktop,0,174.09,47.75
15608,treatment,mobile,0,176.77,33.53
17356,treatment,mobile,0,235.78,20.38
17923,control,tablet,0,214.24,44.55
7526,treatment,desktop,0,216.34,38.23
13933,control,mobile,0,221.29,21.46
4092,treatment,desktop,0,225.04,110.88
18313,control,tablet,0,215.17,28.42
17960,control,tablet,0,242.37,42.2
3503,treatment,desktop,0,204.26,46.77
17887,control,tablet,0,257.29,52.62
17309,treatment,mobile,0,245.29,27.11
4229,treatment,desktop,0,236.61,61.24
18738,control,tablet,0,185.35,59.79
9502,control,mobile,0,208.22,52.18
14887,control,mobile,0,235.81,70.49
4298,treatment,desktop,0,236.35,20.89
19281,treatment,tablet,0,210.78,33.48
18035,control,tablet,1,273.21,21.07
10722,control,mobile,0,231.35,38.05
11909,control,mobile,0,200.68,35.43
655,control,desktop,0,252.65,28.27
14899,control,mobile,0,219.01,36.27
19151,treatment,tablet,0,220.73,34.14
16798,treatment,mobile,0,270.88,55.82
13018,control,mobile,0,251.27,51.02
208,control,desktop,0,238.43,107.27
4508,treatment,desktop,0,246.35,160.08
1346,treatment,desktop,0,197.73,22.65
9485,control,mobile,0,218.9,57.69
6843,treatment,desktop,1,217.42,20.3
9152,control,mobile,0,210.91,35.16
17183,treatment,mobile,0,211.98,58.75
1241,treatment,desktop,1,221.64,46.53
3144,treatment,desktop,0,239.28,73.05
18565,control,tablet,0,180.27,46.7
10057,control,mobile,0,180.17,206.32
2659,treatment,desktop,0,190.57,40.99
16045,treatment,mobile,0,236.72,62.48
4409,treatment,desktop,0,247.16,24.18
5210,treatment,desktop,0,233.86,37.39
16135,treatment,mobile,0,230.35,112.03
1930,treatment,desktop,0,198.04,47.2
11614,control,mobile,0,208.54,44.16
8617,control,mobile,0,229.31,33.66
8810,control,mobile,0,247.7,149.41
1689,treatment,desktop,0,203.29,87.12
17799,control,tablet,0,180.92,51.2
6807,treatment,desktop,0,195.97,33.83
7945,treatment,desktop,0,230.97,53.69
1333,treatment,desktop,0,205.14,23.81
12597,control,mobile,0,227.01,35.37
4840,treatment,desktop,0,239.53,48.53
14042,control,mobile,0,261.08,65.53
1704,treatment,desktop,0,225.12,92.17
16367,treatment,mobile,0,239.19,82.85
13737,control,mobile,0,238.35,69.05
18536,control,tablet,0,223.63,52.76
10946,control,mobile,0,214.85,20.34
3883,treatment,desktop,1,158.47,67.38
15183,treatment,mobile,0,246.55,67.89
18274,control,tablet,0,195.86,98.43
10208,control,mobile,0,198.98,113.18
2707,treatment,desktop,0,237.94,39.93
19491,treatment,tablet,0,244.11,63.28
10964,control,mobile,0,287.98,48.3
17004,treatment,mobile,0,232.25,30.54
18679,control,tablet,0,190.68,30.33
19631,treatment,tablet,0,240.5,55.21
13798,control,mobile,0,230.35,84.09
8254,control,mobile,0,205.88,24.65
8073,treatment,desktop,0,252.84,51.24
11224,control,mobile,0,220.26,29.08
2905,treatment,desktop,0,220.88,99.72
8419,control,mobile,0,226.66,117.95
5980,treatment,desktop,0,215.9,27.88
4169,treatment,desktop,0,236.76,36.46
7325,treatment,desktop,0,248.1,30.84
677,control,desktop,0,201.38,172.31
13515,control,mobile,0,208.76,40.94
3419,treatment,desktop,0,241.41,64.57
776,control,desktop,0,201.68,54.97
3915,treatment,desktop,0,213.42,44.23
2778,treatment,desktop,0,266.63,62.29
6860,treatment,desktop,0,202.27,28.8
14094,control,mobile,0,163.36,38.22
725,control,desktop,0,288.22,116.5
15340,treatment,mobile,0,192.62,52.8
19775,treatment,tablet,0,218.07,82.94
16568,treatment,mobile,0,236.26,39.26
528,control,desktop,1,242.84,20.69
11287,control,mobile,0,258.29,77.29
8952,control,mobile,0,210.81,61.66
6279,treatment,desktop,1,195.59,55.01
3725,treatment,desktop,0,250.95,32.05
13136,control,mobile,0,234.97,38.03
7153,treatment,desktop,1,237.61,23.04
9125,control,mobile,0,234.45,67.82
5784,treatment,desktop,0,228.95,72.44
368,control,desktop,0,258.33,60.32
12105,control,mobile,0,209.74,86.49
8948,control,mobile,1,210.64,67.83
13101,control,mobile,0,296.45,50.78
13641,control,mobile,0,244.7,53.63
5902,treatment,desktop,0,235.6,102.51
2532,treatment,desktop,0,236.04,25.21
1128,control,desktop,0,226.94,45.67
16397,treatment,mobile,0,214.17,26.38
10581,control,mobile,0,202.49,34.76
10356,control,mobile,0,227.83,47.54
11521,control,mobile,0,174.6,116.23
1902,treatment,desktop,0,211.9,56.05
8150,treatment,desktop,0,252.78,120.36
15983,treatment,mobile,0,207.47,81.49
5865,treatment,desktop,0,228.43,73.2
2009,treatment,desktop,0,216.37,21.71
16893,treatment,mobile,0,291.26,60.09
6280,treatment,desktop,0,271.45,35.93
7672,treatment,desktop,1,218.0,48.73
1710,treatment,desktop,0,218.05,49.24
13412,control,mobile,0,210.94,16.22
18981,control,tablet,0,252.22,60.89
9105,control,mobile,0,201.92,42.83
13042,control,mobile,0,188.16,39.83
14762,control,mobile,0,297.75,76.6
5472,treatment,desktop,0,177.82,134.87
8752,control,mobile,0,169.14,35.36
538,control,desktop,0,254.5,34.56
3741,treatment,desktop,0,247.88,76.72
8134,treatment,desktop,1,280.61,23.31
11247,control,mobile,0,237.29,32.34
13858,control,mobile,0,156.95,27.03
8355,control,mobile,0,280.94,26.77
2482,treatment,desktop,0,200.28,46.52
14270,control,mobile,0,141.8,91.2
15909,treatment,mobile,0,204.74,69.39
8828,control,mobile,0,154.94,45.88
16472,treatment,mobile,0,193.03,39.38
8162,treatment,desktop,1,253.35,68.32
8821,control,mobile,0,206.67,99.8
14712,control,mobile,0,189.1,50.37
16972,treatment,mobile,0,222.06,33.59
6168,treatment,desktop,0,184.14,44.17
13234,control,mobile,0,221.71,39.54
9442,control,mobile,0,247.68,35.82
10637,control,mobile,0,255.0,31.73
12370,control,mobile,0,211.95,74.73
19473,treatment,tablet,0,224.27,26.05
10687,control,mobile,0,221.61,84.82
16239,treatment,mobile,0,255.35,119.56
19470,treatment,tablet,0,224.56,51.52
17429,treatment,mobile,0,206.0,22.27
256,control,desktop,0,200.45,28.77
4223,treatment,desktop,0,239.58,16.4
4037,treatment,desktop,0,232.52,52.88
225,control,desktop,0,234.55,61.93
4540,treatment,desktop,0,183.27,42.83
9203,control,mobile,0,282.86,59.4
5809,treatment,desktop,0,185.87,20.17
14233,control,mobile,0,248.78,33.0
14175,control,mobile,0,184.14,55.26
2496,treatment,desktop,0,215.72,72.45
5592,treatment,desktop,0,187.05,25.5
17451,treatment,mobile,0,201.29,29.12
16898,treatment,mobile,0,232.6,46.58
17936,control,tablet,1,241.47,43.86
4164,treatment,desktop,0,237.02,66.73
16006,treatment,mobile,0,295.27,34.5
3009,treatment,desktop,0,221.84,143.59
134,control,desktop,0,276.82,169.88
13248,control,mobile,0,210.09,60.93
3081,treatment,desktop,0,261.24,13.72
6469,treatment,desktop,0,228.37,73.48
3235,treatment,desktop,0,255.58,27.62
18838,control,tablet,0,142.17,49.4
5983,treatment,desktop,0,239.89,24.18
4159,treatment,desktop,0,221.99,22.68
14471,control,mobile,0,246.39,42.74
6166,treatment,desktop,0,228.73,63.07
10097,control,mobile,0,238.68,75.38
7402,treatment,desktop,0,175.81,23.09
12072,control,mobile,0,211.6,45.98
5115,treatment,desktop,0,207.24,77.54
18018,control,tablet,0,150.58,32.26
9216,control,mobile,0,262.21,34.57
2571,treatment,desktop,0,225.51,69.14
2486,treatment,desktop,0,246.6,42.42
3795,treatment,desktop,0,226.72,32.62
14856,control,mobile,0,238.02,30.03
15283,treatment,mobile,0,244.01,32.1
7541,treatment,desktop,0,217.53,55.9
17835,control,tablet,0,230.03,65.36
13715,control,mobile,0,205.13,49.97
10587,control,mobile,0,245.05,59.66
7563,treatment,desktop,0,253.18,61.83
4338,treatment,desktop,0,202.48,68.89
16497,treatment,mobile,0,240.27,70.56
18458,control,tablet,0,246.21,60.97
15118,treatment,mobile,0,224.76,36.08
7859,treatment,desktop,0,219.99,36.93
17532,control,tablet,0,196.33,30.5
937,control,desktop,0,216.11,20.57
16444,treatment,mobile,0,181.58,54.96
3206,treatment,desktop,0,226.39,29.71
1149,control,desktop,0,193.82,54.14
6083,treatment,desktop,0,226.41,75.66
14458,control,mobile,0,230.17,93.33
5844,treatment,desktop,0,195.14,82.67
13885,control,mobile,1,193.11,92.28
7800,treatment,desktop,0,147.32,23.73
9650,control,mobile,0,286.82,100.74
2554,treatment,desktop,0,272.36,33.23
11759,control,mobile,0,261.38,38.45
15570,treatment,mobile,0,202.68,78.81
6856,treatment,desktop,0,250.83,89.47
19506,treatment,tablet,0,204.67,34.02
17975,control,tablet,0,243.82,50.42
833,control,desktop,0,243.96,36.06
4780,treatment,desktop,0,188.64,58.72
16148,treatment,mobile,0,211.61,84.77
7245,treatment,desktop,1,168.39,14.35
13287,control,mobile,0,198.26,53.65
19677,treatment,tablet,0,180.53,74.07
17657,control,tablet,0,201.39,82.02
1097,control,desktop,0,173.16,36.89
13160,control,mobile,0,212.39,43.19
229,control,desktop,1,224.56,23.82
15504,treatment,mobile,0,217.33,60.5
7646,treatment,desktop,1,250.36,132.22
8102,treatment,desktop,1,203.59,39.96
1608,treatment,desktop,1,170.09,39.3
10961,control,mobile,0,215.08,58.53
12112,control,mobile,0,220.57,45.38
141,control,desktop,0,242.85,32.01
18650,control,tablet,0,210.44,50.33
12699,control,mobile,0,200.77,27.17
16840,treatment,mobile,0,299.24,24.83
19967,treatment,tablet,0,240.83,37.44
19210,treatment,tablet,0,240.62,36.78
15973,treatment,mobile,0,241.32,41.04
13459,control,mobile,0,181.23,65.78
17155,treatment,mobile,0,159.67,25.7
4089,treatment,desktop,0,137.03,40.85
16269,treatment,mobile,0,275.59,70.4
14655,control,mobile,0,243.24,43.56
2282,treatment,desktop,0,192.35,32.89
586,control,desktop,0,174.86,29.26
9451,control,mobile,0,175.14,62.18
7953,treatment,desktop,0,188.4,49.54
18683,control,tablet,0,265.99,29.63
3263,treatment,desktop,1,213.3,36.01
15250,treatment,mobile,0,236.25,86.02
8275,control,mobile,0,202.56,127.11
14168,control,mobile,0,226.39,37.5
12217,control,mobile,0,223.26,43.31
9409,control,mobile,0,171.27,24.92
1396,treatment,desktop,0,223.86,54.79
9705,control,mobile,0,221.58,32.2
629,control,desktop,0,239.2,49.69
12923,control,mobile,0,257.16,50.51
16368,treatment,mobile,0,230.79,53.85
17199,treatment,mobile,0,249.24,44.74
19009,treatment,tablet,1,251.13,47.96
1771,treatment,desktop,0,215.22,31.03
12332,control,mobile,0,227.58,40.48
19350,treatment,tablet,0,233.46,41.96
15612,treatment,mobile,0,209.61,39.62
13338,control,mobile,0,207.69,65.49
5164,treatment,desktop,1,245.21,18.3
4688,treatment,desktop,0,248.19,38.19
6737,treatment,desktop,0,202.15,46.01
16072,treatment,mobile,0,198.11,42.7
956,control,desktop,0,192.06,32.86
1393,treatment,desktop,0,173.27,41.92
15992,treatment,mobile,0,221.32,90.29
19638,treatment,tablet,0,204.67,54.19
1803,treatment,desktop,0,215.58,46.05
3344,treatment,desktop,1,246.77,25.7
6514,treatment,desktop,0,186.8,34.79
4330,treatment,desktop,1,163.18,82.3
17215,treatment,mobile,0,204.31,69.97
15044,control,mobile,0,197.75,61.35
2843,treatment,desktop,1,204.18,85.46
12180,control,mobile,1,209.53,33.03
12548,control,mobile,0,240.8,29.51
8278,control,mobile,0,175.7,72.27
19668,treatment,tablet,0,231.73,63.06
8968,control,mobile,0,209.9,30.72
14193,control,mobile,0,179.97,41.1
1377,treatment,desktop,0,207.02,65.97
14445,control,mobile,0,278.6,41.29
1072,control,desktop,0,196.08,88.16
18255,control,tablet,0,267.64,47.3
9449,control,mobile,0,218.35,42.93
12246,control,mobile,0,208.75,28.74
10941,control,mobile,0,238.16,49.86
18170,control,tablet,0,176.14,60.51
17425,treatment,mobile,0,193.19,16.87
12061,control,mobile,0,191.87,19.6
14326,control,mobile,0,257.71,76.33
6593,treatment,desktop,1,218.9,114.39
11098,control,mobile,0,162.13,19.32
5581,treatment,desktop,0,225.12,26.23
9706,control,mobile,0,213.24,68.79
6073,treatment,desktop,0,195.81,40.58
13267,control,mobile,0,186.54,80.41
13452,control,mobile,0,267.36,90.78
17147,treatment,mobile,0,254.38,81.96
10541,control,mobile,0,218.01,59.31
1282,treatment,desktop,0,273.62,62.82
19012,treatment,tablet,0,235.64,55.45
14182,control,mobile,0,226.67,136.26
10466,control,mobile,0,232.15,63.34
5938,treatment,desktop,0,234.21,65.05
12437,control,mobile,0,255.69,45.51
11050,control,mobile,0,181.49,45.15
7844,treatment,desktop,0,234.6,61.42
10803,control,mobile,0,186.19,23.13
7342,treatment,desktop,0,183.13,32.47
12349,control,mobile,0,211.76,44.17
12552,control,mobile,0,202.79,84.55
673,control,desktop,1,246.24,77.87
18692,control,tablet,0,250.29,37.61
15360,treatment,mobile,0,195.15,54.27
14491,control,mobile,0,220.15,47.02
168,control,desktop,0,201.37,117.07
19272,treatment,tablet,0,262.53,31.2
6363,treatment,desktop,0,183.05,28.87
6556,treatment,desktop,0,190.12,94.87
16727,treatment,mobile,0,265.4,81.5
10345,control,mobile,0,212.82,151.87
12680,control,mobile,0,257.54,60.43
9054,control,mobile,0,195.69,73.44
17843,control,tablet,0,193.06,20.35
12727,control,mobile,0,179.58,97.88
16963,treatment,mobile,0,203.45,89.85
14452,control,mobile,0,225.97,82.41
1255,treatment,desktop,0,219.39,46.74
19703,treatment,tablet,0,221.46,100.67
15322,treatment,mobile,0,211.69,21.47
12489,control,mobile,0,215.39,77.98
14421,control,mobile,1,190.79,77.15
1842,treatment,desktop,0,215.9,49.71
11994,control,mobile,0,200.79,69.18
19117,treatment,tablet,0,270.62,86.69
8628,control,mobile,0,259.1,48.89
5419,treatment,desktop,0,257.04,27.43
14722,control,mobile,0,250.25,39.39
1008,control,desktop,0,195.77,21.14
16456,treatment,mobile,0,237.2,96.28
13892,control,mobile,0,222.84,107.3
7963,treatment,desktop,0,149.11,20.35
7671,treatment,desktop,0,248.56,46.39
5385,treatment,desktop,1,165.72,14.72
18420,control,tablet,0,211.24,160.15
19221,treatment,tablet,0,251.75,29.72
6230,treatment,desktop,0,178.88,62.85
5239,treatment,desktop,0,219.43,72.61
3355,treatment,desktop,0,249.32,39.94
19004,treatment,tablet,0,306.09,58.57
10593,control,mobile,0,219.29,35.2
7233,treatment,desktop,0,251.66,121.63
4519,treatment,desktop,0,161.17,65.7
671,control,desktop,0,202.24,20.33
3677,treatment,desktop,0,166.56,68.31
10757,control,mobile,0,195.87,34.85
8576,control,mobile,0,188.53,44.52
9050,control,mobile,0,274.41,41.21
13326,control,mobile,0,248.46,53.22
6779,treatment,desktop,0,189.92,15.41
14073,control,mobile,0,227.83,102.58
1308,treatment,desktop,0,210.17,24.74
1162,control,desktop,0,258.93,27.62
12638,control,mobile,0,233.32,41.91
19442,treatment,tablet,0,227.96,29.08
2499,treatment,desktop,0,150.59,64.15
16053,treatment,mobile,0,241.57,37.01
19066,treatment,tablet,1,229.91,39.02
14054,control,mobile,0,257.62,65.54
1720,treatment,desktop,0,225.24,36.45
17100,treatment,mobile,0,196.83,87.37
4528,treatment,desktop,0,212.71,25.5
10230,control,mobile,0,227.12,34.57
1767,treatment,desktop,1,213.91,29.59
13182,control,mobile,0,243.43,37.24
14393,control,mobile,0,229.42,42.99
6245,treatment,desktop,0,173.15,53.3
8007,treatment,desktop,1,184.55,54.05
4228,treatment,desktop,0,197.78,31.45
3801,treatment,desktop,0,214.88,39.49
10992,control,mobile,0,223.17,38.26
16896,treatment,mobile,0,199.13,80.26
17523,control,tablet,0,251.21,15.7
15679,treatment,mobile,0,258.05,78.1
3069,treatment,desktop,0,207.9,58.79
4893,treatment,desktop,0,214.02,72.5
11493,control,mobile,0,250.43,46.78
18241,control,tablet,0,201.42,72.5
17028,treatment,mobile,0,230.87,57.27
627,control,desktop,0,217.32,56.12
1230,treatment,desktop,0,211.14,43.52
11626,control,mobile,0,195.62,44.94
695,control,desktop,1,314.87,38.57
1611,treatment,desktop,0,259.05,58.59
9794,control,mobile,0,219.61,22.69
19649,treatment,tablet,0,182.08,35.58
17834,control,tablet,0,184.69,52.34
16371,treatment,mobile,0,205.4,22.81
1452,treatment,desktop,0,171.43,79.81
2365,treatment,desktop,0,258.7,41.24
18392,control,tablet,0,234.23,51.09
750,control,desktop,0,234.17,64.7
19433,treatment,tablet,0,231.91,37.75
6190,treatment,desktop,1,240.62,47.49
355,control,desktop,0,257.61,71.39
1312,treatment,desktop,0,242.22,5943.96
7912,treatment,desktop,0,225.93,68.21
8354,control,mobile,0,196.84,40.9
11219,control,mobile,0,218.93,29.85
6037,treatment,desktop,0,224.25,20.7
1728,treatment,desktop,0,227.54,57.64
3757,treatment,desktop,0,219.96,34.66
18216,control,tablet,0,204.5,29.07
16628,treatment,mobile,0,240.64,78.28
18995,control,tablet,0,202.91,38.63
6911,treatment,desktop,0,201.81,49.25
4417,treatment,desktop,0,190.48,73.72
8737,control,mobile,0,259.05,23.06
8870,control,mobile,0,203.92,33.1
1957,treatment,desktop,0,224.71,50.37
12948,control,mobile,0,192.91,172.37
19823,treatment,tablet,0,271.1,102.25
16970,treatment,mobile,0,227.27,32.94
5467,treatment,desktop,1,209.01,57.55
11514,control,mobile,0,228.61,46.76
4072,treatment,desktop,0,259.27,42.87
16673,treatment,mobile,0,234.03,102.26
18872,control,tablet,1,212.91,63.8
8928,control,mobile,0,217.14,52.8
2099,treatment,desktop,0,219.89,55.95
8891,control,mobile,0,208.31,84.84
10207,control,mobile,0,237.31,26.28
11658,control,mobile,0,183.85,56.43
9977,control,mobile,0,237.25,49.77
16183,treatment,mobile,0,218.83,14.71
14648,control,mobile,0,221.56,56.94
12562,control,mobile,0,231.04,24.57
10232,control,mobile,0,230.03,14.56
3583,treatment,desktop,0,262.36,43.05
1161,control,desktop,0,253.32,97.3
7702,treatment,desktop,0,269.9,43.98
12634,control,mobile,0,148.41,26.76
9905,control,mobile,0,245.2,64.8
15874,treatment,mobile,0,251.29,31.87
11358,control,mobile,0,238.29,47.53
12741,control,mobile,0,216.55,25.92
9167,control,mobile,0,220.14,26.8
6895,treatment,desktop,0,244.31,52.17
7084,treatment,desktop,0,218.92,26.04
5913,treatment,desktop,0,208.08,58.84
18697,control,tablet,1,197.84,43.96
2145,treatment,desktop,0,192.95,57.65
18521,control,tablet,0,224.99,43.27
11429,control,mobile,0,224.98,37.09
9980,control,mobile,0,188.17,79.48
7685,treatment,desktop,1,221.45,56.56
4466,treatment,desktop,0,172.61,23.66
378,control,desktop,1,279.85,32.24
11354,control,mobile,0,230.08,21.59
11411,control,mobile,0,221.74,35.15
2762,treatment,desktop,0,220.98,108.39
15315,treatment,mobile,0,206.99,114.95
17797,control,tablet,0,269.28,66.7
7096,treatment,desktop,0,152.16,248.67
12713,control,mobile,0,231.04,47.1
1895,treatment,desktop,0,198.3,81.47
10829,control,mobile,0,207.81,38.53
407,control,desktop,1,192.17,111.77
12379,control,mobile,0,173.72,53.44
11564,control,mobile,0,177.31,85.53
19022,treatment,tablet,0,236.82,49.9
18786,control,tablet,0,201.73,16.13
11624,control,mobile,0,198.82,14.34
3949,treatment,desktop,0,190.41,17.33
6483,treatment,desktop,0,259.0,31.14
15978,treatment,mobile,0,228.32,31.48
5383,treatment,desktop,0,147.44,124.05
4025,treatment,desktop,0,193.66,75.08
16258,treatment,mobile,0,157.94,53.69
9324,control,mobile,0,197.61,38.53
4686,treatment,desktop,0,233.52,76.01
1466,treatment,desktop,0,236.6,28.89
11730,control,mobile,0,198.31,99.64
2173,treatment,desktop,1,205.29,42.17
15921,treatment,mobile,0,228.88,85.0
6877,treatment,desktop,0,231.54,22.14
1938,treatment,desktop,0,221.17,61.89
4084,treatment,desktop,0,170.69,56.9
18842,control,tablet,1,161.08,65.81
2210,treatment,desktop,0,203.96,41.72
14418,control,mobile,0,255.98,53.63
8347,control,mobile,0,205.57,23.53
19173,treatment,tablet,0,252.38,58.6
12602,control,mobile,0,192.28,33.02
2792,treatment,desktop,0,238.32,38.55
19240,treatment,tablet,0,192.96,68.76
13005,control,mobile,1,190.64,36.42
12998,control,mobile,0,238.78,83.35
16992,treatment,mobile,0,168.35,77.09
658,control,desktop,0,231.06,77.49
9076,control,mobile,0,241.0,33.47
6822,treatment,desktop,1,227.97,175.0
8100,treatment,desktop,0,258.73,27.18
14150,control,mobile,0,214.69,31.35
19570,treatment,tablet,0,215.96,73.79
15676,treatment,mobile,0,247.85,28.32
13310,control,mobile,0,194.22,37.77
18958,control,tablet,0,177.93,37.8
7041,treatment,desktop,0,182.54,23.09
14688,control,mobile,0,179.14,45.1
1468,treatment,desktop,0,170.83,53.83
18189,control,tablet,0,257.88,72.62
1126,control,desktop,0,206.37,25.01
1587,treatment,desktop,0,185.94,73.25
18063,control,tablet,0,196.13,34.22
8671,control,mobile,0,192.4,24.57
3615,treatment,desktop,1,205.81,70.96
3281,treatment,desktop,0,237.84,57.19
3021,treatment,desktop,0,265.05,66.78
9808,control,mobile,0,207.46,89.23
13790,control,mobile,0,200.83,46.33
12709,control,mobile,1,238.91,70.89
9813,control,mobile,0,211.91,27.91
15723,treatment,mobile,0,192.57,49.86
14725,control,mobile,0,229.97,69.71
14945,control,mobile,0,238.63,72.39
2420,treatment,desktop,0,197.3,74.9
13100,control,mobile,0,268.07,43.62
17439,treatment,mobile,0,196.49,78.7
5176,treatment,desktop,0,208.69,54.37
11786,control,mobile,0,291.46,68.69
17571,control,tablet,0,234.17,57.1
3190,treatment,desktop,0,284.36,72.3
10710,control,mobile,0,192.24,45.49
12004,control,mobile,0,236.12,31.4
11559,control,mobile,0,231.67,44.94
6505,treatment,desktop,0,222.89,27.15
18050,control,tablet,0,234.42,44.14
15402,treatment,mobile,0,251.2,23.3
19287,treatment,tablet,0,185.34,56.78
12821,control,mobile,0,289.57,39.54
8484,control,mobile,0,198.99,29.2
18157,control,tablet,0,200.03,53.48
15621,treatment,mobile,0,239.95,20.72
3287,treatment,desktop,0,210.65,88.3
8195,treatment,desktop,0,191.44,45.49
6423,treatment,desktop,0,200.84,54.1
16604,treatment,mobile,0,230.03,78.62
14166,control,mobile,0,245.79,44.46
3663,treatment,desktop,0,235.43,45.6
7638,treatment,desktop,0,233.64,79.95
19659,treatment,tablet,0,227.36,82.61
3630,treatment,desktop,0,186.33,71.0
17957,control,tablet,0,274.13,24.12
17414,treatment,mobile,0,231.12,75.14
9853,control,mobile,0,238.21,42.35
713,control,desktop,0,195.98,39.55
8553,control,mobile,0,178.7,37.02
19699,treatment,tablet,0,187.91,68.0
15158,treatment,mobile,0,237.78,34.61
10351,control,mobile,0,187.26,78.93
3750,treatment,desktop,0,201.74,90.68
11127,control,mobile,0,207.42,35.65
3282,treatment,desktop,1,239.86,36.92
19153,treatment,tablet,0,226.23,39.26
2157,treatment,desktop,0,265.38,15.3
12276,control,mobile,0,231.51,24.54
16144,treatment,mobile,0,192.15,257.41
18821,control,tablet,0,174.21,47.43
6640,treatment,desktop,0,221.88,99.69
1475,treatment,desktop,0,204.22,18.57
6540,treatment,desktop,0,225.95,27.82
10136,control,mobile,0,180.6,73.12
11864,control,mobile,0,210.07,50.25
5750,treatment,desktop,0,196.27,45.27
15351,treatment,mobile,0,214.52,132.56
19144,treatment,tablet,0,158.54,98.51
3566,treatment,desktop,0,224.96,38.29
12676,control,mobile,0,220.67,53.91
5610,treatment,desktop,0,256.83,50.32
2722,treatment,desktop,1,225.16,25.07
19330,treatment,tablet,0,192.35,18.73
14325,control,mobile,0,237.51,25.3
9414,control,mobile,0,279.54,67.39
12857,control,mobile,0,233.88,83.68
9471,control,mobile,0,229.57,24.54
8520,control,mobile,0,257.52,25.38
5430,treatment,desktop,1,224.2,30.34
4951,treatment,desktop,0,152.77,34.13
19654,treatment,tablet,0,229.66,66.46
11552,control,mobile,0,197.16,60.85
2212,treatment,desktop,0,260.49,93.2
6080,treatment,desktop,0,238.27,26.18
2664,treatment,desktop,0,259.8,56.7
13422,control,mobile,0,215.2,47.11
11576,control,mobile,0,250.02,152.47
5314,treatment,desktop,0,248.46,39.84
555,control,desktop,0,222.17,37.42
6750,treatment,desktop,0,268.22,54.46
827,control,desktop,0,264.53,32.73
9161,control,mobile,0,158.89,30.39
18506,control,tablet,0,258.42,26.36
16508,treatment,mobile,0,184.57,39.69
7043,treatment,desktop,1,211.91,42.57
18602,control,tablet,0,263.85,71.79
11181,control,mobile,0,264.55,40.91
18209,control,tablet,1,216.13,89.35
15026,control,mobile,0,244.1,27.89
14635,control,mobile,0,182.97,30.57
11407,control,mobile,0,221.78,18.83
3364,treatment,desktop,0,225.2,67.45
3338,treatment,desktop,0,253.13,39.65
4812,treatment,desktop,0,246.62,52.18
3360,treatment,desktop,0,209.72,67.17
1156,control,desktop,0,189.65,93.09
14590,control,mobile,0,196.06,59.83
1845,treatment,desktop,0,274.85,194.55
10428,control,mobile,0,256.73,77.1
18034,control,tablet,0,184.18,43.57
6108,treatment,desktop,0,208.23,47.75
9673,control,mobile,0,214.67,23.13
5884,treatment,desktop,1,283.45,56.87
8113,treatment,desktop,1,185.77,54.08
15156,treatment,mobile,0,229.3,17.58
4440,treatment,desktop,0,207.15,63.07
385,control,desktop,0,199.35,36.11
1874,treatment,desktop,0,248.83,38.73
5743,treatment,desktop,0,207.13,69.61
3756,treatment,desktop,0,244.57,41.41
14793,control,mobile,0,234.8,28.72
4053,treatment,desktop,1,243.72,56.51
19078,treatment,tablet,0,206.1,62.03
3817,treatment,desktop,0,193.51,104.58
7896,treatment,desktop,0,172.59,79.65
8959,control,mobile,0,222.34,30.95
1469,treatment,desktop,0,222.15,17.66
8441,control,mobile,1,215.88,41.56
9030,control,mobile,0,195.7,49.99
5312,treatment,desktop,0,203.18,44.29
778,control,desktop,0,221.12,31.37
991,control,desktop,0,187.48,58.41
10666,control,mobile,0,231.11,67.53
9118,control,mobile,0,197.25,31.74
15538,treatment,mobile,0,184.62,45.38
7151,treatment,desktop,0,259.36,40.72
8863,control,mobile,0,224.06,64.39
3026,treatment,desktop,0,251.02,28.68
14633,control,mobile,0,192.87,68.71
17830,control,tablet,0,237.57,51.83
17507,control,tablet,0,194.06,68.37
7559,treatment,desktop,0,221.5,51.99
6509,treatment,desktop,0,175.13,82.64
8864,control,mobile,0,196.17,18.15
1603,treatment,desktop,0,170.93,56.62
18674,control,tablet,0,230.8,72.72
19083,treatment,tablet,0,234.58,49.58
266,control,desktop,1,193.62,26.08
2131,treatment,desktop,0,204.07,21.02
3813,treatment,desktop,0,209.13,18.44
2839,treatment,desktop,0,188.93,45.13
10544,control,mobile,0,198.17,42.33
12744,control,mobile,0,169.15,38.41
17983,control,tablet,0,225.23,58.32
16642,treatment,mobile,0,246.41,34.8
8058,treatment,desktop,1,199.13,22.6
5484,treatment,desktop,0,232.43,80.39
11074,control,mobile,0,222.28,19.05
16132,treatment,mobile,0,180.55,32.88
4076,treatment,desktop,0,253.45,41.31
19400,treatment,tablet,1,199.18,145.61
3628,treatment,desktop,1,287.87,38.89
13972,control,mobile,0,225.34,35.72
13390,control,mobile,0,216.26,48.27
14699,control,mobile,0,259.85,53.31
13374,control,mobile,0,250.32,81.49
2847,treatment,desktop,0,246.99,58.73
13606,control,mobile,0,212.57,34.72
10496,control,mobile,0,221.78,31.46
10733,control,mobile,0,226.75,36.73
3751,treatment,desktop,1,199.2,20.3
16660,treatment,mobile,0,204.57,48.57
14219,control,mobile,0,262.01,25.04
15526,treatment,mobile,0,201.42,64.78
18765,control,tablet,0,226.32,17.73
15803,treatment,mobile,0,199.09,45.44
9735,control,mobile,0,194.29,65.27
6197,treatment,desktop,0,211.96,64.51
10167,control,mobile,0,217.05,63.83
8026,treatment,desktop,0,164.29,62.58
3327,treatment,desktop,0,157.26,49.41
3745,treatment,desktop,1,225.06,54.69
10852,control,mobile,0,194.04,50.67
11226,control,mobile,0,209.39,51.49
17518,control,tablet,0,254.88,62.66
10524,control,mobile,0,163.68,26.02
12326,control,mobile,0,213.01,51.48
7007,treatment,desktop,0,232.47,53.02
8483,control,mobile,0,190.37,35.11
14368,control,mobile,0,218.75,77.73
8366,control,mobile,0,232.28,28.74
13597,control,mobile,0,208.5,96.34
1912,treatment,desktop,0,229.21,100.11
13008,control,mobile,1,240.65,28.36
1,control,desktop,0,202.57,4952.45
12186,control,mobile,0,247.34,93.45
6317,treatment,desktop,0,225.32,54.31
984,control,desktop,0,191.0,90.76
16775,treatment,mobile,0,202.05,76.42
1113,control,desktop,0,168.7,70.86
10249,control,mobile,0,262.93,44.79
3914,treatment,desktop,1,266.11,5805.71
17855,control,tablet,0,241.81,22.34
9631,control,mobile,1,259.96,38.3
12796,control,mobile,0,220.93,75.81
6743,treatment,desktop,0,244.38,65.83
6041,treatment,desktop,0,193.94,52.9
16606,treatment,mobile,1,196.75,51.13
12060,control,mobile,0,192.1,44.91
18681,control,tablet,0,230.96,31.09
11844,control,mobile,0,253.33,22.57
5021,treatment,desktop,0,187.48,77.8
11791,control,mobile,0,207.41,23.3
18853,control,tablet,0,201.98,49.73
16589,treatment,mobile,0,201.48,36.29
1880,treatment,desktop,0,199.06,28.51
5047,treatment,desktop,0,200.21,70.4
7290,treatment,desktop,0,164.61,149.95
524,control,desktop,0,200.83,38.75
18017,control,tablet,0,263.99,33.07
18886,control,tablet,0,179.25,49.28
18026,control,tablet,0,266.31,76.49
9150,control,mobile,0,199.15,36.71
9681,control,mobile,0,281.76,11.37
13237,control,mobile,0,255.89,78.5
2059,treatment,desktop,0,156.54,27.29
2153,treatment,desktop,0,266.32,109.2
10880,control,mobile,1,221.18,50.57
8358,control,mobile,0,267.11,30.49
8481,control,mobile,0,188.34,56.73
13285,control,mobile,0,220.43,27.76
12814,control,mobile,0,206.98,47.16
19788,treatment,tablet,0,245.29,52.68
16858,treatment,mobile,0,255.19,36.55
574,control,desktop,0,221.04,124.73
14666,control,mobile,0,258.04,45.99
14961,control,mobile,0,194.67,136.52
18388,control,tablet,0,222.98,84.34
12312,control,mobile,0,199.0,65.22
13230,control,mobile,0,175.53,49.04
8593,control,mobile,1,256.93,115.25
9176,control,mobile,0,230.53,43.46
9431,control,mobile,0,226.19,62.53
8455,control,mobile,0,247.83,33.77
16011,treatment,mobile,0,239.18,23.29
13976,control,mobile,0,213.79,74.28
7260,treatment,desktop,0,202.18,34.56
775,control,desktop,0,202.77,21.89
10706,control,mobile,0,247.13,56.66
5639,treatment,desktop,0,224.86,23.87
14518,control,mobile,0,157.25,28.78
2064,treatment,desktop,0,243.12,123.96
14118,control,mobile,0,250.65,62.52
13817,control,mobile,1,189.68,19.18
6532,treatment,desktop,0,243.82,33.56
6309,treatment,desktop,0,199.84,87.33
12843,control,mobile,0,125.4,97.88
8287,control,mobile,0,206.96,40.81
14198,control,mobile,0,201.28,47.68
18963,control,tablet,1,203.19,77.69
9283,control,mobile,0,214.59,117.52
16019,treatment,mobile,0,273.96,52.94
16280,treatment,mobile,0,221.32,37.44
5204,treatment,desktop,0,214.49,34.94
18975,control,tablet,1,160.89,56.0
18634,control,tablet,0,229.08,52.86
4830,treatment,desktop,0,260.95,73.21
5882,treatment,desktop,0,172.61,69.47
2066,treatment,desktop,0,193.44,68.54
14746,control,mobile,0,196.79,114.1
18866,control,tablet,0,211.34,94.43
2595,treatment,desktop,1,237.98,40.91
16459,treatment,mobile,0,181.84,32.15
7608,treatment,desktop,1,252.37,43.9
16742,treatment,mobile,0,253.69,61.72
19067,treatment,tablet,0,199.87,47.63
8352,control,mobile,0,238.77,36.38
9375,control,mobile,0,193.41,53.35
15594,treatment,mobile,1,243.88,109.65
18211,control,tablet,0,190.49,150.09
6558,treatment,desktop,0,214.14,52.61
17422,treatment,mobile,0,251.17,17.97
12801,control,mobile,1,227.82,68.85
10331,control,mobile,0,266.38,74.32
19120,treatment,tablet,0,273.51,34.56
10546,control,mobile,0,267.73,117.42
324,control,desktop,0,209.16,60.75
14444,control,mobile,0,254.91,64.35
869,control,desktop,0,208.88,25.57
493,control,desktop,1,215.17,37.68
3661,treatment,desktop,0,158.23,27.85
14500,control,mobile,0,235.19,60.0
16276,treatment,mobile,0,236.09,52.44
781,control,desktop,1,248.48,39.26
2284,treatment,desktop,0,257.57,45.27
16519,treatment,mobile,0,249.11,59.47
19029,treatment,tablet,0,254.23,83.4
1749,treatment,desktop,0,260.7,24.36
8265,control,mobile,0,170.37,73.91
12173,control,mobile,0,194.33,22.16
19683,treatment,tablet,0,271.88,63.9
8062,treatment,desktop,0,266.63,65.9
101,control,desktop,0,278.46,72.03
1342,treatment,desktop,0,202.61,42.09
15440,treatment,mobile,0,240.08,40.71
14341,control,mobile,0,192.34,68.93
1979,treatment,desktop,0,231.13,123.52
2217,treatment,desktop,0,226.19,36.38
12981,control,mobile,0,200.92,35.35
705,control,desktop,1,234.79,62.02
6522,treatment,desktop,0,137.58,54.68
8648,control,mobile,1,204.27,83.18
1266,treatment,desktop,0,236.08,46.7
15835,treatment,mobile,0,240.74,35.73
9245,control,mobile,0,211.19,12.01
8866,control,mobile,0,226.99,136.78
1091,control,desktop,0,214.14,11.93
15039,control,mobile,0,210.22,91.01
7593,treatment,desktop,0,200.43,63.03
11190,control,mobile,0,202.71,48.63
6397,treatment,desktop,0,194.63,38.11
12926,control,mobile,0,274.73,61.06
3059,treatment,desktop,1,195.83,52.43
4697,treatment,desktop,1,215.58,14.35
9017,control,mobile,0,172.42,49.59
13168,control,mobile,0,236.58,39.62
1731,treatment,desktop,0,215.77,74.8
13992,control,mobile,0,212.39,117.28
8971,control,mobile,0,148.66,65.66
14780,control,mobile,0,216.82,59.3
9295,control,mobile,0,192.61,74.2
9842,control,mobile,0,216.67,31.05
13375,control,mobile,0,254.5,80.39
9541,control,mobile,0,214.54,28.74
254,control,desktop,1,211.09,24.68
6014,treatment,desktop,0,214.5,58.54
8849,control,mobile,0,227.87,43.85
4644,treatment,desktop,0,250.98,53.6
2224,treatment,desktop,0,247.51,43.94
15633,treatment,mobile,0,186.17,17.93
7123,treatment,desktop,0,213.39,17.63
19594,treatment,tablet,0,168.0,85.0
3343,treatment,desktop,0,203.96,64.85
19015,treatment,tablet,0,233.58,20.88
12761,control,mobile,0,231.91,86.42
4877,treatment,desktop,0,200.84,43.51
2539,treatment,desktop,1,190.95,53.7
13757,control,mobile,0,254.88,51.03
11916,control,mobile,0,195.88,68.67
5177,treatment,desktop,0,227.94,45.82
12858,control,mobile,0,216.93,43.59
5262,treatment,desktop,0,216.83,79.7
11317,control,mobile,0,170.75,81.02
6803,treatment,desktop,0,210.51,31.08
8382,control,mobile,0,218.75,52.26
7382,treatment,desktop,0,240.97,103.59
273,control,desktop,0,222.85,90.74
8152,treatment,desktop,0,210.86,30.78
14079,control,mobile,0,222.78,32.05
10460,control,mobile,0,227.94,48.07
4772,treatment,desktop,1,192.18,41.44
16340,treatment,mobile,1,252.83,24.16
17869,control,tablet,0,206.11,79.03
19600,treatment,tablet,0,230.02,35.78
870,control,desktop,0,199.8,91.38
13942,control,mobile,0,205.19,52.55
5113,treatment,desktop,0,240.59,25.46
19347,treatment,tablet,0,223.28,45.6
9734,control,mobile,0,199.08,81.83
959,control,desktop,1,273.58,55.96
2386,treatment,desktop,0,217.27,39.4
11884,control,mobile,0,250.28,171.61
5335,treatment,desktop,0,268.04,41.46
17280,treatment,mobile,0,212.23,66.76
16149,treatment,mobile,0,216.66,102.03
18426,control,tablet,0,205.75,101.91
17886,control,tablet,0,222.67,55.13
10487,control,mobile,0,225.92,31.71
11084,control,mobile,0,226.19,57.19
13596,control,mobile,0,174.12,78.81
12283,control,mobile,0,205.45,20.55
2773,treatment,desktop,0,240.91,49.57
9880,control,mobile,0,183.27,89.27
4989,treatment,desktop,0,221.44,80.29
5717,treatment,desktop,0,196.15,23.11
2556,treatment,desktop,0,256.84,20.58
11246,control,mobile,0,203.95,36.96
4876,treatment,desktop,0,233.07,38.02
6103,treatment,desktop,0,192.67,43.78
11417,control,mobile,0,248.69,95.84
9576,control,mobile,0,209.95,66.14
9141,control,mobile,0,232.46,12.91
3489,treatment,desktop,0,239.23,72.56
8231,control,mobile,0,246.36,143.21
762,control,desktop,1,228.18,46.75
10140,control,mobile,0,244.47,54.07
19150,treatment,tablet,0,216.69,59.88
19957,treatment,tablet,0,278.9,53.69
14215,control,mobile,0,237.47,43.35
19431,treatment,tablet,0,224.0,40.21
18195,control,tablet,0,197.59,74.64
3528,treatment,desktop,0,217.01,74.19
16599,treatment,mobile,0,195.34,36.24
267,control,desktop,0,226.28,21.03
8679,control,mobile,0,210.95,48.51
11842,control,mobile,0,231.59,47.12
7681,treatment,desktop,0,216.1,45.71
16139,treatment,mobile,0,294.71,48.47
308,control,desktop,0,223.39,40.36
4778,treatment,desktop,0,252.54,34.71
5366,treatment,desktop,0,260.97,26.42
13368,control,mobile,0,186.62,75.2
19475,treatment,tablet,0,255.85,84.04
13030,control,mobile,0,235.58,43.11
4660,treatment,desktop,0,253.03,16.94
559,control,desktop,1,200.13,41.15
7066,treatment,desktop,0,201.62,96.07
8692,control,mobile,0,232.55,26.08
14024,control,mobile,0,201.96,27.43
8950,control,mobile,0,254.01,83.83
637,control,desktop,0,169.77,106.45
13113,control,mobile,0,254.61,33.55
300,control,desktop,0,189.25,29.67
17234,treatment,mobile,0,252.48,39.05
14,control,desktop,1,192.96,39.87
8843,control,mobile,0,241.35,30.99
18230,control,tablet,0,212.49,39.34
18563,control,tablet,0,208.21,25.88
1074,control,desktop,0,214.51,48.67
3755,treatment,desktop,0,208.21,39.75
281,control,desktop,1,199.29,55.11
3112,treatment,desktop,0,213.7,76.02
12311,control,mobile,0,216.91,48.48
12304,control,mobile,0,207.18,43.07
1384,treatment,desktop,0,208.83,81.94
14253,control,mobile,0,203.26,51.25
15311,treatment,mobile,0,200.38,45.3
14841,control,mobile,0,262.39,78.35
172,control,desktop,0,208.67,51.18
14465,control,mobile,0,207.96,99.34
15253,treatment,mobile,0,276.55,54.99
11680,control,mobile,0,209.5,27.03
13847,control,mobile,0,205.38,35.57
10260,control,mobile,0,196.74,102.35
11690,control,mobile,0,199.19,29.94
9635,control,mobile,0,277.03,38.02
6210,treatment,desktop,0,208.84,97.03
11487,control,mobile,0,196.05,48.93
11625,control,mobile,0,280.59,61.59
7462,treatment,desktop,0,188.07,29.0
2071,treatment,desktop,0,219.7,29.5
5991,treatment,desktop,0,190.22,54.14
13404,control,mobile,1,220.81,42.99
7841,treatment,desktop,0,285.43,101.87
13249,control,mobile,0,190.14,140.48
5301,treatment,desktop,0,185.58,71.24
17815,control,tablet,0,239.36,28.19
7394,treatment,desktop,1,257.96,71.54
704,control,desktop,0,251.43,22.61
11899,control,mobile,0,209.03,34.3
13528,control,mobile,0,192.21,48.14
18481,control,tablet,0,256.71,57.7
13485,control,mobile,1,162.19,121.17
8844,control,mobile,0,200.25,33.67
19415,treatment,tablet,1,217.82,26.33
11927,control,mobile,0,226.16,40.41
17917,control,tablet,0,226.66,39.03
14130,control,mobile,0,203.48,85.03
16514,treatment,mobile,0,229.33,74.6
8219,control,mobile,0,270.51,31.79
8751,control,mobile,0,194.8,56.87
3761,treatment,desktop,0,222.33,19.46
8024,treatment,desktop,0,230.53,41.1
7962,treatment,desktop,0,196.63,54.7
8882,control,mobile,0,215.0,41.59
16532,treatment,mobile,0,209.48,50.38
8921,control,mobile,0,209.19,78.99
19064,treatment,tablet,0,247.72,59.51
6517,treatment,desktop,0,225.45,29.26
14972,control,mobile,0,277.49,32.59
13122,control,mobile,0,224.66,14.29
13921,control,mobile,0,204.89,45.63
10917,control,mobile,0,193.08,44.62
5974,treatment,desktop,0,234.62,74.02
5060,treatment,desktop,0,229.36,43.77
15355,treatment,mobile,0,228.2,60.22
5235,treatment,desktop,1,229.81,35.61
3512,treatment,desktop,0,192.56,86.63
12335,control,mobile,0,166.4,61.91
9180,control,mobile,0,204.73,32.2
19303,treatment,tablet,0,196.29,48.6
3273,treatment,desktop,0,200.4,52.56
11138,control,mobile,0,204.25,38.75
15932,treatment,mobile,0,231.43,21.8
7354,treatment,desktop,0,209.46,66.96
10760,control,mobile,0,222.13,30.38
10529,control,mobile,0,207.21,81.71
18612,control,tablet,0,241.55,41.87
10413,control,mobile,0,201.57,72.95
7923,treatment,desktop,0,233.38,35.87
1851,treatment,desktop,1,226.82,53.0
5452,treatment,desktop,0,186.57,38.13
14952,control,mobile,0,241.02,126.34
4180,treatment,desktop,0,229.7,72.64
7345,treatment,desktop,0,239.0,27.82
17635,control,tablet,0,209.59,62.26
6428,treatment,desktop,0,248.7,87.88
485,control,desktop,0,214.73,109.12
16374,treatment,mobile,0,241.55,67.68
16202,treatment,mobile,0,208.14,88.97
854,control,desktop,0,204.77,78.35
1079,control,desktop,0,208.41,69.76
4962,treatment,desktop,0,194.33,117.79
4507,treatment,desktop,0,250.85,42.7
7947,treatment,desktop,0,206.5,25.04
18733,control,tablet,0,187.33,53.91
13894,control,mobile,0,190.97,73.5
19490,treatment,tablet,0,179.81,90.6
17448,treatment,mobile,0,217.1,47.84
9000,control,mobile,0,213.7,38.09
9805,control,mobile,0,190.6,26.97
3412,treatment,desktop,0,147.84,36.86
18571,control,tablet,0,199.34,77.24
4786,treatment,desktop,0,248.6,62.52
16683,treatment,mobile,0,215.64,72.86
13713,control,mobile,1,240.63,49.11
10117,control,mobile,0,248.16,137.03
1644,treatment,desktop,0,232.31,27.86
9037,control,mobile,0,250.72,55.13
1359,treatment,desktop,0,206.35,44.27
2244,treatment,desktop,1,247.57,69.91
758,control,desktop,1,265.15,20.0
6170,treatment,desktop,0,186.75,104.5
4973,treatment,desktop,1,231.2,55.78
5372,treatment,desktop,0,179.99,64.49
13870,control,mobile,0,244.08,57.45
287,control,desktop,0,222.49,42.39
9939,control,mobile,0,233.05,130.56
10942,control,mobile,0,153.84,66.89
18726,control,tablet,0,210.85,70.37
4836,treatment,desktop,0,238.8,42.77
10162,control,mobile,1,240.49,42.8
6451,treatment,desktop,0,235.32,76.2
4811,treatment,desktop,0,206.27,56.19
8246,control,mobile,0,241.27,62.19
18270,control,tablet,0,192.77,25.36
15357,treatment,mobile,0,184.0,72.79
15707,treatment,mobile,0,161.45,68.58
18471,control,tablet,0,231.41,26.24
19886,treatment,tablet,0,183.33,58.26
4429,treatment,desktop,0,183.19,31.36
16768,treatment,mobile,0,247.47,64.88
19024,treatment,tablet,0,225.86,45.61
8814,control,mobile,0,177.38,88.96
18167,control,tablet,0,223.03,25.19
17876,control,tablet,0,260.82,39.2
7779,treatment,desktop,0,219.04,21.8
19236,treatment,tablet,0,215.6,98.44
8426,control,mobile,0,230.65,77.43
18294,control,tablet,0,200.49,46.72
1503,treatment,desktop,0,236.17,40.38
6710,treatment,desktop,1,263.39,101.71
18881,control,tablet,0,252.51,25.94
12057,control,mobile,0,226.53,24.08
9174,control,mobile,0,256.04,44.9
7857,treatment,desktop,0,266.3,18.81
9908,control,mobile,0,226.47,26.54
383,control,desktop,0,243.52,90.19
9403,control,mobile,0,197.64,87.1
17694,control,tablet,1,209.87,27.44
9590,control,mobile,0,211.18,106.62
15203,treatment,mobile,0,186.99,46.93
2196,treatment,desktop,0,202.01,45.85
6681,treatment,desktop,0,220.79,40.36
5330,treatment,desktop,0,215.07,68.65
17564,control,tablet,1,220.54,28.54
4576,treatment,desktop,0,239.28,44.13
13334,control,mobile,1,248.47,40.55
10102,control,mobile,0,278.06,78.87
10877,control,mobile,0,234.24,56.35
13612,control,mobile,0,188.02,48.61
8703,control,mobile,0,295.11,54.09
18684,control,tablet,0,216.11,45.13
11187,control,mobile,0,163.69,49.7
6325,treatment,desktop,0,157.92,59.09
8364,control,mobile,0,184.53,16.1
18792,control,tablet,0,224.86,45.17
8868,control,mobile,0,175.24,58.76
5571,treatment,desktop,1,182.25,52.1
13265,control,mobile,0,263.71,27.59
4736,treatment,desktop,1,234.49,46.11
8431,control,mobile,0,227.9,31.84
12725,control,mobile,0,219.7,72.01
12209,control,mobile,0,241.91,115.7
11038,control,mobile,0,202.42,74.56
15236,treatment,mobile,0,236.22,41.51
2535,treatment,desktop,0,162.05,73.25
17995,control,tablet,0,234.04,32.34
10939,control,mobile,0,160.72,37.22
7495,treatment,desktop,0,233.73,45.33
1719,treatment,desktop,1,236.42,47.32
10968,control,mobile,0,185.5,40.12
18955,control,tablet,0,194.14,34.15
9419,control,mobile,0,248.5,96.12
17145,treatment,mobile,0,186.88,129.99
19497,treatment,tablet,0,204.31,139.53
19642,treatment,tablet,0,221.61,39.76
14539,control,mobile,1,168.01,63.69
9455,control,mobile,0,270.66,16.48
3198,treatment,desktop,0,315.93,47.38
18299,control,tablet,0,191.1,32.99
4351,treatment,desktop,0,237.65,102.6
5171,treatment,desktop,0,169.34,47.73
2512,treatment,desktop,0,204.01,34.2
17080,treatment,mobile,1,190.39,58.07
3794,treatment,desktop,0,212.78,56.33
14501,control,mobile,0,252.94,41.2
4807,treatment,desktop,1,270.49,58.17
7284,treatment,desktop,0,184.05,24.94
13319,control,mobile,0,252.57,148.41
9653,control,mobile,0,235.49,82.47
3310,treatment,desktop,0,193.78,28.74
6452,treatment,desktop,0,244.51,80.77
17449,treatment,mobile,0,240.92,51.24
15337,treatment,mobile,0,228.23,46.42
18560,control,tablet,0,222.42,63.77
16580,treatment,mobile,0,187.26,81.07
1584,treatment,desktop,0,244.6,51.28
10299,control,mobile,1,231.31,38.76
15782,treatment,mobile,0,215.92,30.31
6494,treatment,desktop,0,247.85,40.51
18343,control,tablet,0,173.95,104.95
12691,control,mobile,0,211.96,42.57
7621,treatment,desktop,0,192.0,27.16
8069,treatment,desktop,0,233.95,55.35
4485,treatment,desktop,0,186.2,48.34
1525,treatment,desktop,0,251.05,26.6
4346,treatment,desktop,0,231.69,67.9
14427,control,mobile,0,228.93,24.98
399,control,desktop,0,255.07,65.01
5222,treatment,desktop,0,230.47,30.28
17871,control,tablet,0,204.03,70.38
16720,treatment,mobile,0,184.34,22.09
15104,treatment,mobile,0,248.84,36.15
19434,treatment,tablet,0,181.99,59.68
14603,control,mobile,0,189.8,75.09
15831,treatment,mobile,0,190.12,73.58
16536,treatment,mobile,0,216.41,95.32
8386,control,mobile,0,228.98,41.32
6722,treatment,desktop,0,229.62,67.18
19702,treatment,tablet,0,233.25,115.29
16217,treatment,mobile,0,223.0,35.66
10634,control,mobile,0,224.9,27.28
4874,treatment,desktop,0,263.3,37.09
18808,control,tablet,1,219.01,114.03
5153,treatment,desktop,0,276.46,15.54
17458,treatment,mobile,0,186.25,52.28
4584,treatment,desktop,0,216.7,58.53
12490,control,mobile,0,207.23,102.38
5388,treatment,desktop,0,169.28,34.67
7898,treatment,desktop,0,251.72,123.49
16157,treatment,mobile,0,226.78,55.01
17128,treatment,mobile,0,255.13,25.45
5250,treatment,desktop,0,146.81,84.57
5281,treatment,desktop,0,222.63,19.09
16938,treatment,mobile,0,229.59,37.57
5251,treatment,desktop,0,283.46,44.51
18810,control,tablet,0,232.08,194.72
10493,control,mobile,0,192.09,39.63
13927,control,mobile,0,180.82,51.69
5764,treatment,desktop,0,230.99,70.6
18362,control,tablet,0,197.76,34.43
8927,control,mobile,0,233.83,109.69
13098,control,mobile,0,223.49,55.85
9360,control,mobile,0,229.97,72.83
15394,treatment,mobile,0,201.29,59.62
15593,treatment,mobile,0,266.9,24.72
11165,control,mobile,0,245.98,42.26
6310,treatment,desktop,0,234.36,36.61
4900,treatment,desktop,0,184.81,67.62
9142,control,mobile,0,198.1,58.98
17276,treatment,mobile,0,181.01,104.17
13229,control,mobile,0,219.88,20.04
9608,control,mobile,0,157.72,53.47
18176,control,tablet,0,206.52,74.52
8504,control,mobile,0,215.05,27.7
4110,treatment,desktop,0,231.87,65.57
7321,treatment,desktop,0,202.24,137.65
6212,treatment,desktop,0,256.9,39.88
16283,treatment,mobile,0,189.53,87.74
14865,control,mobile,0,228.85,106.48
2514,treatment,desktop,1,220.47,34.88
1860,treatment,desktop,0,202.04,32.12
9249,control,mobile,0,244.4,34.38
13337,control,mobile,0,199.05,27.49
16213,treatment,mobile,0,238.02,20.96
16071,treatment,mobile,0,245.6,65.21
19297,treatment,tablet,0,238.71,32.67
6906,treatment,desktop,1,275.34,65.51
886,control,desktop,0,214.5,32.41
3229,treatment,desktop,0,223.08,30.03
3821,treatment,desktop,0,202.81,37.94
10840,control,mobile,0,245.0,85.41
8405,control,mobile,0,155.57,69.13
15562,treatment,mobile,0,193.93,34.07
3176,treatment,desktop,0,263.79,31.03
11184,control,mobile,0,253.13,126.69
17986,control,tablet,0,223.57,17.32
15294,treatment,mobile,0,237.88,76.85
4194,treatment,desktop,0,245.77,46.95
17882,control,tablet,0,147.29,74.83
498,control,desktop,0,268.0,32.78
14343,control,mobile,0,222.29,45.21
6361,treatment,desktop,0,211.5,63.07
15441,treatment,mobile,0,222.19,44.03
15995,treatment,mobile,0,277.37,59.65
19849,treatment,tablet,0,238.07,45.23
17130,treatment,mobile,0,231.16,31.52
8746,control,mobile,0,241.76,34.73
13301,control,mobile,0,249.58,52.49
9859,control,mobile,0,261.25,57.11
10796,control,mobile,0,217.67,62.55
7239,treatment,desktop,1,254.45,44.52
18619,control,tablet,0,223.31,37.79
12583,control,mobile,0,198.16,38.47
8401,control,mobile,0,211.63,25.72
11263,control,mobile,0,259.65,24.36
4915,treatment,desktop,0,199.82,36.04
4189,treatment,desktop,0,207.71,19.34
12759,control,mobile,0,239.0,53.78
2964,treatment,desktop,0,232.17,35.79
8720,control,mobile,0,220.91,47.24
10182,control,mobile,0,210.24,131.79
11913,control,mobile,0,224.63,141.01
15144,treatment,mobile,0,188.38,35.29
642,control,desktop,0,273.06,72.96
1212,treatment,desktop,0,230.89,64.18
9924,control,mobile,0,249.78,25.07
3787,treatment,desktop,0,220.6,90.85
11609,control,mobile,0,222.87,53.86
9755,control,mobile,0,196.35,48.59
6145,treatment,desktop,1,253.01,55.44
19770,treatment,tablet,1,198.1,59.63
17700,control,tablet,0,248.74,56.86
4425,treatment,desktop,0,197.38,29.18
13028,control,mobile,0,217.35,82.92
18076,control,tablet,1,137.94,22.82
8631,control,mobile,0,179.85,62.29
12996,control,mobile,0,216.28,104.26
15517,treatment,mobile,0,284.18,40.68
15480,treatment,mobile,0,223.48,86.93
548,control,desktop,0,162.93,56.25
4432,treatment,desktop,1,207.84,28.39
14125,control,mobile,0,190.11,91.83
11831,control,mobile,0,166.63,76.2
5780,treatment,desktop,1,235.98,28.76
2398,treatment,desktop,0,275.01,26.3
5393,treatment,desktop,1,185.71,50.88
15127,treatment,mobile,0,176.01,40.2
3345,treatment,desktop,0,248.86,39.84
14029,control,mobile,0,219.96,60.93
19646,treatment,tablet,0,221.04,53.58
7845,treatment,desktop,0,193.8,38.45
14610,control,mobile,0,178.96,20.29
10341,control,mobile,0,230.32,42.46
10668,control,mobile,0,201.4,31.34
16435,treatment,mobile,0,240.12,35.31
17634,control,tablet,0,207.86,19.06
5918,treatment,desktop,0,217.2,61.75
5840,treatment,desktop,0,188.09,52.98
1848,treatment,desktop,0,224.25,105.21
16051,treatment,mobile,0,243.8,62.4
11213,control,mobile,0,232.94,147.48
16696,treatment,mobile,0,186.69,21.72
13571,control,mobile,0,203.63,25.72
8884,control,mobile,0,160.15,75.87
15730,treatment,mobile,0,161.99,89.65
8270,control,mobile,0,224.06,85.98
1233,treatment,desktop,0,223.87,44.6
11100,control,mobile,0,225.74,27.6
15758,treatment,mobile,0,183.71,107.65
19745,treatment,tablet,0,189.83,97.64
12710,control,mobile,0,204.52,34.32
6183,treatment,desktop,0,229.88,38.0
15242,treatment,mobile,0,219.6,39.74
15247,treatment,mobile,0,252.61,32.27
1647,treatment,desktop,0,274.33,43.41
6883,treatment,desktop,0,243.86,50.65
2784,treatment,desktop,0,208.36,62.44
4123,treatment,desktop,0,246.53,59.59
50,control,desktop,0,250.54,57.69
10918,control,mobile,0,266.91,13.47
3136,treatment,desktop,0,260.35,102.88
4750,treatment,desktop,0,236.99,44.36
7427,treatment,desktop,0,268.81,41.85
10480,control,mobile,0,206.7,19.61
15050,control,mobile,1,180.05,69.72
2993,treatment,desktop,0,210.7,30.65
8592,control,mobile,0,246.32,40.6
6164,treatment,desktop,0,234.0,30.13
15839,treatment,mobile,0,232.21,21.34
3780,treatment,desktop,0,247.62,63.23
3734,treatment,desktop,0,190.9,40.23
7796,treatment,desktop,1,216.03,25.45
1870,treatment,desktop,0,207.99,136.86
4860,treatment,desktop,0,241.77,73.15
16067,treatment,mobile,0,255.82,35.94
19040,treatment,tablet,0,202.29,60.88
3937,treatment,desktop,0,206.33,43.48
6243,treatment,desktop,0,226.08,62.89
14149,control,mobile,0,199.09,27.51
13274,control,mobile,0,185.22,33.21
6723,treatment,desktop,0,199.41,33.99
15749,treatment,mobile,0,186.99,37.08
13020,control,mobile,0,186.41,67.43
11591,control,mobile,0,249.67,29.7
7470,treatment,desktop,1,219.99,26.92
18102,control,tablet,0,197.74,46.32
16466,treatment,mobile,0,267.12,39.45
7874,treatment,desktop,0,216.35,41.41
851,control,desktop,0,193.7,63.26
8106,treatment,desktop,0,296.86,70.37
4895,treatment,desktop,0,233.69,34.68
6158,treatment,desktop,0,175.22,74.36
4630,treatment,desktop,1,254.03,163.54
19219,treatment,tablet,0,225.26,36.54
4294,treatment,desktop,0,208.43,28.65
1223,treatment,desktop,1,283.82,39.9
4835,treatment,desktop,0,233.08,77.2
8286,control,mobile,0,222.27,43.87
17096,treatment,mobile,0,276.27,28.31
12999,control,mobile,0,181.76,30.82
16699,treatment,mobile,0,229.98,86.21
945,control,desktop,0,260.56,54.84
16402,treatment,mobile,0,230.24,23.46
7174,treatment,desktop,0,188.59,94.93
6529,treatment,desktop,0,236.12,24.64
12380,control,mobile,0,234.8,33.5
17323,treatment,mobile,0,195.72,60.81
14348,control,mobile,0,255.39,59.69
17730,control,tablet,0,188.41,26.58
14652,control,mobile,0,218.94,40.82
8859,control,mobile,0,179.74,80.17
3699,treatment,desktop,0,229.97,59.4
17318,treatment,mobile,0,164.04,20.3
3280,treatment,desktop,0,263.55,14.49
19138,treatment,tablet,0,237.0,40.17
8143,treatment,desktop,1,199.42,48.36
8947,control,mobile,0,242.92,72.57
5855,treatment,desktop,0,160.82,28.94
18971,control,tablet,0,197.43,73.64
18779,control,tablet,0,218.52,73.04
17320,treatment,mobile,0,232.31,51.03
516,control,desktop,0,236.7,62.11
10447,control,mobile,0,255.65,38.61
16061,treatment,mobile,0,237.59,39.07
1694,treatment,desktop,0,187.61,36.66
18025,control,tablet,0,233.41,23.29
17286,treatment,mobile,0,228.03,86.42
10625,control,mobile,0,195.05,98.37
5212,treatment,desktop,0,282.26,21.31
11078,control,mobile,0,233.94,73.33
19215,treatment,tablet,1,190.13,63.04
7598,treatment,desktop,0,278.82,94.57
10151,control,mobile,0,217.97,13.95
73,control,desktop,0,196.99,42.86
11197,control,mobile,0,236.08,60.53
9069,control,mobile,0,185.27,83.24
7417,treatment,desktop,0,212.36,41.56
10086,control,mobile,0,190.72,37.64
7437,treatment,desktop,0,209.61,41.56
16073,treatment,mobile,0,241.83,85.72
2001,treatment,desktop,0,214.93,53.8
5954,treatment,desktop,1,251.17,50.56
11698,control,mobile,0,226.99,22.6
16558,treatment,mobile,0,192.05,29.21
4510,treatment,desktop,0,162.0,41.55
4003,treatment,desktop,0,271.32,67.43
15949,treatment,mobile,0,229.31,80.65
18929,control,tablet,0,263.61,36.57
19334,treatment,tablet,0,143.97,26.26
19809,treatment,tablet,0,234.16,160.54
8817,control,mobile,0,239.3,32.86
5231,treatment,desktop,0,215.73,90.94
18925,control,tablet,0,276.53,19.36
3532,treatment,desktop,0,214.6,62.18
17023,treatment,mobile,0,190.73,20.15
2089,treatment,desktop,0,226.26,61.58
18932,control,tablet,0,200.51,67.83
13406,control,mobile,0,222.62,70.48
5605,treatment,desktop,0,258.35,15.67
12420,control,mobile,0,256.9,37.95
9697,control,mobile,0,219.79,94.31
13354,control,mobile,1,202.15,214.85
17443,treatment,mobile,0,269.23,46.07
5347,treatment,desktop,0,209.92,25.25
4738,treatment,desktop,1,258.7,27.98
18408,control,tablet,0,228.51,20.79
11144,control,mobile,0,256.27,39.75
18611,control,tablet,0,246.5,28.0
127,control,desktop,0,149.33,36.66
9744,control,mobile,0,195.96,58.42
8105,treatment,desktop,0,271.19,45.82
4682,treatment,desktop,0,219.1,72.75
8439,control,mobile,0,217.26,167.46
14901,control,mobile,0,235.67,46.82
12973,control,mobile,0,200.68,20.36
17266,treatment,mobile,0,241.94,42.94
18977,control,tablet,0,225.05,69.16
7500,treatment,desktop,0,193.58,91.88
3802,treatment,desktop,0,190.08,54.78
15284,treatment,mobile,0,234.78,46.13
9814,control,mobile,0,163.13,57.05
8613,control,mobile,0,212.0,36.08
18445,control,tablet,0,216.27,74.1
612,control,desktop,0,186.03,40.84
18296,control,tablet,0,215.82,70.22
4624,treatment,desktop,0,219.19,39.56
4357,treatment,desktop,0,166.43,39.22
13845,control,mobile,0,172.28,56.59
2620,treatment,desktop,1,192.41,73.5
1716,treatment,desktop,0,244.47,64.65
3758,treatment,desktop,1,184.47,49.57
6051,treatment,desktop,1,208.46,23.94
6130,treatment,desktop,0,193.86,114.43
15911,treatment,mobile,0,198.28,19.68
10406,control,mobile,0,208.94,21.84
12079,control,mobile,0,215.99,26.58
10938,control,mobile,0,256.62,50.63
16288,treatment,mobile,0,237.38,58.88
7073,treatment,desktop,0,248.53,108.09
15157,treatment,mobile,0,190.66,67.26
16366,treatment,mobile,0,204.94,45.33
4773,treatment,desktop,0,246.38,121.54
9728,control,mobile,0,190.7,29.38
17977,control,tablet,0,212.14,24.21
15095,control,mobile,0,241.03,30.74
19001,treatment,tablet,0,160.47,46.16
1585,treatment,desktop,0,229.09,64.69
4151,treatment,desktop,0,274.51,15.27
10325,control,mobile,0,238.76,87.86
8204,control,mobile,0,217.66,64.5
8446,control,mobile,0,188.36,104.77
2081,treatment,desktop,0,231.04,37.33
18702,control,tablet,0,196.49,49.4
6013,treatment,desktop,0,169.88,41.63
2162,treatment,desktop,0,230.34,44.47
17044,treatment,mobile,0,284.12,30.35
17847,control,tablet,0,244.19,100.68
14292,control,mobile,0,249.68,81.9
16236,treatment,mobile,0,247.17,38.8
15702,treatment,mobile,0,236.6,74.37
18462,control,tablet,1,241.67,15.2
13784,control,mobile,1,210.64,74.02
17216,treatment,mobile,0,258.41,55.77
16687,treatment,mobile,0,253.72,52.22
15786,treatment,mobile,0,190.26,71.19
15185,treatment,mobile,0,256.74,57.49
12609,control,mobile,0,227.44,57.55
3954,treatment,desktop,0,269.4,66.75
17093,treatment,mobile,0,191.1,52.04
15388,treatment,mobile,0,208.69,60.13
14436,control,mobile,0,191.76,34.35
13114,control,mobile,0,201.69,13.65
6341,treatment,desktop,0,203.64,27.4
773,control,desktop,1,229.12,101.64
10827,control,mobile,0,218.72,67.21
2323,treatment,desktop,0,211.25,12.81
1927,treatment,desktop,0,215.83,41.49
17662,control,tablet,0,240.77,47.92
3224,treatment,desktop,0,248.36,60.73
6193,treatment,desktop,0,175.32,36.56
5595,treatment,desktop,1,235.69,30.98
6806,treatment,desktop,0,247.71,88.96
19162,treatment,tablet,0,249.56,150.46
17990,control,tablet,0,233.89,70.3
1295,treatment,desktop,0,142.7,40.64
1372,treatment,desktop,0,249.11,64.84
14045,control,mobile,0,218.53,19.29
11871,control,mobile,0,222.8,68.06
12749,control,mobile,0,206.01,45.13
9821,control,mobile,0,190.72,36.79
11275,control,mobile,0,220.83,31.35
11866,control,mobile,0,237.67,45.43
7262,treatment,desktop,0,191.08,40.03
12818,control,mobile,0,274.79,63.25
3494,treatment,desktop,0,187.5,60.99
18993,control,tablet,0,232.79,50.8
8510,control,mobile,0,283.02,19.64
12521,control,mobile,0,251.06,67.46
3534,treatment,desktop,1,209.4,33.23
11631,control,mobile,0,214.56,79.97
16117,treatment,mobile,0,216.65,39.22
2291,treatment,desktop,0,254.12,119.11
16989,treatment,mobile,0,204.62,38.82
1811,treatment,desktop,1,286.4,98.45
7840,treatment,desktop,0,240.76,48.58
19743,treatment,tablet,0,218.06,43.95
15660,treatment,mobile,0,223.5,43.83
5445,treatment,desktop,0,198.29,16.16
3014,treatment,desktop,0,297.79,52.12
2875,treatment,desktop,0,209.16,21.54
2735,treatment,desktop,0,199.8,68.32
19949,treatment,tablet,0,253.52,36.67
6816,treatment,desktop,0,212.71,50.46
8029,treatment,desktop,0,236.2,58.05
5937,treatment,desktop,0,246.5,60.63
6060,treatment,desktop,0,202.84,87.34
14546,control,mobile,0,244.31,55.52
10316,control,mobile,0,236.49,142.68
12069,control,mobile,0,250.28,71.86
996,control,desktop,0,240.38,89.13
16689,treatment,mobile,0,190.89,54.84
5440,treatment,desktop,0,224.86,51.66
18015,control,tablet,0,265.32,49.07
6992,treatment,desktop,0,158.02,28.88
19026,treatment,tablet,0,223.43,35.19
11592,control,mobile,1,195.26,35.23
19658,treatment,tablet,0,197.06,44.98
18194,control,tablet,0,253.64,20.4
18224,control,tablet,0,248.94,29.84
8616,control,mobile,0,209.24,93.12
15951,treatment,mobile,0,203.04,48.97
2303,treatment,desktop,0,209.25,38.57
16516,treatment,mobile,0,282.97,37.15
19480,treatment,tablet,1,257.24,53.54
604,control,desktop,0,247.61,44.26
3890,treatment,desktop,0,225.19,45.83
5819,treatment,desktop,1,185.77,28.83
13543,control,mobile,0,183.96,38.4
3921,treatment,desktop,0,203.98,78.4
9211,control,mobile,0,224.66,68.91
2562,treatment,desktop,0,246.52,48.81
3429,treatment,desktop,1,201.51,182.78
18078,control,tablet,1,180.27,113.47
5106,treatment,desktop,0,236.84,114.22
9976,control,mobile,0,221.05,31.41
8918,control,mobile,0,253.18,29.29
6507,treatment,desktop,1,208.38,34.7
303,control,desktop,0,140.29,116.61
18226,control,tablet,0,258.95,111.08
8764,control,mobile,0,208.74,84.99
17831,control,tablet,0,251.44,16.37
8209,control,mobile,0,291.81,90.13
18547,control,tablet,0,240.79,79.25
14538,control,mobile,0,191.72,78.05
2368,treatment,desktop,0,212.93,88.95
7339,treatment,desktop,0,225.54,34.99
18964,control,tablet,0,197.16,41.72
2787,treatment,desktop,0,139.94,107.4
9938,control,mobile,0,238.99,25.48
1653,treatment,desktop,0,218.08,49.6
16187,treatment,mobile,0,226.61,26.32
19783,treatment,tablet,0,212.86,82.03
18288,control,tablet,0,186.09,36.23
18009,control,tablet,0,236.65,67.63
5773,treatment,desktop,0,238.67,39.68
5243,treatment,desktop,0,208.44,48.48
2396,treatment,desktop,0,229.11,34.67
6460,treatment,desktop,0,185.65,50.13
12131,control,mobile,1,227.66,76.55
16509,treatment,mobile,0,284.94,61.87
5990,treatment,desktop,0,229.83,78.02
1693,treatment,desktop,1,184.06,61.22
16680,treatment,mobile,0,208.28,33.66
9962,control,mobile,0,215.61,57.22
17514,control,tablet,0,212.2,36.61
7453,treatment,desktop,0,225.65,52.29
16313,treatment,mobile,0,207.59,30.28
149,control,desktop,0,238.78,42.4
17970,control,tablet,0,196.03,43.87
2901,treatment,desktop,0,282.17,30.52
9943,control,mobile,1,180.35,27.75
9871,control,mobile,0,213.59,34.78
13071,control,mobile,0,196.73,83.78
18479,control,tablet,0,230.03,55.46
15733,treatment,mobile,0,235.38,35.73
7613,treatment,desktop,0,198.01,22.06
2056,treatment,desktop,0,190.34,48.52
1093,control,desktop,0,148.4,52.07
12687,control,mobile,0,291.92,58.13
6488,treatment,desktop,0,180.92,99.54
3513,treatment,desktop,0,211.12,68.61
6346,treatment,desktop,0,245.67,63.43
14453,control,mobile,0,239.83,50.3
13981,control,mobile,0,193.67,56.6
18237,control,tablet,0,267.85,54.5
2127,treatment,desktop,0,274.42,95.89
699,control,desktop,0,169.91,56.93
987,control,desktop,0,214.9,70.34
7505,treatment,desktop,0,191.73,19.83
3694,treatment,desktop,0,212.57,53.14
13372,control,mobile,1,178.8,29.38
3499,treatment,desktop,0,286.53,38.29
5135,treatment,desktop,0,207.32,76.32
4731,treatment,desktop,0,188.8,116.65
10689,control,mobile,0,192.7,78.7
12202,control,mobile,0,166.0,53.89
15880,treatment,mobile,0,221.92,30.57
11108,control,mobile,0,202.76,63.84
1172,control,desktop,0,245.05,56.27
1392,treatment,desktop,1,254.1,65.97
7045,treatment,desktop,0,234.15,60.53
8093,treatment,desktop,0,222.02,84.6
11990,control,mobile,0,235.04,67.89
19556,treatment,tablet,0,172.08,34.08
4043,treatment,desktop,0,237.94,92.62
7421,treatment,desktop,0,231.66,51.81
503,control,desktop,0,186.96,35.8
2737,treatment,desktop,0,225.52,59.27
330,control,desktop,0,173.2,64.66
968,control,desktop,0,244.98,67.79
16150,treatment,mobile,0,198.8,43.03
1344,treatment,desktop,0,184.57,46.08
9914,control,mobile,0,226.46,52.75
12452,control,mobile,0,233.25,63.54
965,control,desktop,0,199.27,122.58
15614,treatment,mobile,0,193.7,38.42
13562,control,mobile,0,242.76,71.14
17597,control,tablet,0,246.93,64.66
7378,treatment,desktop,0,170.54,12.79
1815,treatment,desktop,0,223.71,37.71
18724,control,tablet,0,187.56,66.32
7568,treatment,desktop,0,190.54,78.79
14566,control,mobile,0,232.18,35.77
1782,treatment,desktop,0,213.09,55.57
12028,control,mobile,0,257.94,64.45
3251,treatment,desktop,0,190.01,58.26
1448,treatment,desktop,0,187.52,79.89
410,control,desktop,1,226.69,33.71
14697,control,mobile,0,227.02,49.61
12767,control,mobile,0,220.12,62.87
19163,treatment,tablet,0,240.0,74.31
15778,treatment,mobile,0,192.88,59.14
4978,treatment,desktop,0,233.89,20.03
14460,control,mobile,0,211.93,60.6
11881,control,mobile,0,260.58,28.19
436,control,desktop,0,211.82,60.6
8343,control,mobile,0,248.57,32.12
12237,control,mobile,0,172.73,50.99
4469,treatment,desktop,1,208.6,67.03
12344,control,mobile,0,182.63,61.06
16644,treatment,mobile,0,260.52,42.33
15669,treatment,mobile,0,239.2,78.25
2479,treatment,desktop,0,224.02,61.95
757,control,desktop,0,232.43,34.41
6294,treatment,desktop,0,154.58,32.86
5564,treatment,desktop,0,266.96,55.01
331,control,desktop,0,186.28,58.98
3939,treatment,desktop,0,275.44,28.09
7695,treatment,desktop,0,253.56,74.65
14202,control,mobile,0,236.48,19.32
14279,control,mobile,0,161.84,38.58
16361,treatment,mobile,0,150.24,41.53
5540,treatment,desktop,0,228.77,120.8
9504,control,mobile,0,197.9,88.68
2166,treatment,desktop,0,240.71,47.45
4757,treatment,desktop,0,227.21,55.46
18905,control,tablet,0,222.59,78.1
4205,treatment,desktop,0,187.9,79.32
17223,treatment,mobile,0,206.15,89.32
5076,treatment,desktop,0,298.11,30.72
8697,control,mobile,0,186.75,87.58
14769,control,mobile,0,193.44,61.4
502,control,desktop,0,224.19,34.39
17562,control,tablet,0,254.36,40.6
1369,treatment,desktop,0,270.32,80.66
14096,control,mobile,0,178.63,74.84
11775,control,mobile,0,246.85,44.55
15513,treatment,mobile,0,183.2,48.9
18526,control,tablet,0,250.1,96.96
4593,treatment,desktop,0,211.79,38.86
6508,treatment,desktop,0,221.89,28.79
10127,control,mobile,0,188.07,82.69
8762,control,mobile,0,261.46,45.74
17879,control,tablet,0,241.51,42.99
2983,treatment,desktop,0,223.27,61.96
16540,treatment,mobile,0,213.38,60.54
5760,treatment,desktop,0,210.74,47.61
320,control,desktop,0,215.38,66.41
15258,treatment,mobile,0,257.83,39.9
7461,treatment,desktop,0,165.63,33.86
19567,treatment,tablet,0,199.95,35.71
67,control,desktop,0,214.84,53.18
4640,treatment,desktop,0,255.11,120.79
3541,treatment,desktop,0,166.71,61.88
16415,treatment,mobile,0,237.51,23.37
4976,treatment,desktop,0,180.33,88.85
10976,control,mobile,0,159.86,111.27
19548,treatment,tablet,0,255.2,86.32
13550,control,mobile,0,213.73,129.2
19803,treatment,tablet,0,221.31,41.38
10874,control,mobile,0,237.71,34.01
19879,treatment,tablet,0,227.01,18.22
4794,treatment,desktop,0,234.04,65.63
6914,treatment,desktop,0,167.52,62.4
17487,treatment,mobile,0,233.8,27.57
8850,control,mobile,0,183.47,48.5
5559,treatment,desktop,0,192.96,64.32
6935,treatment,desktop,1,197.86,74.01
19680,treatment,tablet,0,227.75,64.1
1700,treatment,desktop,0,232.06,97.3
1150,control,desktop,0,188.59,74.81
269,control,desktop,0,271.91,82.16
17880,control,tablet,0,241.34,23.44
7547,treatment,desktop,0,179.86,109.35
5928,treatment,desktop,0,223.4,42.7
16196,treatment,mobile,0,224.38,24.49
3525,treatment,desktop,0,270.44,186.54
7050,treatment,desktop,0,221.46,38.13
7465,treatment,desktop,0,169.01,68.54
3031,treatment,desktop,0,205.36,34.32
8050,treatment,desktop,1,202.51,243.18
4347,treatment,desktop,0,159.88,73.64
1112,control,desktop,1,250.24,48.16
18763,control,tablet,0,246.69,69.51
2318,treatment,desktop,0,224.95,88.56
4310,treatment,desktop,0,230.71,33.81
10754,control,mobile,0,246.03,87.95
12607,control,mobile,0,224.11,71.0
16210,treatment,mobile,0,236.38,26.72
18812,control,tablet,0,232.13,30.96
1555,treatment,desktop,1,255.88,52.61
7747,treatment,desktop,0,227.04,79.12
5075,treatment,desktop,0,283.75,85.31
3376,treatment,desktop,0,195.55,57.03
9606,control,mobile,0,208.19,26.67
470,control,desktop,0,232.9,63.07
12030,control,mobile,0,211.49,51.39
2473,treatment,desktop,0,209.36,64.68
4861,treatment,desktop,0,212.11,35.01
3782,treatment,desktop,0,230.6,98.72
19982,treatment,tablet,1,245.49,28.96
15270,treatment,mobile,0,236.14,65.74
7673,treatment,desktop,0,200.54,16.71
16724,treatment,mobile,0,206.42,25.42
13445,control,mobile,0,214.14,50.27
6838,treatment,desktop,0,230.91,22.98
2543,treatment,desktop,0,168.97,84.64
11917,control,mobile,0,239.71,49.18
3325,treatment,desktop,0,250.6,59.39
10498,control,mobile,0,250.93,55.69
2675,treatment,desktop,0,199.13,41.2
13395,control,mobile,0,223.52,82.86
8279,control,mobile,0,200.79,69.91
14243,control,mobile,0,218.78,68.83
14876,control,mobile,0,153.26,40.29
2919,treatment,desktop,1,233.66,32.38
10914,control,mobile,0,201.49,45.0
5549,treatment,desktop,0,164.61,26.23
12463,control,mobile,0,211.42,54.24
12592,control,mobile,0,219.36,77.31
1839,treatment,desktop,0,168.48,74.79
18473,control,tablet,0,246.43,67.08
18088,control,tablet,0,225.65,59.16
16627,treatment,mobile,0,210.37,90.35
8588,control,mobile,0,194.54,51.29
19545,treatment,tablet,0,220.17,30.72
17190,treatment,mobile,0,243.96,63.04
6510,treatment,desktop,0,217.05,62.42
2080,treatment,desktop,0,206.78,57.47
14957,control,mobile,0,198.47,86.04
14760,control,mobile,0,184.07,65.85
2449,treatment,desktop,0,216.36,34.97
19225,treatment,tablet,0,174.99,98.89
14072,control,mobile,0,271.02,94.62
5296,treatment,desktop,0,224.63,25.07
14614,control,mobile,0,197.3,31.93
14362,control,mobile,0,260.57,78.7
7483,treatment,desktop,0,253.09,71.93
1924,treatment,desktop,0,222.17,94.61
6690,treatment,desktop,0,270.5,63.87
12032,control,mobile,0,231.37,55.39
8961,control,mobile,0,246.63,27.9
4233,treatment,desktop,0,183.65,25.21
8197,treatment,desktop,0,214.87,27.65
703,control,desktop,1,180.94,17.62
3823,treatment,desktop,0,223.53,22.94
6071,treatment,desktop,0,284.11,45.54
13738,control,mobile,0,272.19,67.46
4665,treatment,desktop,1,242.31,38.49
14269,control,mobile,0,199.49,50.92
16060,treatment,mobile,0,242.58,47.59
8701,control,mobile,0,265.92,90.08
19837,treatment,tablet,0,221.13,40.71
11475,control,mobile,0,259.45,55.23
7919,treatment,desktop,0,243.03,41.87
1299,treatment,desktop,1,274.53,75.23
10095,control,mobile,0,205.76,65.08
12354,control,mobile,0,254.32,65.55
6656,treatment,desktop,0,225.15,82.05
12357,control,mobile,0,298.0,25.47
7636,treatment,desktop,0,228.23,27.26
16362,treatment,mobile,0,173.56,51.27
7365,treatment,desktop,0,215.69,66.17
9626,control,mobile,0,222.45,45.78
18442,control,tablet,0,152.29,41.5
3032,treatment,desktop,0,253.08,39.21
174,control,desktop,0,219.86,48.01
19237,treatment,tablet,0,177.42,68.67
3768,treatment,desktop,1,210.46,65.1
18781,control,tablet,0,271.65,50.73
10910,control,mobile,0,218.68,37.69
16216,treatment,mobile,0,249.28,83.63
9629,control,mobile,0,262.33,64.87
7419,treatment,desktop,0,234.32,38.48
1315,treatment,desktop,0,223.97,39.9
13780,control,mobile,0,232.99,37.29
15563,treatment,mobile,0,242.38,51.0
15175,treatment,mobile,0,217.83,50.1
13509,control,mobile,0,163.89,29.95
14563,control,mobile,0,246.12,69.58
4251,treatment,desktop,0,190.35,29.72
8699,control,mobile,0,241.41,33.41
10106,control,mobile,0,152.5,69.45
14017,control,mobile,0,238.67,48.4
19402,treatment,tablet,0,196.27,22.96
11128,control,mobile,0,238.01,95.74
9488,control,mobile,0,198.3,78.44
16229,treatment,mobile,0,265.24,66.55
9702,control,mobile,0,204.87,62.93
7011,treatment,desktop,0,198.16,57.47
19655,treatment,tablet,1,231.8,39.15
5584,treatment,desktop,1,203.94,97.1
15234,treatment,mobile,0,246.94,88.68
6501,treatment,desktop,0,218.1,50.42
11562,control,mobile,0,163.06,48.34
2730,treatment,desktop,1,193.66,109.94
11712,control,mobile,0,179.18,68.08
8691,control,mobile,0,213.51,78.17
12967,control,mobile,0,261.05,89.5
12820,control,mobile,0,211.98,34.87
17354,treatment,mobile,0,193.22,37.5
763,control,desktop,1,245.52,86.62
13836,control,mobile,0,167.32,18.92
17624,control,tablet,0,199.51,44.57
2130,treatment,desktop,0,236.97,45.35
6984,treatment,desktop,0,187.48,59.4
4157,treatment,desktop,1,259.61,61.38
6524,treatment,desktop,0,242.54,44.6
12247,control,mobile,0,236.84,48.36
13089,control,mobile,0,186.51,52.64
10468,control,mobile,1,250.07,56.16
17287,treatment,mobile,0,219.8,158.26
562,control,desktop,0,189.55,45.59
16656,treatment,mobile,0,234.53,84.26
3164,treatment,desktop,0,179.45,67.22
6663,treatment,desktop,0,284.6,71.37
18263,control,tablet,0,238.3,14.16
18229,control,tablet,0,247.59,43.21
19994,treatment,tablet,0,240.71,76.7
13339,control,mobile,0,240.47,16.06
13129,control,mobile,0,210.59,52.88
17008,treatment,mobile,0,194.37,55.09
6849,treatment,desktop,0,226.64,42.0
17050,treatment,mobile,0,216.67,59.36
15451,treatment,mobile,0,231.36,68.19
14975,control,mobile,0,203.05,26.9
11457,control,mobile,0,197.57,50.58
13889,control,mobile,0,263.78,22.84
2702,treatment,desktop,0,183.49,72.77
17091,treatment,mobile,0,239.13,16.32
5138,treatment,desktop,0,199.19,121.2
13307,control,mobile,0,167.15,96.21
14437,control,mobile,0,204.54,57.93
1505,treatment,desktop,0,197.74,68.03
459,control,desktop,0,242.72,47.46
11748,control,mobile,0,238.23,27.55
17446,treatment,mobile,0,218.85,81.07
17364,treatment,mobile,0,237.8,41.01
12367,control,mobile,0,241.89,25.54
2788,treatment,desktop,0,218.29,68.78
2183,treatment,desktop,0,217.34,56.3
13904,control,mobile,0,230.65,46.25
6847,treatment,desktop,0,234.77,16.99
7503,treatment,desktop,0,210.78,66.11
15392,treatment,mobile,0,202.27,65.79
16587,treatment,mobile,0,218.44,79.45
12840,control,mobile,0,222.18,59.88
6962,treatment,desktop,0,208.21,29.15
13181,control,mobile,0,176.08,46.93
17042,treatment,mobile,0,222.23,76.64
6232,treatment,desktop,0,218.74,47.36
2046,treatment,desktop,0,212.93,91.36
19249,treatment,tablet,0,209.92,54.01
1901,treatment,desktop,1,203.22,54.03
6706,treatment,desktop,0,179.07,59.7
13393,control,mobile,0,195.07,95.43
8861,control,mobile,0,233.84,25.82
6255,treatment,desktop,0,213.62,25.76
8348,control,mobile,1,203.91,33.2
7099,treatment,desktop,0,223.72,36.52
10358,control,mobile,0,242.76,55.38
4121,treatment,desktop,0,275.31,70.02
15291,treatment,mobile,0,246.89,43.08
2296,treatment,desktop,0,192.83,28.39
13937,control,mobile,0,222.65,34.97
17756,control,tablet,0,197.72,35.93
11870,control,mobile,0,176.35,78.11
3702,treatment,desktop,0,259.76,24.0
12909,control,mobile,0,288.51,27.98
15022,control,mobile,0,221.69,43.29
3389,treatment,desktop,0,230.66,10.84
11953,control,mobile,0,252.51,30.68
12439,control,mobile,0,184.32,19.41
19810,treatment,tablet,0,228.34,29.07
18747,control,tablet,0,165.81,79.25
16796,treatment,mobile,0,212.33,42.45
401,control,desktop,0,212.61,30.2
5028,treatment,desktop,0,178.99,31.88
14488,control,mobile,0,235.77,74.02
15869,treatment,mobile,0,202.32,46.22
4850,treatment,desktop,0,205.65,50.46
5636,treatment,desktop,0,280.58,29.64
15927,treatment,mobile,0,195.57,30.64
5874,treatment,desktop,0,210.37,81.51
6930,treatment,desktop,0,185.84,24.21
17092,treatment,mobile,1,192.03,54.51
16567,treatment,mobile,0,198.21,145.7
8973,control,mobile,0,258.41,51.9
7083,treatment,desktop,0,158.98,38.77
2242,treatment,desktop,0,206.73,39.96
9793,control,mobile,1,257.46,39.57
4527,treatment,desktop,0,203.94,28.29
19440,treatment,tablet,0,194.27,50.84
16930,treatment,mobile,0,212.38,45.77
11393,control,mobile,0,147.29,47.03
7252,treatment,desktop,0,213.18,60.31
3312,treatment,desktop,1,182.48,34.06
5533,treatment,desktop,0,254.28,67.86
17913,control,tablet,1,275.86,47.78
17214,treatment,mobile,0,223.59,50.2
15424,treatment,mobile,0,193.04,50.94
5799,treatment,desktop,0,236.4,36.03
414,control,desktop,0,208.76,90.75
13793,control,mobile,0,209.11,39.2
2640,treatment,desktop,0,263.49,76.17
19615,treatment,tablet,0,134.71,39.56
8327,control,mobile,0,225.1,7.39
4642,treatment,desktop,0,235.12,56.92
6851,treatment,desktop,0,275.97,91.42
1670,treatment,desktop,0,234.28,69.24
9803,control,mobile,0,249.86,35.19
18135,control,tablet,1,258.93,67.06
4360,treatment,desktop,0,236.18,62.5
10138,control,mobile,0,237.2,54.81
12256,control,mobile,0,242.43,156.86
10337,control,mobile,0,147.99,47.44
8902,control,mobile,0,218.75,50.75
10534,control,mobile,0,204.77,43.0
19855,treatment,tablet,0,217.68,47.97
15054,control,mobile,0,249.99,81.07
5447,treatment,desktop,0,232.38,110.58
16279,treatment,mobile,0,250.8,25.49
180,control,desktop,0,135.9,64.96
3260,treatment,desktop,0,209.41,49.82
460,control,desktop,0,205.66,36.45
14828,control,mobile,0,188.56,36.18
2647,treatment,desktop,1,206.58,60.78
2432,treatment,desktop,1,228.21,29.96
13403,control,mobile,1,239.47,56.76
3748,treatment,desktop,0,228.85,43.85
17553,control,tablet,0,263.97,29.57
7183,treatment,desktop,1,189.54,12.26
8564,control,mobile,0,245.13,67.03
15599,treatment,mobile,0,197.89,40.34
11064,control,mobile,0,232.36,29.63
6511,treatment,desktop,0,155.34,42.66
3981,treatment,desktop,0,227.62,62.51
4564,treatment,desktop,0,231.63,124.29
4502,treatment,desktop,1,213.99,34.08
15215,treatment,mobile,0,218.18,51.04
18398,control,tablet,0,154.6,50.58
5007,treatment,desktop,0,186.01,34.21
6492,treatment,desktop,0,195.94,38.83
5955,treatment,desktop,0,202.93,28.41
10400,control,mobile,0,180.64,42.39
539,control,desktop,0,246.14,43.57
3961,treatment,desktop,0,201.12,41.06
2230,treatment,desktop,0,244.29,44.5
10588,control,mobile,0,215.81,38.83
3674,treatment,desktop,0,191.21,50.98
10805,control,mobile,0,181.4,32.89
3553,treatment,desktop,1,257.74,121.74
5317,treatment,desktop,0,254.66,86.53
7136,treatment,desktop,0,201.33,70.52
38,control,desktop,0,246.18,112.11
7716,treatment,desktop,0,210.42,24.08
1447,treatment,desktop,0,199.27,31.11
11637,control,mobile,0,241.38,111.27
2607,treatment,desktop,0,209.19,46.63
8070,treatment,desktop,1,278.3,97.75
6256,treatment,desktop,0,182.61,36.31
1360,treatment,desktop,0,223.83,34.82
19713,treatment,tablet,1,246.78,71.96
4595,treatment,desktop,1,184.36,42.25
13086,control,mobile,0,154.27,48.53
13166,control,mobile,0,234.73,129.35
6419,treatment,desktop,0,247.3,50.22
9595,control,mobile,0,234.7,47.45
18124,control,tablet,0,146.01,68.99
10842,control,mobile,0,279.09,52.24
17178,treatment,mobile,0,215.9,56.2
16932,treatment,mobile,0,190.52,36.33
19048,treatment,tablet,0,223.83,43.14
9559,control,mobile,0,213.11,43.38
14223,control,mobile,1,209.1,73.93
7654,treatment,desktop,0,216.5,39.16
10712,control,mobile,0,240.7,45.45
18813,control,tablet,0,234.98,70.98
10508,control,mobile,0,243.3,83.84
9547,control,mobile,0,188.09,37.54
15810,treatment,mobile,0,217.48,30.97
11797,control,mobile,0,237.1,40.11
9407,control,mobile,0,217.88,49.79
139,control,desktop,0,201.83,92.73
1133,control,desktop,1,220.62,25.91
8460,control,mobile,0,197.36,26.09
917,control,desktop,0,198.81,38.28
17976,control,tablet,0,248.56,89.34
12400,control,mobile,0,216.56,15.21
4063,treatment,desktop,0,231.27,34.7
11147,control,mobile,0,259.57,81.71
7748,treatment,desktop,0,270.14,100.21
1669,treatment,desktop,0,290.48,36.42
7154,treatment,desktop,1,266.72,13.3
12961,control,mobile,0,175.86,31.68
8169,treatment,desktop,0,200.33,65.32
11318,control,mobile,0,245.16,19.39
15442,treatment,mobile,1,219.53,49.4
7015,treatment,desktop,0,179.05,103.6
17109,treatment,mobile,0,205.85,58.28
10384,control,mobile,0,178.12,80.74
14206,control,mobile,0,247.0,43.63
1730,treatment,desktop,0,244.54,85.94
1048,control,desktop,1,245.14,72.87
3862,treatment,desktop,1,174.98,19.47
8299,control,mobile,0,253.1,12.49
17842,control,tablet,0,148.26,123.75
1818,treatment,desktop,0,154.18,17.08
10266,control,mobile,0,181.7,31.36
8723,control,mobile,0,220.74,75.09
19116,treatment,tablet,0,205.18,91.71
19667,treatment,tablet,0,248.18,103.93
3433,treatment,desktop,0,244.63,55.3
16273,treatment,mobile,0,171.5,81.25
4488,treatment,desktop,0,277.53,19.11
6780,treatment,desktop,1,160.64,79.77
19590,treatment,tablet,0,225.26,41.78
14826,control,mobile,0,229.6,37.88
8375,control,mobile,0,214.74,98.84
10013,control,mobile,0,281.94,118.21
10850,control,mobile,0,280.36,35.31
9861,control,mobile,0,220.83,37.93
18493,control,tablet,0,194.74,82.02
15693,treatment,mobile,0,229.72,63.12
9102,control,mobile,1,222.9,34.27
10609,control,mobile,1,237.9,33.47
13072,control,mobile,0,201.82,47.79
16630,treatment,mobile,0,170.05,29.32
17670,control,tablet,1,213.06,48.89
18544,control,tablet,0,217.18,60.88
8434,control,mobile,0,223.89,73.94
15574,treatment,mobile,0,222.42,37.1
2403,treatment,desktop,0,254.38,103.17
7442,treatment,desktop,0,204.25,54.78
13806,control,mobile,0,236.71,75.9
12526,control,mobile,0,266.8,132.13
3366,treatment,desktop,0,237.41,40.55
14457,control,mobile,0,234.51,39.31
19096,treatment,tablet,0,206.21,44.47
8713,control,mobile,0,204.08,222.89
15719,treatment,mobile,0,231.28,80.02
16075,treatment,mobile,0,248.83,32.78
19170,treatment,tablet,0,236.76,27.15
11883,control,mobile,0,228.5,20.25
18405,control,tablet,0,213.56,44.69
5993,treatment,desktop,0,210.18,64.24
13171,control,mobile,0,207.22,60.97
11773,control,mobile,0,193.42,60.2
18693,control,tablet,0,223.96,70.21
11464,control,mobile,0,294.36,54.58
11983,control,mobile,0,234.96,150.73
1511,treatment,desktop,0,221.51,59.89
4657,treatment,desktop,0,263.33,55.52
17894,control,tablet,0,200.7,64.72
2392,treatment,desktop,0,260.09,71.88
2404,treatment,desktop,1,196.01,14.95
15748,treatment,mobile,0,277.79,70.93
10212,control,mobile,0,180.25,43.74
10200,control,mobile,0,165.52,117.73
13097,control,mobile,0,207.69,56.3
8377,control,mobile,0,237.13,69.63
4770,treatment,desktop,0,226.47,32.06
18173,control,tablet,0,238.16,57.22
10223,control,mobile,0,212.12,56.59
7693,treatment,desktop,1,249.56,63.6
11950,control,mobile,0,218.07,53.62
6259,treatment,desktop,0,265.06,41.04
18234,control,tablet,0,201.95,34.58
17808,control,tablet,0,213.25,66.23
4548,treatment,desktop,0,183.25,26.35
15584,treatment,mobile,0,285.78,56.98
15569,treatment,mobile,0,265.05,17.06
12753,control,mobile,0,226.13,27.95
14110,control,mobile,0,193.82,53.72
9385,control,mobile,0,265.27,111.49
14278,control,mobile,0,242.59,30.55
507,control,desktop,1,215.7,46.58
5341,treatment,desktop,0,210.13,73.78
800,control,desktop,1,181.93,10.9
6763,treatment,desktop,1,250.25,26.2
6664,treatment,desktop,0,192.46,72.72
5800,treatment,desktop,0,215.99,22.84
14509,control,mobile,1,206.37,38.73
12192,control,mobile,0,211.57,65.86
3102,treatment,desktop,0,219.08,107.72
17136,treatment,mobile,0,210.25,32.23
16634,treatment,mobile,0,189.33,96.74
4479,treatment,desktop,0,212.57,32.85
15391,treatment,mobile,0,284.49,81.1
7703,treatment,desktop,0,254.52,40.19
12088,control,mobile,0,263.47,88.28
13041,control,mobile,0,224.35,62.66
10158,control,mobile,0,159.75,63.07
4375,treatment,desktop,0,215.01,80.87
14001,control,mobile,0,211.47,102.21
4662,treatment,desktop,0,153.13,64.68
2470,treatment,desktop,1,198.19,78.3
1990,treatment,desktop,1,223.85,60.65
797,control,desktop,1,203.98,50.51
39,control,desktop,0,221.52,120.35
8187,treatment,desktop,0,234.26,34.73
928,control,desktop,0,204.15,23.01
3980,treatment,desktop,0,272.36,67.53
18438,control,tablet,0,193.38,38.31
13625,control,mobile,0,259.77,54.28
7457,treatment,desktop,0,230.6,88.54
7093,treatment,desktop,0,211.16,39.19
14249,control,mobile,0,248.26,43.17
3819,treatment,desktop,0,233.6,55.93
16708,treatment,mobile,0,225.78,32.8
2429,treatment,desktop,0,189.51,73.05
10256,control,mobile,0,271.47,44.29
370,control,desktop,0,191.91,40.77
18833,control,tablet,0,227.19,31.73
10660,control,mobile,0,201.62,17.14
2694,treatment,desktop,1,174.62,86.47
14369,control,mobile,0,179.86,98.42
2337,treatment,desktop,0,207.45,69.44
6038,treatment,desktop,0,257.92,80.9
19097,treatment,tablet,1,200.73,80.17
10921,control,mobile,0,216.68,65.58
17369,treatment,mobile,0,204.04,9.34
18625,control,tablet,0,260.63,58.3
17599,control,tablet,0,244.09,26.89
12294,control,mobile,0,210.5,37.21
2003,treatment,desktop,0,291.89,119.83
1779,treatment,desktop,0,215.66,78.92
13327,control,mobile,0,228.64,38.19
15971,treatment,mobile,0,191.57,72.4
183,control,desktop,0,203.1,68.71
12346,control,mobile,1,204.53,43.23
8832,control,mobile,0,254.01,54.13
15243,treatment,mobile,0,206.36,34.04
9128,control,mobile,0,216.64,48.46
2017,treatment,desktop,0,244.27,21.9
18256,control,tablet,0,269.17,15.02
940,control,desktop,0,239.05,43.99
12530,control,mobile,1,218.64,30.81
12855,control,mobile,0,221.63,36.85
7390,treatment,desktop,1,235.73,58.6
5041,treatment,desktop,0,230.43,44.99
2536,treatment,desktop,0,217.82,62.12
18475,control,tablet,0,245.15,41.42
19369,treatment,tablet,0,238.58,52.35
3085,treatment,desktop,0,248.86,20.52
591,control,desktop,0,195.06,52.13
16944,treatment,mobile,0,251.25,65.28
11151,control,mobile,0,260.26,73.93
6462,treatment,desktop,0,249.13,38.95
6758,treatment,desktop,0,177.54,82.19
2090,treatment,desktop,0,221.77,36.31
9535,control,mobile,0,241.17,37.9
2008,treatment,desktop,0,258.59,51.59
3100,treatment,desktop,0,270.0,50.96
14352,control,mobile,0,236.6,43.31
6204,treatment,desktop,0,255.48,34.93
13777,control,mobile,0,243.51,32.5
10521,control,mobile,0,225.06,38.66
19423,treatment,tablet,0,187.37,58.66
12136,control,mobile,0,245.45,38.71
16289,treatment,mobile,0,237.5,22.35
3650,treatment,desktop,0,223.79,66.98
5062,treatment,desktop,0,242.25,46.45
13861,control,mobile,0,220.04,41.09
12024,control,mobile,0,246.97,61.37
731,control,desktop,0,255.48,67.39
17056,treatment,mobile,0,182.08,43.6
13026,control,mobile,0,215.88,64.45
2480,treatment,desktop,0,233.11,43.12
3873,treatment,desktop,0,257.98,42.06
3053,treatment,desktop,0,225.86,72.97
11160,control,mobile,0,234.65,45.06
10270,control,mobile,0,202.43,77.85
7833,treatment,desktop,0,193.87,70.3
17300,treatment,mobile,0,231.08,69.58
16476,treatment,mobile,0,238.5,20.31
11707,control,mobile,0,259.23,66.4
19929,treatment,tablet,0,213.62,103.44
15067,control,mobile,0,208.8,57.54
14297,control,mobile,0,213.71,20.45
4745,treatment,desktop,0,176.91,19.67
13898,control,mobile,0,188.34,40.98
15020,control,mobile,0,178.73,105.08
14474,control,mobile,0,203.22,53.81
18556,control,tablet,0,194.62,105.99
10417,control,mobile,0,209.71,41.84
14127,control,mobile,0,295.71,32.87
13988,control,mobile,0,203.65,93.14
12422,control,mobile,0,235.66,55.08
18279,control,tablet,0,273.84,56.81
16244,treatment,mobile,0,250.69,70.34
19972,treatment,tablet,0,217.49,8.47
5241,treatment,desktop,0,229.09,55.72
15797,treatment,mobile,0,197.43,18.39
13398,control,mobile,0,205.9,75.64
5989,treatment,desktop,0,250.45,87.53
5422,treatment,desktop,1,280.44,45.03
1931,treatment,desktop,0,192.98,55.94
15625,treatment,mobile,0,255.5,49.11
1457,treatment,desktop,0,235.69,68.96
16101,treatment,mobile,0,215.25,129.59
9143,control,mobile,0,263.78,60.91
8557,control,mobile,0,243.13,23.66
5516,treatment,desktop,0,204.7,34.04
7310,treatment,desktop,0,288.33,31.26
7247,treatment,desktop,0,211.38,37.48
6356,treatment,desktop,0,209.05,109.94
12481,control,mobile,0,247.3,75.8
19174,treatment,tablet,0,240.31,44.37
11628,control,mobile,0,192.25,36.48
4107,treatment,desktop,0,264.47,60.99
12886,control,mobile,0,213.81,99.06
2445,treatment,desktop,0,263.44,42.95
19505,treatment,tablet,0,208.68,71.32
203,control,desktop,0,236.67,28.68
11323,control,mobile,0,174.38,89.85
17951,control,tablet,0,262.25,101.04
19987,treatment,tablet,0,225.31,46.71
3259,treatment,desktop,0,190.66,106.26
3395,treatment,desktop,0,217.83,56.37
9852,control,mobile,0,214.44,43.74
5988,treatment,desktop,1,222.52,43.19
3323,treatment,desktop,0,168.88,30.57
19273,treatment,tablet,0,223.48,15.99
2084,treatment,desktop,0,241.44,70.33
10263,control,mobile,1,238.88,74.18
18998,control,tablet,0,161.31,32.69
16221,treatment,mobile,0,178.24,66.19
11898,control,mobile,0,238.68,140.43
14388,control,mobile,0,198.49,23.15
19118,treatment,tablet,0,233.12,71.86
2191,treatment,desktop,0,227.16,65.34
8353,control,mobile,0,233.06,90.04
5739,treatment,desktop,0,235.42,28.29
14164,control,mobile,0,278.62,38.09
16755,treatment,mobile,0,235.37,48.5
9303,control,mobile,0,246.99,76.31
1291,treatment,desktop,0,248.64,24.14
970,control,desktop,0,189.95,40.24
18635,control,tablet,0,237.42,77.81
18487,control,tablet,0,234.96,113.99
6490,treatment,desktop,0,157.77,64.91
2863,treatment,desktop,0,268.04,29.68
11168,control,mobile,0,232.51,54.94
17601,control,tablet,1,209.75,72.22
19521,treatment,tablet,0,217.44,56.47
11888,control,mobile,0,226.92,34.77
7488,treatment,desktop,0,215.73,47.75
10591,control,mobile,0,223.5,67.37
15121,treatment,mobile,0,272.01,26.07
18771,control,tablet,0,182.49,19.91
19057,treatment,tablet,0,247.9,50.14
8924,control,mobile,0,201.07,43.86
7004,treatment,desktop,0,254.36,36.85
19552,treatment,tablet,0,218.54,69.19
17488,treatment,mobile,0,264.39,71.3
6542,treatment,desktop,0,210.78,119.78
184,control,desktop,0,205.26,65.15
12406,control,mobile,0,225.56,54.14
5498,treatment,desktop,0,250.64,101.5
13177,control,mobile,0,269.61,104.98
16922,treatment,mobile,0,221.8,132.23
12837,control,mobile,0,212.45,34.83
5768,treatment,desktop,0,279.45,22.88
1828,treatment,desktop,0,224.63,87.64
15115,treatment,mobile,0,189.98,78.93
13418,control,mobile,0,188.24,24.21
9007,control,mobile,0,183.72,44.42
8438,control,mobile,0,167.21,21.25
17491,treatment,mobile,0,228.83,51.27
10029,control,mobile,0,230.82,36.82
9199,control,mobile,0,198.28,53.43
10857,control,mobile,0,160.41,33.93
16608,treatment,mobile,0,236.81,31.88
15554,treatment,mobile,0,229.04,16.78
18483,control,tablet,1,220.8,51.96
6398,treatment,desktop,0,267.9,56.71
13143,control,mobile,0,222.84,52.04
9157,control,mobile,0,257.59,43.96
7305,treatment,desktop,0,254.56,59.25
951,control,desktop,0,234.8,61.17
3810,treatment,desktop,0,216.21,83.5
1590,treatment,desktop,0,154.76,46.79
125,control,desktop,0,213.09,38.87
6216,treatment,desktop,0,219.12,55.78
14400,control,mobile,0,242.09,87.45
4128,treatment,desktop,0,256.24,84.98
17340,treatment,mobile,0,187.68,40.27
13241,control,mobile,0,180.95,43.8
11467,control,mobile,0,232.32,53.36
14411,control,mobile,0,220.31,42.19
12815,control,mobile,0,201.82,72.7
1294,treatment,desktop,0,276.4,45.63
3803,treatment,desktop,0,208.58,57.61
19346,treatment,tablet,1,204.57,37.14
19519,treatment,tablet,0,228.19,48.91
18377,control,tablet,0,198.08,66.11
6943,treatment,desktop,0,243.21,26.64
1245,treatment,desktop,0,233.76,77.19
19036,treatment,tablet,0,237.27,99.7
515,control,desktop,0,257.66,85.09
10045,control,mobile,0,194.74,48.64
17536,control,tablet,0,198.8,26.78
12416,control,mobile,0,220.18,54.59
8223,control,mobile,0,187.84,110.01
15591,treatment,mobile,0,197.31,37.86
10788,control,mobile,0,256.24,72.37
10841,control,mobile,0,232.87,5578.19
13061,control,mobile,0,282.15,86.73
14536,control,mobile,0,245.0,95.58
14295,control,mobile,0,177.45,59.32
13313,control,mobile,0,198.28,124.26
17261,treatment,mobile,0,190.36,31.01
6927,treatment,desktop,0,203.03,33.31
11765,control,mobile,0,214.71,43.18
9591,control,mobile,0,237.82,50.59
5525,treatment,desktop,0,212.66,23.76
5597,treatment,desktop,0,216.74,40.26
5738,treatment,desktop,0,247.73,55.99
12834,control,mobile,0,253.69,32.77
17047,treatment,mobile,0,213.81,3180.05
7780,treatment,desktop,0,210.41,30.81
9627,control,mobile,0,227.15,52.7
19518,treatment,tablet,0,244.07,36.82
6487,treatment,desktop,1,236.13,92.26
11741,control,mobile,0,229.51,21.84
8123,treatment,desktop,0,252.6,164.88
8334,control,mobile,0,208.27,69.87
15488,treatment,mobile,0,253.66,119.25
4769,treatment,desktop,0,216.73,79.97
867,control,desktop,0,220.48,41.01
3763,treatment,desktop,0,223.48,33.06
795,control,desktop,0,240.92,44.29
4521,treatment,desktop,0,184.05,32.87
4147,treatment,desktop,0,193.22,11.36
12905,control,mobile,0,189.74,47.97
15654,treatment,mobile,0,185.59,115.6
8976,control,mobile,1,251.02,55.44
15449,treatment,mobile,0,238.99,48.11
14668,control,mobile,0,239.5,101.85
11245,control,mobile,0,195.26,46.38
5085,treatment,desktop,0,195.48,55.35
7960,treatment,desktop,0,236.43,28.07
9620,control,mobile,0,160.27,86.97
9023,control,mobile,0,190.4,29.68
15310,treatment,mobile,1,224.17,39.8
7952,treatment,desktop,0,208.25,42.35
2004,treatment,desktop,0,191.58,77.35
6588,treatment,desktop,0,214.91,67.77
3188,treatment,desktop,1,129.35,45.02
18206,control,tablet,0,174.97,58.87
18144,control,tablet,0,278.52,46.49
11410,control,mobile,0,151.73,34.52
1035,control,desktop,1,246.18,54.07
15313,treatment,mobile,0,241.19,52.84
12600,control,mobile,0,213.27,55.89
18121,control,tablet,0,160.67,46.88
1320,treatment,desktop,0,208.76,65.53
7313,treatment,desktop,0,213.96,47.68
12514,control,mobile,0,254.91,17.88
10353,control,mobile,0,166.56,26.16
10598,control,mobile,0,230.12,20.69
5479,treatment,desktop,0,271.55,56.59
10168,control,mobile,0,178.01,31.21
7401,treatment,desktop,0,194.64,34.39
9027,control,mobile,0,239.98,56.46
12350,control,mobile,0,203.0,133.09
463,control,desktop,0,197.82,114.96
11784,control,mobile,0,272.31,57.66
7087,treatment,desktop,0,219.87,54.94
20,control,desktop,0,186.35,39.03
11056,control,mobile,0,179.69,56.93
18677,control,tablet,0,178.33,42.4
18775,control,tablet,0,163.05,170.68
9193,control,mobile,0,219.45,53.45
3411,treatment,desktop,0,209.29,27.95
14319,control,mobile,0,232.27,5622.87
9213,control,mobile,0,189.43,99.0
10159,control,mobile,0,185.66,54.02
12462,control,mobile,0,258.25,121.04
2655,treatment,desktop,0,221.1,42.41
5046,treatment,desktop,1,207.08,62.25
16827,treatment,mobile,0,235.45,75.66
9359,control,mobile,0,228.35,107.14
19522,treatment,tablet,0,255.25,27.66
10197,control,mobile,0,139.03,44.54
10822,control,mobile,0,251.46,35.03
3995,treatment,desktop,0,231.73,52.63
5658,treatment,desktop,0,212.47,38.77
16169,treatment,mobile,0,210.3,79.65
10293,control,mobile,0,177.74,112.17
5783,treatment,desktop,0,151.57,27.11
13221,control,mobile,0,262.77,81.22
7086,treatment,desktop,1,264.98,27.61
14291,control,mobile,0,220.92,18.86
2636,treatment,desktop,0,220.11,53.71
6171,treatment,desktop,0,224.55,39.03
19401,treatment,tablet,0,194.88,59.01
6937,treatment,desktop,0,208.1,41.3
5790,treatment,desktop,0,205.02,75.89
15628,treatment,mobile,0,224.28,44.02
1142,control,desktop,0,186.96,41.74
7929,treatment,desktop,0,190.88,42.15
16960,treatment,mobile,0,229.09,49.08
14676,control,mobile,0,218.53,32.09
6351,treatment,desktop,0,227.8,58.41
4667,treatment,desktop,1,215.95,27.03
3918,treatment,desktop,0,209.17,40.21
10147,control,mobile,0,213.13,82.85
2696,treatment,desktop,0,211.69,65.51
8895,control,mobile,0,228.31,143.26
12333,control,mobile,0,179.6,38.55
8975,control,mobile,0,208.27,60.01
5398,treatment,desktop,0,216.37,38.92
18412,control,tablet,0,195.81,61.45
15783,treatment,mobile,0,220.4,39.14
14173,control,mobile,0,201.47,68.6
7334,treatment,desktop,0,167.65,42.69
10972,control,mobile,0,191.22,40.04
13709,control,mobile,0,253.68,24.54
204,control,desktop,0,206.66,47.04
16378,treatment,mobile,0,172.02,66.89
15635,treatment,mobile,0,220.46,23.85
1641,treatment,desktop,0,238.5,52.12
17370,treatment,mobile,0,236.17,52.78
11453,control,mobile,0,272.8,70.29
6876,treatment,desktop,0,235.7,17.91
14557,control,mobile,0,230.21,19.88
941,control,desktop,0,249.71,119.61
84,control,desktop,0,192.31,16.89
252,control,desktop,0,207.64,33.03
1592,treatment,desktop,0,198.11,92.06
568,control,desktop,0,167.52,34.27
12876,control,mobile,0,178.22,32.06
9926,control,mobile,0,197.51,70.61
17675,control,tablet,0,197.17,46.0
3217,treatment,desktop,0,233.6,61.02
7973,treatment,desktop,1,205.19,46.76
5223,treatment,desktop,0,224.69,102.86
10135,control,mobile,0,186.01,38.88
18171,control,tablet,1,208.3,32.61
5749,treatment,desktop,0,205.71,69.14
3432,treatment,desktop,0,174.74,127.44
14250,control,mobile,0,222.46,55.02
5190,treatment,desktop,0,197.44,53.37
1088,control,desktop,0,218.12,45.11
8101,treatment,desktop,0,227.14,73.67
10101,control,mobile,0,176.69,14.46
5747,treatment,desktop,0,176.18,36.66
19333,treatment,tablet,0,225.07,43.36
6026,treatment,desktop,1,222.07,36.6
3265,treatment,desktop,0,216.88,61.04
12266,control,mobile,0,229.33,55.01
18373,control,tablet,0,221.28,46.32
13901,control,mobile,0,248.16,56.3
14236,control,mobile,0,264.39,57.35
19414,treatment,tablet,0,220.92,57.0
15827,treatment,mobile,0,251.32,45.57
18569,control,tablet,0,167.46,29.32
9875,control,mobile,0,211.02,34.18
2354,treatment,desktop,0,207.37,35.15
17895,control,tablet,0,188.74,47.73
18236,control,tablet,0,233.74,118.83
18387,control,tablet,0,266.95,50.64
10123,control,mobile,0,221.51,55.13
5282,treatment,desktop,0,232.83,73.56
2065,treatment,desktop,0,259.19,40.31
948,control,desktop,0,243.85,33.07
2174,treatment,desktop,0,205.33,57.33
9565,control,mobile,0,233.14,79.36
16317,treatment,mobile,0,168.74,43.86
7146,treatment,desktop,1,206.07,90.96
14715,control,mobile,0,258.88,56.23
11490,control,mobile,0,245.01,61.71
11479,control,mobile,0,249.84,57.54
7504,treatment,desktop,1,220.52,53.22
19316,treatment,tablet,0,201.57,36.17
276,control,desktop,0,229.44,38.35
17921,control,tablet,0,190.84,55.43
17246,treatment,mobile,0,203.0,60.33
10364,control,mobile,0,161.06,45.63
4054,treatment,desktop,0,237.95,54.64
6217,treatment,desktop,0,178.7,45.43
5713,treatment,desktop,0,231.59,31.28
1242,treatment,desktop,0,194.73,92.24
10943,control,mobile,0,221.36,29.06
1998,treatment,desktop,0,220.79,100.6
6421,treatment,desktop,0,211.84,101.03
15923,treatment,mobile,0,254.08,56.39
11252,control,mobile,0,272.1,62.91
1298,treatment,desktop,0,236.94,70.33
17016,treatment,mobile,0,224.33,96.38
9785,control,mobile,0,194.64,45.63
2928,treatment,desktop,0,223.64,91.53
7511,treatment,desktop,0,235.76,121.1
8626,control,mobile,0,275.78,42.77
15964,treatment,mobile,0,304.93,178.05
3020,treatment,desktop,0,226.17,55.94
16056,treatment,mobile,0,237.55,60.48
17712,control,tablet,0,206.07,97.11
4287,treatment,desktop,0,190.64,22.12
14923,control,mobile,0,241.65,27.19
7633,treatment,desktop,0,229.21,26.4
19742,treatment,tablet,0,244.62,72.04
15069,control,mobile,0,174.42,40.12
7185,treatment,desktop,0,289.21,169.56
5668,treatment,desktop,1,257.37,111.36
4480,treatment,desktop,0,260.34,37.97
9408,control,mobile,0,202.78,38.69
1883,treatment,desktop,0,212.63,68.73
1859,treatment,desktop,0,236.26,27.97
5065,treatment,desktop,1,253.75,40.11
13004,control,mobile,0,237.7,30.73
19081,treatment,tablet,0,214.17,183.55
6482,treatment,desktop,0,223.21,65.98
6826,treatment,desktop,0,258.88,71.57
2417,treatment,desktop,0,188.39,78.66
4557,treatment,desktop,0,209.11,64.41
16049,treatment,mobile,0,177.15,37.93
15034,control,mobile,0,213.74,35.25
10645,control,mobile,0,208.13,62.71
16234,treatment,mobile,0,211.57,60.02
18012,control,tablet,0,248.9,21.26
13332,control,mobile,0,176.1,135.16
9979,control,mobile,0,264.68,30.92
16936,treatment,mobile,0,227.16,45.68
7088,treatment,desktop,1,228.59,73.05
7163,treatment,desktop,0,204.39,49.65
15609,treatment,mobile,0,219.13,32.65
7493,treatment,desktop,0,216.16,41.07
4262,treatment,desktop,0,208.54,63.65
13893,control,mobile,0,273.91,88.19
14058,control,mobile,0,253.92,77.42
13706,control,mobile,0,219.36,69.79
5894,treatment,desktop,0,194.11,18.57
14037,control,mobile,0,234.38,61.59
9388,control,mobile,0,223.09,67.92
2426,treatment,desktop,0,196.56,38.55
10268,control,mobile,0,237.3,74.16
10605,control,mobile,0,265.24,35.39
4277,treatment,desktop,0,252.55,37.42
13283,control,mobile,0,196.71,24.76
14365,control,mobile,0,192.59,39.17
17850,control,tablet,0,216.05,45.19
16729,treatment,mobile,0,245.59,90.83
8272,control,mobile,0,224.31,26.88
12797,control,mobile,0,225.25,32.16
16946,treatment,mobile,0,204.38,36.44
15186,treatment,mobile,0,249.3,78.6
9748,control,mobile,0,154.1,72.95
13841,control,mobile,0,201.67,39.55
18708,control,tablet,0,202.9,74.36
3845,treatment,desktop,0,221.45,126.01
15632,treatment,mobile,0,237.1,50.6
18605,control,tablet,0,243.33,70.33
17200,treatment,mobile,1,219.15,82.74
17684,control,tablet,0,244.71,51.49
5361,treatment,desktop,0,247.86,65.51
2444,treatment,desktop,0,217.75,57.15
3518,treatment,desktop,1,223.17,82.9
19383,treatment,tablet,0,246.44,64.43
6725,treatment,desktop,0,226.96,41.56
15644,treatment,mobile,0,276.02,90.09
11900,control,mobile,0,231.67,17.58
283,control,desktop,0,237.37,67.15
9874,control,mobile,0,215.45,17.15
5723,treatment,desktop,0,245.21,54.38
9028,control,mobile,0,256.63,96.66
4995,treatment,desktop,0,238.93,25.89
380,control,desktop,0,193.38,59.66
7587,treatment,desktop,0,218.43,118.99
5072,treatment,desktop,0,180.72,37.3
19302,treatment,tablet,0,194.35,68.87
17526,control,tablet,1,191.78,35.03
9288,control,mobile,0,220.99,77.94
1816,treatment,desktop,0,191.36,39.99
3739,treatment,desktop,0,204.37,94.14
13474,control,mobile,0,254.97,47.37
18706,control,tablet,0,231.0,50.76
7630,treatment,desktop,0,209.9,42.45
17053,treatment,mobile,0,226.4,75.19
11687,control,mobile,0,164.22,59.74
18486,control,tablet,0,181.42,54.38
15565,treatment,mobile,0,208.54,109.21
7581,treatment,desktop,0,225.01,34.34
2143,treatment,desktop,0,236.85,63.34
1470,treatment,desktop,1,261.13,46.43
15400,treatment,mobile,0,156.91,36.86
3095,treatment,desktop,0,235.5,67.91
6747,treatment,desktop,0,257.86,57.69
7204,treatment,desktop,0,229.35,20.64
8568,control,mobile,0,211.29,53.49
9918,control,mobile,0,218.6,30.64
2761,treatment,desktop,0,227.34,54.65
14479,control,mobile,0,224.38,28.41
14383,control,mobile,0,236.38,58.68
18417,control,tablet,0,164.44,110.32
8629,control,mobile,0,160.62,44.11
4241,treatment,desktop,0,210.74,61.37
1840,treatment,desktop,0,278.93,71.62
10311,control,mobile,0,215.02,94.15
15943,treatment,mobile,0,217.88,25.31
13225,control,mobile,0,222.34,23.87
1536,treatment,desktop,0,171.87,39.64
3000,treatment,desktop,0,232.35,38.1
16588,treatment,mobile,0,207.35,58.82
18980,control,tablet,0,234.25,48.36
5357,treatment,desktop,1,219.54,73.22
6866,treatment,desktop,1,168.85,24.57
1942,treatment,desktop,0,190.07,41.64
14944,control,mobile,0,207.66,44.18
425,control,desktop,0,187.32,76.38
11294,control,mobile,0,221.38,29.99
12371,control,mobile,0,207.23,114.48
6484,treatment,desktop,0,171.31,42.21
2045,treatment,desktop,0,189.94,72.85
17643,control,tablet,0,204.17,67.93
5481,treatment,desktop,0,186.9,111.12
18185,control,tablet,0,205.83,32.81
14792,control,mobile,0,231.35,98.37
11394,control,mobile,0,239.3,37.81
12639,control,mobile,0,224.89,94.36
8867,control,mobile,0,207.64,39.05
3243,treatment,desktop,0,235.25,37.85
8951,control,mobile,0,232.42,67.16
17826,control,tablet,0,236.78,57.01
18432,control,tablet,0,222.86,40.24
18247,control,tablet,0,224.07,51.06
7843,treatment,desktop,0,244.05,19.89
12574,control,mobile,0,243.4,76.97
18090,control,tablet,0,258.55,102.88
19494,treatment,tablet,0,234.5,34.06
7667,treatment,desktop,0,224.87,43.63
10064,control,mobile,0,162.46,34.1
1887,treatment,desktop,0,216.69,65.5
17194,treatment,mobile,0,254.26,64.8
17049,treatment,mobile,0,213.98,31.51
8171,treatment,desktop,0,264.19,148.81
8519,control,mobile,0,184.66,95.66
7241,treatment,desktop,0,225.03,25.94
17750,control,tablet,0,254.92,72.6
7484,treatment,desktop,0,224.93,34.7
18962,control,tablet,0,192.06,59.94
19633,treatment,tablet,0,244.11,28.7
13524,control,mobile,0,224.24,24.35
12358,control,mobile,0,213.03,94.77
14820,control,mobile,0,283.63,51.07
18180,control,tablet,0,194.46,33.04
12049,control,mobile,0,202.6,53.67
2551,treatment,desktop,1,221.44,42.37
93,control,desktop,0,173.88,78.65
15199,treatment,mobile,0,214.13,36.06
6253,treatment,desktop,0,201.42,90.61
8336,control,mobile,0,211.92,27.25
13529,control,mobile,0,215.7,31.64
2834,treatment,desktop,1,191.15,123.08
16192,treatment,mobile,0,202.94,31.58
2443,treatment,desktop,0,230.42,40.89
11928,control,mobile,0,252.24,43.32
11217,control,mobile,0,218.73,61.92
12503,control,mobile,0,175.27,120.45
7494,treatment,desktop,1,222.06,43.15
7107,treatment,desktop,0,193.99,59.59
15368,treatment,mobile,0,139.5,52.11
6332,treatment,desktop,0,186.13,33.65
11948,control,mobile,0,239.44,35.21
18024,control,tablet,0,225.75,49.43
2366,treatment,desktop,0,218.8,61.92
18215,control,tablet,0,198.02,49.06
3533,treatment,desktop,1,252.14,39.36
18207,control,tablet,0,170.47,42.7
16083,treatment,mobile,0,270.35,46.06
12479,control,mobile,0,258.18,63.78
12364,control,mobile,0,252.76,29.8
8930,control,mobile,0,268.15,52.5
8611,control,mobile,0,195.62,99.09
13557,control,mobile,0,234.72,29.33
664,control,desktop,0,251.33,59.74
19906,treatment,tablet,0,204.53,65.03
8682,control,mobile,0,226.06,70.87
15820,treatment,mobile,0,312.32,82.35
10551,control,mobile,0,214.02,82.85
18761,control,tablet,0,207.77,50.04
11223,control,mobile,0,232.14,84.99
17554,control,tablet,0,220.13,37.76
6238,treatment,desktop,0,174.42,70.09
13019,control,mobile,0,255.56,50.72
2371,treatment,desktop,0,221.64,54.85
5848,treatment,desktop,0,252.2,19.02
6652,treatment,desktop,0,247.06,32.07
4387,treatment,desktop,0,192.57,60.46
19551,treatment,tablet,0,168.87,100.63
11764,control,mobile,0,265.47,143.38
16160,treatment,mobile,0,150.41,31.2
14669,control,mobile,0,249.32,54.03
19523,treatment,tablet,0,170.2,88.12
72,control,desktop,0,184.93,35.69
13999,control,mobile,0,173.84,41.72
3469,treatment,desktop,0,220.59,38.79
12172,control,mobile,0,265.97,34.04
11571,control,mobile,0,224.41,21.64
18361,control,tablet,0,224.32,137.79
2627,treatment,desktop,0,220.12,29.84
9320,control,mobile,0,237.79,37.18
17633,control,tablet,0,236.89,37.71
9084,control,mobile,0,226.54,30.2
18404,control,tablet,0,156.35,35.3
5782,treatment,desktop,1,270.12,30.09
17103,treatment,mobile,0,254.88,59.58
19611,treatment,tablet,0,291.46,49.26
1051,control,desktop,0,196.67,45.78
3459,treatment,desktop,0,173.54,30.18
18748,control,tablet,0,230.01,26.0
1281,treatment,desktop,0,211.73,39.84
8809,control,mobile,0,227.78,134.32
902,control,desktop,1,190.94,63.19
10198,control,mobile,0,235.85,33.45
1284,treatment,desktop,0,194.28,56.55
411,control,desktop,0,251.32,29.33
7492,treatment,desktop,0,235.88,65.74
6702,treatment,desktop,0,239.4,64.54
14604,control,mobile,0,194.89,78.88
17872,control,tablet,0,199.36,24.25
9646,control,mobile,0,215.4,47.58
14256,control,mobile,1,198.0,20.75
4938,treatment,desktop,0,209.37,33.37
19292,treatment,tablet,0,237.69,161.37
5704,treatment,desktop,0,173.26,99.94
12396,control,mobile,0,186.8,47.91
1192,control,desktop,0,205.69,80.9
14770,control,mobile,0,167.03,36.78
16307,treatment,mobile,0,204.5,43.7
8200,treatment,desktop,0,282.35,35.69
14482,control,mobile,0,260.45,67.46
8170,treatment,desktop,0,245.01,78.64
17353,treatment,mobile,0,249.06,24.92
1664,treatment,desktop,0,229.27,52.71
580,control,desktop,0,202.28,26.04
9663,control,mobile,0,234.25,129.34
4148,treatment,desktop,0,226.18,51.9
1868,treatment,desktop,0,273.42,158.96
17241,treatment,mobile,0,243.22,44.17
5602,treatment,desktop,0,187.4,49.84
9844,control,mobile,0,162.8,46.04
1483,treatment,desktop,0,228.8,34.66
4668,treatment,desktop,0,292.78,39.36
12248,control,mobile,0,190.57,134.38
14227,control,mobile,0,239.33,14.53
13825,control,mobile,0,177.29,26.18
16616,treatment,mobile,0,207.05,31.47
12557,control,mobile,1,238.0,54.03
872,control,desktop,0,228.28,50.89
2541,treatment,desktop,1,235.52,18.17
2126,treatment,desktop,0,201.82,61.3
10362,control,mobile,0,227.31,53.82
4300,treatment,desktop,0,243.69,145.32
16250,treatment,mobile,0,212.83,67.83
14608,control,mobile,0,239.38,198.56
3369,treatment,desktop,0,244.71,74.66
7599,treatment,desktop,0,241.26,41.68
4702,treatment,desktop,0,154.03,43.55
5818,treatment,desktop,0,240.99,23.96
821,control,desktop,0,213.63,69.69
5214,treatment,desktop,0,235.08,61.91
4175,treatment,desktop,0,191.6,36.62
18110,control,tablet,0,221.45,30.73
16010,treatment,mobile,0,247.32,70.14
11923,control,mobile,0,275.59,60.68
12328,control,mobile,0,253.71,83.53
13814,control,mobile,0,282.2,68.76
434,control,desktop,0,192.48,53.13
1504,treatment,desktop,0,197.78,42.64
111,control,desktop,0,202.39,56.52
8712,control,mobile,0,200.67,34.33
12735,control,mobile,0,225.38,95.89
13947,control,mobile,0,166.85,42.17
11171,control,mobile,0,264.62,52.11
6377,treatment,desktop,0,234.09,22.48
13315,control,mobile,0,268.82,61.0
10965,control,mobile,0,251.86,61.49
18452,control,tablet,1,221.47,8.75
8793,control,mobile,0,222.87,47.56
17933,control,tablet,0,229.11,64.01
1337,treatment,desktop,0,207.72,52.83
3249,treatment,desktop,0,207.88,70.29
14600,control,mobile,0,210.34,29.61
3837,treatment,desktop,0,173.31,25.84
14588,control,mobile,0,262.69,33.97
7197,treatment,desktop,0,204.63,39.39
10305,control,mobile,0,202.8,23.89
17288,treatment,mobile,0,217.87,48.98
5292,treatment,desktop,0,194.28,122.15
7499,treatment,desktop,0,222.55,64.97
12621,control,mobile,0,221.36,28.61
13952,control,mobile,1,197.25,62.53
6513,treatment,desktop,0,225.36,49.48
14836,control,mobile,0,234.61,34.12
15363,treatment,mobile,0,175.06,40.34
10133,control,mobile,0,149.08,39.98
12236,control,mobile,0,168.01,40.33
3005,treatment,desktop,0,198.99,94.36
7825,treatment,desktop,1,215.8,33.13
1453,treatment,desktop,1,205.9,24.97
8714,control,mobile,0,226.27,41.64
19008,treatment,tablet,0,177.44,17.36
4318,treatment,desktop,0,229.15,75.44
16417,treatment,mobile,0,153.97,40.54
10113,control,mobile,0,236.44,48.96
12077,control,mobile,0,191.0,40.01
10423,control,mobile,0,199.2,82.37
13277,control,mobile,0,233.73,60.38
9736,control,mobile,0,212.78,110.09
8471,control,mobile,0,243.07,52.99
5013,treatment,desktop,1,168.66,51.4
15976,treatment,mobile,0,234.13,20.2
10386,control,mobile,0,193.99,86.55
16959,treatment,mobile,0,187.06,21.71
13215,control,mobile,0,232.6,164.35
13118,control,mobile,0,218.51,46.28
18899,control,tablet,0,222.53,57.2
393,control,desktop,0,179.41,42.59
19421,treatment,tablet,0,209.95,51.15
907,control,desktop,0,169.01,34.78
16370,treatment,mobile,0,256.84,43.51
2159,treatment,desktop,0,203.9,45.74
1419,treatment,desktop,0,173.2,82.74
3228,treatment,desktop,0,253.33,107.0
8398,control,mobile,0,251.82,31.34
13929,control,mobile,0,242.81,27.78
4490,treatment,desktop,1,193.77,50.88
17555,control,tablet,0,156.91,39.79
19880,treatment,tablet,0,271.44,28.92
12522,control,mobile,0,216.17,61.47
18020,control,tablet,0,221.25,29.78
1956,treatment,desktop,0,190.81,45.59
10616,control,mobile,0,261.17,30.09
18904,control,tablet,0,212.96,42.19
18784,control,tablet,0,251.26,102.27
5471,treatment,desktop,0,215.19,44.69
5027,treatment,desktop,0,216.47,60.11
1283,treatment,desktop,0,185.67,29.98
16749,treatment,mobile,0,240.72,43.65
18984,control,tablet,0,160.2,38.14
13167,control,mobile,0,257.79,65.09
8899,control,mobile,0,169.29,79.92
12838,control,mobile,1,246.86,48.04
13935,control,mobile,0,187.52,55.44
1507,treatment,desktop,0,228.77,32.13
3381,treatment,desktop,0,272.89,17.05
4972,treatment,desktop,0,241.26,70.92
14294,control,mobile,0,169.81,97.31
4789,treatment,desktop,0,230.58,52.26
7697,treatment,desktop,0,241.49,107.67
4939,treatment,desktop,0,229.78,50.95
1695,treatment,desktop,0,266.0,63.81
194,control,desktop,0,247.72,75.84
8359,control,mobile,0,221.68,65.92
17726,control,tablet,0,168.38,38.51
12478,control,mobile,0,218.17,58.14
3689,treatment,desktop,0,211.28,26.21
12461,control,mobile,0,200.81,124.67
1343,treatment,desktop,0,232.43,45.21
18081,control,tablet,0,172.53,18.05
2476,treatment,desktop,0,215.75,82.66
13930,control,mobile,0,172.63,48.24
9051,control,mobile,0,159.88,67.84
4138,treatment,desktop,0,222.31,31.37
14374,control,mobile,0,226.85,58.78
990,control,desktop,0,264.56,65.5
11852,control,mobile,0,202.25,71.38
6980,treatment,desktop,0,153.81,40.78
12653,control,mobile,0,167.46,39.5
9335,control,mobile,0,183.88,48.19
2827,treatment,desktop,0,194.98,35.31
10484,control,mobile,0,274.84,52.93
13916,control,mobile,0,224.07,35.84
5547,treatment,desktop,0,259.77,28.11
15771,treatment,mobile,0,276.31,50.16
6359,treatment,desktop,0,160.83,21.32
4974,treatment,desktop,0,220.56,49.78
17089,treatment,mobile,0,257.41,90.51
4149,treatment,desktop,0,234.46,18.22
15933,treatment,mobile,0,180.08,59.86
14727,control,mobile,0,279.38,65.16
12915,control,mobile,0,198.58,109.6
11782,control,mobile,0,234.69,60.57
11340,control,mobile,0,189.17,34.15
17832,control,tablet,0,224.7,40.8
3944,treatment,desktop,0,195.39,25.98
2425,treatment,desktop,0,297.19,55.43
19049,treatment,tablet,0,183.2,80.06
6599,treatment,desktop,0,233.95,75.53
12293,control,mobile,0,204.99,52.18
19768,treatment,tablet,0,244.7,25.29
2111,treatment,desktop,0,186.06,71.02
10705,control,mobile,0,200.25,43.82
13648,control,mobile,0,239.64,37.98
19409,treatment,tablet,0,241.54,61.34
12624,control,mobile,0,193.96,63.28
4118,treatment,desktop,0,204.25,36.27
15419,treatment,mobile,0,192.73,27.01
11148,control,mobile,0,255.33,43.84
12433,control,mobile,1,226.16,61.33
17513,control,tablet,0,202.75,20.36
13179,control,mobile,0,234.2,57.96
12963,control,mobile,1,205.37,57.33
15695,treatment,mobile,0,167.31,50.42
11754,control,mobile,0,196.76,43.2
3833,treatment,desktop,0,193.4,116.28
18448,control,tablet,0,225.13,16.43
11133,control,mobile,0,228.52,38.11
19214,treatment,tablet,0,265.55,51.4
12475,control,mobile,0,229.38,121.0
1547,treatment,desktop,0,232.72,11.34
2326,treatment,desktop,0,231.16,49.68
11984,control,mobile,0,220.12,24.4
14551,control,mobile,0,227.84,58.35
2364,treatment,desktop,0,174.77,82.52
12343,control,mobile,0,260.04,153.81
3394,treatment,desktop,0,233.99,58.46
15775,treatment,mobile,0,205.04,68.13
9129,control,mobile,0,223.76,107.89
10740,control,mobile,0,234.44,79.51
16128,treatment,mobile,0,278.4,57.45
17012,treatment,mobile,0,231.9,97.02
6121,treatment,desktop,0,159.23,30.57
10904,control,mobile,0,248.57,47.62
17608,control,tablet,0,224.01,15.85
13378,control,mobile,0,213.23,34.74
14255,control,mobile,0,215.03,67.8
4600,treatment,desktop,1,258.62,43.18
12751,control,mobile,0,204.58,31.14
15692,treatment,mobile,0,273.82,51.87
10688,control,mobile,0,218.81,105.52
9344,control,mobile,0,253.52,86.12
3060,treatment,desktop,0,147.26,87.72
18346,control,tablet,1,207.19,125.23
14440,control,mobile,0,201.57,28.88
13624,control,mobile,0,247.12,65.06
7089,treatment,desktop,0,262.31,32.31
12852,control,mobile,0,157.07,44.51
9440,control,mobile,0,194.01,55.98
3539,treatment,desktop,1,230.15,23.25
18578,control,tablet,0,234.76,45.72
11727,control,mobile,0,222.59,94.12
16556,treatment,mobile,1,238.48,37.88
6052,treatment,desktop,1,159.22,68.55
3993,treatment,desktop,1,267.62,38.38
11137,control,mobile,0,155.42,45.74
19477,treatment,tablet,0,222.06,49.09
11756,control,mobile,0,256.78,71.92
14992,control,mobile,0,190.12,12.64
3913,treatment,desktop,1,210.19,45.38
11229,control,mobile,0,146.29,80.77
4694,treatment,desktop,0,241.67,16.82
12058,control,mobile,0,195.24,31.65
11469,control,mobile,0,207.64,32.32
2569,treatment,desktop,0,184.0,22.95
9443,control,mobile,0,215.32,22.86
3607,treatment,desktop,0,179.13,69.95
676,control,desktop,0,244.32,41.66
2177,treatment,desktop,0,214.12,40.84
13670,control,mobile,0,233.81,60.55
5071,treatment,desktop,0,262.05,31.17
13962,control,mobile,0,253.92,36.98
1703,treatment,desktop,0,199.03,53.98
11006,control,mobile,1,203.34,30.61
16131,treatment,mobile,0,270.99,54.9
10238,control,mobile,0,139.94,42.25
6527,treatment,desktop,1,190.14,15.14
7662,treatment,desktop,0,221.83,38.42
2192,treatment,desktop,0,211.26,39.5
13712,control,mobile,0,210.68,27.35
15119,treatment,mobile,0,209.73,30.3
12763,control,mobile,0,185.97,79.65
2776,treatment,desktop,0,193.45,28.61
10315,control,mobile,0,235.91,84.91
7391,treatment,desktop,0,184.54,61.81
8585,control,mobile,0,228.72,46.27
3592,treatment,desktop,0,248.76,45.83
10578,control,mobile,0,258.94,51.46
14245,control,mobile,0,208.1,52.63
10196,control,mobile,0,264.35,59.22
8857,control,mobile,0,214.99,131.36
17368,treatment,mobile,0,173.27,73.58
9073,control,mobile,0,236.56,24.35
15502,treatment,mobile,1,231.21,44.95
1579,treatment,desktop,0,204.65,26.51
19092,treatment,tablet,0,260.11,35.81
5480,treatment,desktop,0,210.92,33.35
19613,treatment,tablet,0,240.81,23.74
3109,treatment,desktop,0,224.88,120.9
16678,treatment,mobile,0,210.08,38.09
6472,treatment,desktop,0,189.03,55.57
1824,treatment,desktop,0,217.85,59.46
10335,control,mobile,0,208.67,37.58
15646,treatment,mobile,0,233.45,45.37
4141,treatment,desktop,0,255.24,74.03
7042,treatment,desktop,1,230.26,46.5
9556,control,mobile,0,245.16,75.66
16143,treatment,mobile,0,164.23,50.04
5182,treatment,desktop,0,226.12,47.96
14912,control,mobile,0,159.8,23.22
5009,treatment,desktop,1,206.12,46.21
15541,treatment,mobile,0,236.34,92.24
16015,treatment,mobile,0,172.51,55.42
15701,treatment,mobile,0,204.84,31.6
15334,treatment,mobile,0,207.11,94.84
2987,treatment,desktop,0,164.77,70.38
14342,control,mobile,0,179.17,56.88
6815,treatment,desktop,0,246.37,91.01
8933,control,mobile,0,219.1,211.01
18358,control,tablet,0,192.39,89.47
4122,treatment,desktop,0,212.12,25.52
4369,treatment,desktop,0,192.76,29.94
15626,treatment,mobile,1,234.46,25.27
13831,control,mobile,0,206.72,34.61
9692,control,mobile,0,204.57,76.37
6387,treatment,desktop,0,212.63,43.03
5261,treatment,desktop,0,189.14,82.54
3798,treatment,desktop,0,255.2,94.24
4729,treatment,desktop,0,267.87,24.1
1922,treatment,desktop,0,145.32,97.63
6692,treatment,desktop,1,231.93,80.61
9929,control,mobile,0,262.01,82.4
3238,treatment,desktop,0,250.43,39.57
2521,treatment,desktop,0,206.04,179.37
15926,treatment,mobile,0,185.39,33.98
17866,control,tablet,1,283.56,62.06
814,control,desktop,0,211.63,87.59
19765,treatment,tablet,0,245.07,26.16
18091,control,tablet,0,216.15,43.97
18399,control,tablet,0,201.95,51.27
14499,control,mobile,0,263.91,104.86
3623,treatment,desktop,0,276.5,69.4
10632,control,mobile,0,195.61,149.9
11269,control,mobile,0,179.16,29.69
5628,treatment,desktop,0,196.18,75.54
15297,treatment,mobile,0,260.99,101.29
12542,control,mobile,0,198.42,82.01
6748,treatment,desktop,0,211.15,53.26
16416,treatment,mobile,0,263.97,43.16
469,control,desktop,0,197.41,26.24
5473,treatment,desktop,1,191.5,47.64
2501,treatment,desktop,0,187.24,38.79
18698,control,tablet,0,228.26,31.37
19527,treatment,tablet,0,211.79,46.4
1479,treatment,desktop,0,206.99,96.2
11462,control,mobile,0,211.44,31.36
9593,control,mobile,0,214.41,59.73
9133,control,mobile,0,223.61,45.25
13037,control,mobile,0,217.98,58.44
6450,treatment,desktop,0,216.24,40.29
9311,control,mobile,0,232.39,57.08
2098,treatment,desktop,0,202.17,56.24
15140,treatment,mobile,0,209.5,39.32
13675,control,mobile,0,204.57,60.61
1020,control,desktop,0,237.07,47.94
19099,treatment,tablet,1,187.23,86.62
5470,treatment,desktop,1,257.33,37.45
2448,treatment,desktop,1,231.34,62.16
7875,treatment,desktop,0,195.7,99.75
9322,control,mobile,0,188.81,55.38
15002,control,mobile,0,205.02,34.69
16383,treatment,mobile,0,254.76,94.55
19517,treatment,tablet,0,233.21,44.93
15489,treatment,mobile,0,288.63,48.11
1253,treatment,desktop,0,220.45,47.63
9589,control,mobile,0,242.39,66.05
16171,treatment,mobile,0,207.24,32.62
16951,treatment,mobile,0,196.25,45.77
15383,treatment,mobile,0,237.24,49.75
7768,treatment,desktop,0,238.4,29.42
12137,control,mobile,0,197.06,44.75
14816,control,mobile,0,200.68,57.67
5839,treatment,desktop,0,144.67,36.49
14829,control,mobile,0,292.85,152.39
18564,control,tablet,0,213.11,52.25
13238,control,mobile,0,253.21,25.69
3964,treatment,desktop,0,239.41,91.89
19785,treatment,tablet,0,179.84,14.59
4902,treatment,desktop,1,209.51,52.35
4957,treatment,desktop,0,252.37,44.64
8420,control,mobile,0,179.22,48.48
19927,treatment,tablet,0,233.92,45.88
4144,treatment,desktop,0,218.14,89.87
9154,control,mobile,0,255.06,158.64
1794,treatment,desktop,1,184.98,36.94
4602,treatment,desktop,1,247.78,74.06
18846,control,tablet,0,220.67,43.38
14317,control,mobile,0,237.31,26.84
11034,control,mobile,0,239.84,27.94
7028,treatment,desktop,1,174.15,50.83
12533,control,mobile,0,208.63,52.23
18400,control,tablet,0,197.93,32.47
3721,treatment,desktop,0,255.0,53.32
15447,treatment,mobile,0,181.86,52.78
12484,control,mobile,0,167.54,25.63
10048,control,mobile,0,236.34,41.89
17944,control,tablet,0,155.91,22.97
13051,control,mobile,0,178.71,29.15
15653,treatment,mobile,0,212.77,41.82
14322,control,mobile,0,284.1,45.6
5565,treatment,desktop,0,224.37,29.11
16513,treatment,mobile,0,182.13,28.31
11959,control,mobile,0,216.47,77.69
16713,treatment,mobile,0,229.27,19.01
14313,control,mobile,0,207.81,50.6
4045,treatment,desktop,0,163.82,286.52
10906,control,mobile,0,190.49,93.87
17371,treatment,mobile,0,231.39,52.89
9550,control,mobile,0,206.17,16.98
15792,treatment,mobile,0,247.76,44.37
3836,treatment,desktop,0,251.1,51.03
11810,control,mobile,0,199.16,67.33
3665,treatment,desktop,0,230.84,60.47
7940,treatment,desktop,1,196.42,98.64
1807,treatment,desktop,1,264.16,35.2
13693,control,mobile,0,212.67,150.56
7399,treatment,desktop,1,168.51,174.62
6853,treatment,desktop,0,233.06,27.97
17452,treatment,mobile,0,233.96,37.8
8909,control,mobile,0,146.93,41.7
6944,treatment,desktop,0,237.45,101.94
15561,treatment,mobile,0,206.13,34.65
3965,treatment,desktop,0,200.72,32.17
18909,control,tablet,0,206.09,79.79
14280,control,mobile,0,218.9,38.89
6138,treatment,desktop,0,217.68,39.24
6214,treatment,desktop,0,189.66,68.98
717,control,desktop,0,194.48,72.21
15382,treatment,mobile,0,250.08,19.86
15251,treatment,mobile,0,182.31,70.47
8989,control,mobile,0,244.21,33.03
11903,control,mobile,0,201.23,35.46
3126,treatment,desktop,0,208.15,77.75
3390,treatment,desktop,0,216.64,46.74
9441,control,mobile,0,207.36,46.7
14850,control,mobile,0,247.65,108.38
13838,control,mobile,0,226.2,34.28
9482,control,mobile,0,188.58,77.39
4514,treatment,desktop,1,240.87,30.32
422,control,desktop,1,174.16,19.81
19046,treatment,tablet,0,222.6,91.06
3587,treatment,desktop,0,243.56,56.91
8811,control,mobile,0,198.27,33.26
19390,treatment,tablet,1,256.02,38.3
1634,treatment,desktop,0,268.77,56.63
8847,control,mobile,0,151.7,67.97
13082,control,mobile,0,188.84,36.59
9815,control,mobile,0,264.52,38.32
3926,treatment,desktop,0,216.16,86.85
1850,treatment,desktop,0,292.59,61.14
6438,treatment,desktop,0,206.6,21.9
8249,control,mobile,0,231.37,82.04
10467,control,mobile,0,229.56,58.87
1917,treatment,desktop,0,216.83,31.7
16448,treatment,mobile,0,250.41,129.42
19591,treatment,tablet,0,175.45,32.89
8538,control,mobile,0,208.59,90.51
2609,treatment,desktop,0,276.18,40.93
13300,control,mobile,0,225.99,36.52
12904,control,mobile,0,228.37,65.59
10871,control,mobile,0,193.04,61.68
1249,treatment,desktop,1,265.03,26.78
2662,treatment,desktop,1,204.27,50.17
6704,treatment,desktop,0,243.86,51.7
6194,treatment,desktop,0,224.09,81.86
4458,treatment,desktop,0,198.68,77.87
9553,control,mobile,0,167.46,42.56
6093,treatment,desktop,0,223.61,100.39
9067,control,mobile,0,296.36,46.26
18356,control,tablet,0,206.51,65.37
974,control,desktop,0,228.63,77.79
5520,treatment,desktop,0,241.54,44.47
17576,control,tablet,0,228.05,32.45
3008,treatment,desktop,0,217.22,32.61
11196,control,mobile,0,241.83,53.13
4156,treatment,desktop,0,243.68,46.8
15474,treatment,mobile,0,226.97,62.22
12411,control,mobile,0,246.01,101.07
19558,treatment,tablet,0,216.19,40.98
7425,treatment,desktop,0,234.15,38.81
9761,control,mobile,0,219.68,46.0
14946,control,mobile,0,223.39,38.62
14852,control,mobile,0,253.94,59.91
1309,treatment,desktop,0,244.0,61.44
347,control,desktop,0,223.87,49.73
17622,control,tablet,1,159.06,24.23
1011,control,desktop,0,214.7,32.45
11088,control,mobile,0,264.29,35.1
5952,treatment,desktop,0,254.84,30.8
14955,control,mobile,0,254.79,51.17
17197,treatment,mobile,0,214.78,57.22
1326,treatment,desktop,0,217.76,111.33
17150,treatment,mobile,0,236.01,63.02
13710,control,mobile,0,252.97,14.4
10108,control,mobile,0,194.39,57.76
9437,control,mobile,0,242.68,59.11
12006,control,mobile,0,186.48,52.92
18434,control,tablet,1,246.16,38.28
11792,control,mobile,0,215.39,76.75
10902,control,mobile,0,191.19,66.62
18597,control,tablet,0,260.59,23.76
6907,treatment,desktop,0,240.32,89.06
14475,control,mobile,0,237.36,45.62
15204,treatment,mobile,0,257.94,35.72
10809,control,mobile,0,226.47,55.43
15948,treatment,mobile,0,250.85,69.54
11857,control,mobile,0,253.38,46.57
14336,control,mobile,0,173.47,66.84
9059,control,mobile,0,226.75,22.66
16390,treatment,mobile,0,236.1,29.52
15187,treatment,mobile,0,226.89,69.25
16382,treatment,mobile,0,194.15,58.77
1258,treatment,desktop,0,248.92,51.8
19037,treatment,tablet,0,231.39,74.89
531,control,desktop,1,188.5,156.68
7809,treatment,desktop,0,279.16,47.63
6550,treatment,desktop,0,240.25,56.87
305,control,desktop,0,232.04,37.19
236,control,desktop,0,175.56,40.73
8732,control,mobile,0,222.59,42.24
4700,treatment,desktop,0,234.26,39.84
3749,treatment,desktop,0,210.17,18.6
15573,treatment,mobile,0,266.42,161.94
7482,treatment,desktop,0,171.72,158.18
14925,control,mobile,0,183.98,42.84
10272,control,mobile,0,214.0,44.17
12921,control,mobile,0,199.34,19.15
19198,treatment,tablet,0,262.81,66.44
13677,control,mobile,0,209.83,64.61
19626,treatment,tablet,0,197.28,4077.55
12268,control,mobile,0,243.75,32.33
16779,treatment,mobile,0,245.0,80.14
18815,control,tablet,0,230.83,13.05
14162,control,mobile,0,187.9,75.2
5100,treatment,desktop,0,199.59,49.59
3027,treatment,desktop,0,247.03,49.27
12989,control,mobile,0,247.43,52.56
18593,control,tablet,0,222.35,47.75
9398,control,mobile,1,253.67,52.92
13809,control,mobile,0,229.32,34.33
17973,control,tablet,0,194.58,56.07
610,control,desktop,0,232.76,100.56
14273,control,mobile,0,221.81,20.05
6941,treatment,desktop,0,211.8,41.97
3468,treatment,desktop,1,187.06,41.15
4391,treatment,desktop,0,218.68,92.88
8581,control,mobile,0,203.62,50.67
11366,control,mobile,0,212.16,24.0
6576,treatment,desktop,1,171.64,64.02
13654,control,mobile,0,205.15,19.1
5217,treatment,desktop,0,248.77,60.53
2626,treatment,desktop,0,260.16,76.2
13400,control,mobile,0,215.82,64.25
16462,treatment,mobile,0,240.39,16.05
1328,treatment,desktop,0,211.74,73.23
641,control,desktop,0,191.51,47.05
6078,treatment,desktop,0,266.43,28.57
18712,control,tablet,0,223.46,30.99
15124,treatment,mobile,0,198.19,37.6
15742,treatment,mobile,0,270.55,30.12
5151,treatment,desktop,0,263.31,46.59
19738,treatment,tablet,0,190.94,29.69
15081,control,mobile,0,208.54,57.97
12819,control,mobile,0,211.16,4894.44
1040,control,desktop,0,215.66,53.47
6009,treatment,desktop,0,205.56,24.15
10028,control,mobile,0,247.3,85.03
10884,control,mobile,0,227.63,70.89
6537,treatment,desktop,0,170.09,89.54
10116,control,mobile,0,235.5,32.97
6635,treatment,desktop,0,184.93,33.29
9212,control,mobile,0,201.9,99.14
18624,control,tablet,0,223.39,103.48
13980,control,mobile,0,220.92,82.75
12896,control,mobile,0,227.05,47.6
6498,treatment,desktop,0,203.46,38.01
5482,treatment,desktop,0,228.48,46.65
8015,treatment,desktop,0,273.97,31.28
899,control,desktop,0,263.14,35.46
8448,control,mobile,0,205.78,56.92
17972,control,tablet,0,286.19,41.18
16042,treatment,mobile,0,205.59,34.76
12506,control,mobile,0,280.47,61.77
9762,control,mobile,0,197.12,97.29
5506,treatment,desktop,0,209.69,55.0
8654,control,mobile,0,245.58,53.08
19274,treatment,tablet,0,224.03,61.14
16469,treatment,mobile,0,206.47,38.33
2703,treatment,desktop,1,166.33,126.48
1812,treatment,desktop,0,201.83,41.95
6786,treatment,desktop,0,225.04,14.42
465,control,desktop,0,142.95,35.74
13843,control,mobile,0,246.55,52.53
5174,treatment,desktop,0,256.42,49.09
1790,treatment,desktop,0,222.71,24.81
12666,control,mobile,0,220.12,58.77
4980,treatment,desktop,0,206.06,31.29
11278,control,mobile,0,227.92,54.87
9323,control,mobile,0,242.54,76.18
17116,treatment,mobile,0,221.89,34.32
18982,control,tablet,0,212.26,49.35
19193,treatment,tablet,0,258.51,48.31
262,control,desktop,0,269.34,78.19
15649,treatment,mobile,0,231.2,20.71
6586,treatment,desktop,0,266.03,47.07
1943,treatment,desktop,1,184.66,33.41
4328,treatment,desktop,0,199.56,41.01
7134,treatment,desktop,0,255.96,36.17
15725,treatment,mobile,0,221.25,65.49
12382,control,mobile,0,232.05,19.77
1361,treatment,desktop,0,202.45,59.02
10008,control,mobile,0,233.77,68.51
7966,treatment,desktop,0,193.98,133.76
13616,control,mobile,0,230.07,57.17
10397,control,mobile,0,202.49,63.63
10002,control,mobile,0,257.6,70.34
1780,treatment,desktop,0,196.46,55.51
8788,control,mobile,0,194.12,126.26
1357,treatment,desktop,0,229.0,209.68
8627,control,mobile,0,209.04,37.16
9446,control,mobile,0,221.67,84.05
11851,control,mobile,0,186.15,77.39
18376,control,tablet,0,213.97,35.98
8688,control,mobile,1,227.69,66.47
9895,control,mobile,0,218.5,153.42
16290,treatment,mobile,0,247.25,24.95
11206,control,mobile,0,230.55,58.67
4715,treatment,desktop,1,253.27,54.12
16297,treatment,mobile,0,188.75,68.24
16564,treatment,mobile,0,228.84,31.57
3726,treatment,desktop,0,215.34,46.36
17583,control,tablet,0,234.55,56.69
18070,control,tablet,0,267.1,50.28
13379,control,mobile,1,135.63,77.07
5863,treatment,desktop,0,262.28,47.76
5892,treatment,desktop,0,212.39,54.5
16890,treatment,mobile,0,190.13,23.94
11008,control,mobile,0,253.62,37.63
18030,control,tablet,0,230.23,60.67
13626,control,mobile,0,277.46,111.63
12252,control,mobile,0,190.83,42.29
6715,treatment,desktop,0,212.28,60.16
9970,control,mobile,0,241.75,55.88
8794,control,mobile,0,202.76,82.14
3796,treatment,desktop,1,225.84,39.82
16518,treatment,mobile,0,203.28,43.0
5711,treatment,desktop,0,224.63,84.87
19338,treatment,tablet,0,158.66,86.45
7218,treatment,desktop,0,214.33,26.88
807,control,desktop,1,268.29,60.49
10328,control,mobile,0,222.12,74.07
14059,control,mobile,0,214.98,50.74
5486,treatment,desktop,0,207.61,38.46
11357,control,mobile,0,216.55,30.43
8243,control,mobile,0,187.71,49.75
15545,treatment,mobile,0,234.28,12.5
10377,control,mobile,0,221.47,43.11
103,control,desktop,0,247.98,31.14
17845,control,tablet,0,243.9,56.07
9294,control,mobile,0,229.49,68.25
15244,treatment,mobile,0,272.84,47.06
16325,treatment,mobile,0,199.23,107.03
15178,treatment,mobile,0,244.35,28.26
14410,control,mobile,0,168.54,58.87
4601,treatment,desktop,0,232.66,57.18
9611,control,mobile,0,249.75,44.06
17511,control,tablet,0,198.92,32.51
4402,treatment,desktop,0,242.68,111.46
14519,control,mobile,0,238.05,77.51
147,control,desktop,0,222.95,38.86
5382,treatment,desktop,0,160.72,68.52
17493,treatment,mobile,0,185.76,24.62
10451,control,mobile,0,233.91,68.29
15042,control,mobile,0,176.23,76.27
13644,control,mobile,0,212.91,58.49
8614,control,mobile,0,253.51,21.46
17689,control,tablet,0,219.61,39.39
1976,treatment,desktop,0,253.72,64.22
16637,treatment,mobile,0,223.78,69.1
1310,treatment,desktop,0,200.33,82.63
15011,control,mobile,0,246.48,35.75
5258,treatment,desktop,0,216.76,49.78
510,control,desktop,0,206.17,66.88
14999,control,mobile,0,188.61,50.7
10794,control,mobile,0,281.4,69.56
2012,treatment,desktop,1,223.49,37.24
4912,treatment,desktop,0,220.26,41.76
7641,treatment,desktop,0,178.23,48.5
18488,control,tablet,1,231.24,198.39
11077,control,mobile,0,169.77,57.5
7030,treatment,desktop,0,246.2,22.0
10665,control,mobile,0,263.12,107.7
19822,treatment,tablet,1,216.96,45.55
16347,treatment,mobile,0,259.9,46.8
7804,treatment,desktop,0,196.82,41.77
14172,control,mobile,0,230.11,51.36
19107,treatment,tablet,0,204.99,24.16
1993,treatment,desktop,1,201.82,80.0
4493,treatment,desktop,0,216.71,46.87
647,control,desktop,0,247.92,18.59
6160,treatment,desktop,0,207.34,72.17
5982,treatment,desktop,0,233.28,35.95
13691,control,mobile,0,193.24,48.3
7237,treatment,desktop,0,219.58,72.89
18857,control,tablet,0,198.89,77.16
16041,treatment,mobile,0,251.46,71.42
16979,treatment,mobile,0,226.79,31.8
16270,treatment,mobile,0,207.52,78.89
13498,control,mobile,0,243.77,72.31
5687,treatment,desktop,0,268.58,50.49
9444,control,mobile,0,244.13,36.91
18511,control,tablet,0,196.53,40.83
10622,control,mobile,0,220.41,39.68
17982,control,tablet,0,169.94,34.84
6318,treatment,desktop,0,203.47,80.07
5732,treatment,desktop,0,262.18,40.56
14851,control,mobile,0,197.76,79.22
8825,control,mobile,0,210.04,19.87
2257,treatment,desktop,0,176.58,52.28
13446,control,mobile,0,219.17,77.46
17666,control,tablet,0,270.15,69.78
11911,control,mobile,0,207.02,30.08
11135,control,mobile,0,236.58,24.31
11511,control,mobile,0,240.46,50.38
19355,treatment,tablet,0,237.87,163.51
17611,control,tablet,0,217.61,86.59
4592,treatment,desktop,0,180.95,56.69
11672,control,mobile,0,243.54,22.66
9855,control,mobile,1,231.27,69.26
18567,control,tablet,0,220.86,32.47
18411,control,tablet,0,192.43,24.0
17378,treatment,mobile,0,148.97,84.64
15738,treatment,mobile,0,226.96,29.97
1401,treatment,desktop,0,239.4,34.54
6237,treatment,desktop,0,192.03,52.17
14050,control,mobile,0,200.94,28.24
7152,treatment,desktop,0,211.74,76.83
5638,treatment,desktop,0,213.12,49.77
10261,control,mobile,0,204.69,47.92
6574,treatment,desktop,0,155.82,44.46
13908,control,mobile,0,228.42,33.17
3641,treatment,desktop,0,208.44,37.41
16506,treatment,mobile,0,226.88,54.36
17409,treatment,mobile,0,213.2,37.48
6311,treatment,desktop,0,208.89,63.86
16947,treatment,mobile,0,176.89,41.72
11297,control,mobile,0,146.91,121.89
14148,control,mobile,0,243.77,43.39
14830,control,mobile,0,195.11,25.35
16475,treatment,mobile,0,211.58,44.86
4296,treatment,desktop,0,195.66,159.16
3778,treatment,desktop,1,240.36,33.66
17396,treatment,mobile,0,165.85,27.1
1973,treatment,desktop,1,210.96,102.17
8569,control,mobile,0,212.63,106.23
16451,treatment,mobile,0,190.88,57.09
6994,treatment,desktop,0,193.01,66.6
8731,control,mobile,0,264.35,33.31
15049,control,mobile,0,228.13,69.22
675,control,desktop,0,193.29,82.67
2698,treatment,desktop,1,186.39,94.96
14020,control,mobile,0,223.7,32.88
17372,treatment,mobile,0,185.3,56.03
17803,control,tablet,1,258.54,34.71
8258,control,mobile,0,322.9,72.37
4550,treatment,desktop,1,210.72,53.89
6687,treatment,desktop,0,209.13,89.32
12215,control,mobile,0,227.79,65.84
11023,control,mobile,0,246.51,22.94
17159,treatment,mobile,0,286.32,45.71
10856,control,mobile,0,241.14,41.5
15269,treatment,mobile,0,240.52,48.68
7428,treatment,desktop,0,233.15,32.07
17870,control,tablet,0,224.52,50.45
1797,treatment,desktop,0,210.68,123.63
10962,control,mobile,0,236.43,120.99
11000,control,mobile,1,195.62,27.06
6030,treatment,desktop,0,203.16,81.72
19121,treatment,tablet,0,218.16,24.17
3212,treatment,desktop,1,223.04,83.26
17259,treatment,mobile,0,254.9,32.16
10471,control,mobile,0,213.47,37.96
11946,control,mobile,0,276.92,24.22
6568,treatment,desktop,0,223.68,37.86
4081,treatment,desktop,0,261.43,51.23
15437,treatment,mobile,0,209.17,114.82
2854,treatment,desktop,0,198.83,63.2
12313,control,mobile,0,176.79,65.39
7236,treatment,desktop,0,241.91,48.74
415,control,desktop,0,211.22,23.11
8440,control,mobile,0,214.95,55.9
2548,treatment,desktop,0,205.61,54.72
16138,treatment,mobile,0,211.92,41.49
10514,control,mobile,0,194.37,36.94
16920,treatment,mobile,0,239.24,100.22
13453,control,mobile,0,184.06,25.02
9683,control,mobile,0,229.33,53.97
5585,treatment,desktop,0,274.23,25.86
12914,control,mobile,0,185.7,20.53
9545,control,mobile,0,256.15,94.36
3563,treatment,desktop,0,254.27,38.86
11130,control,mobile,0,203.13,48.08
7521,treatment,desktop,0,216.24,40.58
19736,treatment,tablet,0,274.61,40.11
12682,control,mobile,0,221.83,69.45
1225,treatment,desktop,0,229.52,56.9
6647,treatment,desktop,0,241.52,47.29
3620,treatment,desktop,1,194.48,64.21
8745,control,mobile,0,205.9,38.78
2644,treatment,desktop,0,230.42,43.82
13242,control,mobile,0,237.42,49.43
4579,treatment,desktop,0,199.43,61.35
11360,control,mobile,0,235.45,76.41
16904,treatment,mobile,0,213.91,46.46
9049,control,mobile,0,232.56,44.67
19348,treatment,tablet,0,207.98,36.96
19851,treatment,tablet,0,213.67,49.4
19062,treatment,tablet,0,186.14,47.7
13502,control,mobile,0,259.71,130.3
19786,treatment,tablet,1,230.45,51.16
13697,control,mobile,0,242.03,34.33
5037,treatment,desktop,0,188.78,59.99
19176,treatment,tablet,0,270.05,157.42
8212,control,mobile,0,202.99,29.36
589,control,desktop,0,208.3,43.87
11140,control,mobile,0,246.55,35.5
4606,treatment,desktop,0,175.43,73.02
8274,control,mobile,0,149.44,86.66
19914,treatment,tablet,0,150.31,3337.39
8487,control,mobile,0,234.93,32.82
14423,control,mobile,0,202.21,52.61
7170,treatment,desktop,0,213.37,37.03
7917,treatment,desktop,0,164.22,41.07
9298,control,mobile,0,238.97,29.1
12125,control,mobile,0,198.7,42.16
15998,treatment,mobile,0,219.53,42.61
18901,control,tablet,1,244.75,36.82
2560,treatment,desktop,0,216.76,33.15
16939,treatment,mobile,0,214.08,22.41
17820,control,tablet,0,177.53,32.82
2940,treatment,desktop,0,248.52,90.69
15968,treatment,mobile,0,249.84,92.42
7632,treatment,desktop,0,151.76,39.45
8802,control,mobile,0,234.76,30.47
14613,control,mobile,0,234.16,95.4
5856,treatment,desktop,0,198.84,50.27
11359,control,mobile,0,235.63,35.68
4174,treatment,desktop,1,184.42,64.77
13392,control,mobile,0,264.39,39.23
3147,treatment,desktop,0,215.73,60.53
13508,control,mobile,0,162.37,62.01
7333,treatment,desktop,0,256.58,32.56
3149,treatment,desktop,1,235.38,108.08
18382,control,tablet,0,209.22,38.79
2105,treatment,desktop,0,189.04,57.31
1056,control,desktop,0,163.41,48.72
7610,treatment,desktop,0,211.99,16.35
15015,control,mobile,0,222.18,38.33
10093,control,mobile,0,208.03,55.72
16437,treatment,mobile,0,190.85,56.41
6349,treatment,desktop,0,184.59,63.07
16895,treatment,mobile,0,237.38,52.62
18948,control,tablet,0,242.4,72.23
10648,control,mobile,0,236.71,80.05
3610,treatment,desktop,0,262.12,14.51
1718,treatment,desktop,0,234.96,22.9
2237,treatment,desktop,0,246.18,64.69
19052,treatment,tablet,0,249.22,32.13
5011,treatment,desktop,0,163.54,75.53
18729,control,tablet,0,243.67,78.88
2805,treatment,desktop,0,190.02,29.87
19456,treatment,tablet,0,268.76,57.87
17237,treatment,mobile,0,144.98,39.67
883,control,desktop,0,247.94,76.65
9080,control,mobile,0,240.65,57.96
17819,control,tablet,0,167.61,24.78
19866,treatment,tablet,0,184.97,36.53
16379,treatment,mobile,0,183.71,64.18
18119,control,tablet,0,227.59,28.56
804,control,desktop,0,242.58,38.74
8372,control,mobile,0,234.43,26.63
9368,control,mobile,0,216.22,60.43
10798,control,mobile,0,161.4,80.13
390,control,desktop,0,231.21,128.05
15031,control,mobile,0,224.89,106.95
16372,treatment,mobile,0,196.83,32.02
16864,treatment,mobile,0,256.75,76.1
3988,treatment,desktop,0,236.32,59.19
10065,control,mobile,0,211.57,52.1
14628,control,mobile,0,272.07,69.48
4359,treatment,desktop,0,185.9,93.83
10229,control,mobile,0,192.24,17.22
16551,treatment,mobile,0,204.25,41.19
17653,control,tablet,0,176.32,71.82
8910,control,mobile,0,181.38,59.27
14594,control,mobile,0,210.25,53.82
3246,treatment,desktop,0,237.33,29.89
8158,treatment,desktop,1,186.75,15.82
1140,control,desktop,0,233.77,27.79
19398,treatment,tablet,0,231.42,65.94
4465,treatment,desktop,0,218.46,32.75
1420,treatment,desktop,1,202.39,46.7
5976,treatment,desktop,0,269.32,24.42
17381,treatment,mobile,0,204.9,32.34
17505,control,tablet,0,175.49,53.68
6639,treatment,desktop,0,181.69,66.57
