user_id,group,segment,converted,latency_ms,time_on_page_sec
4555,treatment,desktop,0,232.74,39.1
2857,control,desktop,0,158.23,44.49
6595,control,mobile,0,223.46,55.25
14111,control,tablet,0,240.14,70.29
13192,treatment,mobile,0,210.38,60.33
2901,control,desktop,1,226.04,44.13
8732,control,mobile,0,190.85,34.88
2122,control,desktop,0,225.49,192.0
9755,control,mobile,0,195.31,37.18
8817,control,mobile,0,246.71,49.29
12396,treatment,mobile,1,294.63,61.83
15234,treatment,tablet,1,217.06,22.94
12022,treatment,mobile,0,266.42,56.84
158,control,desktop,0,219.24,42.75
7915,control,mobile,0,246.25,107.25
3360,treatment,desktop,0,219.71,71.23
14477,control,tablet,0,228.62,79.05
15889,treatment,tablet,0,261.72,126.92
15484,treatment,tablet,0,253.18,22.61
13145,treatment,mobile,0,214.74,26.15
8576,control,mobile,1,253.17,47.62
15301,treatment,tablet,0,215.2,75.79
2837,control,desktop,0,218.04,153.24
6170,treatment,desktop,0,206.04,64.78
10353,treatment,mobile,0,248.06,54.06
12190,treatment,mobile,0,255.19,119.04
233,control,desktop,0,184.53,43.04
6834,control,mobile,0,232.11,67.18
13476,treatment,mobile,0,241.75,59.87
13874,control,tablet,0,211.41,101.91
14236,control,tablet,0,212.21,26.4
1165,control,desktop,0,264.07,68.83
11444,treatment,mobile,1,220.67,43.81
12924,treatment,mobile,0,224.62,56.18
11001,treatment,mobile,0,246.29,28.75
15180,treatment,tablet,0,268.78,61.91
8523,control,mobile,1,215.06,79.64
6866,control,mobile,0,168.45,25.04
8399,control,mobile,0,214.53,40.72
11401,treatment,mobile,0,236.58,24.57
10991,treatment,mobile,0,191.92,36.94
133,control,desktop,1,150.28,60.48
4556,treatment,desktop,1,170.56,74.64
5921,treatment,desktop,0,160.03,36.47
874,control,desktop,0,183.64,31.4
8331,control,mobile,0,213.27,14.8
8660,control,mobile,1,207.66,84.75
8014,control,mobile,0,267.84,45.16
4595,treatment,desktop,1,282.42,50.57
14726,control,tablet,0,239.25,47.87
10052,treatment,mobile,0,155.53,23.42
8829,control,mobile,0,203.43,60.48
1016,control,desktop,0,228.69,27.43
12004,treatment,mobile,1,192.23,30.18
13269,treatment,mobile,0,181.04,37.96
13640,control,tablet,0,225.12,71.05
5925,treatment,desktop,1,210.65,95.98
6165,treatment,desktop,0,211.75,42.54
11987,treatment,mobile,0,197.31,33.95
12651,treatment,mobile,0,194.25,87.52
11272,treatment,mobile,0,249.47,55.17
7484,control,mobile,0,246.11,43.52
5552,treatment,desktop,0,170.32,32.36
6921,control,mobile,1,170.11,71.66
10779,treatment,mobile,0,195.6,69.59
9401,control,mobile,0,236.8,82.67
936,control,desktop,0,167.52,84.87
4742,treatment,desktop,0,235.46,117.44
1917,control,desktop,0,197.3,77.84
1982,control,desktop,0,153.69,49.32
11394,treatment,mobile,0,250.69,21.24
13235,treatment,mobile,0,192.41,51.67
6521,control,mobile,0,234.06,77.86
10975,treatment,mobile,0,207.54,73.75
6389,treatment,desktop,0,200.63,32.79
6266,treatment,desktop,0,224.99,28.53
1081,control,desktop,0,148.86,106.86
12075,treatment,mobile,0,253.73,62.68
2668,control,desktop,0,246.66,50.38
5882,treatment,desktop,1,244.82,71.97
3848,treatment,desktop,0,202.56,44.95
9528,control,mobile,0,204.22,83.44
1266,control,desktop,0,251.92,50.57
3324,treatment,desktop,0,192.92,32.89
925,control,desktop,0,180.25,36.88
14856,treatment,tablet,1,244.89,48.88
464,control,desktop,0,224.12,51.55
1198,control,desktop,0,228.14,33.39
4267,treatment,desktop,0,216.58,44.96
6125,treatment,desktop,0,222.07,42.41
6700,control,mobile,0,228.39,36.34
1566,control,desktop,0,267.7,54.83
4947,treatment,desktop,0,200.15,50.63
9860,control,mobile,0,199.73,41.82
8154,control,mobile,0,268.23,83.23
15949,treatment,tablet,0,204.41,59.02
4030,treatment,desktop,0,182.52,58.91
4096,treatment,desktop,0,233.05,51.07
13955,control,tablet,0,226.7,56.37
15453,treatment,tablet,0,252.14,90.86
640,control,desktop,0,247.53,117.62
3803,treatment,desktop,0,265.18,48.72
12527,treatment,mobile,0,196.93,42.86
13239,treatment,mobile,0,171.78,99.41
13660,control,tablet,0,207.6,35.62
4579,treatment,desktop,0,168.07,60.09
3548,treatment,desktop,0,219.62,81.65
5002,treatment,desktop,1,214.75,72.14
7257,control,mobile,0,242.66,47.61
15793,treatment,tablet,0,156.06,42.8
11784,treatment,mobile,0,212.15,138.33
10645,treatment,mobile,0,195.45,67.32
12719,treatment,mobile,1,157.44,127.64
9203,control,mobile,0,254.36,51.53
8839,control,mobile,0,238.1,119.37
3102,control,desktop,0,153.53,45.21
2732,control,desktop,0,231.99,40.47
11916,treatment,mobile,0,286.13,43.66
14312,control,tablet,0,209.63,60.51
13181,treatment,mobile,0,220.38,45.88
13766,control,tablet,0,167.73,43.4
10153,treatment,mobile,0,268.68,57.13
9279,control,mobile,0,187.87,58.36
2071,control,desktop,0,204.67,36.93
14979,treatment,tablet,0,189.43,29.1
438,control,desktop,0,162.98,88.64
1870,control,desktop,0,193.1,85.45
653,control,desktop,0,207.72,20.18
7117,control,mobile,0,219.21,50.06
4800,treatment,desktop,0,247.29,83.78
1443,control,desktop,0,217.52,47.22
15137,treatment,tablet,0,170.85,92.65
4424,treatment,desktop,0,223.77,31.13
268,control,desktop,0,223.02,92.13
5805,treatment,desktop,0,185.94,36.52
4399,treatment,desktop,0,195.35,52.2
3709,treatment,desktop,0,191.38,26.85
13809,control,tablet,0,304.51,43.73
8378,control,mobile,1,173.15,69.11
2640,control,desktop,0,274.1,61.72
12669,treatment,mobile,0,204.9,23.73
2896,control,desktop,0,205.17,64.06
9767,control,mobile,0,255.3,24.42
13686,control,tablet,0,159.73,47.45
8434,control,mobile,1,202.5,59.75
13247,treatment,mobile,0,254.92,71.13
7053,control,mobile,0,210.31,55.33
11111,treatment,mobile,0,196.39,50.83
2010,control,desktop,0,237.26,117.31
12644,treatment,mobile,1,244.19,35.31
9631,control,mobile,0,222.98,159.29
10393,treatment,mobile,0,172.78,42.12
13705,control,tablet,0,206.68,44.43
3614,treatment,desktop,0,238.31,25.58
2404,control,desktop,0,211.89,128.24
11490,treatment,mobile,0,235.46,63.73
14144,control,tablet,0,250.37,38.92
1101,control,desktop,1,274.19,46.2
14740,control,tablet,0,251.13,109.04
10958,treatment,mobile,0,266.58,29.97
9196,control,mobile,0,228.71,55.64
9991,control,mobile,0,210.56,49.65
6650,control,mobile,0,213.56,31.14
1376,control,desktop,0,190.01,36.71
4810,treatment,desktop,0,219.36,61.52
12523,treatment,mobile,0,206.9,35.1
11723,treatment,mobile,0,239.9,51.18
4837,treatment,desktop,1,266.63,161.79
5325,treatment,desktop,0,232.75,37.28
14023,control,tablet,0,171.39,103.7
11555,treatment,mobile,0,203.46,80.6
67,control,desktop,0,214.27,79.06
14797,control,tablet,0,237.65,69.3
15853,treatment,tablet,0,187.58,125.95
11334,treatment,mobile,0,229.39,80.61
9678,control,mobile,0,247.58,91.33
10015,treatment,mobile,1,185.46,33.5
11421,treatment,mobile,1,207.35,28.61
2622,control,desktop,1,245.7,70.31
5069,treatment,desktop,0,199.67,42.64
7855,control,mobile,0,208.53,61.12
7927,control,mobile,0,192.06,77.97
2060,control,desktop,0,225.33,47.59
3019,control,desktop,0,215.43,26.58
2572,control,desktop,0,227.73,41.4
14684,control,tablet,0,275.82,31.24
7813,control,mobile,0,207.84,77.11
12734,treatment,mobile,0,219.0,34.34
5689,treatment,desktop,0,241.75,64.4
14029,control,tablet,0,176.71,72.22
9107,control,mobile,0,269.92,68.73
5674,treatment,desktop,0,258.63,80.28
2475,control,desktop,0,178.25,80.01
11849,treatment,mobile,0,147.24,47.79
11979,treatment,mobile,0,216.78,17.49
4032,treatment,desktop,0,240.25,118.55
8548,control,mobile,0,153.49,29.65
11562,treatment,mobile,0,199.72,66.11
853,control,desktop,0,186.42,18.24
7414,control,mobile,0,235.34,34.87
4639,treatment,desktop,0,212.3,53.0
3828,treatment,desktop,0,242.96,45.03
262,control,desktop,0,198.56,16.02
12259,treatment,mobile,0,213.0,79.18
8642,control,mobile,0,203.82,34.88
9526,control,mobile,0,232.34,63.3
3381,treatment,desktop,0,222.88,42.75
3987,treatment,desktop,0,234.69,59.53
2807,control,desktop,0,258.98,46.6
15907,treatment,tablet,0,198.68,15.95
14971,treatment,tablet,0,304.01,31.13
13629,control,tablet,1,220.47,62.82
229,control,desktop,0,248.17,111.75
12954,treatment,mobile,0,214.9,20.9
14865,treatment,tablet,0,257.51,85.59
13649,control,tablet,1,251.07,93.49
2602,control,desktop,0,200.77,37.02
4908,treatment,desktop,0,230.45,122.92
5268,treatment,desktop,1,261.65,65.54
12790,treatment,mobile,0,200.58,45.21
15350,treatment,tablet,0,242.95,30.62
931,control,desktop,0,226.28,31.14
13204,treatment,mobile,0,257.62,42.98
5589,treatment,desktop,0,232.76,87.9
1389,control,desktop,0,191.73,54.99
12816,treatment,mobile,0,247.8,53.66
12182,treatment,mobile,0,269.13,47.35
11761,treatment,mobile,0,233.38,43.57
10357,treatment,mobile,0,237.12,69.29
2012,control,desktop,0,188.69,38.47
786,control,desktop,0,238.52,34.97
14295,control,tablet,1,181.35,71.22
4413,treatment,desktop,0,206.47,50.78
8204,control,mobile,0,269.81,26.55
12800,treatment,mobile,0,222.93,64.27
10429,treatment,mobile,0,208.94,72.8
11835,treatment,mobile,0,250.9,40.72
807,control,desktop,0,234.02,96.16
6093,treatment,desktop,0,261.46,117.58
9605,control,mobile,0,195.56,90.44
15470,treatment,tablet,0,242.27,87.18
13870,control,tablet,1,220.72,23.63
13793,control,tablet,1,199.46,106.28
7016,control,mobile,0,195.22,54.08
9283,control,mobile,0,255.57,29.79
15585,treatment,tablet,0,187.38,49.31
6894,control,mobile,0,206.08,42.22
12705,treatment,mobile,0,246.95,114.93
2555,control,desktop,0,197.02,71.67
4713,treatment,desktop,0,208.8,99.09
15357,treatment,tablet,0,215.35,61.93
9926,control,mobile,0,202.77,37.94
8777,control,mobile,0,228.84,47.89
953,control,desktop,0,210.59,16.22
9947,control,mobile,0,210.3,99.73
4137,treatment,desktop,0,185.81,47.48
3281,treatment,desktop,0,175.71,43.58
9388,control,mobile,0,210.62,73.89
8032,control,mobile,0,163.01,24.86
4282,treatment,desktop,0,175.15,38.76
11817,treatment,mobile,1,209.87,32.18
2449,control,desktop,0,193.37,79.75
9820,control,mobile,0,233.08,40.81
5376,treatment,desktop,0,220.16,31.58
14068,control,tablet,0,267.67,69.3
8662,control,mobile,0,230.2,25.42
9263,control,mobile,0,223.05,59.5
14607,control,tablet,0,211.56,85.47
8115,control,mobile,0,178.57,50.35
3474,treatment,desktop,0,214.87,80.68
7446,control,mobile,0,246.15,99.58
7608,control,mobile,0,238.56,42.55
9123,control,mobile,1,210.23,28.81
8918,control,mobile,1,207.42,104.32
11040,treatment,mobile,0,231.96,29.1
8655,control,mobile,0,218.17,22.22
2186,control,desktop,0,165.85,28.28
4880,treatment,desktop,0,248.95,33.52
13864,control,tablet,0,218.67,52.95
13781,control,tablet,0,245.33,57.84
549,control,desktop,0,183.13,64.39
11820,treatment,mobile,0,191.39,65.75
13278,treatment,mobile,0,238.22,57.5
13655,control,tablet,0,252.41,74.15
11374,treatment,mobile,0,208.3,43.17
11512,treatment,mobile,0,232.41,50.64
8263,control,mobile,0,200.33,46.22
7727,control,mobile,0,193.95,52.43
6870,control,mobile,0,206.64,40.17
5587,treatment,desktop,0,193.15,179.03
1532,control,desktop,0,228.03,31.7
15965,treatment,tablet,0,227.02,32.71
528,control,desktop,0,240.68,45.33
8804,control,mobile,0,237.9,21.16
13086,treatment,mobile,0,218.5,42.44
11697,treatment,mobile,0,201.01,53.44
713,control,desktop,0,202.63,79.48
453,control,desktop,0,193.64,58.06
10108,treatment,mobile,0,211.84,16.79
2246,control,desktop,0,152.38,15.95
9568,control,mobile,0,226.47,66.58
5957,treatment,desktop,0,198.33,52.26
12881,treatment,mobile,0,200.92,107.72
4059,treatment,desktop,0,198.9,90.77
12697,treatment,mobile,0,196.99,66.09
761,control,desktop,0,210.58,37.7
10492,treatment,mobile,0,222.78,52.08
15565,treatment,tablet,0,264.35,39.79
8414,control,mobile,0,248.88,40.2
15695,treatment,tablet,0,229.64,82.84
2158,control,desktop,1,264.36,57.13
13508,treatment,mobile,0,154.85,64.86
7974,control,mobile,0,185.91,105.72
4770,treatment,desktop,0,220.95,116.42
5134,treatment,desktop,1,216.78,32.65
1744,control,desktop,0,251.37,35.72
14871,treatment,tablet,0,204.47,60.24
3983,treatment,desktop,0,244.46,30.89
5344,treatment,desktop,0,159.77,52.96
15516,treatment,tablet,0,241.0,12.77
11538,treatment,mobile,0,248.09,24.54
6102,treatment,desktop,0,187.87,52.79
3663,treatment,desktop,0,164.36,42.5
15791,treatment,tablet,0,203.35,32.86
15744,treatment,tablet,0,223.08,51.56
12889,treatment,mobile,1,224.77,120.21
10047,treatment,mobile,0,217.03,54.81
221,control,desktop,0,263.47,50.58
8214,control,mobile,0,298.77,76.12
993,control,desktop,0,225.72,50.05
15124,treatment,tablet,1,175.53,37.32
9472,control,mobile,0,242.35,112.95
10597,treatment,mobile,0,220.21,44.27
15977,treatment,tablet,0,230.57,66.74
14923,treatment,tablet,0,204.9,26.56
10165,treatment,mobile,0,197.45,70.14
1187,control,desktop,0,231.49,22.49
14357,control,tablet,0,258.36,61.03
648,control,desktop,0,278.79,34.84
6407,control,mobile,0,237.01,61.37
6454,control,mobile,0,169.97,17.33
12811,treatment,mobile,1,185.67,40.15
1111,control,desktop,0,217.24,20.38
6544,control,mobile,0,221.28,71.24
3697,treatment,desktop,1,205.71,71.52
7328,control,mobile,0,264.45,67.0
5991,treatment,desktop,0,204.38,40.44
6498,control,mobile,0,242.07,34.32
182,control,desktop,0,255.82,127.85
6625,control,mobile,0,247.34,98.06
4112,treatment,desktop,0,155.13,36.88
4451,treatment,desktop,0,182.61,34.72
13296,treatment,mobile,0,293.7,40.86
6252,treatment,desktop,0,204.2,81.73
15718,treatment,tablet,0,229.68,43.13
7960,control,mobile,0,220.26,82.27
4756,treatment,desktop,0,164.06,26.67
9888,control,mobile,0,224.26,25.29
1211,control,desktop,0,213.62,17.82
10970,treatment,mobile,0,205.64,84.49
4749,treatment,desktop,0,237.35,43.42
7819,control,mobile,0,256.57,21.79
9407,control,mobile,0,194.66,127.52
1380,control,desktop,0,211.44,28.45
14810,treatment,tablet,0,220.16,83.84
1579,control,desktop,1,173.2,64.37
7562,control,mobile,0,236.1,72.1
5322,treatment,desktop,0,209.73,45.26
13519,treatment,mobile,0,215.2,51.37
8481,control,mobile,0,249.92,79.92
2384,control,desktop,0,193.01,26.16
10905,treatment,mobile,0,215.1,34.68
596,control,desktop,1,197.36,17.69
11132,treatment,mobile,0,198.13,36.84
9810,control,mobile,0,284.78,51.19
11550,treatment,mobile,0,199.91,113.82
4000,treatment,desktop,0,292.52,17.16
4599,treatment,desktop,0,258.67,25.39
2159,control,desktop,0,251.56,70.71
12489,treatment,mobile,0,183.27,46.77
1801,control,desktop,0,255.12,151.85
1421,control,desktop,0,243.55,46.79
8940,control,mobile,0,253.34,43.15
15747,treatment,tablet,1,211.84,79.38
7992,control,mobile,0,254.27,52.1
8476,control,mobile,1,208.32,50.64
961,control,desktop,0,201.27,41.75
12155,treatment,mobile,0,206.28,26.12
8939,control,mobile,0,231.66,83.92
13714,control,tablet,1,212.16,36.18
11210,treatment,mobile,0,210.72,36.76
7342,control,mobile,0,216.95,53.4
11941,treatment,mobile,0,255.56,41.09
868,control,desktop,0,217.74,46.84
1224,control,desktop,0,217.37,39.91
5707,treatment,desktop,0,175.33,52.41
8142,control,mobile,0,237.15,53.31
5584,treatment,desktop,0,269.76,65.3
1995,control,desktop,0,202.51,57.24
13079,treatment,mobile,0,188.46,49.97
6852,control,mobile,0,199.87,42.31
10433,treatment,mobile,0,216.94,96.85
12520,treatment,mobile,0,257.5,150.02
9005,control,mobile,1,188.44,11.52
12442,treatment,mobile,1,320.71,49.0
15879,treatment,tablet,0,200.92,96.97
9902,control,mobile,0,242.63,61.08
13267,treatment,mobile,0,233.43,45.31
11612,treatment,mobile,0,229.77,36.61
12016,treatment,mobile,0,199.21,47.17
6378,treatment,desktop,0,270.59,54.0
7365,control,mobile,0,199.34,182.12
15866,treatment,tablet,0,246.0,57.44
11296,treatment,mobile,0,255.76,130.81
13612,control,tablet,0,181.03,28.99
12196,treatment,mobile,0,147.35,60.84
5830,treatment,desktop,0,244.09,4050.24
1695,control,desktop,0,245.16,23.85
7711,control,mobile,0,228.84,46.01
4846,treatment,desktop,1,140.44,118.82
606,control,desktop,1,197.0,87.45
5269,treatment,desktop,1,196.21,59.51
13784,control,tablet,0,225.86,61.58
41,control,desktop,0,202.07,62.38
8636,control,mobile,0,221.75,34.84
487,control,desktop,0,219.05,35.89
10214,treatment,mobile,0,252.11,63.98
2342,control,desktop,0,222.08,55.12
8643,control,mobile,0,244.9,44.58
10402,treatment,mobile,0,233.0,22.51
6541,control,mobile,0,197.52,57.08
4021,treatment,desktop,0,236.9,29.11
7498,control,mobile,0,239.04,21.76
10100,treatment,mobile,0,251.92,63.27
10229,treatment,mobile,1,165.59,28.94
14851,treatment,tablet,0,235.97,44.15
725,control,desktop,0,266.58,167.44
6439,control,mobile,0,268.01,48.19
6118,treatment,desktop,0,262.53,46.92
2617,control,desktop,0,234.84,123.74
7029,control,mobile,0,240.15,35.43
9144,control,mobile,0,273.06,45.32
15123,treatment,tablet,0,233.34,57.0
14897,treatment,tablet,0,181.15,32.49
14123,control,tablet,0,193.27,36.85
8094,control,mobile,0,270.48,14.66
15719,treatment,tablet,0,245.64,38.01
3598,treatment,desktop,0,215.65,42.87
8490,control,mobile,0,239.47,36.42
7978,control,mobile,0,207.53,71.81
7158,control,mobile,0,195.26,33.76
1426,control,desktop,1,202.59,50.98
5784,treatment,desktop,1,196.19,137.43
4492,treatment,desktop,0,254.49,81.95
3216,treatment,desktop,0,235.57,80.45
6328,treatment,desktop,0,231.48,59.37
11252,treatment,mobile,0,210.18,26.74
3966,treatment,desktop,0,189.01,80.1
3062,control,desktop,0,256.05,45.75
8963,control,mobile,0,276.94,109.48
11576,treatment,mobile,0,202.57,60.87
12897,treatment,mobile,0,188.77,40.37
11418,treatment,mobile,0,186.19,86.3
14451,control,tablet,0,198.35,64.6
4932,treatment,desktop,0,211.14,48.96
6072,treatment,desktop,0,232.78,23.15
14086,control,tablet,1,221.61,74.06
8606,control,mobile,0,219.68,70.59
9255,control,mobile,0,183.47,25.77
7253,control,mobile,0,228.9,68.68
6943,control,mobile,0,209.79,40.17
14404,control,tablet,0,288.36,61.09
6752,control,mobile,0,219.83,44.58
4594,treatment,desktop,0,223.78,58.1
7762,control,mobile,1,307.26,17.08
7554,control,mobile,0,205.09,62.61
7251,control,mobile,0,198.1,125.05
12977,treatment,mobile,0,274.64,38.09
10019,treatment,mobile,0,204.09,58.63
8686,control,mobile,0,221.78,25.02
1355,control,desktop,0,227.85,54.1
7954,control,mobile,0,215.08,49.66
6162,treatment,desktop,1,190.61,76.81
7768,control,mobile,0,256.2,53.99
9342,control,mobile,0,216.57,38.68
2164,control,desktop,0,233.11,42.45
15303,treatment,tablet,1,180.26,71.11
13775,control,tablet,0,204.73,31.85
910,control,desktop,0,220.35,19.61
14030,control,tablet,0,261.32,27.88
11732,treatment,mobile,0,208.52,39.76
984,control,desktop,0,240.11,35.37
327,control,desktop,0,211.02,87.58
5213,treatment,desktop,0,213.52,16.95
4647,treatment,desktop,0,190.36,29.51
13827,control,tablet,0,207.22,51.96
1839,control,desktop,0,269.44,45.53
1317,control,desktop,0,181.21,20.55
11794,treatment,mobile,0,265.53,42.31
14423,control,tablet,0,177.63,59.89
13327,treatment,mobile,0,230.89,62.05
9939,control,mobile,0,199.65,40.27
3507,treatment,desktop,0,236.85,110.48
2603,control,desktop,0,122.41,71.88
290,control,desktop,0,198.81,50.16
9603,control,mobile,0,218.08,29.97
4401,treatment,desktop,0,178.79,44.14
507,control,desktop,0,214.22,75.52
3417,treatment,desktop,0,173.4,58.48
14169,control,tablet,0,226.54,118.57
6985,control,mobile,0,200.72,60.73
12740,treatment,mobile,0,264.16,92.87
15799,treatment,tablet,1,272.16,46.75
15525,treatment,tablet,1,200.42,36.75
9881,control,mobile,0,238.29,27.79
15448,treatment,tablet,0,190.57,138.59
14662,control,tablet,0,228.25,33.5
12369,treatment,mobile,0,204.89,20.11
3025,control,desktop,0,213.29,42.38
4792,treatment,desktop,0,249.63,27.67
3563,treatment,desktop,0,244.75,39.63
13282,treatment,mobile,0,219.61,46.24
5811,treatment,desktop,0,274.55,147.25
7105,control,mobile,0,174.46,95.91
780,control,desktop,1,139.97,55.42
10876,treatment,mobile,0,220.09,20.61
10132,treatment,mobile,0,220.75,48.26
6881,control,mobile,0,203.58,57.79
2511,control,desktop,0,229.69,47.46
8064,control,mobile,0,217.39,139.97
6709,control,mobile,0,185.43,66.99
15616,treatment,tablet,0,205.72,60.22
2238,control,desktop,1,219.71,51.56
7556,control,mobile,0,188.76,68.5
6743,control,mobile,0,174.53,41.83
6153,treatment,desktop,0,236.22,38.92
5838,treatment,desktop,0,156.74,38.74
13609,control,tablet,0,196.7,89.62
253,control,desktop,0,174.7,35.08
4501,treatment,desktop,0,259.43,54.13
8685,control,mobile,0,227.8,29.6
3816,treatment,desktop,0,206.44,45.12
12141,treatment,mobile,0,207.79,26.86
11909,treatment,mobile,0,246.63,58.23
6019,treatment,desktop,1,233.37,27.63
4785,treatment,desktop,0,184.65,16.69
4564,treatment,desktop,0,229.5,32.7
9225,control,mobile,0,270.7,44.54
2582,control,desktop,0,186.48,36.67
3470,treatment,desktop,0,216.71,24.83
6023,treatment,desktop,0,225.77,56.04
4586,treatment,desktop,0,226.01,28.35
11423,treatment,mobile,0,194.26,31.26
7765,control,mobile,0,186.48,31.05
3791,treatment,desktop,1,246.09,46.94
8336,control,mobile,0,251.47,27.58
15171,treatment,tablet,0,208.46,33.69
9181,control,mobile,0,226.91,61.96
10053,treatment,mobile,1,238.58,41.36
12512,treatment,mobile,1,211.49,45.55
13301,treatment,mobile,0,215.04,74.44
5430,treatment,desktop,0,219.24,55.29
9986,control,mobile,0,178.69,74.2
13931,control,tablet,0,188.52,75.87
7277,control,mobile,0,310.07,40.04
4569,treatment,desktop,0,184.88,55.07
5539,treatment,desktop,0,165.18,41.13
13238,treatment,mobile,0,218.8,28.29
13106,treatment,mobile,0,201.5,59.42
11007,treatment,mobile,0,232.17,40.19
9653,control,mobile,0,206.95,39.98
9478,control,mobile,0,194.07,86.12
14795,control,tablet,0,217.16,41.78
8321,control,mobile,0,244.67,44.14
8063,control,mobile,0,194.24,78.54
8843,control,mobile,0,257.49,17.67
14708,control,tablet,0,227.46,36.6
3559,treatment,desktop,0,236.22,42.67
3333,treatment,desktop,0,213.2,90.9
15178,treatment,tablet,0,126.86,77.1
5340,treatment,desktop,0,188.63,35.28
11611,treatment,mobile,0,227.63,49.34
12336,treatment,mobile,0,242.74,54.54
1362,control,desktop,0,242.89,53.26
616,control,desktop,0,225.98,87.34
4466,treatment,desktop,0,206.13,85.28
4264,treatment,desktop,0,223.63,57.64
5887,treatment,desktop,0,207.35,34.06
3228,treatment,desktop,0,228.49,126.85
2859,control,desktop,0,214.48,61.54
3527,treatment,desktop,1,214.5,71.32
23,control,desktop,0,214.35,32.12
8415,control,mobile,0,249.45,69.02
10537,treatment,mobile,0,209.72,53.8
9146,control,mobile,0,247.79,27.57
9103,control,mobile,0,311.03,50.47
199,control,desktop,0,192.32,68.11
9717,control,mobile,0,246.46,62.69
13965,control,tablet,0,208.12,34.88
9713,control,mobile,0,197.47,50.0
251,control,desktop,0,179.16,45.75
6042,treatment,desktop,0,166.17,69.19
5626,treatment,desktop,0,234.08,42.76
481,control,desktop,0,250.83,25.68
11632,treatment,mobile,0,276.98,49.13
6467,control,mobile,0,255.87,55.48
388,control,desktop,0,197.46,48.12
4,control,desktop,0,252.85,52.11
9321,control,mobile,0,227.36,44.37
6046,treatment,desktop,0,252.74,54.79
8784,control,mobile,0,209.54,39.49
966,control,desktop,0,251.69,15.85
2223,control,desktop,0,260.39,35.7
3163,control,desktop,0,271.22,28.68
15666,treatment,tablet,0,251.24,82.33
12081,treatment,mobile,0,204.68,107.07
5175,treatment,desktop,0,173.52,96.57
9000,control,mobile,1,194.79,24.17
5923,treatment,desktop,1,230.53,3653.28
15352,treatment,tablet,0,218.94,100.83
7540,control,mobile,1,215.47,108.28
14801,treatment,tablet,0,245.52,31.82
11147,treatment,mobile,0,247.59,41.76
6801,control,mobile,0,246.72,48.12
15586,treatment,tablet,0,200.67,40.48
2714,control,desktop,1,236.93,37.92
9709,control,mobile,0,182.82,28.58
8138,control,mobile,0,203.31,47.42
49,control,desktop,0,198.26,30.93
3982,treatment,desktop,0,233.05,30.64
7693,control,mobile,0,243.45,34.9
15546,treatment,tablet,0,252.93,29.84
5688,treatment,desktop,0,212.83,34.96
7355,control,mobile,0,219.47,75.4
3261,treatment,desktop,1,214.92,40.45
4456,treatment,desktop,0,246.36,141.83
7589,control,mobile,0,282.74,21.84
11009,treatment,mobile,0,159.21,70.37
15651,treatment,tablet,0,256.69,45.24
5979,treatment,desktop,1,267.03,14.94
2179,control,desktop,0,231.59,31.17
14922,treatment,tablet,0,215.15,60.01
1144,control,desktop,0,193.51,93.66
5346,treatment,desktop,1,242.14,64.69
11032,treatment,mobile,0,220.36,59.89
1667,control,desktop,0,296.6,39.72
14623,control,tablet,0,221.93,132.99
4558,treatment,desktop,0,164.1,141.89
127,control,desktop,0,231.25,78.01
15599,treatment,tablet,0,230.23,30.79
15668,treatment,tablet,0,220.04,31.29
893,control,desktop,1,264.83,42.22
8193,control,mobile,0,214.45,104.37
5691,treatment,desktop,0,211.77,43.08
5975,treatment,desktop,1,234.5,98.33
10884,treatment,mobile,0,272.29,5035.44
3627,treatment,desktop,1,222.76,68.03
881,control,desktop,0,208.28,46.3
14465,control,tablet,0,218.13,68.78
11992,treatment,mobile,0,195.94,124.71
14741,control,tablet,0,186.17,74.74
14164,control,tablet,0,178.17,95.24
8033,control,mobile,0,207.98,34.91
7641,control,mobile,0,203.29,59.28
4939,treatment,desktop,0,275.52,38.58
13046,treatment,mobile,0,191.91,92.49
13506,treatment,mobile,1,266.33,54.28
15902,treatment,tablet,0,210.49,45.99
11116,treatment,mobile,0,205.56,63.37
4380,treatment,desktop,0,188.32,44.2
4584,treatment,desktop,1,188.42,89.42
4719,treatment,desktop,0,176.0,82.94
11299,treatment,mobile,0,231.37,68.26
1294,control,desktop,1,270.32,54.24
12771,treatment,mobile,0,190.12,78.08
13004,treatment,mobile,0,151.73,55.14
4963,treatment,desktop,0,159.73,36.45
3707,treatment,desktop,0,212.63,48.91
13732,control,tablet,0,292.39,28.85
2782,control,desktop,0,240.83,39.09
8873,control,mobile,0,229.02,16.82
15211,treatment,tablet,0,179.94,43.68
2637,control,desktop,0,231.62,54.77
5492,treatment,desktop,0,224.13,46.79
15260,treatment,tablet,1,162.58,24.26
12934,treatment,mobile,0,163.36,26.23
7238,control,mobile,0,169.63,42.3
5109,treatment,desktop,1,204.49,61.74
12058,treatment,mobile,0,216.07,145.73
8436,control,mobile,0,215.08,131.34
4245,treatment,desktop,0,195.86,41.2
13066,treatment,mobile,1,191.31,41.94
15218,treatment,tablet,0,213.91,22.0
5639,treatment,desktop,0,215.06,64.48
11230,treatment,mobile,0,250.6,67.48
11218,treatment,mobile,0,195.96,73.62
8887,control,mobile,1,222.53,31.23
15173,treatment,tablet,0,181.42,19.2
14803,treatment,tablet,0,265.04,30.67
3393,treatment,desktop,0,215.1,49.35
4944,treatment,desktop,0,295.94,46.64
307,control,desktop,0,183.46,30.05
2114,control,desktop,0,225.43,69.05
6667,control,mobile,0,195.75,77.91
14610,control,tablet,0,250.39,61.16
14614,control,tablet,0,177.01,48.61
8417,control,mobile,0,235.47,92.44
8108,control,mobile,0,205.0,69.64
4757,treatment,desktop,1,211.02,53.16
5392,treatment,desktop,0,224.1,73.26
32,control,desktop,0,213.42,64.92
322,control,desktop,0,164.64,40.36
14604,control,tablet,0,232.89,81.34
9271,control,mobile,0,201.46,172.71
3471,treatment,desktop,0,233.37,47.16
6624,control,mobile,0,236.21,106.1
2958,control,desktop,0,240.27,36.07
6008,treatment,desktop,0,195.59,31.48
248,control,desktop,0,146.92,16.53
8100,control,mobile,0,232.68,40.31
10847,treatment,mobile,0,208.88,18.51
9451,control,mobile,0,187.97,27.53
4044,treatment,desktop,0,251.2,145.37
12162,treatment,mobile,0,181.74,45.28
14319,control,tablet,0,224.51,70.8
13619,control,tablet,0,239.9,56.4
6693,control,mobile,0,186.94,40.01
7311,control,mobile,0,234.86,77.27
3072,control,desktop,0,259.5,17.74
8467,control,mobile,0,203.58,62.36
11099,treatment,mobile,0,250.4,69.84
3629,treatment,desktop,0,243.36,38.06
4543,treatment,desktop,0,217.42,45.95
2017,control,desktop,1,221.29,54.97
15688,treatment,tablet,0,206.78,40.32
381,control,desktop,1,166.76,32.46
5617,treatment,desktop,0,164.53,64.89
12551,treatment,mobile,0,218.84,26.3
2356,control,desktop,0,241.79,23.33
2519,control,desktop,0,211.14,31.88
12206,treatment,mobile,0,183.35,20.59
2340,control,desktop,0,195.71,96.28
7077,control,mobile,0,199.44,23.49
7167,control,mobile,0,233.96,101.72
5283,treatment,desktop,0,202.75,20.33
6049,treatment,desktop,0,204.37,40.91
11216,treatment,mobile,0,217.67,50.51
14332,control,tablet,0,199.63,87.28
583,control,desktop,0,233.94,67.67
13521,treatment,mobile,0,267.69,108.24
3241,treatment,desktop,0,188.08,83.69
4373,treatment,desktop,0,285.09,56.22
15620,treatment,tablet,0,228.66,28.66
9093,control,mobile,0,247.04,72.66
13132,treatment,mobile,0,184.06,68.16
15365,treatment,tablet,1,231.71,74.94
15774,treatment,tablet,0,210.78,89.65
11475,treatment,mobile,0,256.33,24.88
10855,treatment,mobile,0,257.39,40.71
3662,treatment,desktop,0,160.1,26.19
12900,treatment,mobile,0,239.95,27.89
8743,control,mobile,0,224.01,27.73
13440,treatment,mobile,0,262.07,57.09
10699,treatment,mobile,0,225.37,55.07
10473,treatment,mobile,1,204.21,10.82
3620,treatment,desktop,0,258.2,72.14
11292,treatment,mobile,0,238.19,89.23
14143,control,tablet,0,204.58,29.29
13228,treatment,mobile,0,268.08,28.9
1033,control,desktop,0,224.94,99.55
14652,control,tablet,0,213.31,77.99
1456,control,desktop,0,244.04,29.32
3619,treatment,desktop,0,197.33,37.2
4988,treatment,desktop,0,178.54,21.73
9719,control,mobile,0,207.59,35.8
12423,treatment,mobile,0,240.83,75.53
13175,treatment,mobile,0,233.17,81.54
8078,control,mobile,0,201.83,106.71
7977,control,mobile,0,248.56,25.86
11419,treatment,mobile,0,249.39,70.65
15026,treatment,tablet,1,221.39,84.06
2290,control,desktop,0,235.79,27.78
9775,control,mobile,0,261.96,91.46
5713,treatment,desktop,0,202.54,83.87
10234,treatment,mobile,1,187.9,48.53
5260,treatment,desktop,0,231.95,28.44
14167,control,tablet,0,227.1,42.7
7004,control,mobile,0,208.4,69.23
3529,treatment,desktop,0,203.06,74.68
4232,treatment,desktop,0,271.42,40.44
5738,treatment,desktop,0,141.46,49.22
5327,treatment,desktop,0,163.45,90.89
10320,treatment,mobile,0,217.42,78.52
7876,control,mobile,0,229.42,23.06
3449,treatment,desktop,0,252.97,64.06
3774,treatment,desktop,0,255.1,29.56
14082,control,tablet,0,248.56,40.76
6327,treatment,desktop,0,245.25,99.65
11446,treatment,mobile,0,225.91,50.75
10152,treatment,mobile,0,268.46,36.03
3048,control,desktop,0,190.33,65.91
4613,treatment,desktop,0,241.71,41.75
3183,control,desktop,0,211.93,51.74
5334,treatment,desktop,0,246.64,31.69
13879,control,tablet,0,183.74,31.99
937,control,desktop,0,247.89,92.46
8659,control,mobile,0,268.1,56.89
13199,treatment,mobile,0,177.34,107.8
833,control,desktop,0,204.41,93.46
11694,treatment,mobile,0,228.41,58.11
11991,treatment,mobile,0,218.88,86.73
844,control,desktop,0,204.16,75.13
7536,control,mobile,0,253.42,52.64
15801,treatment,tablet,0,225.0,36.56
2083,control,desktop,0,212.38,54.26
14931,treatment,tablet,0,225.1,96.85
3535,treatment,desktop,0,251.92,24.91
5407,treatment,desktop,0,247.63,44.86
418,control,desktop,0,250.76,13.02
12822,treatment,mobile,0,203.7,55.59
15311,treatment,tablet,0,170.68,20.95
550,control,desktop,1,197.6,66.41
6867,control,mobile,0,180.63,32.36
7542,control,mobile,0,212.28,34.38
5596,treatment,desktop,0,229.61,34.14
7327,control,mobile,0,184.78,57.7
488,control,desktop,0,228.27,38.06
3439,treatment,desktop,0,185.12,38.14
1392,control,desktop,0,203.22,47.02
55,control,desktop,0,181.9,44.73
4536,treatment,desktop,0,183.12,77.79
14089,control,tablet,0,237.94,31.61
4056,treatment,desktop,0,169.71,69.94
13657,control,tablet,0,275.71,50.24
14067,control,tablet,0,210.84,17.83
6255,treatment,desktop,0,201.64,24.12
9314,control,mobile,0,209.83,61.06
15876,treatment,tablet,0,236.6,33.45
14009,control,tablet,0,218.72,32.21
10935,treatment,mobile,1,194.6,37.54
2604,control,desktop,0,170.83,67.89
13666,control,tablet,0,199.18,49.75
1843,control,desktop,0,282.13,54.15
9843,control,mobile,0,267.12,63.1
136,control,desktop,0,219.05,43.83
3416,treatment,desktop,0,194.67,21.11
10337,treatment,mobile,0,214.29,67.42
12676,treatment,mobile,0,216.59,57.14
15950,treatment,tablet,0,228.67,25.0
7494,control,mobile,0,226.74,65.89
2469,control,desktop,0,189.47,57.52
5427,treatment,desktop,0,275.43,89.56
12580,treatment,mobile,0,201.17,60.36
13530,treatment,mobile,0,289.06,48.97
11141,treatment,mobile,0,214.73,47.71
2945,control,desktop,0,247.17,76.14
5277,treatment,desktop,0,236.91,55.5
3139,control,desktop,0,213.29,76.95
3505,treatment,desktop,1,220.93,73.27
11578,treatment,mobile,0,197.53,37.1
1537,control,desktop,0,195.72,31.83
511,control,desktop,0,269.97,49.33
14246,control,tablet,0,256.13,26.28
3071,control,desktop,0,189.7,63.03
8450,control,mobile,0,184.9,95.55
14124,control,tablet,0,244.46,30.0
5462,treatment,desktop,0,214.37,78.18
12980,treatment,mobile,0,175.66,32.94
9610,control,mobile,0,195.04,35.92
9266,control,mobile,0,244.09,34.12
14649,control,tablet,0,234.78,91.28
11551,treatment,mobile,0,192.31,73.32
2784,control,desktop,0,202.49,74.25
3624,treatment,desktop,0,187.92,48.37
6546,control,mobile,0,229.5,102.89
9168,control,mobile,0,221.71,30.76
4935,treatment,desktop,0,249.78,98.23
10159,treatment,mobile,0,214.61,107.2
9912,control,mobile,0,231.01,62.34
3434,treatment,desktop,0,216.39,61.65
7930,control,mobile,0,202.38,23.42
7896,control,mobile,0,220.25,46.09
6580,control,mobile,1,200.5,27.57
11582,treatment,mobile,0,208.98,36.42
569,control,desktop,0,204.29,54.6
13391,treatment,mobile,0,280.26,40.09
3253,treatment,desktop,0,224.27,88.93
1859,control,desktop,0,201.53,83.17
13483,treatment,mobile,0,199.44,37.59
5842,treatment,desktop,0,189.59,49.46
6832,control,mobile,0,246.8,21.99
8703,control,mobile,0,240.01,36.17
15981,treatment,tablet,0,211.4,71.32
9026,control,mobile,0,268.78,131.86
7139,control,mobile,1,179.79,258.54
8130,control,mobile,0,170.26,77.4
2497,control,desktop,0,214.19,71.06
12618,treatment,mobile,0,259.55,65.98
1625,control,desktop,0,210.01,40.92
1883,control,desktop,1,187.91,36.29
3042,control,desktop,0,183.36,56.7
6928,control,mobile,0,210.29,23.81
842,control,desktop,0,208.57,115.09
11554,treatment,mobile,1,151.75,32.93
4372,treatment,desktop,0,271.58,71.82
15495,treatment,tablet,0,194.16,40.31
14453,control,tablet,1,223.23,107.31
8222,control,mobile,0,204.85,153.6
68,control,desktop,0,152.74,37.41
10426,treatment,mobile,0,182.03,44.78
5640,treatment,desktop,0,221.76,87.9
12106,treatment,mobile,0,243.68,51.72
9901,control,mobile,0,208.06,36.98
4020,treatment,desktop,0,187.12,45.56
14588,control,tablet,0,179.91,87.74
13776,control,tablet,0,229.85,78.23
15231,treatment,tablet,0,248.45,37.45
14474,control,tablet,0,210.04,24.81
12931,treatment,mobile,0,214.82,25.96
13673,control,tablet,0,247.73,28.31
14824,treatment,tablet,0,177.83,34.82
11760,treatment,mobile,0,208.36,28.61
4692,treatment,desktop,0,235.61,102.37
15999,treatment,tablet,0,253.52,125.95
338,control,desktop,0,245.3,61.28
13671,control,tablet,1,188.31,24.92
2918,control,desktop,0,253.75,62.62
1236,control,desktop,0,237.59,52.13
8811,control,mobile,0,207.73,52.54
15212,treatment,tablet,0,243.66,97.15
14351,control,tablet,0,235.64,36.75
14969,treatment,tablet,1,239.82,30.59
12295,treatment,mobile,0,187.04,18.71
10806,treatment,mobile,0,175.19,76.28
6887,control,mobile,0,203.82,36.69
14340,control,tablet,0,194.51,40.24
7510,control,mobile,0,219.92,24.82
6217,treatment,desktop,0,244.97,102.94
15940,treatment,tablet,1,212.28,48.58
720,control,desktop,0,185.74,31.8
347,control,desktop,0,167.38,32.93
10925,treatment,mobile,1,212.39,32.29
3604,treatment,desktop,0,157.22,147.04
8218,control,mobile,0,196.76,17.22
6493,control,mobile,0,225.21,42.4
14637,control,tablet,0,236.14,63.02
9435,control,mobile,0,209.55,28.13
13464,treatment,mobile,0,219.0,36.01
333,control,desktop,0,243.6,76.52
10512,treatment,mobile,1,183.25,62.28
15467,treatment,tablet,0,190.43,76.43
8096,control,mobile,0,264.23,100.99
6570,control,mobile,0,195.9,31.09
4134,treatment,desktop,0,225.11,80.4
9835,control,mobile,1,187.16,47.61
9613,control,mobile,0,221.57,44.61
4868,treatment,desktop,0,252.82,36.13
2727,control,desktop,0,230.7,44.35
4182,treatment,desktop,0,204.34,48.0
3436,treatment,desktop,0,262.21,58.16
3189,control,desktop,1,208.84,58.07
14190,control,tablet,0,235.01,36.32
4895,treatment,desktop,1,223.37,76.22
8506,control,mobile,0,197.94,137.59
15860,treatment,tablet,0,222.19,26.26
3203,treatment,desktop,0,266.1,38.97
13454,treatment,mobile,0,240.75,147.81
121,control,desktop,0,216.4,86.36
15530,treatment,tablet,0,168.11,55.41
2252,control,desktop,0,218.01,31.08
14661,control,tablet,0,225.61,43.54
9462,control,mobile,0,199.29,49.4
8144,control,mobile,0,195.07,77.93
13195,treatment,mobile,0,221.2,49.24
7058,control,mobile,0,140.6,147.9
12507,treatment,mobile,0,232.89,33.07
3938,treatment,desktop,0,253.87,19.75
11642,treatment,mobile,0,169.76,88.61
12183,treatment,mobile,0,214.68,18.62
2864,control,desktop,0,196.45,16.78
14664,control,tablet,0,196.28,52.08
9443,control,mobile,0,238.5,42.63
3753,treatment,desktop,0,201.68,19.5
3481,treatment,desktop,0,221.63,39.62
529,control,desktop,0,248.81,56.21
5934,treatment,desktop,0,238.39,102.39
11771,treatment,mobile,0,221.17,73.5
6236,treatment,desktop,0,218.6,24.84
3445,treatment,desktop,0,221.54,76.53
5063,treatment,desktop,0,145.85,61.11
13428,treatment,mobile,0,198.12,80.89
9036,control,mobile,0,227.19,51.18
11679,treatment,mobile,0,233.87,44.45
1425,control,desktop,0,200.14,141.12
9299,control,mobile,0,238.39,62.66
530,control,desktop,0,217.44,22.6
2556,control,desktop,0,234.49,51.91
13051,treatment,mobile,0,200.07,32.23
6348,treatment,desktop,0,158.44,29.28
12694,treatment,mobile,0,192.8,25.36
5574,treatment,desktop,0,242.23,58.59
929,control,desktop,0,212.95,30.65
1297,control,desktop,0,220.09,62.1
12896,treatment,mobile,0,191.99,41.09
5350,treatment,desktop,0,239.8,57.92
15554,treatment,tablet,0,220.89,91.28
14940,treatment,tablet,0,248.98,25.28
10633,treatment,mobile,0,221.71,23.05
3723,treatment,desktop,0,190.58,38.3
1494,control,desktop,0,202.3,32.7
14416,control,tablet,0,190.02,45.14
11278,treatment,mobile,0,232.67,38.57
12343,treatment,mobile,0,195.04,50.11
15401,treatment,tablet,0,229.67,43.58
12959,treatment,mobile,0,208.51,51.02
2051,control,desktop,0,197.6,52.3
7313,control,mobile,0,223.83,24.02
12272,treatment,mobile,0,230.6,31.45
7631,control,mobile,0,149.29,26.1
5302,treatment,desktop,0,252.4,53.5
12807,treatment,mobile,0,227.6,65.41
11648,treatment,mobile,0,240.19,35.53
4950,treatment,desktop,0,154.97,43.16
5732,treatment,desktop,1,199.7,47.71
7612,control,mobile,0,188.01,67.49
15199,treatment,tablet,0,182.47,96.13
6873,control,mobile,0,176.66,86.08
8625,control,mobile,0,210.06,37.15
13458,treatment,mobile,0,210.11,98.11
5027,treatment,desktop,1,218.63,73.45
14355,control,tablet,0,235.7,89.08
9644,control,mobile,0,179.65,68.49
7705,control,mobile,0,191.84,62.95
6056,treatment,desktop,0,203.98,34.0
5230,treatment,desktop,0,269.22,50.43
13290,treatment,mobile,0,217.5,50.77
7049,control,mobile,0,232.39,22.82
2975,control,desktop,0,212.93,24.26
8380,control,mobile,0,253.77,75.0
7254,control,mobile,0,219.76,45.36
11780,treatment,mobile,0,216.5,27.03
715,control,desktop,0,227.55,59.01
8169,control,mobile,0,137.49,85.06
1009,control,desktop,0,185.08,18.54
2014,control,desktop,0,170.74,50.71
10648,treatment,mobile,0,216.33,49.92
11071,treatment,mobile,1,242.29,70.08
7873,control,mobile,0,239.52,44.5
10610,treatment,mobile,0,258.18,27.56
10571,treatment,mobile,0,246.45,36.72
11996,treatment,mobile,1,236.63,140.39
7928,control,mobile,1,208.63,69.03
4765,treatment,desktop,0,211.58,90.48
415,control,desktop,0,269.6,61.11
838,control,desktop,0,236.16,41.84
6420,control,mobile,0,211.18,35.32
9539,control,mobile,0,258.28,86.64
11680,treatment,mobile,0,187.77,80.85
15198,treatment,tablet,0,276.83,21.02
6568,control,mobile,0,218.72,23.8
607,control,desktop,0,187.9,104.38
6547,control,mobile,0,224.48,42.63
15665,treatment,tablet,0,261.2,27.74
15220,treatment,tablet,0,232.65,61.37
6078,treatment,desktop,0,215.3,48.73
11953,treatment,mobile,0,208.04,39.74
2435,control,desktop,0,225.84,100.92
4223,treatment,desktop,1,227.41,18.76
5126,treatment,desktop,0,206.54,72.13
4547,treatment,desktop,0,235.84,76.24
3229,treatment,desktop,0,232.14,54.67
15414,treatment,tablet,0,254.75,65.63
12328,treatment,mobile,0,206.17,78.21
10875,treatment,mobile,1,209.56,36.61
8348,control,mobile,0,234.19,53.09
1596,control,desktop,0,198.67,43.32
11595,treatment,mobile,0,262.4,45.34
14853,treatment,tablet,1,234.77,37.17
14302,control,tablet,1,227.66,43.6
15498,treatment,tablet,0,248.89,49.1
6375,treatment,desktop,0,273.73,48.34
8683,control,mobile,0,245.28,26.15
1559,control,desktop,0,179.62,28.15
3893,treatment,desktop,0,272.18,215.9
5028,treatment,desktop,0,214.73,27.88
12826,treatment,mobile,1,201.17,42.57
9389,control,mobile,0,241.95,45.01
81,control,desktop,0,237.9,17.12
6402,control,mobile,0,212.51,27.21
8475,control,mobile,0,238.06,78.3
7579,control,mobile,0,220.61,41.56
7324,control,mobile,0,154.03,46.48
3861,treatment,desktop,0,229.72,39.17
655,control,desktop,0,208.44,111.64
6326,treatment,desktop,0,201.01,33.04
13625,control,tablet,1,218.0,66.5
9145,control,mobile,0,214.54,41.89
11017,treatment,mobile,0,173.75,49.51
7099,control,mobile,0,246.35,49.83
2046,control,desktop,0,230.73,42.69
5937,treatment,desktop,0,160.25,60.17
2105,control,desktop,0,233.38,83.21
6704,control,mobile,0,198.0,135.76
7477,control,mobile,0,268.67,48.99
105,control,desktop,0,229.4,64.42
466,control,desktop,0,241.72,52.49
6761,control,mobile,0,234.09,69.73
8109,control,mobile,0,258.25,37.9
10982,treatment,mobile,0,209.26,25.76
3524,treatment,desktop,0,190.6,24.66
1264,control,desktop,0,217.38,148.47
10987,treatment,mobile,0,246.63,15.4
15392,treatment,tablet,0,168.38,32.32
78,control,desktop,0,239.7,59.71
2993,control,desktop,0,232.73,47.05
9907,control,mobile,0,231.04,37.54
15862,treatment,tablet,0,274.78,87.83
10091,treatment,mobile,0,229.9,36.92
11134,treatment,mobile,0,160.67,34.54
9468,control,mobile,0,180.51,68.91
11935,treatment,mobile,0,280.13,49.47
13245,treatment,mobile,0,202.02,62.41
1868,control,desktop,0,250.71,29.05
15197,treatment,tablet,0,276.14,26.3
3582,treatment,desktop,0,131.81,48.26
15487,treatment,tablet,0,197.0,74.56
1011,control,desktop,1,234.29,55.37
8464,control,mobile,0,202.5,31.42
5030,treatment,desktop,0,226.71,25.3
8178,control,mobile,0,190.77,14.15
7914,control,mobile,0,223.35,25.21
7895,control,mobile,0,222.62,37.12
2042,control,desktop,0,306.85,56.12
9660,control,mobile,0,249.94,55.88
3733,treatment,desktop,0,196.0,36.7
4292,treatment,desktop,1,195.1,89.36
13644,control,tablet,0,194.11,41.05
3701,treatment,desktop,0,291.92,52.64
4273,treatment,desktop,0,233.17,57.02
1172,control,desktop,0,161.9,17.71
1856,control,desktop,0,244.1,44.6
15500,treatment,tablet,0,257.63,37.13
12268,treatment,mobile,0,216.73,57.74
11884,treatment,mobile,0,256.94,35.13
15457,treatment,tablet,0,133.52,35.54
11654,treatment,mobile,0,184.76,38.88
402,control,desktop,0,174.52,56.56
12487,treatment,mobile,0,239.05,125.81
4819,treatment,desktop,0,166.72,95.09
14635,control,tablet,0,215.21,33.09
11104,treatment,mobile,0,230.38,73.99
5242,treatment,desktop,0,254.65,34.89
8177,control,mobile,0,280.99,61.06
6823,control,mobile,0,186.32,177.66
11180,treatment,mobile,0,280.73,71.78
14132,control,tablet,0,245.25,95.27
2651,control,desktop,0,188.41,33.61
12682,treatment,mobile,0,213.48,38.21
2352,control,desktop,0,161.04,56.14
15296,treatment,tablet,0,199.77,28.31
627,control,desktop,0,165.78,27.0
3367,treatment,desktop,0,256.38,95.13
15568,treatment,tablet,0,215.64,53.85
15893,treatment,tablet,0,249.33,86.35
457,control,desktop,1,224.33,38.32
1756,control,desktop,0,224.19,76.69
13849,control,tablet,0,199.51,39.15
14062,control,tablet,0,197.63,26.62
7552,control,mobile,0,217.48,92.68
14713,control,tablet,1,260.26,32.95
3094,control,desktop,0,270.24,77.18
3682,treatment,desktop,0,231.07,78.21
15540,treatment,tablet,0,156.44,35.36
4971,treatment,desktop,0,209.86,48.07
9677,control,mobile,1,295.85,50.35
10752,treatment,mobile,0,177.3,50.66
15409,treatment,tablet,0,225.61,46.74
15192,treatment,tablet,0,234.64,52.38
7287,control,mobile,0,250.67,29.14
8499,control,mobile,0,151.85,49.9
9051,control,mobile,0,145.47,43.86
1003,control,desktop,0,244.89,40.58
15600,treatment,tablet,0,230.7,35.2
13120,treatment,mobile,0,241.41,47.03
4771,treatment,desktop,1,218.1,46.34
362,control,desktop,0,212.11,52.61
2862,control,desktop,0,224.52,27.85
3204,treatment,desktop,0,198.43,35.35
3968,treatment,desktop,1,243.2,38.46
11943,treatment,mobile,0,250.17,26.48
8098,control,mobile,0,195.74,35.57
15617,treatment,tablet,0,187.92,20.94
2315,control,desktop,1,213.89,36.84
1246,control,desktop,1,250.4,48.51
819,control,desktop,0,243.63,33.76
2061,control,desktop,0,199.34,41.84
3155,control,desktop,1,249.2,60.37
13601,control,tablet,0,216.05,47.66
2073,control,desktop,0,238.98,41.8
3826,treatment,desktop,0,225.18,84.53
7965,control,mobile,0,230.64,44.15
2170,control,desktop,0,279.46,41.66
7212,control,mobile,0,234.07,46.6
5202,treatment,desktop,0,259.88,82.56
1789,control,desktop,0,199.09,73.57
3962,treatment,desktop,0,235.96,48.93
6086,treatment,desktop,0,242.75,46.65
7131,control,mobile,0,271.17,38.5
11524,treatment,mobile,1,198.14,48.24
13593,treatment,mobile,0,256.06,99.64
5814,treatment,desktop,0,260.67,50.86
1808,control,desktop,0,248.93,93.86
12296,treatment,mobile,0,252.49,39.25
14363,control,tablet,0,248.24,80.69
5650,treatment,desktop,0,195.9,43.47
14010,control,tablet,0,209.99,64.16
1574,control,desktop,0,210.19,22.92
836,control,desktop,0,213.23,50.62
6949,control,mobile,0,196.27,92.52
14733,control,tablet,1,217.04,61.62
12205,treatment,mobile,0,241.11,130.02
10793,treatment,mobile,0,175.22,104.89
7027,control,mobile,0,216.88,23.99
2131,control,desktop,0,164.54,38.94
695,control,desktop,0,196.14,171.3
13416,treatment,mobile,0,249.19,49.1
8273,control,mobile,0,176.13,45.2
11999,treatment,mobile,1,220.91,47.34
11841,treatment,mobile,0,241.6,99.88
5449,treatment,desktop,1,196.46,22.29
5915,treatment,desktop,0,198.56,33.91
14247,control,tablet,0,244.65,45.06
9968,control,mobile,0,250.02,68.81
15420,treatment,tablet,0,190.32,91.29
6639,control,mobile,0,195.37,26.82
5292,treatment,desktop,0,260.01,38.81
75,control,desktop,0,245.18,56.94
7841,control,mobile,0,188.83,76.66
9405,control,mobile,0,168.0,108.9
11463,treatment,mobile,0,280.8,55.38
11770,treatment,mobile,0,172.02,35.17
5265,treatment,desktop,0,219.31,46.11
6259,treatment,desktop,0,197.99,51.13
301,control,desktop,0,247.69,70.23
13335,treatment,mobile,0,237.91,97.67
12443,treatment,mobile,0,218.74,19.28
12562,treatment,mobile,0,232.64,37.8
5836,treatment,desktop,0,187.45,22.65
11931,treatment,mobile,0,235.05,61.19
11269,treatment,mobile,0,220.85,38.83
1556,control,desktop,0,284.93,59.72
4523,treatment,desktop,0,219.29,37.79
13876,control,tablet,0,186.98,3961.81
14339,control,tablet,0,221.16,31.42
13975,control,tablet,0,217.7,45.85
5445,treatment,desktop,0,246.11,42.12
4421,treatment,desktop,1,208.4,83.55
13608,control,tablet,0,227.38,63.86
10513,treatment,mobile,0,192.76,46.11
241,control,desktop,0,226.8,51.86
11720,treatment,mobile,0,223.5,22.07
12583,treatment,mobile,0,174.83,39.34
7160,control,mobile,0,208.05,30.16
2350,control,desktop,0,235.72,157.0
11972,treatment,mobile,0,215.31,32.55
5760,treatment,desktop,0,230.41,35.11
13853,control,tablet,0,216.74,26.09
5746,treatment,desktop,1,221.35,86.36
2033,control,desktop,0,231.33,43.14
14055,control,tablet,0,209.43,19.74
5431,treatment,desktop,0,233.76,27.51
10635,treatment,mobile,0,226.38,64.87
14408,control,tablet,1,207.3,111.55
11293,treatment,mobile,0,225.68,25.94
4077,treatment,desktop,0,236.08,65.45
9054,control,mobile,0,162.08,31.32
6637,control,mobile,0,256.84,51.27
1285,control,desktop,0,211.93,51.18
9587,control,mobile,0,197.19,24.39
1708,control,desktop,0,214.82,124.33
8568,control,mobile,0,191.37,4235.32
6559,control,mobile,0,187.97,30.11
4601,treatment,desktop,0,225.38,28.97
4774,treatment,desktop,0,246.36,63.47
3031,control,desktop,0,204.19,117.58
10343,treatment,mobile,0,205.77,33.98
2601,control,desktop,0,205.56,106.5
4611,treatment,desktop,0,188.15,5619.16
11791,treatment,mobile,0,327.74,66.85
1547,control,desktop,0,198.95,38.63
12589,treatment,mobile,0,178.44,28.34
7188,control,mobile,0,208.24,39.28
3340,treatment,desktop,1,266.07,77.04
3153,control,desktop,0,225.17,59.61
5444,treatment,desktop,0,214.29,180.03
6484,control,mobile,0,289.75,44.33
10369,treatment,mobile,0,253.63,40.03
13725,control,tablet,0,219.2,103.02
5231,treatment,desktop,0,208.04,29.22
1978,control,desktop,1,213.43,36.29
227,control,desktop,0,176.73,69.15
14616,control,tablet,1,247.19,52.05
12149,treatment,mobile,0,133.97,82.31
52,control,desktop,0,239.72,46.66
3924,treatment,desktop,0,242.74,63.49
4225,treatment,desktop,0,201.69,13.2
3670,treatment,desktop,0,205.1,59.62
8103,control,mobile,0,196.13,61.62
15549,treatment,tablet,0,209.76,101.34
10756,treatment,mobile,0,247.05,21.69
4468,treatment,desktop,0,241.7,54.69
1065,control,desktop,0,216.17,74.62
12920,treatment,mobile,0,206.42,22.45
156,control,desktop,0,211.61,44.28
478,control,desktop,0,203.75,48.44
2633,control,desktop,0,184.83,62.95
12982,treatment,mobile,0,205.63,45.82
12453,treatment,mobile,0,250.39,24.05
3911,treatment,desktop,0,186.99,22.96
2531,control,desktop,0,191.65,66.12
3650,treatment,desktop,0,237.48,84.43
3226,treatment,desktop,0,226.61,68.05
265,control,desktop,0,224.41,39.64
1552,control,desktop,0,226.45,30.35
3634,treatment,desktop,0,285.53,63.19
13497,treatment,mobile,0,280.8,42.85
15089,treatment,tablet,0,231.34,139.05
8404,control,mobile,0,209.6,47.87
8012,control,mobile,0,230.44,33.87
4160,treatment,desktop,0,241.35,32.93
3512,treatment,desktop,1,269.06,34.19
4095,treatment,desktop,0,223.32,59.78
1573,control,desktop,0,191.4,34.44
15505,treatment,tablet,0,200.3,108.17
5619,treatment,desktop,0,240.62,48.45
6939,control,mobile,0,214.12,99.17
11505,treatment,mobile,0,203.97,22.99
4826,treatment,desktop,1,216.28,28.6
353,control,desktop,1,206.52,26.1
11244,treatment,mobile,0,245.97,63.56
12496,treatment,mobile,1,226.33,39.49
3420,treatment,desktop,0,211.77,28.83
3974,treatment,desktop,0,232.39,26.99
9707,control,mobile,0,251.69,120.32
1347,control,desktop,0,258.77,23.95
12477,treatment,mobile,0,205.62,26.35
13782,control,tablet,0,219.32,45.88
12952,treatment,mobile,1,219.95,190.62
4596,treatment,desktop,0,209.41,41.47
14501,control,tablet,0,230.44,60.93
11285,treatment,mobile,0,196.63,35.86
8097,control,mobile,0,209.45,38.83
9021,control,mobile,0,197.67,25.17
13797,control,tablet,0,191.19,64.42
12092,treatment,mobile,0,280.02,96.54
14868,treatment,tablet,0,222.39,71.09
11013,treatment,mobile,0,261.04,82.81
9681,control,mobile,0,188.21,40.77
9453,control,mobile,0,190.68,72.56
5282,treatment,desktop,0,208.98,39.96
111,control,desktop,0,175.71,125.73
12231,treatment,mobile,0,220.02,34.64
5660,treatment,desktop,0,237.65,46.44
14984,treatment,tablet,0,206.33,58.43
2854,control,desktop,1,226.91,142.48
15315,treatment,tablet,0,166.98,35.29
13294,treatment,mobile,0,212.3,30.06
8735,control,mobile,0,244.49,53.23
12129,treatment,mobile,0,179.48,72.54
10749,treatment,mobile,1,177.84,23.69
3839,treatment,desktop,0,233.29,91.29
13212,treatment,mobile,0,200.38,68.9
5500,treatment,desktop,0,268.61,26.14
10724,treatment,mobile,1,185.54,61.04
12181,treatment,mobile,0,249.42,89.27
14232,control,tablet,0,255.06,40.22
9522,control,mobile,0,215.4,63.79
7809,control,mobile,0,209.95,42.79
1512,control,desktop,0,224.99,46.33
3052,control,desktop,0,234.63,58.56
14450,control,tablet,0,226.23,64.98
6098,treatment,desktop,0,206.14,75.72
14158,control,tablet,0,190.1,39.23
7788,control,mobile,0,233.25,62.32
15441,treatment,tablet,0,217.9,61.85
9006,control,mobile,0,137.72,23.74
1253,control,desktop,0,217.34,5330.2
11880,treatment,mobile,0,186.29,60.25
8691,control,mobile,0,196.22,35.22
76,control,desktop,1,235.45,77.77
15740,treatment,tablet,0,213.64,62.61
10367,treatment,mobile,0,196.75,29.87
13057,treatment,mobile,0,212.8,31.38
6631,control,mobile,0,270.49,78.17
10127,treatment,mobile,0,173.24,61.62
9737,control,mobile,0,196.84,20.33
11946,treatment,mobile,0,226.0,72.0
10485,treatment,mobile,0,172.28,50.21
1634,control,desktop,0,172.41,47.21
6210,treatment,desktop,0,255.45,131.28
5900,treatment,desktop,0,218.44,33.32
11113,treatment,mobile,0,213.28,32.99
12137,treatment,mobile,0,245.35,38.02
12271,treatment,mobile,0,208.25,53.59
3348,treatment,desktop,0,311.44,47.39
250,control,desktop,0,220.78,45.12
13219,treatment,mobile,0,199.97,34.4
9234,control,mobile,0,225.83,37.15
14601,control,tablet,0,251.52,53.55
9586,control,mobile,0,229.62,23.49
3669,treatment,desktop,0,206.26,31.2
6408,control,mobile,0,175.82,93.67
9538,control,mobile,0,241.75,35.16
5149,treatment,desktop,0,177.64,68.11
6383,treatment,desktop,0,213.1,30.66
2741,control,desktop,0,209.11,28.05
2797,control,desktop,0,279.32,51.27
1593,control,desktop,0,208.06,59.31
11319,treatment,mobile,0,184.72,31.89
9664,control,mobile,0,245.06,44.67
5981,treatment,desktop,0,233.66,26.43
1819,control,desktop,0,231.36,44.53
6213,treatment,desktop,0,222.67,23.66
6022,treatment,desktop,0,296.72,33.41
166,control,desktop,0,212.03,42.96
12341,treatment,mobile,0,201.39,44.25
6440,control,mobile,0,187.39,112.43
12894,treatment,mobile,0,183.75,70.23
6784,control,mobile,0,299.9,94.48
12376,treatment,mobile,0,230.99,34.31
4589,treatment,desktop,0,210.61,62.94
6582,control,mobile,0,240.79,33.58
12634,treatment,mobile,0,259.71,63.89
11517,treatment,mobile,0,175.46,188.75
3735,treatment,desktop,0,251.15,46.84
8308,control,mobile,0,217.49,71.47
6481,control,mobile,0,155.39,58.19
10736,treatment,mobile,0,237.74,43.55
6442,control,mobile,1,169.59,53.63
6799,control,mobile,0,144.7,58.89
12098,treatment,mobile,0,221.06,53.23
475,control,desktop,0,210.33,40.34
10242,treatment,mobile,0,229.37,18.36
1657,control,desktop,0,225.62,50.32
6304,treatment,desktop,0,188.76,18.9
2874,control,desktop,1,192.85,62.25
8300,control,mobile,0,204.17,43.62
3271,treatment,desktop,0,235.58,63.37
11038,treatment,mobile,0,235.17,39.74
4153,treatment,desktop,0,200.81,23.96
5917,treatment,desktop,1,232.63,37.99
3887,treatment,desktop,0,217.01,30.74
8938,control,mobile,0,238.97,76.97
4378,treatment,desktop,0,232.17,53.52
11185,treatment,mobile,0,225.0,21.6
15578,treatment,tablet,0,170.65,47.84
8236,control,mobile,1,192.65,54.2
6965,control,mobile,0,170.82,13.15
367,control,desktop,0,226.21,61.56
13525,treatment,mobile,1,217.94,63.0
11256,treatment,mobile,0,287.91,60.39
4203,treatment,desktop,0,238.37,21.19
9493,control,mobile,1,224.6,45.51
4244,treatment,desktop,0,257.12,46.67
13540,treatment,mobile,0,251.33,40.73
3368,treatment,desktop,0,213.29,65.01
2970,control,desktop,0,229.69,24.41
14775,control,tablet,0,223.01,32.36
3690,treatment,desktop,0,241.49,55.36
7072,control,mobile,0,226.31,29.55
510,control,desktop,1,205.02,31.32
10716,treatment,mobile,0,193.85,137.87
15013,treatment,tablet,0,280.49,56.67
9097,control,mobile,0,205.54,71.45
13672,control,tablet,0,256.12,68.61
10704,treatment,mobile,0,220.42,42.16
1844,control,desktop,0,223.74,52.51
9609,control,mobile,0,236.03,31.49
15158,treatment,tablet,0,262.1,46.5
13762,control,tablet,0,224.25,69.5
9479,control,mobile,0,197.1,177.74
11233,treatment,mobile,0,273.34,55.83
10366,treatment,mobile,0,205.23,27.9
7133,control,mobile,0,229.97,147.2
808,control,desktop,0,278.21,85.65
3692,treatment,desktop,0,246.61,38.82
9080,control,mobile,0,206.3,41.8
8573,control,mobile,0,190.12,93.33
13305,treatment,mobile,0,241.8,56.11
8488,control,mobile,0,227.85,76.3
6141,treatment,desktop,0,252.94,57.07
8586,control,mobile,0,205.1,87.22
15922,treatment,tablet,0,201.37,38.71
10734,treatment,mobile,0,211.41,65.82
13568,treatment,mobile,0,276.34,92.59
5144,treatment,desktop,0,198.41,67.91
13611,control,tablet,0,216.63,36.51
15993,treatment,tablet,0,224.01,54.76
4745,treatment,desktop,0,201.25,118.71
564,control,desktop,0,324.48,41.3
2756,control,desktop,0,215.32,36.49
6506,control,mobile,0,223.47,71.04
5595,treatment,desktop,0,256.3,63.29
10187,treatment,mobile,0,193.3,37.48
8388,control,mobile,0,148.73,122.62
3224,treatment,desktop,0,184.42,55.36
9891,control,mobile,0,189.79,33.53
8812,control,mobile,0,233.02,26.86
11614,treatment,mobile,0,230.98,40.71
14567,control,tablet,1,193.05,67.82
2986,control,desktop,0,212.48,22.57
5845,treatment,desktop,0,176.18,73.62
2190,control,desktop,0,234.79,13.71
11080,treatment,mobile,0,212.59,90.34
8021,control,mobile,0,203.14,71.39
7030,control,mobile,0,225.37,60.18
544,control,desktop,0,200.18,129.26
1242,control,desktop,1,183.0,38.24
3852,treatment,desktop,0,198.67,54.05
13263,treatment,mobile,0,166.23,28.48
8577,control,mobile,0,181.98,65.88
3908,treatment,desktop,0,214.82,46.26
6457,control,mobile,0,247.73,65.45
7174,control,mobile,1,166.98,31.26
6591,control,mobile,0,237.93,29.89
5466,treatment,desktop,0,187.49,21.63
10919,treatment,mobile,1,259.23,87.86
15120,treatment,tablet,1,225.4,65.07
3115,control,desktop,0,272.53,47.53
14701,control,tablet,0,199.38,70.13
1173,control,desktop,0,247.82,61.99
11786,treatment,mobile,0,279.58,68.86
13369,treatment,mobile,0,176.75,38.73
420,control,desktop,0,229.33,113.2
13859,control,tablet,0,271.62,63.11
11414,treatment,mobile,0,220.69,31.73
9977,control,mobile,0,233.31,48.92
15807,treatment,tablet,0,204.42,17.9
9714,control,mobile,0,245.23,123.08
14031,control,tablet,0,253.48,16.56
6908,control,mobile,0,212.47,31.24
11339,treatment,mobile,0,211.08,29.25
2054,control,desktop,0,226.79,50.86
8736,control,mobile,0,226.99,79.66
1341,control,desktop,0,195.27,66.36
2364,control,desktop,0,233.3,97.96
3544,treatment,desktop,0,228.18,26.8
5571,treatment,desktop,0,247.42,58.1
392,control,desktop,0,224.5,53.56
5316,treatment,desktop,0,139.07,58.07
11840,treatment,mobile,0,199.59,47.26
13455,treatment,mobile,0,270.59,32.01
2951,control,desktop,0,200.08,32.22
5341,treatment,desktop,1,242.28,54.74
4221,treatment,desktop,0,248.12,128.01
2109,control,desktop,0,209.71,64.0
3011,control,desktop,0,198.94,44.44
9624,control,mobile,0,181.42,10.66
10304,treatment,mobile,0,236.71,60.23
1922,control,desktop,0,227.17,29.47
5924,treatment,desktop,0,214.41,59.15
7904,control,mobile,0,240.69,26.93
4798,treatment,desktop,1,227.56,21.43
9417,control,mobile,0,227.27,53.97
15379,treatment,tablet,0,247.39,30.55
9611,control,mobile,0,238.9,187.06
3661,treatment,desktop,0,243.11,49.81
5575,treatment,desktop,0,178.5,180.46
879,control,desktop,0,181.11,38.98
170,control,desktop,1,205.53,73.74
2354,control,desktop,1,275.83,66.37
1419,control,desktop,0,249.87,45.1
1806,control,desktop,0,218.7,72.48
12655,treatment,mobile,0,199.0,24.33
3007,control,desktop,0,249.19,65.95
15319,treatment,tablet,0,218.79,9.26
1660,control,desktop,0,237.08,96.58
364,control,desktop,0,201.34,49.44
2407,control,desktop,0,235.45,31.37
1964,control,desktop,0,164.72,46.52
12180,treatment,mobile,0,183.57,95.71
308,control,desktop,0,195.62,55.05
8126,control,mobile,0,264.08,55.72
7637,control,mobile,0,233.35,21.27
12732,treatment,mobile,1,203.33,53.63
8552,control,mobile,0,168.99,46.29
2175,control,desktop,0,223.86,39.0
9190,control,mobile,1,251.8,59.98
14108,control,tablet,0,250.78,22.55
952,control,desktop,0,203.54,72.09
4346,treatment,desktop,0,205.51,156.06
1168,control,desktop,0,253.25,95.03
7076,control,mobile,0,161.3,77.87
11158,treatment,mobile,0,254.05,103.56
447,control,desktop,0,205.77,25.53
13835,control,tablet,1,261.13,87.4
7690,control,mobile,0,230.74,47.27
14804,treatment,tablet,1,235.79,70.27
14589,control,tablet,0,234.21,30.58
11944,treatment,mobile,0,226.36,52.6
6654,control,mobile,0,258.08,45.75
726,control,desktop,0,211.28,50.66
8449,control,mobile,0,213.94,54.88
4047,treatment,desktop,1,201.56,33.49
2050,control,desktop,0,195.15,61.51
5488,treatment,desktop,0,215.43,57.3
12841,treatment,mobile,0,228.81,32.63
2387,control,desktop,0,200.91,47.43
12311,treatment,mobile,0,252.9,67.51
10322,treatment,mobile,0,206.64,42.61
14284,control,tablet,1,166.41,31.4
11757,treatment,mobile,0,183.08,38.23
6869,control,mobile,0,228.16,47.84
1747,control,desktop,0,199.88,51.74
5357,treatment,desktop,1,223.58,65.05
8174,control,mobile,0,200.73,26.77
14162,control,tablet,0,151.58,86.75
2904,control,desktop,0,207.17,83.5
14277,control,tablet,0,277.51,28.94
3933,treatment,desktop,0,252.45,31.34
13138,treatment,mobile,0,214.07,94.19
5831,treatment,desktop,0,192.6,137.5
1028,control,desktop,0,244.25,60.1
10587,treatment,mobile,1,203.62,59.22
14230,control,tablet,0,245.51,29.73
1527,control,desktop,0,273.03,55.02
645,control,desktop,1,260.5,32.77
7272,control,mobile,0,190.35,67.61
15675,treatment,tablet,0,218.52,21.01
15603,treatment,tablet,0,188.92,143.25
6261,treatment,desktop,0,211.15,43.38
10199,treatment,mobile,0,233.97,51.32
10041,treatment,mobile,1,235.08,21.97
2542,control,desktop,1,216.06,27.98
10220,treatment,mobile,0,211.41,130.05
12227,treatment,mobile,0,235.71,33.49
13225,treatment,mobile,0,235.42,18.38
7811,control,mobile,0,220.66,30.33
11049,treatment,mobile,0,211.68,30.21
8437,control,mobile,0,231.37,63.98
13512,treatment,mobile,0,206.25,42.82
10637,treatment,mobile,0,235.02,152.46
7663,control,mobile,0,204.6,19.95
5513,treatment,desktop,0,219.35,30.37
9019,control,mobile,0,164.79,44.6
13719,control,tablet,0,267.61,83.32
10395,treatment,mobile,0,250.53,21.01
2869,control,desktop,0,225.41,55.33
5375,treatment,desktop,0,225.9,35.88
2363,control,desktop,0,282.03,76.16
3960,treatment,desktop,0,231.56,23.59
12338,treatment,mobile,0,204.56,59.14
9193,control,mobile,0,211.05,33.26
12048,treatment,mobile,1,258.1,27.09
5103,treatment,desktop,0,219.85,63.1
1073,control,desktop,1,183.51,38.85
5949,treatment,desktop,0,225.23,46.14
5520,treatment,desktop,1,211.72,75.46
2639,control,desktop,0,242.59,33.94
13626,control,tablet,0,256.93,77.88
8834,control,mobile,0,242.39,59.58
10359,treatment,mobile,0,234.22,3280.34
9009,control,mobile,0,206.56,35.35
11273,treatment,mobile,0,225.91,80.0
757,control,desktop,0,220.95,38.97
2611,control,desktop,0,214.46,53.63
1918,control,desktop,0,245.34,29.98
4377,treatment,desktop,0,243.23,38.16
9499,control,mobile,0,219.33,46.72
6414,control,mobile,0,237.08,37.12
3994,treatment,desktop,1,198.08,26.39
4782,treatment,desktop,0,174.99,43.84
12555,treatment,mobile,0,209.66,32.02
7911,control,mobile,0,217.32,116.48
4362,treatment,desktop,0,249.76,40.1
12582,treatment,mobile,0,201.79,116.8
12476,treatment,mobile,0,234.08,58.85
12220,treatment,mobile,0,190.66,40.07
12821,treatment,mobile,0,243.5,167.86
4621,treatment,desktop,0,225.27,28.64
1833,control,desktop,0,211.84,98.8
14272,control,tablet,0,180.56,50.82
9931,control,mobile,0,230.85,78.91
10123,treatment,mobile,0,188.81,45.09
9680,control,mobile,0,206.22,48.82
1379,control,desktop,0,213.03,70.99
14880,treatment,tablet,0,218.43,33.88
2085,control,desktop,0,273.94,49.4
15491,treatment,tablet,0,201.32,75.38
5499,treatment,desktop,0,204.08,83.55
3014,control,desktop,0,206.19,24.73
15418,treatment,tablet,0,235.57,79.51
13450,treatment,mobile,0,185.48,46.13
3191,control,desktop,1,227.26,49.33
13484,treatment,mobile,0,212.73,84.24
14291,control,tablet,0,161.31,65.59
4439,treatment,desktop,0,239.46,23.33
11268,treatment,mobile,0,214.36,57.83
11779,treatment,mobile,0,205.01,72.43
686,control,desktop,1,194.79,34.83
15822,treatment,tablet,0,250.08,130.26
11879,treatment,mobile,0,311.79,25.85
9363,control,mobile,1,214.53,41.48
5182,treatment,desktop,0,232.18,62.36
13126,treatment,mobile,0,252.73,19.49
8184,control,mobile,0,265.87,42.4
11863,treatment,mobile,0,181.21,91.66
7885,control,mobile,0,203.05,77.27
6683,control,mobile,0,243.97,19.99
14381,control,tablet,0,231.85,24.85
11130,treatment,mobile,0,268.36,80.5
4618,treatment,desktop,0,225.16,13.2
8955,control,mobile,0,218.13,51.6
7601,control,mobile,0,275.64,33.36
343,control,desktop,0,242.0,24.73
949,control,desktop,1,211.1,58.41
4861,treatment,desktop,0,155.08,46.99
14520,control,tablet,0,204.27,107.38
775,control,desktop,0,216.25,46.25
3903,treatment,desktop,0,196.3,44.13
5073,treatment,desktop,0,220.37,53.5
86,control,desktop,0,218.08,87.53
179,control,desktop,0,243.06,33.76
2667,control,desktop,1,227.37,30.8
12158,treatment,mobile,0,223.51,63.7
3343,treatment,desktop,1,183.15,56.69
4766,treatment,desktop,0,218.2,78.81
9785,control,mobile,0,205.76,71.18
10331,treatment,mobile,0,202.27,69.33
2928,control,desktop,0,215.64,36.15
10239,treatment,mobile,0,285.71,103.46
8074,control,mobile,0,186.29,27.19
6588,control,mobile,0,226.13,18.66
11165,treatment,mobile,1,198.75,27.57
4750,treatment,desktop,0,222.63,147.13
5846,treatment,desktop,0,243.78,51.86
10804,treatment,mobile,0,181.13,35.78
7699,control,mobile,1,255.8,46.73
13964,control,tablet,0,261.71,67.87
2811,control,desktop,0,192.03,29.26
9475,control,mobile,0,231.19,44.34
13652,control,tablet,0,249.72,38.71
1890,control,desktop,0,177.5,35.28
273,control,desktop,0,228.0,49.55
11266,treatment,mobile,0,217.17,57.61
9253,control,mobile,0,226.37,66.76
4491,treatment,desktop,0,226.91,45.85
2374,control,desktop,1,239.91,75.23
1436,control,desktop,0,199.2,62.37
13988,control,tablet,0,167.74,18.75
10679,treatment,mobile,0,202.02,101.67
6632,control,mobile,0,199.46,47.67
375,control,desktop,0,213.53,96.82
4704,treatment,desktop,0,291.31,79.64
162,control,desktop,1,173.38,77.7
15803,treatment,tablet,0,234.45,46.07
12601,treatment,mobile,0,175.77,162.9
1282,control,desktop,0,238.8,22.24
9229,control,mobile,0,170.4,37.44
6739,control,mobile,0,196.9,121.36
11060,treatment,mobile,1,213.12,40.54
6860,control,mobile,0,216.21,42.15
14647,control,tablet,0,174.4,35.61
2097,control,desktop,0,173.24,62.85
15039,treatment,tablet,0,172.18,27.32
11392,treatment,mobile,0,234.81,70.99
13230,treatment,mobile,1,170.39,45.01
601,control,desktop,0,205.22,16.86
12008,treatment,mobile,0,223.79,117.96
9816,control,mobile,0,259.43,17.81
13035,treatment,mobile,0,209.99,68.2
12716,treatment,mobile,1,177.75,61.36
7520,control,mobile,0,182.69,87.2
6895,control,mobile,0,255.26,91.06
7581,control,mobile,0,188.69,59.27
7038,control,mobile,0,213.18,55.99
8309,control,mobile,0,238.54,71.33
6133,treatment,desktop,0,268.72,31.41
6016,treatment,desktop,0,298.95,47.43
13011,treatment,mobile,0,192.72,26.01
13116,treatment,mobile,0,222.49,81.7
3302,treatment,desktop,1,224.77,46.65
14698,control,tablet,0,195.96,36.5
4974,treatment,desktop,0,193.74,34.36
6590,control,mobile,0,206.57,18.11
7758,control,mobile,0,187.22,61.68
8563,control,mobile,0,257.78,47.79
3277,treatment,desktop,0,171.17,35.94
318,control,desktop,0,233.82,25.52
7491,control,mobile,0,180.7,60.54
444,control,desktop,0,276.62,93.84
1274,control,desktop,0,223.61,39.69
2719,control,desktop,0,199.47,56.03
3255,treatment,desktop,0,215.02,72.84
8540,control,mobile,0,247.82,90.25
8420,control,mobile,0,239.42,20.74
2023,control,desktop,0,294.83,33.64
14543,control,tablet,0,188.31,43.11
12808,treatment,mobile,0,191.78,76.75
7341,control,mobile,0,177.14,29.22
3760,treatment,desktop,0,221.15,64.63
13978,control,tablet,1,229.23,37.56
1175,control,desktop,0,254.47,61.51
1475,control,desktop,0,225.96,16.27
6339,treatment,desktop,0,186.39,69.69
11914,treatment,mobile,0,212.62,40.14
1403,control,desktop,1,250.03,90.05
1802,control,desktop,0,224.18,39.36
13736,control,tablet,0,229.44,40.92
177,control,desktop,0,169.43,38.94
15633,treatment,tablet,0,211.62,60.44
11198,treatment,mobile,0,179.83,18.03
7143,control,mobile,1,200.64,117.42
2091,control,desktop,0,214.74,49.85
15147,treatment,tablet,0,209.28,52.32
1663,control,desktop,0,210.6,37.28
6714,control,mobile,0,198.47,48.02
14999,treatment,tablet,0,210.21,92.38
8503,control,mobile,0,262.57,38.29
13785,control,tablet,0,249.47,21.59
334,control,desktop,0,246.09,39.08
15310,treatment,tablet,0,197.8,63.93
10026,treatment,mobile,0,198.28,56.87
903,control,desktop,0,236.54,73.71
830,control,desktop,0,157.77,66.82
7812,control,mobile,0,241.28,42.95
678,control,desktop,0,208.99,42.32
6879,control,mobile,0,279.65,34.24
7093,control,mobile,0,187.44,49.38
2929,control,desktop,0,230.38,39.4
7500,control,mobile,0,239.16,33.06
7487,control,mobile,0,248.06,17.37
3971,treatment,desktop,0,205.76,54.2
10523,treatment,mobile,0,249.84,27.8
15510,treatment,tablet,0,238.85,45.04
2653,control,desktop,0,238.56,40.78
1239,control,desktop,0,260.47,34.25
14469,control,tablet,0,259.71,48.4
8863,control,mobile,0,235.55,69.6
3642,treatment,desktop,0,172.86,69.2
4234,treatment,desktop,0,270.93,35.01
15395,treatment,tablet,0,212.28,67.65
10446,treatment,mobile,0,267.7,42.24
5724,treatment,desktop,0,221.56,153.17
8369,control,mobile,0,236.58,123.32
2422,control,desktop,0,226.62,53.22
15674,treatment,tablet,0,238.11,36.16
10207,treatment,mobile,1,222.33,154.91
231,control,desktop,0,231.73,45.55
4801,treatment,desktop,0,217.61,46.83
823,control,desktop,0,185.17,61.68
5262,treatment,desktop,0,211.63,53.1
15141,treatment,tablet,1,207.77,24.92
15730,treatment,tablet,0,234.71,53.74
4830,treatment,desktop,0,220.26,64.41
1281,control,desktop,0,195.11,73.72
10742,treatment,mobile,0,245.75,18.79
3234,treatment,desktop,1,239.17,15.81
10246,treatment,mobile,0,133.68,60.79
11535,treatment,mobile,0,233.94,65.55
3768,treatment,desktop,0,195.58,105.21
626,control,desktop,0,234.41,61.38
6811,control,mobile,0,246.09,37.44
12097,treatment,mobile,0,200.11,70.47
7686,control,mobile,0,224.25,25.69
11739,treatment,mobile,0,175.94,72.76
3961,treatment,desktop,1,185.42,39.03
12124,treatment,mobile,0,218.05,22.27
10757,treatment,mobile,0,185.22,81.59
5185,treatment,desktop,0,236.71,32.05
552,control,desktop,1,213.53,26.24
14541,control,tablet,0,207.58,44.91
10213,treatment,mobile,0,202.65,66.19
12236,treatment,mobile,0,201.15,71.79
15265,treatment,tablet,0,187.65,39.73
7388,control,mobile,0,257.53,37.59
5844,treatment,desktop,0,218.32,86.26
10201,treatment,mobile,0,216.43,51.03
13891,control,tablet,0,190.38,32.42
4672,treatment,desktop,0,228.76,35.13
2739,control,desktop,0,232.78,64.73
15493,treatment,tablet,0,168.1,36.75
13395,treatment,mobile,0,243.6,43.5
7318,control,mobile,0,236.15,42.03
297,control,desktop,0,198.85,60.03
13763,control,tablet,0,286.01,36.84
10599,treatment,mobile,0,215.75,48.19
15560,treatment,tablet,0,235.08,54.27
15780,treatment,tablet,0,194.99,67.26
13246,treatment,mobile,0,272.43,42.06
8524,control,mobile,0,219.51,69.31
4920,treatment,desktop,0,241.85,27.46
2545,control,desktop,0,216.99,92.53
5062,treatment,desktop,1,221.51,60.32
7761,control,mobile,0,209.88,68.16
6758,control,mobile,0,226.79,34.13
6612,control,mobile,1,180.59,26.85
11643,treatment,mobile,0,192.32,135.27
6954,control,mobile,0,241.61,44.69
8599,control,mobile,0,161.83,51.97
11540,treatment,mobile,0,221.23,36.69
8601,control,mobile,1,210.1,62.72
2873,control,desktop,0,165.38,37.13
3572,treatment,desktop,0,180.36,67.51
7946,control,mobile,0,217.03,37.33
14260,control,tablet,1,202.61,28.05
11581,treatment,mobile,0,252.76,76.77
368,control,desktop,0,238.55,68.85
7763,control,mobile,0,178.83,53.5
11912,treatment,mobile,0,206.97,37.49
5194,treatment,desktop,0,214.13,106.82
11494,treatment,mobile,0,186.15,18.71
13438,treatment,mobile,0,218.08,37.93
412,control,desktop,1,252.28,44.14
3640,treatment,desktop,0,215.14,79.22
9725,control,mobile,0,230.57,156.79
8710,control,mobile,1,197.34,54.5
14574,control,tablet,0,197.97,90.6
11522,treatment,mobile,0,168.46,88.38
13628,control,tablet,0,254.72,72.79
1591,control,desktop,0,173.95,34.75
9750,control,mobile,1,228.88,36.81
1118,control,desktop,0,228.48,23.24
2711,control,desktop,0,223.89,111.44
13122,treatment,mobile,0,219.73,35.01
10392,treatment,mobile,0,212.07,261.3
14333,control,tablet,0,261.18,47.79
2984,control,desktop,0,195.7,28.13
5939,treatment,desktop,0,196.81,32.18
10253,treatment,mobile,0,230.39,27.88
6692,control,mobile,1,217.75,41.9
3830,treatment,desktop,0,148.86,59.14
11039,treatment,mobile,0,233.89,38.2
7171,control,mobile,0,218.54,45.78
8492,control,mobile,1,153.09,57.73
2963,control,desktop,1,211.51,94.0
1638,control,desktop,0,212.41,58.88
10687,treatment,mobile,0,217.31,18.28
7720,control,mobile,1,184.27,37.94
2278,control,desktop,0,186.79,28.29
14699,control,tablet,0,198.75,117.02
2518,control,desktop,0,228.48,95.23
1229,control,desktop,1,241.1,42.47
1816,control,desktop,0,205.1,62.16
34,control,desktop,0,183.97,26.75
8848,control,mobile,0,218.05,35.0
9369,control,mobile,0,155.13,125.6
14304,control,tablet,0,225.25,28.15
14396,control,tablet,0,214.17,33.93
15056,treatment,tablet,0,234.62,102.87
11507,treatment,mobile,0,194.68,60.43
11274,treatment,mobile,0,236.78,69.2
12698,treatment,mobile,0,233.24,48.98
593,control,desktop,0,244.49,76.44
7797,control,mobile,1,197.53,52.05
13333,treatment,mobile,0,195.02,40.46
9078,control,mobile,0,279.05,92.71
6864,control,mobile,0,199.5,43.83
7929,control,mobile,1,154.74,57.85
1860,control,desktop,0,166.9,47.76
9781,control,mobile,1,215.08,29.49
14386,control,tablet,0,201.98,57.38
11620,treatment,mobile,0,209.67,23.25
7591,control,mobile,0,269.19,46.92
5406,treatment,desktop,0,272.49,66.47
10298,treatment,mobile,0,174.51,83.5
14016,control,tablet,0,257.53,51.42
1993,control,desktop,0,231.22,182.65
6717,control,mobile,0,207.8,54.44
1608,control,desktop,0,219.96,66.72
1623,control,desktop,0,243.56,39.02
1959,control,desktop,0,208.85,65.51
1929,control,desktop,0,254.55,42.77
5372,treatment,desktop,0,177.99,30.04
12287,treatment,mobile,0,216.12,80.05
11899,treatment,mobile,0,218.02,31.67
14313,control,tablet,0,188.1,50.92
10620,treatment,mobile,0,215.98,83.44
4915,treatment,desktop,0,223.62,73.16
5168,treatment,desktop,0,237.57,74.95
11020,treatment,mobile,0,184.38,37.98
13633,control,tablet,0,199.97,51.69
3584,treatment,desktop,0,163.0,46.17
11314,treatment,mobile,0,184.08,32.28
12712,treatment,mobile,0,222.57,29.26
11405,treatment,mobile,0,203.06,45.34
6825,control,mobile,0,194.4,51.26
14052,control,tablet,0,212.34,50.19
12784,treatment,mobile,0,232.85,44.66
14104,control,tablet,0,206.18,95.13
14041,control,tablet,0,242.18,111.13
1558,control,desktop,0,208.98,81.87
5426,treatment,desktop,0,195.89,105.43
11561,treatment,mobile,0,243.04,27.42
9794,control,mobile,0,250.18,37.02
8229,control,mobile,0,195.21,17.72
13039,treatment,mobile,0,251.81,107.24
9343,control,mobile,0,218.35,49.58
14690,control,tablet,0,155.49,58.6
8713,control,mobile,0,259.47,97.21
426,control,desktop,1,250.33,54.84
2894,control,desktop,0,182.19,50.06
5632,treatment,desktop,0,236.77,46.14
15160,treatment,tablet,0,281.91,65.18
2206,control,desktop,0,250.81,54.97
8453,control,mobile,0,205.46,58.26
14996,treatment,tablet,0,170.22,36.54
8196,control,mobile,0,244.76,51.99
11191,treatment,mobile,0,223.85,22.78
13830,control,tablet,0,211.62,22.92
9887,control,mobile,0,264.36,53.84
2994,control,desktop,0,186.94,20.38
4384,treatment,desktop,0,208.46,46.12
1267,control,desktop,0,240.66,107.6
7433,control,mobile,0,250.58,25.07
11282,treatment,mobile,0,212.06,58.75
12670,treatment,mobile,0,208.81,81.77
15096,treatment,tablet,0,209.24,26.23
6775,control,mobile,0,230.79,31.49
14049,control,tablet,1,259.74,31.81
9128,control,mobile,0,256.26,62.42
10531,treatment,mobile,0,225.96,37.18
6028,treatment,desktop,1,228.0,11.5
7262,control,mobile,0,214.83,99.54
542,control,desktop,0,178.54,30.66
5330,treatment,desktop,0,238.99,74.24
6982,control,mobile,0,289.63,34.94
10814,treatment,mobile,0,250.14,24.12
11250,treatment,mobile,0,260.99,58.0
6820,control,mobile,0,209.38,50.96
12385,treatment,mobile,0,273.37,6.43
10802,treatment,mobile,0,203.34,105.58
2249,control,desktop,0,233.64,140.67
15177,treatment,tablet,0,149.72,65.76
9989,control,mobile,0,201.21,85.64
8215,control,mobile,0,229.01,38.75
14482,control,tablet,0,185.15,35.56
3003,control,desktop,0,242.97,48.7
2934,control,desktop,0,246.8,97.52
916,control,desktop,0,199.58,42.18
13556,treatment,mobile,0,191.81,27.69
7622,control,mobile,0,254.52,61.73
4625,treatment,desktop,0,194.98,26.51
13102,treatment,mobile,0,247.87,45.88
11926,treatment,mobile,1,229.63,26.45
10664,treatment,mobile,0,237.87,12.48
4343,treatment,desktop,1,178.19,48.06
14873,treatment,tablet,0,260.48,29.38
15023,treatment,tablet,0,193.07,30.56
9117,control,mobile,0,213.61,21.96
3896,treatment,desktop,0,172.72,39.3
12315,treatment,mobile,0,204.28,75.8
15134,treatment,tablet,0,160.49,31.15
9569,control,mobile,1,234.89,72.95
15294,treatment,tablet,0,247.12,100.66
6903,control,mobile,0,246.38,22.91
1470,control,desktop,0,244.1,128.63
7180,control,mobile,0,239.35,62.14
14956,treatment,tablet,1,231.48,26.96
2382,control,desktop,0,242.98,17.15
13050,treatment,mobile,0,260.58,58.3
14140,control,tablet,0,249.97,62.34
11103,treatment,mobile,0,202.68,80.18
10459,treatment,mobile,0,221.99,45.82
11222,treatment,mobile,0,247.02,60.68
5054,treatment,desktop,0,222.09,51.19
7948,control,mobile,0,191.83,81.04
5926,treatment,desktop,0,167.74,28.84
6268,treatment,desktop,0,223.55,99.03
858,control,desktop,0,185.44,57.81
15274,treatment,tablet,0,241.19,47.96
12611,treatment,mobile,0,174.39,32.54
5621,treatment,desktop,0,210.98,112.59
639,control,desktop,0,201.44,61.81
10613,treatment,mobile,0,183.94,65.13
11415,treatment,mobile,0,249.98,38.38
10180,treatment,mobile,1,206.87,68.95
13572,treatment,mobile,0,236.16,102.92
2658,control,desktop,0,253.09,98.95
9204,control,mobile,0,220.56,57.54
3623,treatment,desktop,0,247.16,37.5
15248,treatment,tablet,0,197.08,58.53
4711,treatment,desktop,1,218.8,36.12
9975,control,mobile,0,216.33,68.43
5022,treatment,desktop,0,209.36,69.87
2375,control,desktop,0,230.73,28.41
7557,control,mobile,0,217.12,61.72
4013,treatment,desktop,0,183.82,56.67
13218,treatment,mobile,0,167.97,33.76
11275,treatment,mobile,0,252.31,20.94
12546,treatment,mobile,0,219.03,121.89
5337,treatment,desktop,0,226.03,55.82
3461,treatment,desktop,0,219.05,124.8
9247,control,mobile,0,208.29,37.31
2393,control,desktop,0,194.65,35.37
8598,control,mobile,0,176.76,25.75
12781,treatment,mobile,0,211.0,72.5
6398,treatment,desktop,0,217.87,43.69
8189,control,mobile,0,200.17,103.66
2224,control,desktop,0,282.78,56.43
1302,control,desktop,0,204.81,53.8
13750,control,tablet,0,227.68,71.28
15732,treatment,tablet,0,249.69,65.68
2116,control,desktop,0,216.95,53.42
15519,treatment,tablet,0,227.68,42.42
7321,control,mobile,0,232.59,99.45
3503,treatment,desktop,0,240.86,38.14
1116,control,desktop,0,222.2,42.51
5007,treatment,desktop,1,201.13,60.9
4087,treatment,desktop,0,192.35,21.31
5328,treatment,desktop,0,235.44,76.9
7216,control,mobile,0,221.88,162.51
13198,treatment,mobile,0,242.21,168.17
1039,control,desktop,0,200.77,96.73
15924,treatment,tablet,0,204.27,49.76
6561,control,mobile,0,224.95,69.51
7710,control,mobile,0,227.29,42.58
14639,control,tablet,1,206.4,25.46
6433,control,mobile,0,175.58,50.82
14893,treatment,tablet,0,221.81,24.38
11961,treatment,mobile,0,212.46,42.04
1642,control,desktop,0,218.06,52.35
11721,treatment,mobile,0,225.38,179.5
10522,treatment,mobile,0,181.41,65.11
10510,treatment,mobile,0,243.64,32.05
3210,treatment,desktop,0,243.33,38.22
15672,treatment,tablet,0,134.13,80.43
4664,treatment,desktop,0,224.51,66.43
3836,treatment,desktop,0,218.44,51.97
13385,treatment,mobile,0,265.35,23.08
3137,control,desktop,0,212.25,108.01
12845,treatment,mobile,0,263.58,117.04
6451,control,mobile,1,172.52,69.87
7719,control,mobile,1,190.07,95.39
12529,treatment,mobile,0,216.44,43.94
5772,treatment,desktop,0,222.54,98.57
4674,treatment,desktop,0,196.36,50.52
5734,treatment,desktop,0,234.73,41.14
9790,control,mobile,0,219.08,56.16
2021,control,desktop,0,174.25,41.24
11571,treatment,mobile,0,204.44,74.05
15150,treatment,tablet,0,231.55,31.32
9656,control,mobile,0,174.05,42.71
12923,treatment,mobile,0,224.45,70.17
10498,treatment,mobile,0,188.58,34.97
990,control,desktop,0,274.24,19.88
4186,treatment,desktop,0,240.79,156.0
13938,control,tablet,0,159.7,32.92
9367,control,mobile,0,237.85,56.55
14204,control,tablet,0,220.61,55.89
6318,treatment,desktop,0,211.63,68.93
900,control,desktop,0,218.67,138.82
9473,control,mobile,0,205.19,98.94
4668,treatment,desktop,0,207.71,21.87
13015,treatment,mobile,0,189.18,28.93
13599,treatment,mobile,0,196.68,75.48
4516,treatment,desktop,0,205.56,15.45
14634,control,tablet,0,259.3,34.15
4845,treatment,desktop,0,214.3,66.96
12210,treatment,mobile,0,188.57,36.02
11377,treatment,mobile,0,260.63,77.81
9147,control,mobile,0,203.66,46.96
9382,control,mobile,0,238.38,21.11
14544,control,tablet,0,232.91,29.69
11830,treatment,mobile,0,230.9,78.68
13442,treatment,mobile,0,246.68,39.76
12373,treatment,mobile,0,185.87,102.49
12469,treatment,mobile,0,241.85,74.11
10182,treatment,mobile,0,186.12,41.93
2260,control,desktop,0,217.73,48.81
2004,control,desktop,0,245.94,100.89
8697,control,mobile,0,230.97,25.9
2452,control,desktop,0,199.42,41.62
13394,treatment,mobile,0,188.45,46.51
15507,treatment,tablet,0,214.95,54.22
2698,control,desktop,0,211.46,117.25
11838,treatment,mobile,0,184.15,78.66
14723,control,tablet,0,226.41,20.71
4152,treatment,desktop,0,274.17,72.27
11052,treatment,mobile,0,184.29,67.33
10112,treatment,mobile,0,193.64,32.71
6043,treatment,desktop,0,210.43,44.58
1414,control,desktop,0,203.48,34.78
5489,treatment,desktop,1,219.39,20.21
6480,control,mobile,0,215.13,55.72
2090,control,desktop,0,237.38,47.89
9782,control,mobile,0,213.42,14.77
2482,control,desktop,0,178.1,32.25
12521,treatment,mobile,0,212.37,131.98
2681,control,desktop,0,231.7,45.12
12,control,desktop,0,217.04,26.38
14154,control,tablet,0,243.19,52.89
11343,treatment,mobile,0,190.37,51.59
2286,control,desktop,0,213.09,57.87
14671,control,tablet,0,195.72,40.51
13877,control,tablet,0,254.58,77.7
6287,treatment,desktop,0,183.3,29.55
14112,control,tablet,0,206.72,143.22
5236,treatment,desktop,0,243.45,60.31
9368,control,mobile,0,237.77,54.8
1496,control,desktop,0,235.92,82.93
14163,control,tablet,0,181.04,45.58
7745,control,mobile,0,160.34,28.24
9706,control,mobile,0,159.04,64.26
15142,treatment,tablet,0,164.95,65.62
11634,treatment,mobile,0,194.78,46.97
7009,control,mobile,0,233.3,73.15
5244,treatment,desktop,1,237.39,141.45
3086,control,desktop,0,222.26,101.97
14694,control,tablet,0,195.3,48.08
5802,treatment,desktop,0,199.09,45.92
724,control,desktop,0,230.3,68.93
6729,control,mobile,0,208.09,43.84
920,control,desktop,0,202.62,53.85
5413,treatment,desktop,0,205.27,36.32
7667,control,mobile,0,245.42,13.28
10447,treatment,mobile,1,189.24,49.5
14176,control,tablet,0,283.63,59.94
13397,treatment,mobile,0,204.91,54.31
8357,control,mobile,0,208.0,92.2
3957,treatment,desktop,0,183.25,33.53
11492,treatment,mobile,0,196.19,47.56
12681,treatment,mobile,0,260.18,81.07
11858,treatment,mobile,0,200.18,79.13
10872,treatment,mobile,0,254.84,80.9
4402,treatment,desktop,0,205.31,160.03
3465,treatment,desktop,0,221.72,36.22
11395,treatment,mobile,0,197.15,17.81
3767,treatment,desktop,0,202.42,25.94
10595,treatment,mobile,0,189.22,22.79
3668,treatment,desktop,0,151.49,21.16
1087,control,desktop,0,236.99,38.63
11412,treatment,mobile,0,152.29,89.82
328,control,desktop,0,289.72,19.84
8382,control,mobile,0,233.82,34.84
12257,treatment,mobile,0,163.22,28.94
8298,control,mobile,0,237.56,28.93
12637,treatment,mobile,0,256.93,45.88
1928,control,desktop,0,217.45,29.28
5906,treatment,desktop,0,207.24,41.65
15900,treatment,tablet,0,229.24,48.61
10210,treatment,mobile,0,186.92,49.33
283,control,desktop,1,207.29,75.97
9961,control,mobile,0,186.72,106.32
1195,control,desktop,0,238.23,34.72
1029,control,desktop,0,228.51,153.22
5878,treatment,desktop,0,147.11,92.87
10142,treatment,mobile,0,207.07,44.49
7150,control,mobile,0,303.62,46.86
13802,control,tablet,0,191.07,49.14
9386,control,mobile,0,205.26,60.94
7793,control,mobile,0,223.66,70.39
7569,control,mobile,0,258.01,64.18
9851,control,mobile,0,239.58,54.14
14673,control,tablet,0,282.37,84.41
6764,control,mobile,0,189.93,109.1
7926,control,mobile,0,222.71,19.2
4551,treatment,desktop,0,266.56,59.95
14765,control,tablet,0,228.1,28.94
14506,control,tablet,0,186.57,43.4
13651,control,tablet,0,227.8,93.38
1249,control,desktop,0,196.79,60.37
11441,treatment,mobile,1,201.18,82.89
14460,control,tablet,1,225.31,36.76
4519,treatment,desktop,1,224.29,84.61
14262,control,tablet,0,265.14,45.64
8233,control,mobile,1,194.06,48.41
2778,control,desktop,0,186.81,29.62
14692,control,tablet,0,234.95,54.92
508,control,desktop,0,177.45,64.15
10660,treatment,mobile,0,176.2,54.2
5003,treatment,desktop,0,205.52,26.82
3002,control,desktop,0,199.8,45.66
8268,control,mobile,0,192.29,16.96
2858,control,desktop,0,256.93,43.73
3287,treatment,desktop,0,255.09,55.95
14985,treatment,tablet,0,205.95,51.11
9214,control,mobile,0,237.22,59.5
13433,treatment,mobile,0,233.31,26.89
7480,control,mobile,0,242.86,45.6
6159,treatment,desktop,0,225.65,24.69
3526,treatment,desktop,0,227.18,74.97
6032,treatment,desktop,0,192.36,15.18
10495,treatment,mobile,0,194.37,40.0
1880,control,desktop,0,202.75,23.69
4360,treatment,desktop,0,225.1,33.47
11336,treatment,mobile,0,188.09,68.6
263,control,desktop,0,220.62,46.43
7206,control,mobile,0,234.34,62.32
673,control,desktop,0,232.36,64.2
4242,treatment,desktop,0,244.27,41.43
10538,treatment,mobile,0,217.41,37.42
10191,treatment,mobile,0,291.25,167.99
8651,control,mobile,0,256.35,37.56
6722,control,mobile,0,220.9,25.72
490,control,desktop,0,218.79,64.04
9076,control,mobile,0,266.4,123.97
3930,treatment,desktop,0,251.59,64.48
15285,treatment,tablet,0,222.75,19.69
9590,control,mobile,0,198.07,22.74
165,control,desktop,0,227.1,85.57
13344,treatment,mobile,0,197.06,29.76
7669,control,mobile,0,222.93,35.88
12218,treatment,mobile,1,229.14,49.02
7468,control,mobile,0,204.59,73.9
7781,control,mobile,0,222.96,64.49
11187,treatment,mobile,0,237.17,29.08
3157,control,desktop,0,207.69,64.39
4375,treatment,desktop,0,171.12,39.03
9223,control,mobile,0,223.83,87.83
10443,treatment,mobile,0,207.42,38.95
7707,control,mobile,0,212.81,33.01
6111,treatment,desktop,0,276.67,11.56
11025,treatment,mobile,0,201.86,28.28
4916,treatment,desktop,1,269.44,35.66
6962,control,mobile,0,275.06,59.24
4715,treatment,desktop,0,223.44,28.91
10708,treatment,mobile,0,235.95,66.61
10129,treatment,mobile,1,217.55,93.92
3793,treatment,desktop,0,249.23,19.99
12686,treatment,mobile,0,242.13,47.98
13737,control,tablet,0,226.32,49.37
1711,control,desktop,0,231.5,57.62
4315,treatment,desktop,0,188.74,112.2
11381,treatment,mobile,0,230.27,16.01
4311,treatment,desktop,0,163.87,87.17
14987,treatment,tablet,0,216.61,42.24
12153,treatment,mobile,0,183.68,144.49
10628,treatment,mobile,0,188.72,53.04
5860,treatment,desktop,0,204.73,59.03
14849,treatment,tablet,0,221.02,73.26
9002,control,mobile,0,225.24,40.59
14293,control,tablet,0,249.77,91.98
6969,control,mobile,0,189.45,72.54
6128,treatment,desktop,0,210.92,50.77
13933,control,tablet,0,220.33,55.51
7224,control,mobile,0,247.56,48.36
7606,control,mobile,0,231.38,54.19
3049,control,desktop,0,153.45,49.0
153,control,desktop,0,224.1,23.16
2991,control,desktop,0,243.08,94.23
10070,treatment,mobile,0,200.4,101.89
15778,treatment,tablet,0,203.27,70.59
7891,control,mobile,0,213.51,39.27
13095,treatment,mobile,0,205.85,68.65
2691,control,desktop,0,228.96,23.38
11012,treatment,mobile,0,301.33,38.69
12632,treatment,mobile,0,210.28,36.39
11553,treatment,mobile,0,230.14,83.28
14490,control,tablet,0,160.12,62.13
5848,treatment,desktop,0,252.57,65.87
6998,control,mobile,0,204.19,86.42
6039,treatment,desktop,0,202.91,63.13
13503,treatment,mobile,0,175.62,56.19
9963,control,mobile,0,298.89,21.35
636,control,desktop,0,214.41,51.09
7514,control,mobile,0,207.06,112.07
1678,control,desktop,0,207.52,31.57
15403,treatment,tablet,0,257.63,132.15
12439,treatment,mobile,0,179.16,77.36
7546,control,mobile,0,252.52,54.18
14168,control,tablet,1,213.22,48.53
6400,treatment,desktop,0,181.22,43.99
10261,treatment,mobile,0,210.89,114.57
11542,treatment,mobile,0,238.46,67.07
9088,control,mobile,0,257.19,58.22
2059,control,desktop,0,201.56,41.16
147,control,desktop,0,196.15,130.12
2127,control,desktop,0,178.93,70.37
8768,control,mobile,0,219.11,91.58
14064,control,tablet,0,191.41,59.91
6918,control,mobile,0,268.27,71.28
10999,treatment,mobile,0,228.33,71.93
2218,control,desktop,0,230.95,57.59
7864,control,mobile,0,214.01,42.57
12047,treatment,mobile,0,221.25,48.98
15703,treatment,tablet,0,211.99,44.42
10625,treatment,mobile,0,228.16,97.36
1268,control,desktop,0,220.59,30.66
6523,control,mobile,0,183.28,80.82
732,control,desktop,0,203.23,90.22
3399,treatment,desktop,1,195.23,62.74
11290,treatment,mobile,1,243.5,105.91
763,control,desktop,0,218.78,72.82
6999,control,mobile,0,190.21,53.09
2347,control,desktop,1,222.42,29.87
10266,treatment,mobile,0,199.9,33.97
8509,control,mobile,0,190.41,21.56
4775,treatment,desktop,0,152.02,28.25
14370,control,tablet,0,244.94,84.02
2125,control,desktop,0,244.77,54.36
14617,control,tablet,0,214.06,14.68
14186,control,tablet,0,163.09,76.57
15223,treatment,tablet,0,221.87,34.71
2104,control,desktop,0,219.88,90.5
8748,control,mobile,0,231.37,33.97
7851,control,mobile,0,192.35,45.38
12721,treatment,mobile,0,244.07,42.87
11887,treatment,mobile,0,230.11,63.42
9640,control,mobile,1,191.52,27.75
11312,treatment,mobile,0,235.82,46.4
7774,control,mobile,0,203.62,32.42
14529,control,tablet,0,126.61,51.44
6373,treatment,desktop,0,218.31,28.53
5067,treatment,desktop,0,203.94,65.26
15992,treatment,tablet,0,226.12,67.84
12490,treatment,mobile,0,215.92,42.98
3981,treatment,desktop,0,216.62,56.08
15361,treatment,tablet,0,253.61,48.11
7646,control,mobile,0,198.57,28.6
11483,treatment,mobile,0,228.02,33.91
3783,treatment,desktop,1,235.29,197.54
289,control,desktop,1,279.08,52.98
5748,treatment,desktop,0,211.38,36.05
4793,treatment,desktop,0,270.51,46.22
15558,treatment,tablet,0,233.76,27.34
4616,treatment,desktop,0,207.66,86.63
10663,treatment,mobile,0,223.86,17.63
9872,control,mobile,0,257.37,64.36
5679,treatment,desktop,0,269.15,66.78
6620,control,mobile,1,220.23,54.25
8702,control,mobile,0,206.72,72.27
9371,control,mobile,0,233.37,42.31
6053,treatment,desktop,0,201.6,50.09
12586,treatment,mobile,1,246.06,26.39
8473,control,mobile,0,220.09,124.32
5471,treatment,desktop,0,195.41,30.77
3737,treatment,desktop,0,235.7,24.12
10871,treatment,mobile,0,213.05,50.11
1138,control,desktop,0,183.57,177.35
11126,treatment,mobile,0,260.09,93.74
2030,control,desktop,0,157.34,75.45
4695,treatment,desktop,0,217.24,40.92
15287,treatment,tablet,0,253.92,43.54
342,control,desktop,0,302.74,32.92
2895,control,desktop,0,223.94,37.69
7731,control,mobile,0,249.0,77.08
5592,treatment,desktop,0,254.58,134.88
1409,control,desktop,0,202.51,100.34
708,control,desktop,0,209.07,34.03
9788,control,mobile,0,231.46,153.05
15556,treatment,tablet,0,192.08,26.88
4354,treatment,desktop,0,240.14,113.13
13017,treatment,mobile,1,160.04,39.36
5303,treatment,desktop,0,216.84,30.05
2032,control,desktop,0,259.06,75.02
13697,control,tablet,0,206.62,31.19
1013,control,desktop,0,230.31,49.36
9136,control,mobile,0,215.44,52.3
3636,treatment,desktop,0,183.57,39.21
4526,treatment,desktop,0,205.73,84.16
14139,control,tablet,0,231.02,16.65
13884,control,tablet,0,178.6,24.4
9178,control,mobile,0,212.47,139.89
13941,control,tablet,0,294.72,96.24
10944,treatment,mobile,0,205.13,35.33
8695,control,mobile,0,231.84,51.88
13008,treatment,mobile,0,207.7,64.1
7905,control,mobile,0,277.79,26.91
97,control,desktop,0,243.78,39.31
4091,treatment,desktop,0,230.54,23.69
738,control,desktop,0,224.27,45.1
9364,control,mobile,0,216.69,227.18
15355,treatment,tablet,0,136.55,95.33
13885,control,tablet,0,231.37,47.31
5356,treatment,desktop,0,210.61,73.56
3433,treatment,desktop,0,211.98,70.03
8835,control,mobile,0,205.5,49.97
5594,treatment,desktop,0,195.85,96.79
5092,treatment,desktop,1,217.25,83.7
10475,treatment,mobile,0,233.37,40.75
10690,treatment,mobile,0,254.23,52.34
12266,treatment,mobile,0,175.27,41.49
7733,control,mobile,0,208.9,41.71
1245,control,desktop,0,248.16,37.45
3068,control,desktop,0,175.9,74.22
9129,control,mobile,0,228.79,47.67
6423,control,mobile,1,153.8,80.59
8933,control,mobile,0,162.65,51.32
4329,treatment,desktop,0,220.28,29.9
9184,control,mobile,0,220.94,18.51
6288,treatment,desktop,0,275.27,40.32
7074,control,mobile,0,207.49,50.81
3566,treatment,desktop,0,209.19,42.66
11144,treatment,mobile,0,198.51,18.0
3318,treatment,desktop,0,223.95,30.02
4575,treatment,desktop,1,222.68,31.0
14707,control,tablet,0,183.21,11.2
1896,control,desktop,0,200.37,54.26
9433,control,mobile,0,207.06,92.95
6428,control,mobile,0,242.96,41.47
1352,control,desktop,0,262.17,53.25
5629,treatment,desktop,0,260.96,44.89
15152,treatment,tablet,0,254.45,65.13
12999,treatment,mobile,0,211.61,59.39
8605,control,mobile,0,178.99,26.34
4746,treatment,desktop,0,239.15,68.53
10156,treatment,mobile,0,179.54,58.67
1748,control,desktop,0,190.83,77.71
1023,control,desktop,0,237.76,47.02
5687,treatment,desktop,0,237.15,26.23
11952,treatment,mobile,0,196.28,69.75
3106,control,desktop,0,231.15,20.64
584,control,desktop,0,235.4,56.25
5125,treatment,desktop,1,268.59,31.87
14826,treatment,tablet,0,212.04,29.76
14349,control,tablet,0,214.51,106.36
14282,control,tablet,0,245.89,24.14
11668,treatment,mobile,0,229.69,28.91
8002,control,mobile,0,213.5,27.48
9121,control,mobile,0,185.3,31.57
10197,treatment,mobile,0,240.22,49.15
12152,treatment,mobile,0,239.38,24.31
1715,control,desktop,0,200.9,180.54
15631,treatment,tablet,0,219.6,20.21
5978,treatment,desktop,0,228.76,78.2
3809,treatment,desktop,0,216.41,39.07
7648,control,mobile,0,201.27,28.79
66,control,desktop,0,201.09,28.83
551,control,desktop,1,266.09,59.31
14861,treatment,tablet,0,242.98,29.63
2510,control,desktop,0,246.03,42.01
13129,treatment,mobile,1,245.96,35.31
7124,control,mobile,0,276.04,62.54
15104,treatment,tablet,1,242.12,23.52
13684,control,tablet,0,187.44,71.42
11681,treatment,mobile,0,197.15,87.5
876,control,desktop,0,221.78,35.93
2922,control,desktop,0,207.94,82.0
15736,treatment,tablet,0,210.27,44.94
12184,treatment,mobile,0,211.62,27.46
9689,control,mobile,0,190.12,60.0
3879,treatment,desktop,0,208.79,35.2
3239,treatment,desktop,0,195.41,31.7
15986,treatment,tablet,0,187.03,54.2
12556,treatment,mobile,0,205.72,120.86
5880,treatment,desktop,0,227.03,53.27
12000,treatment,mobile,0,232.23,32.87
7399,control,mobile,0,246.31,230.45
5984,treatment,desktop,0,177.49,24.99
3038,control,desktop,0,238.74,69.1
15373,treatment,tablet,0,214.61,58.14
5273,treatment,desktop,0,232.88,115.05
8337,control,mobile,0,214.47,55.01
13459,treatment,mobile,0,212.99,52.28
11075,treatment,mobile,0,210.37,52.88
2684,control,desktop,0,180.92,35.9
21,control,desktop,0,232.58,39.78
212,control,desktop,0,165.89,65.69
6793,control,mobile,0,230.27,100.48
14578,control,tablet,0,224.07,31.54
832,control,desktop,1,197.26,99.92
11875,treatment,mobile,0,217.24,42.4
4293,treatment,desktop,0,243.3,5600.97
5474,treatment,desktop,0,196.64,70.71
9892,control,mobile,0,149.77,68.49
2996,control,desktop,0,239.43,39.09
6002,treatment,desktop,0,202.21,52.29
1990,control,desktop,0,146.32,40.88
10672,treatment,mobile,0,216.2,63.72
10329,treatment,mobile,1,212.44,30.4
7627,control,mobile,0,224.7,70.27
14669,control,tablet,0,198.14,121.01
13662,control,tablet,0,254.47,26.14
10279,treatment,mobile,0,205.07,62.2
5135,treatment,desktop,1,206.06,34.49
11443,treatment,mobile,0,183.98,36.96
14192,control,tablet,0,173.34,43.56
2487,control,desktop,0,235.53,27.93
1531,control,desktop,0,288.15,52.64
3392,treatment,desktop,0,192.73,27.13
3929,treatment,desktop,0,247.12,59.19
5657,treatment,desktop,0,185.29,39.91
4741,treatment,desktop,0,184.01,52.28
1750,control,desktop,0,255.69,120.1
13157,treatment,mobile,0,170.2,40.13
13981,control,tablet,0,140.69,18.03
336,control,desktop,0,178.47,49.94
9556,control,mobile,0,250.44,45.66
454,control,desktop,0,240.59,51.53
15368,treatment,tablet,1,246.78,29.2
6500,control,mobile,0,190.82,48.13
5750,treatment,desktop,0,183.19,66.61
12986,treatment,mobile,0,227.52,24.97
413,control,desktop,0,205.18,84.22
3972,treatment,desktop,0,213.47,45.05
3390,treatment,desktop,0,255.59,55.72
8706,control,mobile,0,243.71,19.26
14674,control,tablet,0,214.01,69.41
10608,treatment,mobile,0,192.22,110.5
10412,treatment,mobile,0,254.78,48.3
2599,control,desktop,0,236.34,38.22
10280,treatment,mobile,0,209.76,26.84
4128,treatment,desktop,0,234.34,37.32
2207,control,desktop,1,276.97,84.18
6938,control,mobile,0,234.27,57.2
14385,control,tablet,0,243.89,26.93
10227,treatment,mobile,0,189.61,37.5
9176,control,mobile,0,237.62,50.34
11787,treatment,mobile,0,257.9,67.1
5310,treatment,desktop,0,206.74,107.96
10362,treatment,mobile,0,208.84,73.89
11910,treatment,mobile,0,195.47,55.31
3124,control,desktop,0,159.03,53.38
6552,control,mobile,0,223.31,50.46
12876,treatment,mobile,0,244.36,93.86
13372,treatment,mobile,1,227.58,87.44
12680,treatment,mobile,0,225.34,101.68
14430,control,tablet,1,197.07,44.71
10614,treatment,mobile,0,184.59,32.02
8121,control,mobile,0,244.38,90.94
8102,control,mobile,1,246.98,121.89
11539,treatment,mobile,0,286.53,23.31
12142,treatment,mobile,0,265.97,66.81
15767,treatment,tablet,0,225.97,51.7
1548,control,desktop,0,256.77,64.08
3589,treatment,desktop,0,226.84,12.41
10060,treatment,mobile,0,220.69,34.64
3280,treatment,desktop,0,191.27,68.52
11373,treatment,mobile,0,212.95,22.31
14271,control,tablet,1,248.12,100.94
3521,treatment,desktop,0,172.98,127.83
257,control,desktop,0,171.23,77.62
6703,control,mobile,0,183.05,59.76
6289,treatment,desktop,0,211.01,55.96
8426,control,mobile,0,256.21,63.0
14001,control,tablet,1,236.97,49.62
71,control,desktop,0,228.91,85.72
1295,control,desktop,0,228.04,49.84
12251,treatment,mobile,0,216.22,39.98
7509,control,mobile,0,255.74,30.74
8409,control,mobile,0,229.98,23.63
14624,control,tablet,0,226.12,106.19
14791,control,tablet,0,213.22,68.9
9470,control,mobile,0,201.17,49.59
11251,treatment,mobile,0,245.86,54.5
7801,control,mobile,0,264.5,18.82
1300,control,desktop,0,192.77,58.38
15159,treatment,tablet,1,250.59,17.16
6345,treatment,desktop,1,193.78,60.66
5580,treatment,desktop,0,215.71,42.05
7176,control,mobile,0,230.98,80.88
14777,control,tablet,1,195.99,96.58
9291,control,mobile,0,240.71,77.09
10489,treatment,mobile,0,227.89,57.5
12984,treatment,mobile,0,259.87,41.18
10555,treatment,mobile,0,248.99,46.45
11453,treatment,mobile,0,253.72,63.24
14485,control,tablet,0,208.67,52.34
15028,treatment,tablet,0,203.77,23.72
12891,treatment,mobile,1,230.51,62.04
5353,treatment,desktop,1,199.75,47.55
6769,control,mobile,0,212.36,30.02
10200,treatment,mobile,1,181.46,53.34
11937,treatment,mobile,0,259.72,67.75
4949,treatment,desktop,0,230.07,45.39
15447,treatment,tablet,0,235.12,42.05
13451,treatment,mobile,0,254.41,55.9
3410,treatment,desktop,1,243.42,24.48
15953,treatment,tablet,0,218.13,111.75
13837,control,tablet,0,248.49,95.25
13505,treatment,mobile,0,208.45,125.76
2893,control,desktop,0,186.23,19.12
4919,treatment,desktop,0,187.78,65.41
4656,treatment,desktop,0,215.27,26.69
14936,treatment,tablet,0,178.02,29.77
10335,treatment,mobile,0,210.66,56.45
2734,control,desktop,1,258.29,91.87
14807,treatment,tablet,0,230.71,74.69
114,control,desktop,0,242.04,42.92
7681,control,mobile,0,248.76,25.76
2146,control,desktop,0,217.8,79.73
3477,treatment,desktop,0,210.41,71.38
3388,treatment,desktop,0,230.74,38.67
2706,control,desktop,0,237.81,36.2
3694,treatment,desktop,0,207.79,26.3
10312,treatment,mobile,0,238.54,41.41
4218,treatment,desktop,0,236.45,63.32
5258,treatment,desktop,1,232.53,55.23
1973,control,desktop,0,231.06,35.38
2670,control,desktop,0,240.66,60.46
15517,treatment,tablet,0,205.83,38.52
14782,control,tablet,0,292.5,68.31
7877,control,mobile,0,192.72,31.78
214,control,desktop,0,243.53,34.26
14079,control,tablet,0,192.46,74.92
4609,treatment,desktop,0,262.67,46.35
12135,treatment,mobile,0,225.15,52.96
8565,control,mobile,0,244.8,23.35
13495,treatment,mobile,0,256.47,46.24
15958,treatment,tablet,0,194.38,67.1
10902,treatment,mobile,0,203.41,61.86
698,control,desktop,0,223.48,14.62
7582,control,mobile,1,234.9,84.27
5676,treatment,desktop,0,264.87,36.47
12252,treatment,mobile,0,232.02,24.78
3577,treatment,desktop,0,216.08,117.43
5677,treatment,desktop,0,232.8,47.94
1026,control,desktop,1,225.35,50.77
6572,control,mobile,0,252.67,38.71
8286,control,mobile,0,202.96,57.87
5391,treatment,desktop,0,202.62,59.43
14255,control,tablet,0,238.21,39.58
8650,control,mobile,0,198.44,101.42
15065,treatment,tablet,0,274.16,21.64
4465,treatment,desktop,0,260.13,71.42
3146,control,desktop,0,248.77,12.16
6808,control,mobile,1,259.31,62.85
1254,control,desktop,0,196.29,55.07
15916,treatment,tablet,0,195.21,32.09
13882,control,tablet,0,247.84,124.36
634,control,desktop,0,216.7,44.42
9280,control,mobile,0,210.72,161.09
14273,control,tablet,0,226.05,46.24
7517,control,mobile,0,215.59,74.59
4836,treatment,desktop,0,200.29,107.8
10409,treatment,mobile,0,266.36,31.19
8035,control,mobile,0,176.16,64.94
2972,control,desktop,0,231.38,35.17
9757,control,mobile,1,204.58,29.95
12833,treatment,mobile,0,224.92,176.14
9571,control,mobile,0,198.82,135.94
8853,control,mobile,0,211.54,16.93
4260,treatment,desktop,0,207.34,47.97
11182,treatment,mobile,0,206.55,57.95
2359,control,desktop,0,225.63,29.0
1605,control,desktop,0,211.47,93.31
2749,control,desktop,0,234.71,91.78
12371,treatment,mobile,0,208.52,24.27
1611,control,desktop,0,214.67,65.13
7043,control,mobile,0,257.79,27.33
2634,control,desktop,0,199.74,35.4
5875,treatment,desktop,0,253.61,84.31
14546,control,tablet,0,192.22,39.88
7577,control,mobile,0,157.5,51.5
6602,control,mobile,0,291.83,55.1
2557,control,desktop,1,261.02,82.61
33,control,desktop,0,244.88,23.3
1,control,desktop,0,226.45,50.32
302,control,desktop,1,172.53,49.88
1713,control,desktop,0,192.86,50.37
4882,treatment,desktop,0,233.07,40.72
4089,treatment,desktop,0,220.82,44.78
9552,control,mobile,0,193.88,54.38
1700,control,desktop,0,260.3,27.42
13280,treatment,mobile,0,195.24,101.58
2605,control,desktop,0,242.43,79.21
12786,treatment,mobile,1,234.35,54.46
13777,control,tablet,0,277.2,43.14
5497,treatment,desktop,0,193.41,78.5
5456,treatment,desktop,0,170.6,19.18
6958,control,mobile,1,235.01,38.98
3061,control,desktop,0,229.75,37.92
13590,treatment,mobile,0,213.82,119.3
5806,treatment,desktop,0,192.46,52.82
4540,treatment,desktop,0,205.46,43.49
14974,treatment,tablet,0,218.6,44.82
4714,treatment,desktop,1,231.19,50.74
12466,treatment,mobile,0,252.93,103.89
5685,treatment,desktop,0,217.21,67.85
2884,control,desktop,0,234.0,10.27
641,control,desktop,0,231.7,47.72
14621,control,tablet,0,183.16,50.95
8075,control,mobile,0,189.52,52.76
10468,treatment,mobile,0,202.28,20.04
2040,control,desktop,0,245.8,45.64
13019,treatment,mobile,0,225.61,37.44
8052,control,mobile,0,244.91,60.35
1689,control,desktop,0,173.15,179.88
7353,control,mobile,0,253.52,48.09
5786,treatment,desktop,0,224.9,67.81
15921,treatment,tablet,0,179.13,74.35
7875,control,mobile,0,259.23,59.3
11100,treatment,mobile,0,191.37,24.46
12825,treatment,mobile,0,207.21,30.08
10258,treatment,mobile,0,261.22,44.9
14075,control,tablet,0,206.05,108.89
9440,control,mobile,0,195.93,63.43
3215,treatment,desktop,0,189.87,40.73
2028,control,desktop,0,222.09,43.65
13174,treatment,mobile,0,267.27,131.2
4435,treatment,desktop,0,219.13,37.72
12974,treatment,mobile,0,275.79,24.31
12910,treatment,mobile,0,203.98,18.92
10751,treatment,mobile,0,225.41,76.8
95,control,desktop,0,244.43,68.49
6613,control,mobile,0,228.2,38.75
9020,control,mobile,0,239.68,50.38
10878,treatment,mobile,0,215.98,114.5
180,control,desktop,0,224.85,43.48
9675,control,mobile,0,237.37,36.12
9457,control,mobile,0,208.76,32.74
13184,treatment,mobile,0,282.64,60.39
10954,treatment,mobile,0,218.86,32.76
398,control,desktop,0,282.36,55.37
12554,treatment,mobile,0,259.95,45.09
8013,control,mobile,0,184.36,56.32
15796,treatment,tablet,0,219.38,58.3
4626,treatment,desktop,0,256.02,40.06
3487,treatment,desktop,0,244.46,35.01
10934,treatment,mobile,0,209.6,58.13
13756,control,tablet,0,185.86,35.62
8179,control,mobile,0,208.12,16.37
8232,control,mobile,0,200.2,111.28
13043,treatment,mobile,0,172.68,37.09
2349,control,desktop,0,186.88,26.62
1760,control,desktop,0,241.93,58.99
3326,treatment,desktop,0,214.04,25.66
11852,treatment,mobile,1,197.45,32.78
8676,control,mobile,0,184.09,41.14
10917,treatment,mobile,0,210.27,63.74
7836,control,mobile,0,217.48,95.14
4696,treatment,desktop,0,225.99,57.6
3022,control,desktop,0,257.75,70.82
15711,treatment,tablet,0,252.04,35.17
7249,control,mobile,0,197.69,59.16
9695,control,mobile,0,210.13,75.23
10365,treatment,mobile,0,271.16,54.7
13410,treatment,mobile,0,219.19,27.51
8532,control,mobile,0,235.46,41.41
7998,control,mobile,0,225.06,43.68
7584,control,mobile,1,215.16,16.14
13583,treatment,mobile,0,226.36,75.94
3142,control,desktop,0,205.19,25.54
3479,treatment,desktop,1,185.57,31.66
6292,treatment,desktop,0,202.15,52.92
10947,treatment,mobile,0,211.61,31.23
5940,treatment,desktop,0,242.86,47.15
14166,control,tablet,0,255.34,85.95
14426,control,tablet,0,171.41,58.6
11347,treatment,mobile,0,270.68,22.15
4910,treatment,desktop,1,235.09,37.95
9574,control,mobile,0,261.04,24.54
14256,control,tablet,0,208.54,49.69
3875,treatment,desktop,1,192.3,41.92
4400,treatment,desktop,0,249.55,55.52
5454,treatment,desktop,0,217.56,83.97
11217,treatment,mobile,0,236.35,35.63
15848,treatment,tablet,0,248.14,44.89
5598,treatment,desktop,0,189.35,105.62
13577,treatment,mobile,0,225.46,57.61
6374,treatment,desktop,0,215.47,32.24
11201,treatment,mobile,0,204.17,58.81
3386,treatment,desktop,0,258.53,32.53
3005,control,desktop,0,264.98,34.38
7003,control,mobile,0,196.62,41.67
8120,control,mobile,0,148.25,64.13
9573,control,mobile,0,191.18,20.26
13962,control,tablet,0,196.59,61.21
14887,treatment,tablet,0,222.13,31.42
12713,treatment,mobile,0,222.07,35.13
13031,treatment,mobile,0,238.29,70.12
8649,control,mobile,0,257.8,42.78
7697,control,mobile,0,226.07,74.07
3853,treatment,desktop,0,213.54,62.4
4549,treatment,desktop,0,236.85,44.57
10425,treatment,mobile,0,204.12,31.75
428,control,desktop,0,204.54,52.89
15569,treatment,tablet,1,191.42,71.43
4839,treatment,desktop,0,160.87,37.38
9143,control,mobile,0,225.84,26.8
10542,treatment,mobile,0,236.46,80.13
238,control,desktop,0,179.8,127.62
12361,treatment,mobile,0,265.45,26.56
5703,treatment,desktop,0,181.12,32.0
4371,treatment,desktop,0,236.44,46.03
10097,treatment,mobile,0,218.81,73.7
12996,treatment,mobile,1,158.18,25.03
1346,control,desktop,0,181.27,40.05
10361,treatment,mobile,0,205.99,27.11
14594,control,tablet,1,186.92,106.18
3363,treatment,desktop,0,228.86,104.26
8883,control,mobile,1,186.12,57.46
15156,treatment,tablet,0,198.97,36.17
9397,control,mobile,0,169.93,57.45
6231,treatment,desktop,0,223.53,39.76
13030,treatment,mobile,0,246.51,58.32
14825,treatment,tablet,0,194.84,74.97
926,control,desktop,0,252.22,36.28
4652,treatment,desktop,0,174.7,83.16
197,control,desktop,0,241.58,58.71
6163,treatment,desktop,0,253.04,25.81
8905,control,mobile,0,247.54,38.31
15550,treatment,tablet,0,249.81,84.4
11005,treatment,mobile,0,237.59,106.24
2018,control,desktop,0,220.4,58.33
7449,control,mobile,0,167.43,22.6
5682,treatment,desktop,0,230.37,45.88
8831,control,mobile,0,199.51,33.11
6883,control,mobile,1,222.64,3483.37
14182,control,tablet,0,275.83,51.23
9772,control,mobile,0,186.47,64.93
5960,treatment,desktop,1,206.65,30.56
10038,treatment,mobile,0,212.04,69.44
9593,control,mobile,0,205.65,110.52
8290,control,mobile,1,157.57,76.97
15193,treatment,tablet,0,194.75,49.51
10401,treatment,mobile,0,211.34,90.52
10305,treatment,mobile,0,217.08,42.04
7028,control,mobile,0,195.98,45.07
8271,control,mobile,0,237.63,58.4
10685,treatment,mobile,0,221.03,50.3
1639,control,desktop,0,213.32,65.7
6124,treatment,desktop,0,247.18,36.68
1241,control,desktop,0,187.27,24.4
11345,treatment,mobile,0,225.99,35.92
11471,treatment,mobile,0,162.44,44.16
10205,treatment,mobile,0,270.51,16.54
2041,control,desktop,0,232.14,29.26
15890,treatment,tablet,0,227.56,114.7
12560,treatment,mobile,0,204.47,24.28
14706,control,tablet,0,228.84,39.39
798,control,desktop,0,244.45,81.45
7890,control,mobile,0,207.55,78.44
2705,control,desktop,0,216.9,189.71
5654,treatment,desktop,0,252.08,71.41
7159,control,mobile,0,180.27,41.86
9289,control,mobile,0,228.77,27.83
8319,control,mobile,0,218.02,28.52
8442,control,mobile,1,258.15,50.86
8477,control,mobile,0,215.36,101.79
3881,treatment,desktop,0,228.67,12.59
572,control,desktop,0,183.89,113.56
3075,control,desktop,0,218.85,22.54
812,control,desktop,0,169.73,57.99
11109,treatment,mobile,0,166.71,63.04
8967,control,mobile,0,178.94,93.57
14903,treatment,tablet,0,180.75,47.36
2675,control,desktop,0,234.38,68.45
6882,control,mobile,0,242.06,23.95
12613,treatment,mobile,0,236.56,64.27
846,control,desktop,0,243.19,27.03
821,control,desktop,0,217.27,120.25
15669,treatment,tablet,0,213.39,51.77
14367,control,tablet,0,157.85,44.11
12955,treatment,mobile,0,232.92,32.88
14545,control,tablet,0,242.14,43.06
1662,control,desktop,1,245.09,49.8
1693,control,desktop,0,208.39,67.92
3126,control,desktop,1,276.31,36.85
9139,control,mobile,0,198.92,45.26
8881,control,mobile,0,271.82,84.94
15823,treatment,tablet,1,204.77,55.06
58,control,desktop,0,227.7,43.93
1721,control,desktop,0,225.68,20.98
15559,treatment,tablet,1,234.09,76.13
6880,control,mobile,0,221.16,52.57
11123,treatment,mobile,0,170.5,75.25
1786,control,desktop,1,235.46,49.21
9671,control,mobile,1,237.57,29.15
4808,treatment,desktop,0,227.43,107.47
399,control,desktop,0,177.21,76.88
7725,control,mobile,0,269.31,42.8
10978,treatment,mobile,0,250.74,61.82
1079,control,desktop,0,155.22,82.19
957,control,desktop,0,155.61,37.42
10567,treatment,mobile,0,206.61,79.51
14781,control,tablet,0,217.56,40.29
11574,treatment,mobile,0,245.56,70.05
3397,treatment,desktop,0,244.88,122.56
13361,treatment,mobile,0,251.16,100.12
7587,control,mobile,0,224.49,131.88
12696,treatment,mobile,0,171.21,29.58
8226,control,mobile,0,190.19,31.72
7488,control,mobile,0,160.71,25.26
11501,treatment,mobile,0,213.58,110.66
9310,control,mobile,0,209.43,40.59
7507,control,mobile,0,266.58,55.07
8343,control,mobile,0,219.68,97.78
5728,treatment,desktop,0,173.32,67.04
8903,control,mobile,0,199.17,40.48
9542,control,mobile,0,231.51,41.62
9669,control,mobile,0,207.13,65.87
15910,treatment,tablet,0,213.62,39.77
87,control,desktop,0,203.65,133.47
5559,treatment,desktop,1,249.93,49.61
1899,control,desktop,0,188.11,43.94
2937,control,desktop,0,191.06,40.54
2979,control,desktop,0,173.69,82.77
10151,treatment,mobile,0,166.18,26.01
15971,treatment,tablet,0,229.74,53.23
13923,control,tablet,0,191.87,84.04
11544,treatment,mobile,1,238.07,90.45
12084,treatment,mobile,0,231.84,57.14
14410,control,tablet,0,239.28,80.85
4524,treatment,desktop,0,221.41,99.02
9287,control,mobile,0,207.71,28.96
2699,control,desktop,0,221.04,21.03
1099,control,desktop,1,152.15,37.0
13992,control,tablet,1,157.23,21.36
13151,treatment,mobile,0,248.3,69.32
2199,control,desktop,0,195.24,20.04
11190,treatment,mobile,0,218.6,95.29
2259,control,desktop,1,217.65,33.55
11698,treatment,mobile,0,199.61,63.9
11240,treatment,mobile,0,160.05,67.13
9754,control,mobile,0,165.07,51.6
1794,control,desktop,0,187.13,43.71
7478,control,mobile,0,229.68,24.14
15706,treatment,tablet,0,272.84,25.44
6708,control,mobile,1,238.91,51.44
897,control,desktop,1,243.78,75.07
9686,control,mobile,0,240.36,83.11
13371,treatment,mobile,0,174.48,40.73
6055,treatment,desktop,0,219.75,41.82
6051,treatment,desktop,0,154.34,29.37
4398,treatment,desktop,0,284.81,64.39
13445,treatment,mobile,1,199.24,49.32
10505,treatment,mobile,0,221.48,33.97
14138,control,tablet,1,194.2,40.14
8011,control,mobile,0,245.39,36.15
98,control,desktop,0,193.17,79.72
3413,treatment,desktop,0,254.92,29.73
621,control,desktop,0,192.81,36.05
4648,treatment,desktop,0,193.96,79.55
10025,treatment,mobile,1,197.46,56.22
7624,control,mobile,0,199.39,51.15
14962,treatment,tablet,0,166.93,49.92
13419,treatment,mobile,0,232.95,62.53
5558,treatment,desktop,0,231.37,135.04
8379,control,mobile,0,234.52,74.3
3103,control,desktop,0,183.6,53.1
9420,control,mobile,0,214.14,55.36
8306,control,mobile,1,221.89,56.71
7561,control,mobile,0,182.0,33.08
12102,treatment,mobile,0,149.62,83.76
4155,treatment,desktop,0,245.83,79.63
1213,control,desktop,0,233.41,24.39
6522,control,mobile,0,172.9,25.62
10520,treatment,mobile,0,198.31,38.18
13620,control,tablet,0,259.14,34.99
2443,control,desktop,0,289.17,57.83
14406,control,tablet,0,190.11,72.13
13517,treatment,mobile,0,248.32,73.86
5011,treatment,desktop,0,260.75,28.05
7953,control,mobile,0,233.16,22.82
11196,treatment,mobile,0,207.92,87.3
11851,treatment,mobile,1,228.61,34.14
554,control,desktop,1,220.16,23.82
10551,treatment,mobile,0,221.08,34.59
1763,control,desktop,0,244.74,22.08
13134,treatment,mobile,0,259.24,35.81
12172,treatment,mobile,1,202.57,53.14
5667,treatment,desktop,0,229.64,41.62
843,control,desktop,1,191.48,55.6
3478,treatment,desktop,0,196.11,37.86
7391,control,mobile,0,215.07,47.91
2836,control,desktop,1,203.84,38.2
7283,control,mobile,0,256.79,102.57
3564,treatment,desktop,1,250.88,83.89
8588,control,mobile,0,200.17,23.23
4328,treatment,desktop,0,228.6,88.07
10715,treatment,mobile,0,162.63,23.02
13289,treatment,mobile,0,214.62,34.98
11464,treatment,mobile,0,225.28,44.79
1659,control,desktop,0,254.87,148.82
1912,control,desktop,0,227.94,41.98
5967,treatment,desktop,0,243.66,82.69
5323,treatment,desktop,0,236.71,48.16
5604,treatment,desktop,0,209.45,39.7
12591,treatment,mobile,0,238.06,47.22
11179,treatment,mobile,0,253.44,56.38
11390,treatment,mobile,0,177.74,47.2
6608,control,mobile,0,211.84,81.12
3562,treatment,desktop,1,215.31,38.57
4205,treatment,desktop,0,206.24,50.23
14244,control,tablet,0,182.72,42.64
12543,treatment,mobile,0,193.82,43.64
12837,treatment,mobile,1,208.7,45.26
4142,treatment,desktop,0,182.38,54.98
12994,treatment,mobile,0,212.56,32.51
11847,treatment,mobile,0,165.04,32.53
3912,treatment,desktop,0,242.87,41.24
11328,treatment,mobile,0,188.08,29.09
140,control,desktop,0,220.43,93.82
12577,treatment,mobile,1,229.37,77.71
15240,treatment,tablet,0,270.03,23.36
5851,treatment,desktop,0,322.96,35.3
9003,control,mobile,0,237.4,65.41
10969,treatment,mobile,0,180.07,47.74
8358,control,mobile,0,228.77,46.7
184,control,desktop,0,186.04,28.33
13807,control,tablet,0,198.23,42.03
8397,control,mobile,0,212.33,70.06
2726,control,desktop,0,280.91,17.99
5215,treatment,desktop,0,236.24,24.09
9679,control,mobile,0,211.77,46.03
11890,treatment,mobile,0,244.4,62.95
3919,treatment,desktop,0,240.69,117.58
3279,treatment,desktop,1,207.77,60.55
13411,treatment,mobile,0,191.47,34.25
12724,treatment,mobile,0,231.21,53.86
2821,control,desktop,0,240.01,54.76
3089,control,desktop,0,217.21,48.01
10834,treatment,mobile,0,296.61,34.89
6081,treatment,desktop,0,204.57,84.1
10596,treatment,mobile,0,222.39,31.86
10490,treatment,mobile,0,276.08,33.59
13492,treatment,mobile,0,296.73,47.38
14118,control,tablet,0,241.68,44.97
11854,treatment,mobile,0,211.46,35.62
2237,control,desktop,0,171.14,28.11
13200,treatment,mobile,0,184.34,67.93
14721,control,tablet,0,174.33,52.38
2842,control,desktop,1,163.29,30.25
11922,treatment,mobile,0,212.19,50.73
4052,treatment,desktop,0,225.02,59.82
10688,treatment,mobile,0,259.48,47.89
4072,treatment,desktop,1,218.15,82.25
15837,treatment,tablet,0,244.85,40.08
3057,control,desktop,0,264.0,40.1
12029,treatment,mobile,0,227.31,37.46
1112,control,desktop,0,254.84,49.01
14170,control,tablet,0,218.02,35.7
2774,control,desktop,0,216.05,105.49
12335,treatment,mobile,0,253.05,78.48
396,control,desktop,0,200.41,52.88
3955,treatment,desktop,0,206.03,48.83
2355,control,desktop,0,212.63,36.75
4511,treatment,desktop,0,256.34,39.74
9089,control,mobile,0,261.86,33.56
15563,treatment,tablet,0,253.73,15.55
12801,treatment,mobile,0,214.72,23.4
8028,control,mobile,0,188.9,66.7
8719,control,mobile,0,202.65,54.9
922,control,desktop,0,218.39,38.86
12339,treatment,mobile,1,199.28,30.59
2261,control,desktop,1,278.13,110.32
12648,treatment,mobile,0,254.86,67.39
11452,treatment,mobile,0,196.35,13.93
4238,treatment,desktop,0,163.0,20.11
4735,treatment,desktop,0,225.88,199.07
13702,control,tablet,0,250.83,42.74
4023,treatment,desktop,0,231.78,47.22
4162,treatment,desktop,0,182.75,42.19
13081,treatment,mobile,1,183.73,20.42
8456,control,mobile,0,209.98,62.53
5105,treatment,desktop,0,237.6,63.5
172,control,desktop,0,206.7,29.95
10514,treatment,mobile,0,197.92,60.61
4481,treatment,desktop,0,284.23,100.07
5291,treatment,desktop,1,244.15,56.89
10641,treatment,mobile,0,202.96,63.3
9257,control,mobile,0,208.37,69.3
2472,control,desktop,0,224.94,50.62
12025,treatment,mobile,0,201.25,64.46
4887,treatment,desktop,0,282.57,31.6
14955,treatment,tablet,0,225.97,54.03
8377,control,mobile,0,236.17,51.95
11584,treatment,mobile,0,235.43,34.64
4189,treatment,desktop,0,187.0,22.13
6092,treatment,desktop,1,247.79,119.8
7278,control,mobile,0,245.82,42.26
11316,treatment,mobile,0,239.08,82.39
11623,treatment,mobile,0,270.86,52.32
14854,treatment,tablet,0,167.5,58.88
12885,treatment,mobile,0,179.75,26.74
14550,control,tablet,0,226.98,28.65
2804,control,desktop,0,269.0,73.93
12290,treatment,mobile,0,247.78,40.75
2903,control,desktop,0,200.94,37.41
7607,control,mobile,0,236.78,69.96
2499,control,desktop,0,212.24,78.35
3377,treatment,desktop,0,209.14,26.58
3859,treatment,desktop,1,189.64,40.64
12685,treatment,mobile,0,217.1,75.36
11789,treatment,mobile,1,206.17,62.07
12298,treatment,mobile,0,227.63,25.83
3020,control,desktop,0,255.11,55.41
2156,control,desktop,0,220.35,43.63
4864,treatment,desktop,0,184.83,78.52
15354,treatment,tablet,0,190.07,28.22
10899,treatment,mobile,0,254.12,60.82
8729,control,mobile,0,205.21,76.06
745,control,desktop,0,219.24,27.77
8438,control,mobile,0,200.35,47.81
7057,control,mobile,0,185.2,48.83
7400,control,mobile,0,200.05,88.13
15682,treatment,tablet,1,188.74,66.0
7395,control,mobile,0,262.54,29.56
7026,control,mobile,0,206.06,43.86
13376,treatment,mobile,1,223.57,45.15
7422,control,mobile,0,237.32,24.32
7390,control,mobile,0,267.34,77.16
3506,treatment,desktop,0,193.01,36.72
12504,treatment,mobile,0,207.55,86.09
11705,treatment,mobile,0,173.55,41.54
4627,treatment,desktop,0,196.19,52.46
7519,control,mobile,0,238.8,31.43
9607,control,mobile,0,225.29,73.36
3835,treatment,desktop,0,234.81,30.94
6707,control,mobile,0,243.96,35.54
15080,treatment,tablet,0,188.05,40.71
6005,treatment,desktop,0,218.98,32.89
1400,control,desktop,0,211.41,75.71
11284,treatment,mobile,0,203.9,30.35
9276,control,mobile,0,217.15,42.65
12195,treatment,mobile,1,256.16,70.79
2525,control,desktop,0,238.92,44.43
11932,treatment,mobile,0,203.97,51.48
661,control,desktop,0,253.32,35.45
15625,treatment,tablet,0,234.45,71.51
14215,control,tablet,0,217.67,35.07
8085,control,mobile,0,284.67,58.09
6212,treatment,desktop,0,185.6,20.39
2955,control,desktop,0,213.54,66.34
7289,control,mobile,0,213.5,91.55
13425,treatment,mobile,0,183.66,100.75
14072,control,tablet,0,220.44,45.39
11689,treatment,mobile,0,217.16,87.06
5597,treatment,desktop,0,205.05,20.02
15385,treatment,tablet,0,256.42,35.51
11710,treatment,mobile,0,204.73,44.69
6941,control,mobile,0,204.29,92.8
2235,control,desktop,0,247.97,36.83
3744,treatment,desktop,1,166.26,35.77
13575,treatment,mobile,0,237.69,37.91
14993,treatment,tablet,0,273.04,107.83
15132,treatment,tablet,0,205.68,120.44
14185,control,tablet,0,224.55,29.16
9990,control,mobile,0,237.4,63.41
10719,treatment,mobile,0,213.17,39.75
851,control,desktop,0,160.15,33.9
5545,treatment,desktop,0,216.92,70.59
5394,treatment,desktop,0,220.8,48.06
1193,control,desktop,0,211.19,55.4
4888,treatment,desktop,1,232.07,68.52
5343,treatment,desktop,0,196.59,64.82
11086,treatment,mobile,0,234.58,27.5
11938,treatment,mobile,0,262.76,187.71
632,control,desktop,0,194.24,110.92
14895,treatment,tablet,1,201.49,79.77
288,control,desktop,0,239.72,74.34
754,control,desktop,0,238.4,4343.51
24,control,desktop,0,214.42,46.71
12831,treatment,mobile,0,196.77,27.74
14480,control,tablet,1,223.6,40.67
6619,control,mobile,0,233.8,37.05
12988,treatment,mobile,0,217.46,45.87
6732,control,mobile,0,189.13,56.14
12530,treatment,mobile,0,188.28,105.09
10216,treatment,mobile,0,201.1,41.63
13500,treatment,mobile,0,197.53,47.84
883,control,desktop,0,254.04,164.73
1202,control,desktop,0,243.1,29.06
10907,treatment,mobile,0,259.54,78.56
11232,treatment,mobile,1,193.83,59.88
13957,control,tablet,0,213.57,90.38
837,control,desktop,0,220.04,39.3
877,control,desktop,0,192.02,25.81
13074,treatment,mobile,0,183.48,50.6
9265,control,mobile,0,230.75,42.18
3001,control,desktop,0,187.4,38.07
13105,treatment,mobile,0,222.66,85.54
6907,control,mobile,0,254.93,52.7
15035,treatment,tablet,0,196.85,75.86
7486,control,mobile,0,231.97,48.24
10170,treatment,mobile,0,206.13,53.04
15477,treatment,tablet,1,251.6,50.5
12537,treatment,mobile,0,248.97,60.8
472,control,desktop,0,206.9,50.16
14238,control,tablet,1,216.68,81.5
7566,control,mobile,0,264.52,28.69
12717,treatment,mobile,0,215.89,67.74
6202,treatment,desktop,0,218.01,42.94
11066,treatment,mobile,0,135.21,45.38
1080,control,desktop,0,235.61,48.83
14387,control,tablet,1,192.13,75.29
5176,treatment,desktop,0,268.58,36.75
12966,treatment,mobile,1,225.1,18.57
13479,treatment,mobile,0,229.13,53.7
15318,treatment,tablet,0,219.33,107.07
1850,control,desktop,0,207.71,90.4
13682,control,tablet,0,227.37,52.89
276,control,desktop,0,275.96,72.52
11738,treatment,mobile,0,200.56,119.59
9727,control,mobile,0,237.61,116.13
11451,treatment,mobile,0,240.99,54.76
6267,treatment,desktop,0,197.6,67.05
14935,treatment,tablet,0,226.48,40.3
11084,treatment,mobile,0,258.23,99.03
4449,treatment,desktop,0,243.0,123.26
12930,treatment,mobile,0,200.06,63.47
14650,control,tablet,0,234.58,24.0
14554,control,tablet,0,222.97,58.32
11408,treatment,mobile,0,226.25,110.94
6460,control,mobile,0,216.67,32.57
707,control,desktop,0,241.75,38.11
9570,control,mobile,0,202.25,46.43
5448,treatment,desktop,1,228.55,28.24
6129,treatment,desktop,0,226.53,98.68
1054,control,desktop,0,250.83,22.02
6090,treatment,desktop,1,198.39,63.08
9212,control,mobile,0,247.72,54.51
4200,treatment,desktop,0,235.52,46.24
15076,treatment,tablet,0,227.07,52.1
1817,control,desktop,0,242.8,15.84
10926,treatment,mobile,1,192.02,20.44
1293,control,desktop,0,183.96,97.95
6144,treatment,desktop,0,190.55,52.22
5710,treatment,desktop,0,205.75,41.76
10450,treatment,mobile,0,205.77,50.06
11489,treatment,mobile,0,212.64,57.2
2468,control,desktop,0,219.89,21.38
9976,control,mobile,0,220.04,109.96
14818,treatment,tablet,0,234.21,55.91
2399,control,desktop,0,180.6,79.46
14102,control,tablet,1,191.31,82.64
15760,treatment,tablet,1,227.31,165.96
15836,treatment,tablet,0,290.99,34.84
14776,control,tablet,0,258.15,57.92
9296,control,mobile,0,201.35,65.24
29,control,desktop,0,247.71,107.2
5980,treatment,desktop,0,232.36,95.81
6243,treatment,desktop,0,262.62,66.81
9031,control,mobile,0,210.21,118.46
7080,control,mobile,0,186.88,9.76
10692,treatment,mobile,0,299.36,59.76
6117,treatment,desktop,0,200.86,35.58
2141,control,desktop,0,263.21,54.65
15086,treatment,tablet,0,203.67,92.29
9335,control,mobile,0,234.46,32.12
8340,control,mobile,0,250.6,23.84
4565,treatment,desktop,0,249.56,48.83
15075,treatment,tablet,0,203.82,76.38
3243,treatment,desktop,0,198.7,98.2
11810,treatment,mobile,0,205.73,26.35
9100,control,mobile,0,201.2,99.59
2570,control,desktop,0,175.6,40.35
15305,treatment,tablet,0,224.1,83.16
4471,treatment,desktop,0,200.73,84.57
2157,control,desktop,0,229.3,46.38
14156,control,tablet,0,234.13,26.25
6200,treatment,desktop,0,235.18,63.56
5000,treatment,desktop,0,268.85,78.3
8245,control,mobile,0,164.99,82.09
9188,control,mobile,0,208.08,19.93
9254,control,mobile,0,182.89,59.7
13407,treatment,mobile,0,202.97,62.97
15923,treatment,tablet,0,259.49,30.81
2898,control,desktop,1,229.49,55.15
12437,treatment,mobile,0,191.65,37.78
14549,control,tablet,0,172.03,43.64
6795,control,mobile,0,291.47,48.75
15281,treatment,tablet,0,209.74,28.87
12384,treatment,mobile,0,198.56,50.71
2546,control,desktop,0,224.73,80.39
13618,control,tablet,0,202.24,112.83
9537,control,mobile,0,272.05,73.12
13839,control,tablet,0,203.58,50.07
3973,treatment,desktop,1,204.56,33.2
12657,treatment,mobile,0,191.89,32.45
10593,treatment,mobile,0,269.33,12.47
6614,control,mobile,0,197.71,36.99
5656,treatment,desktop,0,218.72,59.6
8888,control,mobile,0,217.49,71.47
15785,treatment,tablet,0,239.08,73.84
14420,control,tablet,0,234.16,21.79
15734,treatment,tablet,0,223.09,30.5
4929,treatment,desktop,0,211.2,61.14
7121,control,mobile,0,218.52,37.75
12239,treatment,mobile,0,255.93,37.43
8630,control,mobile,1,213.65,26.21
12929,treatment,mobile,0,243.86,32.48
11473,treatment,mobile,0,208.37,27.0
5963,treatment,desktop,0,259.34,60.78
9294,control,mobile,0,233.81,67.18
1031,control,desktop,0,231.23,50.79
14913,treatment,tablet,0,176.68,48.24
6483,control,mobile,0,228.38,32.43
15915,treatment,tablet,0,208.5,23.76
1126,control,desktop,0,250.72,22.03
11402,treatment,mobile,0,227.78,99.59
15946,treatment,tablet,0,240.91,50.11
9761,control,mobile,1,191.99,59.42
10105,treatment,mobile,0,231.05,58.1
11127,treatment,mobile,0,229.15,69.76
5562,treatment,desktop,0,316.79,29.09
8764,control,mobile,0,231.49,96.65
1604,control,desktop,0,256.47,34.99
15397,treatment,tablet,0,247.1,45.91
13028,treatment,mobile,0,232.45,24.64
7614,control,mobile,0,255.93,67.06
9582,control,mobile,0,248.94,52.69
2398,control,desktop,0,236.32,71.6
6609,control,mobile,0,259.08,55.14
11234,treatment,mobile,0,221.72,16.23
11043,treatment,mobile,1,238.67,40.94
9311,control,mobile,0,209.44,83.02
4824,treatment,desktop,0,175.3,26.7
11957,treatment,mobile,0,166.65,91.88
15829,treatment,tablet,1,239.87,84.58
14105,control,tablet,0,190.32,33.5
8186,control,mobile,0,238.66,320.97
13520,treatment,mobile,0,212.03,62.54
3719,treatment,desktop,0,190.99,30.57
8531,control,mobile,1,192.22,33.68
5997,treatment,desktop,0,242.82,75.23
5308,treatment,desktop,0,248.76,25.88
4787,treatment,desktop,0,255.8,26.42
12975,treatment,mobile,0,280.69,63.24
5622,treatment,desktop,0,181.45,87.27
12783,treatment,mobile,0,175.41,29.98
374,control,desktop,0,265.67,71.45
7404,control,mobile,0,185.56,56.05
8549,control,mobile,0,161.34,69.57
3889,treatment,desktop,0,228.48,69.64
2623,control,desktop,0,233.39,59.52
5150,treatment,desktop,0,223.74,31.51
15659,treatment,tablet,0,222.64,44.84
7108,control,mobile,0,234.17,128.37
4985,treatment,desktop,1,211.91,115.59
14575,control,tablet,0,201.29,23.04
12660,treatment,mobile,0,242.78,37.28
11825,treatment,mobile,0,234.98,71.31
7979,control,mobile,0,188.21,17.31
443,control,desktop,0,226.79,87.32
79,control,desktop,0,237.81,65.88
5122,treatment,desktop,0,218.33,65.43
4216,treatment,desktop,1,190.03,104.71
12399,treatment,mobile,1,191.26,53.61
2827,control,desktop,0,219.27,48.05
2243,control,desktop,0,227.0,121.2
3821,treatment,desktop,0,200.87,68.53
12769,treatment,mobile,0,201.66,30.42
14728,control,tablet,0,181.71,31.01
1440,control,desktop,0,276.02,40.65
1478,control,desktop,0,182.9,31.79
9844,control,mobile,0,239.21,38.38
2084,control,desktop,0,225.92,29.74
8664,control,mobile,1,208.52,65.25
2369,control,desktop,0,191.88,70.75
1309,control,desktop,0,188.24,21.38
6623,control,mobile,1,188.84,3547.71
6237,treatment,desktop,0,208.73,43.17
3454,treatment,desktop,0,216.31,85.54
6367,treatment,desktop,0,202.89,44.77
12090,treatment,mobile,0,226.1,50.26
847,control,desktop,0,232.25,24.0
11759,treatment,mobile,0,236.08,31.75
15945,treatment,tablet,0,241.97,75.93
7372,control,mobile,0,249.53,96.65
839,control,desktop,1,253.28,20.63
7406,control,mobile,0,229.4,44.34
6161,treatment,desktop,0,286.1,80.63
1332,control,desktop,0,229.19,26.56
1991,control,desktop,0,247.1,93.29
6690,control,mobile,0,214.66,13.29
5954,treatment,desktop,0,166.09,53.92
9853,control,mobile,0,254.33,35.45
4489,treatment,desktop,0,207.58,28.31
519,control,desktop,0,201.82,38.31
13210,treatment,mobile,0,246.59,62.05
3175,control,desktop,0,252.0,28.11
7019,control,mobile,0,215.51,47.81
6314,treatment,desktop,1,216.08,30.92
2378,control,desktop,0,209.02,22.52
767,control,desktop,0,205.69,29.51
1399,control,desktop,0,256.55,46.89
3024,control,desktop,0,228.28,101.49
15094,treatment,tablet,1,199.29,22.18
3130,control,desktop,0,150.79,32.69
2738,control,desktop,0,203.32,23.94
684,control,desktop,0,259.69,48.29
7070,control,mobile,0,198.43,40.74
157,control,desktop,0,183.97,32.52
15345,treatment,tablet,0,269.83,45.16
5856,treatment,desktop,0,251.78,57.37
15175,treatment,tablet,0,255.97,14.34
7632,control,mobile,0,229.91,80.68
1314,control,desktop,0,214.36,36.21
10626,treatment,mobile,0,273.14,33.72
3091,control,desktop,0,223.06,56.66
8749,control,mobile,0,216.48,43.17
9908,control,mobile,0,211.62,102.14
9940,control,mobile,0,218.49,116.53
3769,treatment,desktop,0,232.8,46.01
6368,treatment,desktop,0,189.66,65.18
7619,control,mobile,0,200.99,58.01
8823,control,mobile,0,255.22,39.96
3858,treatment,desktop,0,207.68,116.01
7056,control,mobile,1,170.47,16.6
10237,treatment,mobile,0,237.73,65.26
8500,control,mobile,0,253.87,42.49
5547,treatment,desktop,1,230.56,25.78
60,control,desktop,0,252.4,33.19
11604,treatment,mobile,0,215.39,121.91
11467,treatment,mobile,0,229.44,137.85
220,control,desktop,0,211.67,71.99
9352,control,mobile,0,275.78,34.54
4184,treatment,desktop,0,220.46,28.78
12535,treatment,mobile,0,223.86,84.27
13824,control,tablet,0,234.73,67.32
12454,treatment,mobile,0,201.96,90.13
15572,treatment,tablet,1,193.52,46.78
2234,control,desktop,0,182.45,89.61
8195,control,mobile,0,256.96,56.06
10119,treatment,mobile,0,191.7,41.06
4130,treatment,desktop,1,273.3,36.92
11304,treatment,mobile,0,217.82,78.16
14952,treatment,tablet,0,233.57,27.68
9292,control,mobile,0,243.43,63.55
1482,control,desktop,0,216.98,85.59
10043,treatment,mobile,0,229.45,90.97
8877,control,mobile,0,273.78,64.62
8088,control,mobile,0,280.81,42.3
4737,treatment,desktop,0,246.36,61.45
15129,treatment,tablet,0,193.6,41.0
5195,treatment,desktop,1,185.97,50.06
779,control,desktop,1,202.13,46.11
9701,control,mobile,0,270.48,28.86
3590,treatment,desktop,1,213.61,38.16
3361,treatment,desktop,0,212.7,60.73
3665,treatment,desktop,0,199.72,22.58
2899,control,desktop,1,196.9,50.6
8256,control,mobile,1,228.61,48.2
9042,control,mobile,0,250.59,23.23
226,control,desktop,0,221.46,201.51
939,control,desktop,0,256.12,65.96
2724,control,desktop,0,181.75,30.46
5111,treatment,desktop,0,220.09,83.04
12850,treatment,mobile,0,238.84,95.07
11602,treatment,mobile,0,218.36,93.86
8856,control,mobile,0,245.85,51.8
4805,treatment,desktop,0,217.23,32.38
9771,control,mobile,0,205.26,30.8
6539,control,mobile,0,234.01,33.45
850,control,desktop,0,222.56,21.81
748,control,desktop,0,252.39,35.87
13069,treatment,mobile,0,209.36,62.97
9918,control,mobile,0,132.14,58.17
3711,treatment,desktop,0,222.02,28.95
5659,treatment,desktop,0,254.28,26.56
2679,control,desktop,0,219.96,51.7
954,control,desktop,0,199.4,40.02
3440,treatment,desktop,0,244.51,40.09
15901,treatment,tablet,0,214.05,67.86
3351,treatment,desktop,0,174.6,39.05
6182,treatment,desktop,1,242.96,70.86
12867,treatment,mobile,0,239.85,52.0
2361,control,desktop,0,203.22,52.1
6519,control,mobile,0,211.44,50.14
6649,control,mobile,0,222.78,26.94
8994,control,mobile,0,191.92,47.92
14709,control,tablet,0,247.55,71.84
8671,control,mobile,1,199.33,121.57
7688,control,mobile,0,255.83,134.64
3194,control,desktop,0,195.02,66.87
11106,treatment,mobile,0,206.11,66.21
4415,treatment,desktop,0,243.82,54.94
4163,treatment,desktop,0,228.82,78.12
12405,treatment,mobile,0,254.54,21.86
7127,control,mobile,1,231.46,21.77
1853,control,desktop,0,228.77,30.72
6840,control,mobile,0,203.17,50.82
9795,control,mobile,0,215.52,122.08
11688,treatment,mobile,0,165.99,39.67
14615,control,tablet,0,194.21,63.41
8757,control,mobile,0,246.73,115.41
7585,control,mobile,0,221.87,65.23
5100,treatment,desktop,0,142.58,28.55
769,control,desktop,0,278.49,33.47
6664,control,mobile,0,262.65,115.62
376,control,desktop,0,204.9,55.29
3000,control,desktop,0,187.98,30.1
11534,treatment,mobile,0,255.59,44.52
3672,treatment,desktop,1,209.93,64.27
2262,control,desktop,1,164.04,17.94
8461,control,mobile,0,286.61,41.93
13927,control,tablet,0,206.03,51.64
4174,treatment,desktop,1,207.28,20.65
13573,treatment,mobile,0,239.75,146.05
5628,treatment,desktop,0,215.22,76.48
7492,control,mobile,0,215.99,51.04
10381,treatment,mobile,0,186.88,56.62
3947,treatment,desktop,1,194.78,134.31
8516,control,mobile,0,242.27,58.13
3520,treatment,desktop,0,255.67,105.23
14879,treatment,tablet,0,163.72,74.78
2287,control,desktop,1,196.67,22.96
12809,treatment,mobile,0,226.23,73.13
3177,control,desktop,0,242.23,44.31
9426,control,mobile,0,233.37,39.6
9043,control,mobile,0,192.85,37.24
5256,treatment,desktop,0,194.13,20.38
7451,control,mobile,0,187.9,35.05
15846,treatment,tablet,0,241.94,36.75
8895,control,mobile,0,222.39,61.59
2451,control,desktop,0,136.33,45.42
10789,treatment,mobile,1,196.18,63.74
1491,control,desktop,0,204.05,31.36
9245,control,mobile,0,227.61,22.46
2652,control,desktop,1,286.56,23.84
14774,control,tablet,0,171.4,30.48
6511,control,mobile,0,228.42,58.27
6540,control,mobile,0,241.03,128.05
7750,control,mobile,0,182.31,46.04
12905,treatment,mobile,0,217.13,70.83
4571,treatment,desktop,0,153.96,65.99
1810,control,desktop,0,185.76,27.24
10484,treatment,mobile,0,206.04,28.06
6312,treatment,desktop,0,214.79,48.6
13844,control,tablet,0,156.16,58.19
12992,treatment,mobile,0,202.32,83.82
4093,treatment,desktop,0,229.29,52.08
6641,control,mobile,0,181.83,60.34
6721,control,mobile,0,179.47,40.17
13256,treatment,mobile,0,208.33,48.73
3369,treatment,desktop,0,209.57,105.07
8067,control,mobile,0,206.68,77.78
1567,control,desktop,0,237.87,33.0
5084,treatment,desktop,0,157.01,63.12
9427,control,mobile,0,189.02,25.69
6858,control,mobile,0,161.76,36.14
728,control,desktop,1,222.23,34.94
13430,treatment,mobile,0,244.02,117.74
9852,control,mobile,0,218.0,54.84
6079,treatment,desktop,0,230.22,32.56
6505,control,mobile,0,240.45,52.16
5839,treatment,desktop,0,251.17,22.68
10721,treatment,mobile,0,140.57,45.81
7597,control,mobile,0,205.55,37.25
15411,treatment,tablet,1,227.3,92.34
7958,control,mobile,0,214.95,78.1
5863,treatment,desktop,1,191.82,52.79
356,control,desktop,0,204.48,39.68
9350,control,mobile,0,252.55,81.69
12797,treatment,mobile,1,229.84,48.74
10843,treatment,mobile,0,218.77,65.88
10562,treatment,mobile,0,261.15,34.09
8658,control,mobile,0,245.98,33.08
6727,control,mobile,0,226.9,25.0
13794,control,tablet,0,183.18,54.32
4829,treatment,desktop,0,198.55,52.12
12279,treatment,mobile,0,223.77,61.13
7853,control,mobile,0,215.73,102.47
4794,treatment,desktop,0,218.6,30.5
15041,treatment,tablet,0,209.01,56.48
15592,treatment,tablet,0,203.65,111.71
15604,treatment,tablet,0,246.94,107.43
8284,control,mobile,0,174.39,55.21
8076,control,mobile,0,222.49,34.4
12567,treatment,mobile,0,254.61,60.19
7508,control,mobile,0,210.8,39.25
8627,control,mobile,0,240.8,63.5
11646,treatment,mobile,0,250.66,48.4
1972,control,desktop,0,235.0,49.42
14679,control,tablet,0,221.01,50.46
13446,treatment,mobile,0,249.87,144.46
4577,treatment,desktop,0,222.41,61.74
15383,treatment,tablet,0,220.36,28.73
3977,treatment,desktop,0,194.1,87.63
6767,control,mobile,0,211.39,64.34
6658,control,mobile,0,212.27,34.27
3838,treatment,desktop,0,248.46,55.19
8517,control,mobile,1,216.74,187.24
8709,control,mobile,0,183.4,70.62
15855,treatment,tablet,0,271.64,48.84
7615,control,mobile,0,150.92,95.48
3631,treatment,desktop,0,151.84,42.16
5874,treatment,desktop,0,251.48,37.36
14003,control,tablet,0,180.59,43.18
5798,treatment,desktop,0,224.21,86.74
10584,treatment,mobile,0,226.35,22.8
4763,treatment,desktop,0,206.53,92.08
14494,control,tablet,0,194.67,32.03
9082,control,mobile,0,194.05,124.02
9262,control,mobile,0,254.15,79.4
15030,treatment,tablet,0,234.02,73.76
14466,control,tablet,0,207.05,63.24
4617,treatment,desktop,0,209.89,71.62
4946,treatment,desktop,1,249.82,79.38
7338,control,mobile,0,252.6,59.97
6826,control,mobile,0,190.23,34.59
1862,control,desktop,0,235.27,34.39
12355,treatment,mobile,0,245.16,47.51
2401,control,desktop,0,187.34,41.39
7506,control,mobile,0,261.48,41.01
11520,treatment,mobile,0,247.3,80.41
11174,treatment,mobile,0,205.65,49.94
12145,treatment,mobile,0,209.45,23.0
13743,control,tablet,0,219.8,41.94
13924,control,tablet,0,268.37,54.52
15705,treatment,tablet,1,214.91,28.64
3772,treatment,desktop,0,242.06,27.81
10273,treatment,mobile,1,233.1,47.63
13032,treatment,mobile,0,172.64,47.39
7168,control,mobile,0,216.47,18.58
10136,treatment,mobile,0,202.31,29.35
4643,treatment,desktop,0,220.45,59.94
7644,control,mobile,0,246.76,28.33
11656,treatment,mobile,0,205.44,62.99
1510,control,desktop,0,257.52,59.58
8030,control,mobile,0,208.57,30.18
13904,control,tablet,0,234.09,62.87
13271,treatment,mobile,0,241.52,70.11
5775,treatment,desktop,0,240.3,56.84
5189,treatment,desktop,0,225.67,43.57
1851,control,desktop,0,203.85,34.67
2229,control,desktop,0,205.04,28.71
10092,treatment,mobile,1,151.32,42.19
5567,treatment,desktop,0,240.26,9.6
9267,control,mobile,0,185.13,70.5
4827,treatment,desktop,0,248.67,74.62
5133,treatment,desktop,0,153.05,98.95
9995,control,mobile,0,168.7,59.41
15529,treatment,tablet,0,176.88,131.37
9529,control,mobile,0,277.13,114.41
10631,treatment,mobile,0,255.81,34.46
12342,treatment,mobile,0,168.71,99.94
14241,control,tablet,0,184.85,39.54
1953,control,desktop,0,193.9,20.23
7403,control,mobile,0,242.18,103.35
9191,control,mobile,0,223.31,40.06
13589,treatment,mobile,0,276.3,86.68
15644,treatment,tablet,0,213.5,21.67
8861,control,mobile,0,242.21,20.76
12391,treatment,mobile,0,232.25,52.72
3667,treatment,desktop,0,232.0,50.8
7148,control,mobile,0,194.09,35.48
8997,control,mobile,0,217.35,40.33
12366,treatment,mobile,0,217.55,104.11
13312,treatment,mobile,0,194.05,62.15
11449,treatment,mobile,1,214.51,52.66
6913,control,mobile,0,196.03,151.17
9690,control,mobile,0,267.84,65.14
4479,treatment,desktop,0,209.32,42.85
1420,control,desktop,0,236.19,78.21
7100,control,mobile,0,268.96,50.24
14037,control,tablet,0,193.44,33.91
10181,treatment,mobile,0,205.19,99.08
13810,control,tablet,0,231.9,52.9
8896,control,mobile,0,198.29,58.96
1665,control,desktop,0,241.45,34.42
3144,control,desktop,0,223.44,26.77
7922,control,mobile,0,196.88,86.82
13048,treatment,mobile,0,192.56,46.26
9639,control,mobile,0,213.23,31.4
8216,control,mobile,0,196.34,71.88
15113,treatment,tablet,0,200.9,43.1
8593,control,mobile,0,227.51,29.17
6491,control,mobile,0,225.6,40.29
4483,treatment,desktop,0,226.69,36.65
14441,control,tablet,0,249.17,28.9
7639,control,mobile,0,278.5,24.33
183,control,desktop,0,205.65,61.19
5717,treatment,desktop,1,160.44,26.82
10388,treatment,mobile,0,210.41,21.65
2645,control,desktop,0,187.22,85.43
7252,control,mobile,0,224.4,68.05
1146,control,desktop,0,214.48,45.37
5739,treatment,desktop,0,199.51,54.94
771,control,desktop,0,235.1,90.57
6806,control,mobile,0,186.68,39.97
15131,treatment,tablet,0,194.41,53.28
14613,control,tablet,0,211.19,72.41
8526,control,mobile,0,237.67,44.58
3233,treatment,desktop,1,205.67,60.96
2721,control,desktop,0,207.77,158.77
5252,treatment,desktop,0,242.36,56.53
14362,control,tablet,0,205.83,34.54
10504,treatment,mobile,0,196.89,37.87
14073,control,tablet,0,211.63,27.81
452,control,desktop,0,236.19,40.81
15678,treatment,tablet,0,221.22,65.85
3895,treatment,desktop,0,208.76,58.27
1775,control,desktop,0,209.05,48.24
9837,control,mobile,0,224.04,74.48
14306,control,tablet,0,260.02,64.52
9110,control,mobile,0,167.3,131.29
10377,treatment,mobile,0,177.85,30.67
637,control,desktop,0,214.31,43.8
14278,control,tablet,0,256.49,45.92
11913,treatment,mobile,0,212.56,70.31
11457,treatment,mobile,0,202.34,47.39
7261,control,mobile,0,280.45,46.22
8840,control,mobile,0,173.85,16.78
7919,control,mobile,0,182.63,74.8
3201,treatment,desktop,0,214.91,115.14
11769,treatment,mobile,0,238.11,55.24
191,control,desktop,1,248.98,25.56
12921,treatment,mobile,1,174.08,32.31
15237,treatment,tablet,1,235.3,67.4
3118,control,desktop,0,229.16,46.6
12913,treatment,mobile,0,245.3,34.66
8158,control,mobile,0,187.19,38.66
5,control,desktop,0,229.77,89.89
6137,treatment,desktop,1,213.24,66.52
8610,control,mobile,0,222.0,39.97
14528,control,tablet,0,216.98,88.68
15870,treatment,tablet,0,209.55,34.83
560,control,desktop,0,232.53,79.04
13309,treatment,mobile,0,221.86,36.99
7799,control,mobile,0,172.15,31.47
9937,control,mobile,0,197.31,77.07
5692,treatment,desktop,0,243.39,104.38
6050,treatment,desktop,1,196.63,23.1
4027,treatment,desktop,1,238.18,48.14
2283,control,desktop,0,213.88,38.27
12001,treatment,mobile,0,240.65,20.15
11429,treatment,mobile,0,268.28,55.05
12858,treatment,mobile,0,243.96,69.93
15577,treatment,tablet,0,209.19,21.4
14094,control,tablet,0,222.91,79.29
1546,control,desktop,0,189.99,69.19
4994,treatment,desktop,0,222.25,41.46
12471,treatment,mobile,0,233.37,43.68
12571,treatment,mobile,1,209.2,61.74
14889,treatment,tablet,0,234.42,101.55
9657,control,mobile,0,303.53,53.1
1326,control,desktop,0,212.31,76.07
5196,treatment,desktop,0,221.85,72.97
11057,treatment,mobile,0,210.03,38.29
5833,treatment,desktop,0,199.27,75.03
9306,control,mobile,1,255.26,45.48
2110,control,desktop,0,231.11,98.59
751,control,desktop,0,269.64,90.32
14239,control,tablet,0,132.39,49.08
9734,control,mobile,0,218.28,24.04
4011,treatment,desktop,0,185.84,63.55
13260,treatment,mobile,0,257.3,61.15
11329,treatment,mobile,0,130.04,79.13
14603,control,tablet,0,238.68,63.4
11664,treatment,mobile,0,197.81,30.79
15908,treatment,tablet,0,132.67,25.34
8092,control,mobile,0,218.21,27.82
293,control,desktop,1,259.44,45.63
5701,treatment,desktop,0,163.74,59.11
9211,control,mobile,0,229.7,52.28
421,control,desktop,0,235.86,30.78
7409,control,mobile,0,220.12,52.21
115,control,desktop,0,190.28,54.05
5832,treatment,desktop,0,218.21,131.01
13368,treatment,mobile,1,208.34,51.95
2750,control,desktop,0,215.08,74.94
13466,treatment,mobile,1,216.2,37.56
7415,control,mobile,0,223.23,49.78
12189,treatment,mobile,0,205.04,71.35
2226,control,desktop,0,235.28,60.83
4886,treatment,desktop,0,262.81,40.83
1131,control,desktop,0,206.73,119.58
4053,treatment,desktop,0,220.17,54.4
7312,control,mobile,0,230.21,151.35
1672,control,desktop,0,151.67,27.32
2635,control,desktop,1,178.13,56.99
272,control,desktop,0,230.19,53.66
3053,control,desktop,1,215.7,101.74
8228,control,mobile,1,191.21,51.2
10345,treatment,mobile,0,253.55,32.62
614,control,desktop,1,208.52,81.89
13502,treatment,mobile,0,214.28,83.22
4723,treatment,desktop,1,255.69,39.34
15826,treatment,tablet,1,214.81,46.59
12007,treatment,mobile,0,227.78,26.84
12842,treatment,mobile,0,271.82,25.09
1498,control,desktop,0,201.7,31.34
6070,treatment,desktop,0,245.92,25.54
1042,control,desktop,0,207.59,33.83
2790,control,desktop,0,207.19,38.96
8692,control,mobile,1,166.0,43.87
12483,treatment,mobile,0,247.6,39.46
5671,treatment,desktop,0,231.85,43.47
482,control,desktop,1,215.3,28.94
13346,treatment,mobile,0,222.66,17.09
2325,control,desktop,0,202.76,33.76
8359,control,mobile,0,275.77,15.46
5579,treatment,desktop,0,232.91,63.71
4179,treatment,desktop,0,305.39,92.13
12232,treatment,mobile,0,282.96,34.55
11673,treatment,mobile,0,285.85,43.75
6532,control,mobile,0,204.7,34.33
1864,control,desktop,0,225.02,43.73
11110,treatment,mobile,0,166.98,108.96
13977,control,tablet,0,190.91,82.78
8402,control,mobile,0,193.62,40.52
4530,treatment,desktop,0,203.44,47.2
4548,treatment,desktop,0,228.77,38.25
10095,treatment,mobile,0,225.65,44.15
12212,treatment,mobile,1,195.11,63.02
3460,treatment,desktop,0,298.23,52.03
15452,treatment,tablet,0,214.07,37.49
12945,treatment,mobile,1,260.58,48.34
857,control,desktop,0,233.42,41.5
4733,treatment,desktop,0,222.76,69.19
8356,control,mobile,0,237.58,39.71
15304,treatment,tablet,0,195.54,45.66
513,control,desktop,1,205.52,136.42
7380,control,mobile,0,209.45,30.23
6827,control,mobile,0,222.38,75.31
10397,treatment,mobile,0,234.18,50.0
10950,treatment,mobile,0,240.96,52.84
14860,treatment,tablet,0,167.15,106.59
3156,control,desktop,0,172.72,22.03
6357,treatment,desktop,0,208.64,28.56
5797,treatment,desktop,0,201.66,57.33
1570,control,desktop,1,216.61,30.47
7473,control,mobile,0,220.73,22.07
10436,treatment,mobile,0,197.44,97.38
11661,treatment,mobile,0,236.65,36.16
13709,control,tablet,1,204.63,65.03
12788,treatment,mobile,0,184.51,116.44
5130,treatment,desktop,0,159.96,57.73
5074,treatment,desktop,0,186.46,133.62
15188,treatment,tablet,0,225.86,47.92
9683,control,mobile,0,278.99,25.47
3673,treatment,desktop,0,186.18,14.33
1781,control,desktop,1,198.14,107.55
13798,control,tablet,0,254.64,101.36
11965,treatment,mobile,1,266.35,74.63
12752,treatment,mobile,0,211.02,21.37
12673,treatment,mobile,0,177.66,33.0
4170,treatment,desktop,0,254.26,37.01
10174,treatment,mobile,0,280.61,49.48
3545,treatment,desktop,0,166.91,26.99
5790,treatment,desktop,0,199.08,16.7
13745,control,tablet,0,216.67,58.82
729,control,desktop,0,242.43,46.61
13669,control,tablet,0,243.56,50.36
15043,treatment,tablet,0,194.28,57.76
4598,treatment,desktop,0,242.55,98.51
1250,control,desktop,0,179.67,76.54
12792,treatment,mobile,0,186.08,29.84
11320,treatment,mobile,1,254.66,54.34
5129,treatment,desktop,1,203.38,88.38
11037,treatment,mobile,1,200.55,25.23
15843,treatment,tablet,0,241.42,28.7
11435,treatment,mobile,1,199.43,47.92
5745,treatment,desktop,1,201.62,57.99
5590,treatment,desktop,0,262.13,68.33
1455,control,desktop,0,180.99,27.47
223,control,desktop,1,241.36,113.43
200,control,desktop,0,182.3,89.11
8470,control,mobile,0,272.78,63.25
14458,control,tablet,0,219.72,72.41
3949,treatment,desktop,0,246.45,28.07
15338,treatment,tablet,0,222.34,104.15
6730,control,mobile,0,226.61,42.96
11437,treatment,mobile,0,242.65,45.9
8213,control,mobile,0,209.77,38.12
15416,treatment,tablet,0,229.9,53.76
3945,treatment,desktop,1,158.94,67.18
5769,treatment,desktop,0,135.87,39.3
15461,treatment,tablet,1,183.82,72.04
12796,treatment,mobile,0,247.91,30.88
14602,control,tablet,0,221.74,89.21
1840,control,desktop,0,230.79,47.19
15963,treatment,tablet,0,262.47,31.55
3016,control,desktop,0,236.54,74.3
9777,control,mobile,0,242.86,114.39
14642,control,tablet,0,229.6,41.31
8790,control,mobile,0,198.97,21.01
2273,control,desktop,1,238.94,27.39
4394,treatment,desktop,0,224.65,45.94
10515,treatment,mobile,0,212.54,86.19
2403,control,desktop,0,232.63,66.89
8670,control,mobile,1,151.94,36.1
2553,control,desktop,0,252.93,43.18
6151,treatment,desktop,0,212.75,27.24
2773,control,desktop,1,275.83,58.03
9563,control,mobile,0,214.59,71.2
2690,control,desktop,0,214.5,87.7
12753,treatment,mobile,0,169.45,34.54
10143,treatment,mobile,0,255.93,35.19
4061,treatment,desktop,0,218.61,24.92
2783,control,desktop,0,265.91,42.05
14066,control,tablet,0,232.55,53.46
609,control,desktop,0,263.48,22.04
706,control,desktop,0,255.8,37.62
6585,control,mobile,1,251.75,36.57
12720,treatment,mobile,0,187.51,40.58
11821,treatment,mobile,0,235.69,74.8
10499,treatment,mobile,0,236.31,74.16
8957,control,mobile,0,240.96,76.35
10225,treatment,mobile,1,184.87,71.15
1905,control,desktop,0,217.44,4442.09
5051,treatment,desktop,0,264.14,47.41
1096,control,desktop,0,222.78,20.18
15375,treatment,tablet,0,217.38,47.81
15701,treatment,tablet,0,182.73,27.62
3030,control,desktop,0,199.54,41.25
7428,control,mobile,0,235.85,29.48
10001,treatment,mobile,0,167.95,51.72
6317,treatment,desktop,0,190.08,47.42
532,control,desktop,0,220.62,45.11
714,control,desktop,0,202.57,55.17
12284,treatment,mobile,0,179.71,45.38
9502,control,mobile,0,208.6,37.0
15362,treatment,tablet,0,212.59,34.04
8759,control,mobile,0,261.27,41.96
371,control,desktop,1,190.0,34.38
8080,control,mobile,0,199.98,49.94
12990,treatment,mobile,0,196.97,16.32
10754,treatment,mobile,0,203.58,53.16
12914,treatment,mobile,0,207.07,40.62
9876,control,mobile,0,215.67,138.2
7119,control,mobile,0,239.0,28.75
2022,control,desktop,0,161.01,24.25
411,control,desktop,0,242.12,95.17
5866,treatment,desktop,1,229.78,87.84
205,control,desktop,0,230.75,80.62
9432,control,mobile,0,204.82,17.83
8400,control,mobile,1,207.94,21.78
8068,control,mobile,0,242.77,34.53
8408,control,mobile,0,240.58,33.37
9275,control,mobile,0,236.73,49.3
3178,control,desktop,0,213.95,57.37
11807,treatment,mobile,0,202.56,35.57
5447,treatment,desktop,0,231.89,20.77
14096,control,tablet,0,230.89,56.06
1636,control,desktop,0,212.94,27.29
12347,treatment,mobile,0,179.75,40.73
2969,control,desktop,0,189.49,42.14
11663,treatment,mobile,0,219.14,107.97
9996,control,mobile,0,223.39,29.23
3496,treatment,desktop,0,246.95,33.13
1768,control,desktop,0,210.34,34.81
13656,control,tablet,0,267.52,19.3
15185,treatment,tablet,0,202.21,92.82
2096,control,desktop,0,190.97,39.93
9811,control,mobile,0,211.16,89.71
4873,treatment,desktop,0,174.21,42.75
15264,treatment,tablet,0,241.58,52.02
13902,control,tablet,0,251.02,158.93
4505,treatment,desktop,0,225.17,36.79
3217,treatment,desktop,0,243.56,59.54
6148,treatment,desktop,0,173.77,45.7
13304,treatment,mobile,0,251.2,46.2
9025,control,mobile,0,203.97,45.58
8242,control,mobile,0,250.41,46.29
9548,control,mobile,0,219.3,70.87
2954,control,desktop,0,225.56,31.22
5119,treatment,desktop,0,183.11,78.08
8513,control,mobile,0,243.03,94.76
5964,treatment,desktop,0,248.81,54.3
14759,control,tablet,1,203.93,28.45
12840,treatment,mobile,0,223.09,37.92
13402,treatment,mobile,0,212.19,78.48
6123,treatment,desktop,0,220.05,55.36
2581,control,desktop,0,237.7,66.3
9861,control,mobile,0,249.8,75.95
6980,control,mobile,0,245.3,63.52
9360,control,mobile,0,211.62,44.86
4937,treatment,desktop,0,192.53,52.06
5969,treatment,desktop,0,211.02,82.32
13042,treatment,mobile,0,244.18,91.5
13586,treatment,mobile,0,261.63,65.86
14779,control,tablet,0,240.15,73.93
3403,treatment,desktop,0,180.47,58.18
2181,control,desktop,0,224.13,49.23
7931,control,mobile,0,213.27,57.19
14403,control,tablet,0,289.99,28.67
4312,treatment,desktop,0,241.26,33.77
6025,treatment,desktop,0,210.79,87.31
5648,treatment,desktop,0,246.25,58.17
4835,treatment,desktop,0,280.29,25.29
2568,control,desktop,0,177.75,51.09
8698,control,mobile,0,188.4,66.59
2464,control,desktop,0,222.13,42.63
176,control,desktop,1,193.0,62.28
14874,treatment,tablet,0,230.5,44.49
13667,control,tablet,0,210.59,35.5
13800,control,tablet,0,211.65,44.32
10462,treatment,mobile,0,240.93,17.27
15164,treatment,tablet,0,237.95,78.15
4940,treatment,desktop,0,215.47,74.03
567,control,desktop,0,241.04,65.66
8507,control,mobile,0,228.2,39.87
12133,treatment,mobile,0,225.87,54.71
5920,treatment,desktop,0,214.99,53.48
12566,treatment,mobile,0,172.08,37.25
15995,treatment,tablet,0,240.12,66.37
7035,control,mobile,0,202.64,51.67
2503,control,desktop,0,248.67,81.19
10235,treatment,mobile,1,172.96,65.53
9654,control,mobile,0,282.72,127.22
9601,control,mobile,0,255.69,85.84
8960,control,mobile,0,200.55,170.08
8433,control,mobile,1,240.42,111.75
8884,control,mobile,0,192.35,21.65
14359,control,tablet,0,240.3,38.24
2329,control,desktop,0,221.08,73.4
7685,control,mobile,1,248.28,86.72
9122,control,mobile,1,203.48,124.1
590,control,desktop,0,247.17,35.48
12829,treatment,mobile,0,249.3,53.46
14193,control,tablet,0,157.18,126.2
1228,control,desktop,0,196.35,159.37
3297,treatment,desktop,1,250.73,42.39
14317,control,tablet,0,271.58,114.64
10651,treatment,mobile,0,256.95,53.11
10413,treatment,mobile,0,273.19,31.98
12424,treatment,mobile,0,192.94,47.47
5072,treatment,desktop,0,236.63,88.16
15469,treatment,tablet,0,189.52,37.56
10883,treatment,mobile,1,220.23,44.06
8007,control,mobile,0,195.44,40.69
6074,treatment,desktop,0,271.56,23.37
8281,control,mobile,0,243.18,28.82
6630,control,mobile,0,192.19,60.55
2982,control,desktop,0,241.69,51.2
449,control,desktop,0,247.01,90.04
9848,control,mobile,0,254.93,74.65
12925,treatment,mobile,0,236.29,30.68
9094,control,mobile,0,196.45,67.9
8975,control,mobile,0,277.01,122.9
10657,treatment,mobile,0,227.09,121.57
792,control,desktop,0,203.69,38.21
5754,treatment,desktop,0,252.09,28.99
12486,treatment,mobile,0,251.41,74.19
2875,control,desktop,0,259.59,66.8
3043,control,desktop,0,208.73,37.02
6379,treatment,desktop,0,230.75,38.76
6003,treatment,desktop,0,224.52,30.77
5332,treatment,desktop,0,248.52,45.52
194,control,desktop,0,217.58,48.71
6545,control,mobile,0,203.04,42.79
8991,control,mobile,0,237.22,20.37
12467,treatment,mobile,0,176.68,102.24
989,control,desktop,0,245.89,28.72
15933,treatment,tablet,0,239.94,21.33
6891,control,mobile,0,237.98,99.18
1674,control,desktop,0,276.72,35.86
9001,control,mobile,0,264.09,34.81
13249,treatment,mobile,0,233.91,20.18
15066,treatment,tablet,0,226.87,79.31
2759,control,desktop,0,262.84,30.31
15905,treatment,tablet,1,159.9,37.84
3432,treatment,desktop,0,257.41,42.0
7303,control,mobile,0,142.34,28.51
9066,control,mobile,0,251.7,83.11
8209,control,mobile,0,221.14,35.78
11237,treatment,mobile,0,216.91,116.83
2221,control,desktop,0,238.71,44.71
7389,control,mobile,0,206.72,20.01
14431,control,tablet,0,240.3,29.26
8983,control,mobile,0,227.37,58.89
2915,control,desktop,0,218.83,72.89
10588,treatment,mobile,0,209.84,50.75
9825,control,mobile,0,235.51,61.88
11930,treatment,mobile,1,290.71,54.73
6724,control,mobile,0,241.07,55.7
14046,control,tablet,0,215.24,44.83
11089,treatment,mobile,0,178.39,105.33
1706,control,desktop,1,243.69,72.73
7961,control,mobile,0,218.68,40.73
11557,treatment,mobile,1,198.63,61.1
6296,treatment,desktop,1,228.1,97.38
7723,control,mobile,0,226.98,73.48
10566,treatment,mobile,0,218.69,22.91
5193,treatment,desktop,0,188.29,59.73
2201,control,desktop,0,238.82,54.49
15692,treatment,tablet,0,262.17,41.09
2111,control,desktop,0,222.85,32.68
7462,control,mobile,0,258.28,94.45
3621,treatment,desktop,0,182.11,23.1
13912,control,tablet,1,254.57,62.24
7443,control,mobile,0,228.62,90.24
4894,treatment,desktop,1,275.41,40.44
12300,treatment,mobile,1,232.01,86.87
10936,treatment,mobile,0,176.7,45.02
8230,control,mobile,0,225.17,40.42
5481,treatment,desktop,0,205.47,61.58
5705,treatment,desktop,0,273.37,95.41
7197,control,mobile,0,175.23,49.43
3336,treatment,desktop,1,244.41,29.37
12827,treatment,mobile,0,210.46,47.62
14461,control,tablet,0,196.95,52.35
2855,control,desktop,0,231.95,55.47
3926,treatment,desktop,1,188.68,38.16
15389,treatment,tablet,0,182.13,86.85
269,control,desktop,0,235.15,27.86
8901,control,mobile,0,166.17,29.99
2764,control,desktop,0,226.04,92.31
13534,treatment,mobile,1,215.17,53.49
2458,control,desktop,0,258.25,57.18
887,control,desktop,0,221.27,40.03
14560,control,tablet,1,188.32,60.97
10842,treatment,mobile,0,240.7,189.99
9496,control,mobile,0,265.24,44.48
2219,control,desktop,0,208.3,27.93
12744,treatment,mobile,0,224.67,176.04
5766,treatment,desktop,0,257.53,59.44
14586,control,tablet,0,163.56,35.28
7218,control,mobile,0,209.53,30.15
5968,treatment,desktop,0,195.36,76.12
14207,control,tablet,0,250.81,109.18
2288,control,desktop,0,160.79,67.07
14714,control,tablet,0,241.52,53.15
11283,treatment,mobile,0,188.93,107.52
7325,control,mobile,0,236.95,84.6
12615,treatment,mobile,0,205.95,33.72
2772,control,desktop,0,208.1,24.47
4663,treatment,desktop,0,213.58,39.41
15813,treatment,tablet,0,206.82,166.93
15777,treatment,tablet,0,182.39,66.2
10574,treatment,mobile,0,195.1,18.48
12237,treatment,mobile,0,235.76,34.64
4572,treatment,desktop,0,231.32,22.86
11874,treatment,mobile,1,197.0,88.09
10856,treatment,mobile,0,235.24,13.35
14805,treatment,tablet,0,219.64,67.45
8346,control,mobile,1,238.47,40.06
10423,treatment,mobile,0,216.37,100.68
15172,treatment,tablet,0,211.64,35.74
856,control,desktop,0,167.67,71.65
4022,treatment,desktop,0,218.54,62.46
1069,control,desktop,0,172.86,40.26
3639,treatment,desktop,0,241.26,54.28
8315,control,mobile,0,263.38,57.54
8820,control,mobile,1,182.29,46.56
11101,treatment,mobile,0,230.06,28.99
4997,treatment,desktop,0,284.3,49.81
3765,treatment,desktop,0,219.85,97.15
1364,control,desktop,0,249.56,83.29
9431,control,mobile,0,269.9,177.45
7162,control,mobile,0,210.0,63.82
13052,treatment,mobile,0,232.87,170.18
11525,treatment,mobile,0,242.43,79.51
9439,control,mobile,0,147.05,35.35
14766,control,tablet,1,218.82,45.41
664,control,desktop,0,198.37,24.06
3764,treatment,desktop,1,197.01,58.68
6380,treatment,desktop,1,163.48,111.69
11242,treatment,mobile,0,188.1,33.4
14916,treatment,tablet,0,176.88,24.69
1061,control,desktop,0,225.49,16.95
11655,treatment,mobile,0,176.6,31.06
4111,treatment,desktop,0,206.52,63.32
12367,treatment,mobile,0,241.74,69.89
12949,treatment,mobile,0,168.05,164.59
4269,treatment,desktop,0,236.86,18.94
2481,control,desktop,0,258.18,102.64
4506,treatment,desktop,1,157.29,82.07
6615,control,mobile,0,226.19,41.53
3643,treatment,desktop,0,188.21,22.18
9616,control,mobile,0,215.26,88.75
15118,treatment,tablet,0,229.13,115.8
3500,treatment,desktop,0,226.96,63.24
3995,treatment,desktop,0,207.35,66.25
8654,control,mobile,0,294.08,47.35
1534,control,desktop,0,245.95,36.02
14345,control,tablet,0,191.23,89.18
15894,treatment,tablet,0,263.59,50.75
864,control,desktop,0,219.93,45.22
13991,control,tablet,0,259.87,49.3
2119,control,desktop,0,177.58,32.48
10334,treatment,mobile,0,205.02,50.29
6135,treatment,desktop,0,245.11,5604.05
13165,treatment,mobile,0,208.54,100.52
3380,treatment,desktop,1,221.04,42.18
4754,treatment,desktop,0,201.59,28.59
15051,treatment,tablet,0,284.76,36.53
6934,control,mobile,0,262.68,168.0
11092,treatment,mobile,1,219.08,27.09
13631,control,tablet,0,184.35,59.71
13177,treatment,mobile,0,271.14,27.61
8495,control,mobile,1,184.95,111.89
2650,control,desktop,1,195.16,54.55
6983,control,mobile,1,213.07,36.68
3411,treatment,desktop,0,249.18,54.64
14149,control,tablet,0,236.07,40.16
9346,control,mobile,0,214.67,47.35
14720,control,tablet,0,260.5,75.32
15381,treatment,tablet,0,183.66,14.87
13834,control,tablet,0,234.03,119.78
7651,control,mobile,0,163.29,37.69
7464,control,mobile,0,257.36,59.37
10483,treatment,mobile,0,202.03,76.84
9692,control,mobile,0,210.49,55.66
14899,treatment,tablet,0,222.92,70.46
5157,treatment,desktop,0,202.31,40.95
6009,treatment,desktop,0,215.25,46.15
11388,treatment,mobile,0,262.41,38.14
6524,control,mobile,0,226.33,50.68
5288,treatment,desktop,0,213.71,28.91
14631,control,tablet,0,253.72,60.12
7062,control,mobile,0,227.44,20.69
870,control,desktop,0,191.68,75.29
12495,treatment,mobile,0,204.2,81.46
7983,control,mobile,0,200.0,44.34
9871,control,mobile,0,221.21,33.43
13726,control,tablet,0,246.73,36.47
11030,treatment,mobile,0,176.65,39.28
7130,control,mobile,0,235.2,33.02
1288,control,desktop,0,279.34,36.69
4865,treatment,desktop,0,214.34,22.09
12350,treatment,mobile,1,278.1,46.14
10297,treatment,mobile,1,245.23,93.35
5172,treatment,desktop,0,236.16,103.06
797,control,desktop,0,257.74,27.98
8666,control,mobile,0,269.8,41.42
2108,control,desktop,1,224.34,31.73
10275,treatment,mobile,0,173.9,70.31
2062,control,desktop,0,229.16,23.08
13639,control,tablet,0,184.98,53.7
13323,treatment,mobile,0,175.17,46.95
14007,control,tablet,0,224.49,57.37
4633,treatment,desktop,0,229.98,107.33
8934,control,mobile,0,165.03,35.71
3376,treatment,desktop,0,228.98,40.43
15239,treatment,tablet,0,207.97,61.9
9925,control,mobile,0,264.22,77.72
10327,treatment,mobile,0,241.02,70.48
10087,treatment,mobile,0,244.18,36.36
1396,control,desktop,0,199.79,13.92
6066,treatment,desktop,0,202.82,36.63
13259,treatment,mobile,0,220.09,31.16
12480,treatment,mobile,0,199.09,33.93
10570,treatment,mobile,0,209.3,24.64
8430,control,mobile,0,185.54,121.22
3679,treatment,desktop,0,248.3,25.62
10714,treatment,mobile,0,262.39,60.5
2913,control,desktop,0,240.93,52.9
300,control,desktop,0,206.64,53.69
11362,treatment,mobile,0,224.58,69.66
2086,control,desktop,0,210.03,22.7
12794,treatment,mobile,1,253.98,55.26
8248,control,mobile,0,231.38,71.32
11076,treatment,mobile,0,263.92,17.13
10932,treatment,mobile,0,231.36,104.33
13243,treatment,mobile,0,217.21,48.09
2341,control,desktop,0,225.74,43.68
1301,control,desktop,1,239.19,3096.92
15431,treatment,tablet,0,226.41,34.62
12289,treatment,mobile,0,196.95,25.66
3899,treatment,desktop,1,215.98,63.85
7232,control,mobile,0,241.76,37.89
10144,treatment,mobile,0,271.22,54.98
4803,treatment,desktop,0,240.66,58.68
2279,control,desktop,1,178.1,25.13
5576,treatment,desktop,0,228.17,48.65
13325,treatment,mobile,0,228.65,47.74
6885,control,mobile,0,217.29,96.04
1869,control,desktop,0,198.5,39.51
13452,treatment,mobile,0,244.29,33.86
7071,control,mobile,0,208.04,84.01
6909,control,mobile,0,216.1,48.79
11305,treatment,mobile,0,174.44,28.71
14078,control,tablet,0,222.01,30.0
1255,control,desktop,0,232.66,65.09
2070,control,desktop,0,221.57,137.05
14552,control,tablet,0,206.94,44.13
14297,control,tablet,0,232.01,78.9
15242,treatment,tablet,0,255.8,20.16
15966,treatment,tablet,0,204.3,49.67
1908,control,desktop,0,185.57,29.7
4553,treatment,desktop,0,237.31,18.24
10177,treatment,mobile,0,216.2,51.02
348,control,desktop,0,215.91,47.93
13316,treatment,mobile,0,253.74,41.1
11159,treatment,mobile,0,184.18,35.14
8622,control,mobile,0,201.23,42.09
8444,control,mobile,0,224.17,62.67
10296,treatment,mobile,0,220.9,38.6
2748,control,desktop,0,250.18,74.42
6069,treatment,desktop,0,281.0,51.64
12340,treatment,mobile,0,177.0,55.14
14736,control,tablet,0,186.64,22.53
2673,control,desktop,0,223.62,38.22
2769,control,desktop,0,211.86,24.54
15978,treatment,tablet,0,246.23,90.25
13691,control,tablet,0,229.55,52.31
15707,treatment,tablet,0,255.83,65.34
13614,control,tablet,0,256.19,42.79
1163,control,desktop,0,206.44,71.08
7316,control,mobile,1,192.89,91.06
15619,treatment,tablet,0,281.72,132.43
9985,control,mobile,0,187.54,97.38
4215,treatment,desktop,0,208.86,32.43
1617,control,desktop,1,266.12,36.02
14002,control,tablet,0,208.4,53.07
5276,treatment,desktop,0,245.46,38.17
4423,treatment,desktop,0,255.94,67.72
13020,treatment,mobile,0,175.99,71.63
1550,control,desktop,0,206.25,64.26
2878,control,desktop,0,270.78,93.77
7346,control,mobile,0,198.23,33.23
5498,treatment,desktop,0,202.24,36.21
3818,treatment,desktop,0,232.3,98.4
2693,control,desktop,1,243.97,72.97
3010,control,desktop,1,222.78,70.96
13897,control,tablet,1,212.99,24.41
15111,treatment,tablet,0,183.83,25.87
9682,control,mobile,0,301.49,63.8
4740,treatment,desktop,0,170.98,133.64
11675,treatment,mobile,0,214.62,129.74
12542,treatment,mobile,0,226.42,104.13
11717,treatment,mobile,0,175.04,38.97
270,control,desktop,0,263.4,27.17
14667,control,tablet,1,216.24,24.6
9648,control,mobile,0,232.45,55.26
6603,control,mobile,0,210.58,96.68
14599,control,tablet,0,190.82,89.64
14348,control,tablet,0,233.04,27.54
4051,treatment,desktop,0,161.23,38.88
7021,control,mobile,0,254.32,57.44
12416,treatment,mobile,0,259.93,45.85
11980,treatment,mobile,0,224.96,30.71
4009,treatment,desktop,0,215.46,57.31
15268,treatment,tablet,1,217.58,33.83
12815,treatment,mobile,0,281.63,34.97
12009,treatment,mobile,0,210.97,37.92
8677,control,mobile,0,230.44,60.39
2002,control,desktop,0,246.24,37.06
145,control,desktop,0,246.17,36.39
4622,treatment,desktop,0,233.78,41.34
14558,control,tablet,0,233.56,21.64
2316,control,desktop,0,181.16,48.43
15976,treatment,tablet,0,217.25,50.4
15098,treatment,tablet,0,180.73,57.27
10036,treatment,mobile,1,202.51,40.7
1572,control,desktop,1,173.62,58.83
12144,treatment,mobile,0,212.87,81.67
12435,treatment,mobile,0,223.55,64.44
1280,control,desktop,0,258.89,47.92
11615,treatment,mobile,0,222.87,58.61
6494,control,mobile,0,251.07,28.0
15015,treatment,tablet,0,227.46,47.26
6986,control,mobile,1,229.07,31.52
9345,control,mobile,0,211.74,40.73
15606,treatment,tablet,0,208.02,81.5
10048,treatment,mobile,0,198.08,40.89
5909,treatment,desktop,0,185.62,19.04
8570,control,mobile,0,255.53,21.49
8592,control,mobile,0,265.3,39.27
9153,control,mobile,1,255.65,59.81
8276,control,mobile,0,201.01,28.15
11530,treatment,mobile,0,231.41,47.38
11407,treatment,mobile,0,244.98,34.21
3827,treatment,desktop,0,219.29,44.93
2598,control,desktop,0,234.15,57.04
9600,control,mobile,0,216.96,55.74
11630,treatment,mobile,0,199.59,30.36
13115,treatment,mobile,1,215.84,55.23
12912,treatment,mobile,0,207.43,16.71
12848,treatment,mobile,0,177.17,61.92
15425,treatment,tablet,0,197.41,97.9
6718,control,mobile,0,254.85,43.4
5731,treatment,desktop,0,258.22,37.02
10812,treatment,mobile,0,230.35,31.79
4108,treatment,desktop,0,199.85,36.61
6271,treatment,desktop,0,182.32,14.52
15102,treatment,tablet,0,214.07,38.99
7987,control,mobile,1,227.84,19.79
4131,treatment,desktop,0,251.51,58.6
10948,treatment,mobile,0,229.83,32.86
6315,treatment,desktop,1,222.85,72.57
13935,control,tablet,0,262.11,48.03
14784,control,tablet,0,248.59,108.21
11227,treatment,mobile,0,175.61,40.06
6794,control,mobile,0,201.72,42.32
10526,treatment,mobile,0,215.99,78.08
3758,treatment,desktop,0,270.0,33.43
37,control,desktop,0,199.56,43.11
15869,treatment,tablet,1,206.26,63.83
4651,treatment,desktop,0,241.58,27.97
3330,treatment,desktop,0,262.73,18.49
8150,control,mobile,0,205.43,38.51
12107,treatment,mobile,0,217.98,78.04
4129,treatment,desktop,0,203.0,69.67
7152,control,mobile,0,206.24,39.32
14653,control,tablet,0,190.02,66.34
4928,treatment,desktop,0,244.57,27.62
15332,treatment,tablet,0,196.24,63.89
2309,control,desktop,0,255.96,41.98
2392,control,desktop,0,256.8,64.87
11618,treatment,mobile,0,256.87,55.06
9527,control,mobile,0,180.5,56.09
3704,treatment,desktop,0,250.69,88.53
8982,control,mobile,0,253.36,35.81
12915,treatment,mobile,1,207.82,49.22
4561,treatment,desktop,0,213.03,70.56
11002,treatment,mobile,0,256.98,35.46
3607,treatment,desktop,0,214.89,161.19
1613,control,desktop,0,198.43,51.67
14476,control,tablet,0,205.57,54.8
12207,treatment,mobile,0,169.04,48.73
10622,treatment,mobile,0,202.89,37.23
14020,control,tablet,0,264.88,24.35
6076,treatment,desktop,1,233.21,23.59
5128,treatment,desktop,0,224.38,42.89
11927,treatment,mobile,0,174.11,39.26
14098,control,tablet,0,261.01,124.38
11778,treatment,mobile,1,219.73,88.44
4331,treatment,desktop,0,170.45,36.71
14026,control,tablet,0,263.65,25.71
4432,treatment,desktop,0,227.05,33.95
7489,control,mobile,0,201.57,106.71
5060,treatment,desktop,0,257.29,90.95
4015,treatment,desktop,0,181.79,70.94
1150,control,desktop,0,252.99,71.82
15334,treatment,tablet,0,293.69,57.11
14454,control,tablet,0,253.22,32.05
8976,control,mobile,0,196.18,148.75
11793,treatment,mobile,0,236.11,71.86
3182,control,desktop,0,264.29,28.33
7702,control,mobile,0,214.28,88.78
5146,treatment,desktop,0,194.33,27.38
1628,control,desktop,1,281.16,83.8
10979,treatment,mobile,1,197.55,28.06
8765,control,mobile,0,240.74,43.52
7348,control,mobile,0,225.25,40.65
1071,control,desktop,0,251.36,77.9
3391,treatment,desktop,0,195.48,62.6
2701,control,desktop,0,229.74,121.52
4348,treatment,desktop,0,185.04,97.06
4632,treatment,desktop,0,256.89,53.74
12976,treatment,mobile,0,218.45,19.91
15630,treatment,tablet,0,205.22,34.95
3732,treatment,desktop,0,212.81,39.85
5314,treatment,desktop,0,204.59,44.13
13986,control,tablet,0,197.38,62.67
11118,treatment,mobile,0,183.94,89.73
7314,control,mobile,0,232.78,35.56
14464,control,tablet,0,161.03,50.91
11805,treatment,mobile,0,217.99,25.06
14967,treatment,tablet,0,204.11,55.5
5093,treatment,desktop,0,232.56,36.63
10313,treatment,mobile,0,226.94,34.44
5581,treatment,desktop,0,200.98,39.77
15036,treatment,tablet,0,210.49,38.85
2168,control,desktop,1,197.78,42.73
2346,control,desktop,0,213.19,77.49
5453,treatment,desktop,0,210.05,49.28
15802,treatment,tablet,0,252.15,43.91
4387,treatment,desktop,0,251.67,61.09
7356,control,mobile,0,229.53,96.03
1328,control,desktop,0,216.8,94.3
5246,treatment,desktop,0,192.73,53.66
6915,control,mobile,0,246.12,105.12
8391,control,mobile,1,213.11,32.92
4278,treatment,desktop,0,197.57,38.41
512,control,desktop,0,258.55,82.13
15243,treatment,tablet,0,262.32,69.34
10061,treatment,mobile,0,255.68,60.95
13929,control,tablet,1,223.61,53.93
7790,control,mobile,0,260.06,42.74
3092,control,desktop,0,173.34,30.65
14347,control,tablet,0,196.85,72.09
6875,control,mobile,0,263.86,118.08
12839,treatment,mobile,0,256.62,55.37
6706,control,mobile,0,196.53,89.29
3190,control,desktop,0,201.11,28.57
10921,treatment,mobile,0,245.57,57.55
869,control,desktop,0,190.47,25.62
7371,control,mobile,0,162.76,36.79
2597,control,desktop,0,224.99,62.8
5192,treatment,desktop,0,249.09,51.12
11322,treatment,mobile,0,219.72,36.96
14747,control,tablet,0,174.56,115.58
14220,control,tablet,0,202.64,21.21
3886,treatment,desktop,0,259.44,34.32
676,control,desktop,0,230.94,225.11
8312,control,mobile,0,256.97,34.31
12076,treatment,mobile,0,200.17,34.11
6594,control,mobile,0,219.48,51.82
15246,treatment,tablet,0,220.1,28.62
8949,control,mobile,1,207.26,46.37
7564,control,mobile,0,209.45,121.76
13850,control,tablet,1,186.18,45.86
4324,treatment,desktop,0,210.47,47.18
1238,control,desktop,0,190.46,3646.84
12465,treatment,mobile,1,272.94,4454.98
8521,control,mobile,0,207.85,40.57
944,control,desktop,0,197.24,68.74
13414,treatment,mobile,1,196.35,22.0
14445,control,tablet,0,293.04,54.49
6836,control,mobile,0,217.42,39.98
4382,treatment,desktop,0,228.33,54.2
11997,treatment,mobile,0,215.04,83.0
12288,treatment,mobile,0,255.77,67.37
7090,control,mobile,0,226.83,44.78
7230,control,mobile,0,208.1,56.32
10928,treatment,mobile,0,206.96,34.73
4546,treatment,desktop,0,171.48,94.15
1647,control,desktop,0,214.33,50.28
337,control,desktop,0,164.56,68.95
1974,control,desktop,0,217.06,50.37
7110,control,mobile,0,202.81,56.22
8849,control,mobile,0,190.0,29.58
14039,control,tablet,0,159.3,21.34
7743,control,mobile,0,233.94,36.66
8944,control,mobile,0,239.13,32.73
3998,treatment,desktop,0,198.82,66.24
8763,control,mobile,0,190.73,78.56
2880,control,desktop,0,265.5,109.41
10217,treatment,mobile,0,206.31,27.05
3431,treatment,desktop,0,215.14,26.71
6515,control,mobile,0,204.72,45.22
10848,treatment,mobile,0,213.25,91.48
7011,control,mobile,0,187.39,33.28
8775,control,mobile,1,259.04,41.07
7874,control,mobile,0,172.36,82.63
6245,treatment,desktop,0,190.87,23.32
7940,control,mobile,0,251.46,23.35
12991,treatment,mobile,0,262.09,42.25
3247,treatment,desktop,0,141.91,27.88
5229,treatment,desktop,0,274.26,28.27
4574,treatment,desktop,0,183.9,71.07
5204,treatment,desktop,0,203.73,64.91
8505,control,mobile,0,207.21,86.15
6952,control,mobile,0,185.93,99.67
1754,control,desktop,0,216.45,38.73
14147,control,tablet,0,188.37,19.99
5148,treatment,desktop,0,209.01,25.02
2631,control,desktop,0,172.08,113.43
12878,treatment,mobile,0,235.37,65.34
2240,control,desktop,0,211.07,41.82
3813,treatment,desktop,0,224.8,43.6
6893,control,mobile,0,229.44,58.63
9826,control,mobile,0,204.18,14.46
10500,treatment,mobile,0,208.58,56.0
5240,treatment,desktop,0,246.08,38.88
5867,treatment,desktop,0,242.33,50.56
10710,treatment,mobile,1,203.96,43.04
6996,control,mobile,0,186.3,102.18
8106,control,mobile,0,193.11,38.08
3759,treatment,desktop,0,268.67,40.68
5255,treatment,desktop,0,268.45,16.25
11356,treatment,mobile,0,181.11,30.19
11593,treatment,mobile,0,198.76,58.33
3060,control,desktop,0,179.89,40.67
8373,control,mobile,1,202.79,27.79
15499,treatment,tablet,0,282.61,41.18
6526,control,mobile,0,202.1,31.83
12492,treatment,mobile,0,256.91,46.95
9014,control,mobile,0,190.92,51.26
6677,control,mobile,0,277.4,66.4
13493,treatment,mobile,0,233.8,49.78
2590,control,desktop,0,214.27,45.9
14957,treatment,tablet,0,215.18,48.69
576,control,desktop,0,210.77,69.72
2094,control,desktop,0,203.26,26.32
14830,treatment,tablet,0,183.9,31.73
8518,control,mobile,0,178.9,59.87
12722,treatment,mobile,0,189.25,20.58
12540,treatment,mobile,0,179.03,43.24
14157,control,tablet,0,250.86,41.87
7320,control,mobile,0,198.92,70.68
9134,control,mobile,0,241.58,22.33
12939,treatment,mobile,0,220.93,35.44
14937,treatment,tablet,0,191.94,42.36
2678,control,desktop,0,185.35,22.46
15266,treatment,tablet,0,247.7,24.89
3283,treatment,desktop,0,198.05,64.84
835,control,desktop,0,216.91,59.77
13723,control,tablet,0,160.13,28.48
13901,control,tablet,0,234.11,39.71
11142,treatment,mobile,0,212.98,38.22
6241,treatment,desktop,0,248.55,115.9
9554,control,mobile,0,233.05,50.7
1955,control,desktop,0,202.53,72.48
5877,treatment,desktop,0,223.23,44.47
11848,treatment,mobile,0,186.47,66.58
252,control,desktop,0,185.71,30.1
3211,treatment,desktop,0,183.64,26.15
9958,control,mobile,0,173.82,30.1
4406,treatment,desktop,0,209.38,107.17
12793,treatment,mobile,0,232.11,25.87
82,control,desktop,0,208.07,41.55
6264,treatment,desktop,0,302.96,39.21
5004,treatment,desktop,0,215.53,41.99
14212,control,tablet,0,245.44,57.1
7642,control,mobile,0,225.47,118.05
4891,treatment,desktop,0,230.07,105.14
12291,treatment,mobile,0,226.01,25.53
12229,treatment,mobile,1,191.2,25.94
9239,control,mobile,0,203.8,43.11
7024,control,mobile,0,250.57,54.91
5523,treatment,desktop,0,236.66,125.09
3406,treatment,desktop,0,208.28,51.44
13128,treatment,mobile,0,276.98,13.83
6476,control,mobile,0,180.06,58.46
4166,treatment,desktop,0,264.92,76.1
15143,treatment,tablet,0,299.5,34.63
4550,treatment,desktop,0,276.74,45.24
15673,treatment,tablet,0,245.68,5311.16
15462,treatment,tablet,0,225.79,68.58
2606,control,desktop,0,189.26,58.8
59,control,desktop,0,187.38,59.0
11003,treatment,mobile,0,209.4,95.82
11570,treatment,mobile,0,169.35,46.03
10684,treatment,mobile,0,159.5,71.0
5908,treatment,desktop,0,191.52,67.55
303,control,desktop,0,274.07,262.28
12884,treatment,mobile,0,217.19,37.61
9945,control,mobile,0,212.09,29.45
14835,treatment,tablet,0,220.89,38.37
1234,control,desktop,0,265.69,112.62
6223,treatment,desktop,0,236.16,51.82
2415,control,desktop,1,227.72,38.02
6479,control,mobile,0,248.64,84.46
9152,control,mobile,0,284.23,94.54
12278,treatment,mobile,0,302.65,28.7
13431,treatment,mobile,0,222.03,22.69
2718,control,desktop,1,224.05,78.34
14907,treatment,tablet,0,190.04,60.66
14350,control,tablet,0,221.47,52.05
15169,treatment,tablet,0,179.88,64.12
4240,treatment,desktop,0,218.25,20.95
6354,treatment,desktop,0,186.94,56.3
14718,control,tablet,1,242.79,25.61
4580,treatment,desktop,0,194.86,72.96
5516,treatment,desktop,1,190.03,187.73
3726,treatment,desktop,0,210.5,121.97
2680,control,desktop,0,236.71,27.53
2319,control,desktop,0,207.79,43.89
2376,control,desktop,0,215.04,86.76
6859,control,mobile,0,134.0,51.17
9067,control,mobile,0,203.25,54.72
9349,control,mobile,0,197.85,62.03
2453,control,desktop,0,233.0,24.31
5381,treatment,desktop,0,206.17,55.63
3747,treatment,desktop,0,167.95,144.52
8111,control,mobile,0,270.8,114.57
12951,treatment,mobile,0,218.66,40.36
13434,treatment,mobile,0,221.0,38.99
12932,treatment,mobile,0,232.97,77.63
4474,treatment,desktop,0,205.14,31.09
15386,treatment,tablet,0,177.66,60.33
13136,treatment,mobile,0,203.32,16.81
7061,control,mobile,0,206.89,37.07
13467,treatment,mobile,0,236.98,33.71
14557,control,tablet,0,278.59,86.73
2761,control,desktop,0,208.17,39.15
4624,treatment,desktop,0,229.5,49.76
15067,treatment,tablet,1,236.05,55.58
9801,control,mobile,0,225.43,48.46
5823,treatment,desktop,0,195.64,120.36
12497,treatment,mobile,0,210.7,34.62
8498,control,mobile,0,271.62,32.98
13091,treatment,mobile,0,203.11,103.58
9207,control,mobile,0,252.67,88.21
15140,treatment,tablet,0,225.12,150.08
6012,treatment,desktop,0,233.9,29.4
14378,control,tablet,0,212.13,81.43
4133,treatment,desktop,0,199.88,121.1
9448,control,mobile,0,169.91,27.78
928,control,desktop,0,208.1,34.51
571,control,desktop,0,253.34,51.63
4117,treatment,desktop,0,181.1,94.94
358,control,desktop,0,259.68,57.37
9491,control,mobile,0,247.64,64.08
1968,control,desktop,0,254.57,70.36
6404,control,mobile,0,184.7,30.69
2584,control,desktop,0,202.34,27.72
13469,treatment,mobile,0,217.4,40.44
9572,control,mobile,0,200.61,44.12
5532,treatment,desktop,0,235.97,31.43
15302,treatment,tablet,0,208.97,81.93
8803,control,mobile,0,185.45,139.51
14760,control,tablet,0,246.23,24.49
6725,control,mobile,0,173.21,78.0
12256,treatment,mobile,0,226.93,65.19
13135,treatment,mobile,0,224.14,37.16
8604,control,mobile,0,210.06,109.85
11718,treatment,mobile,0,220.96,24.8
5556,treatment,desktop,0,229.06,42.0
497,control,desktop,0,229.68,33.74
26,control,desktop,0,239.64,38.72
9525,control,mobile,0,222.63,45.5
886,control,desktop,0,281.35,86.94
8716,control,mobile,0,283.76,60.07
4884,treatment,desktop,0,220.65,46.64
8057,control,mobile,0,261.72,32.99
5670,treatment,desktop,0,210.53,34.84
9241,control,mobile,0,176.97,27.92
1435,control,desktop,0,229.33,52.9
4606,treatment,desktop,0,193.2,59.96
277,control,desktop,1,202.2,34.86
10667,treatment,mobile,0,247.56,86.03
3489,treatment,desktop,0,232.25,80.59
124,control,desktop,0,209.77,23.73
5239,treatment,desktop,0,228.09,76.57
617,control,desktop,0,235.4,31.74
9198,control,mobile,0,187.9,27.34
10042,treatment,mobile,0,149.33,56.6
1453,control,desktop,0,187.94,39.51
9883,control,mobile,0,161.12,29.92
4085,treatment,desktop,0,195.41,57.66
15595,treatment,tablet,0,227.33,93.53
11004,treatment,mobile,0,235.68,77.53
669,control,desktop,0,250.76,48.99
1502,control,desktop,0,226.26,59.27
7106,control,mobile,0,236.49,22.18
10238,treatment,mobile,0,187.84,90.14
9048,control,mobile,0,156.75,61.41
12836,treatment,mobile,0,210.63,71.92
9971,control,mobile,0,232.11,48.9
13663,control,tablet,0,211.64,47.8
3985,treatment,desktop,0,290.57,50.56
10346,treatment,mobile,0,223.94,121.53
2331,control,desktop,0,213.38,35.92
582,control,desktop,0,228.03,37.14
5019,treatment,desktop,1,198.15,23.66
9116,control,mobile,0,187.51,70.42
1983,control,desktop,1,288.56,35.55
11776,treatment,mobile,0,237.99,72.83
6596,control,mobile,0,246.71,57.01
12297,treatment,mobile,0,173.49,59.08
15451,treatment,tablet,1,193.56,44.57
9126,control,mobile,0,202.78,52.14
6285,treatment,desktop,0,219.45,45.75
1043,control,desktop,0,230.97,15.49
5058,treatment,desktop,0,223.47,34.19
369,control,desktop,0,190.46,33.08
7332,control,mobile,0,239.9,26.54
3565,treatment,desktop,0,228.53,25.4
10075,treatment,mobile,0,207.69,71.23
13648,control,tablet,0,122.31,31.56
2208,control,desktop,0,170.73,52.53
12779,treatment,mobile,0,202.73,39.33
45,control,desktop,0,160.02,42.55
3644,treatment,desktop,0,197.76,35.59
11455,treatment,mobile,0,217.44,87.27
11195,treatment,mobile,0,247.04,39.15
14398,control,tablet,0,188.58,78.75
357,control,desktop,0,248.24,33.07
9934,control,mobile,0,231.79,80.42
14044,control,tablet,1,219.16,35.95
8609,control,mobile,0,271.2,103.79
1480,control,desktop,0,234.93,55.92
1135,control,desktop,0,243.34,22.64
10942,treatment,mobile,0,264.86,25.24
13515,treatment,mobile,1,203.28,49.74
11728,treatment,mobile,0,196.4,66.82
5465,treatment,desktop,0,266.88,81.1
6104,treatment,desktop,0,190.34,28.44
8580,control,mobile,0,223.39,24.43
7111,control,mobile,0,180.81,72.19
7463,control,mobile,0,270.6,82.24
10310,treatment,mobile,0,228.89,117.04
3656,treatment,desktop,0,203.22,70.73
11737,treatment,mobile,0,227.91,50.38
11140,treatment,mobile,0,193.12,77.22
3452,treatment,desktop,0,228.25,21.56
1377,control,desktop,0,246.24,42.68
11454,treatment,mobile,0,194.8,34.21
8403,control,mobile,0,256.85,100.32
1872,control,desktop,0,232.28,61.78
4585,treatment,desktop,0,156.07,46.77
9619,control,mobile,0,243.61,74.23
1324,control,desktop,0,204.19,31.25
1335,control,desktop,0,221.42,52.49
5624,treatment,desktop,0,263.7,43.52
9866,control,mobile,0,193.26,49.41
3739,treatment,desktop,0,171.34,98.81
13202,treatment,mobile,0,186.88,66.03
9150,control,mobile,0,261.92,43.49
8641,control,mobile,0,216.45,14.26
10632,treatment,mobile,0,190.07,38.1
13967,control,tablet,0,195.53,38.92
13250,treatment,mobile,0,179.2,14.9
11164,treatment,mobile,0,229.51,45.02
4899,treatment,desktop,1,251.43,79.67
2930,control,desktop,0,183.95,33.43
11528,treatment,mobile,0,144.66,66.97
12510,treatment,mobile,0,166.34,36.57
13701,control,tablet,0,210.95,35.42
13623,control,tablet,0,224.35,23.15
10678,treatment,mobile,0,192.44,49.66
13654,control,tablet,0,274.34,110.06
849,control,desktop,0,252.5,48.52
15553,treatment,tablet,0,207.8,39.47
11472,treatment,mobile,0,169.11,75.13
1207,control,desktop,0,218.38,34.88
7089,control,mobile,0,208.63,37.47
13908,control,tablet,0,218.34,20.8
4527,treatment,desktop,0,168.5,137.57
10745,treatment,mobile,0,191.33,66.76
14180,control,tablet,0,231.36,37.85
8307,control,mobile,0,254.63,52.1
7041,control,mobile,0,246.51,44.38
7538,control,mobile,0,275.2,82.98
13403,treatment,mobile,0,210.34,32.38
9390,control,mobile,0,191.44,26.48
2103,control,desktop,0,205.37,30.73
9745,control,mobile,0,235.07,64.5
12428,treatment,mobile,0,238.86,75.27
13034,treatment,mobile,0,241.22,116.01
15057,treatment,tablet,1,287.48,14.75
8003,control,mobile,0,179.63,195.07
9442,control,mobile,0,180.6,37.5
7435,control,mobile,0,210.57,17.19
15602,treatment,tablet,0,227.54,93.54
1848,control,desktop,0,260.02,56.09
7246,control,mobile,0,228.4,47.08
14377,control,tablet,0,172.77,71.33
612,control,desktop,0,217.06,58.08
2034,control,desktop,0,153.77,44.1
4181,treatment,desktop,0,275.57,55.89
7172,control,mobile,0,208.09,35.52
7140,control,mobile,0,237.6,84.66
11372,treatment,mobile,0,227.3,77.99
13563,treatment,mobile,0,196.15,40.76
15962,treatment,tablet,0,177.65,38.2
10438,treatment,mobile,0,242.92,86.75
15398,treatment,tablet,0,204.47,39.9
6177,treatment,desktop,0,207.81,84.43
7913,control,mobile,0,164.15,37.35
15439,treatment,tablet,0,260.33,48.13
11286,treatment,mobile,0,203.8,22.7
6458,control,mobile,0,256.8,119.35
8313,control,mobile,1,254.53,56.67
12852,treatment,mobile,0,242.19,47.5
10787,treatment,mobile,0,208.51,53.03
10083,treatment,mobile,1,176.98,68.4
7374,control,mobile,0,244.35,22.44
8527,control,mobile,0,191.24,34.42
2920,control,desktop,0,220.57,33.74
7515,control,mobile,1,215.41,121.57
968,control,desktop,0,253.51,76.98
14360,control,tablet,0,178.76,31.39
15567,treatment,tablet,0,252.38,44.69
9194,control,mobile,0,178.12,75.07
6701,control,mobile,0,165.38,88.84
11815,treatment,mobile,0,155.98,27.24
13843,control,tablet,1,220.74,46.61
91,control,desktop,0,187.07,85.34
2628,control,desktop,0,232.02,66.74
14682,control,tablet,0,209.77,79.99
6573,control,mobile,0,177.88,90.68
4250,treatment,desktop,0,166.12,38.22
14605,control,tablet,0,228.85,43.86
12111,treatment,mobile,0,211.85,104.85
7025,control,mobile,0,249.39,20.39
14341,control,tablet,0,162.61,40.74
4986,treatment,desktop,0,224.31,20.33
4967,treatment,desktop,0,189.06,39.62
15443,treatment,tablet,0,257.83,24.64
3213,treatment,desktop,0,212.71,36.08
11575,treatment,mobile,0,211.55,54.3
649,control,desktop,0,188.55,34.6
7779,control,mobile,0,212.89,5332.7
2439,control,desktop,0,259.26,33.46
4296,treatment,desktop,1,266.46,47.29
8091,control,mobile,0,224.65,34.65
13326,treatment,mobile,0,209.97,32.24
9632,control,mobile,0,166.73,92.13
13100,treatment,mobile,0,218.87,90.58
7423,control,mobile,1,257.36,32.32
8318,control,mobile,1,212.31,50.04
3171,control,desktop,0,185.94,35.9
5543,treatment,desktop,0,203.98,60.88
1761,control,desktop,1,246.98,35.86
1767,control,desktop,0,220.79,51.43
5896,treatment,desktop,0,154.88,101.02
10955,treatment,mobile,0,212.68,124.81
7990,control,mobile,1,189.71,32.08
14876,treatment,tablet,0,242.89,182.67
731,control,desktop,0,237.79,92.74
12830,treatment,mobile,0,241.75,25.92
13970,control,tablet,0,223.6,20.13
332,control,desktop,0,188.24,49.93
5641,treatment,desktop,0,221.29,54.18
6063,treatment,desktop,0,242.56,24.15
3551,treatment,desktop,0,215.7,55.57
11498,treatment,mobile,0,206.56,54.75
2544,control,desktop,0,205.33,33.88
5962,treatment,desktop,0,256.06,95.64
314,control,desktop,1,190.21,22.28
12847,treatment,mobile,0,216.27,3842.37
7578,control,mobile,0,211.47,77.69
4538,treatment,desktop,0,210.83,43.73
6770,control,mobile,0,201.21,76.29
3161,control,desktop,0,227.78,36.71
3188,control,desktop,0,247.9,78.05
4640,treatment,desktop,0,285.04,50.26
6114,treatment,desktop,0,293.87,43.02
11690,treatment,mobile,0,212.05,55.15
10578,treatment,mobile,1,219.21,29.22
8555,control,mobile,0,222.85,17.14
10817,treatment,mobile,0,180.71,59.96
11434,treatment,mobile,0,203.63,45.0
6555,control,mobile,0,213.96,41.1
12064,treatment,mobile,0,185.39,47.53
2514,control,desktop,0,240.42,54.51
14358,control,tablet,0,239.02,73.93
1128,control,desktop,0,205.51,40.76
1433,control,desktop,0,188.35,79.93
11303,treatment,mobile,0,193.72,28.16
5947,treatment,desktop,0,198.34,20.3
9151,control,mobile,0,227.21,45.61
946,control,desktop,0,212.56,56.5
15787,treatment,tablet,0,244.45,21.16
3567,treatment,desktop,0,174.87,31.23
9,control,desktop,0,274.12,21.84
10103,treatment,mobile,0,215.46,24.88
5890,treatment,desktop,1,195.32,98.7
10881,treatment,mobile,0,225.52,89.69
10372,treatment,mobile,0,173.85,24.38
6178,treatment,desktop,0,219.96,62.78
9340,control,mobile,0,235.69,69.26
12940,treatment,mobile,1,205.12,31.72
5755,treatment,desktop,0,251.89,15.99
1275,control,desktop,1,250.67,45.19
789,control,desktop,0,197.92,68.97
6392,treatment,desktop,0,275.35,61.91
12095,treatment,mobile,1,216.01,58.5
1353,control,desktop,0,221.17,68.57
9674,control,mobile,0,238.9,62.79
5248,treatment,desktop,0,248.06,93.26
4560,treatment,desktop,0,283.39,68.62
4079,treatment,desktop,0,262.43,64.99
15527,treatment,tablet,0,237.52,21.49
9751,control,mobile,0,251.19,27.51
2689,control,desktop,0,237.79,88.91
5295,treatment,desktop,0,257.75,97.04
11832,treatment,mobile,0,202.71,38.2
7189,control,mobile,0,190.8,20.5
9399,control,mobile,0,219.96,41.46
10795,treatment,mobile,0,244.17,34.3
5773,treatment,desktop,0,149.17,28.63
2921,control,desktop,0,252.13,27.23
3752,treatment,desktop,0,227.89,45.13
1882,control,desktop,0,206.66,109.06
7098,control,mobile,0,204.57,40.2
15295,treatment,tablet,0,212.58,72.84
7006,control,mobile,0,180.57,14.13
4226,treatment,desktop,0,181.75,34.69
2936,control,desktop,0,213.56,35.77
14975,treatment,tablet,0,243.41,42.34
11792,treatment,mobile,0,142.14,52.33
1804,control,desktop,0,215.05,53.23
5690,treatment,desktop,0,224.82,38.18
14696,control,tablet,1,196.04,35.11
3677,treatment,desktop,0,204.55,40.23
11481,treatment,mobile,0,215.47,21.41
6365,treatment,desktop,0,302.81,85.19
11603,treatment,mobile,0,246.86,53.67
3208,treatment,desktop,0,235.17,75.46
7751,control,mobile,0,254.39,62.52
1407,control,desktop,0,209.15,89.45
14240,control,tablet,0,208.78,39.91
12667,treatment,mobile,0,200.26,82.53
15834,treatment,tablet,1,186.55,43.45
8920,control,mobile,0,145.27,27.6
2123,control,desktop,0,203.48,50.48
7805,control,mobile,0,226.57,14.31
9230,control,mobile,1,272.25,30.83
9627,control,mobile,0,238.04,59.14
4110,treatment,desktop,0,205.0,61.47
10647,treatment,mobile,0,203.35,89.04
7629,control,mobile,0,202.87,78.9
7430,control,mobile,0,150.53,37.09
4154,treatment,desktop,0,195.11,24.54
8170,control,mobile,0,157.58,50.53
6642,control,mobile,0,222.63,21.32
7559,control,mobile,0,244.48,39.11
14397,control,tablet,1,296.95,47.57
13760,control,tablet,0,184.48,73.72
12989,treatment,mobile,0,249.79,36.56
1143,control,desktop,0,153.75,57.05
1909,control,desktop,0,237.86,23.95
372,control,desktop,0,208.54,65.45
15196,treatment,tablet,0,168.77,94.91
3728,treatment,desktop,0,236.79,129.26
11466,treatment,mobile,0,209.52,41.19
1357,control,desktop,0,216.46,106.61
13973,control,tablet,0,254.41,31.21
12269,treatment,mobile,1,221.13,47.28
1992,control,desktop,0,245.92,35.52
5163,treatment,desktop,0,237.69,64.08
6169,treatment,desktop,0,160.78,53.21
1691,control,desktop,0,270.02,56.3
14834,treatment,tablet,1,232.7,89.4
9798,control,mobile,0,239.82,53.66
209,control,desktop,0,223.06,48.37
2373,control,desktop,0,284.84,59.77
13356,treatment,mobile,0,200.08,29.18
2220,control,desktop,1,227.65,13.03
9413,control,mobile,0,228.21,115.78
8988,control,mobile,0,264.09,56.91
10282,treatment,mobile,0,228.6,26.06
13779,control,tablet,0,227.68,37.33
801,control,desktop,1,195.58,102.9
12834,treatment,mobile,0,213.53,83.99
2068,control,desktop,0,222.81,54.29
5599,treatment,desktop,0,163.92,46.13
1946,control,desktop,0,226.38,51.92
8623,control,mobile,0,223.75,63.37
1874,control,desktop,0,193.86,34.35
7364,control,mobile,0,237.65,51.99
2825,control,desktop,0,245.42,49.47
6077,treatment,desktop,0,178.11,26.0
1216,control,desktop,0,250.18,33.67
10989,treatment,mobile,0,230.87,61.8
8487,control,mobile,0,283.66,73.41
1644,control,desktop,0,200.44,87.35
4347,treatment,desktop,0,218.78,28.92
6085,treatment,desktop,0,160.1,68.37
10160,treatment,mobile,0,189.17,30.61
12285,treatment,mobile,0,180.3,38.69
7499,control,mobile,0,214.68,197.9
3641,treatment,desktop,1,221.85,60.79
13295,treatment,mobile,0,265.88,34.64
7900,control,mobile,0,216.19,30.85
2388,control,desktop,0,255.88,43.75
603,control,desktop,0,222.67,34.67
1999,control,desktop,0,244.66,23.28
13076,treatment,mobile,0,212.93,40.49
12359,treatment,mobile,0,149.18,40.0
10058,treatment,mobile,0,211.49,68.35
753,control,desktop,0,261.59,23.44
15463,treatment,tablet,1,202.02,4744.85
13153,treatment,mobile,0,222.93,153.1
3555,treatment,desktop,0,212.98,41.17
8192,control,mobile,0,218.16,54.44
8995,control,mobile,0,200.75,43.99
10355,treatment,mobile,1,195.13,80.24
15213,treatment,tablet,1,220.99,139.82
12455,treatment,mobile,0,224.52,64.94
465,control,desktop,0,190.98,31.64
13279,treatment,mobile,0,202.9,67.9
15929,treatment,tablet,1,220.1,26.53
486,control,desktop,0,263.48,23.81
15344,treatment,tablet,0,244.49,63.32
15528,treatment,tablet,0,290.94,48.86
6361,treatment,desktop,0,260.49,58.59
8244,control,mobile,0,204.79,44.5
7102,control,mobile,0,192.32,51.09
164,control,desktop,0,226.04,53.34
14435,control,tablet,0,202.96,36.15
1513,control,desktop,0,169.95,25.34
2460,control,desktop,0,228.0,59.66
3580,treatment,desktop,1,236.29,78.69
5655,treatment,desktop,0,219.13,45.59
11948,treatment,mobile,1,216.18,27.92
4960,treatment,desktop,0,187.58,65.07
13496,treatment,mobile,0,230.89,55.61
11975,treatment,mobile,0,232.63,128.81
505,control,desktop,0,186.91,139.31
12031,treatment,mobile,1,201.92,38.56
2746,control,desktop,0,233.05,76.85
2102,control,desktop,1,258.84,43.41
14356,control,tablet,0,237.46,49.37
11487,treatment,mobile,0,177.07,45.88
3716,treatment,desktop,0,196.61,30.14
15533,treatment,tablet,0,188.65,98.52
7861,control,mobile,0,233.74,31.34
11097,treatment,mobile,0,250.65,29.33
5998,treatment,desktop,0,259.16,42.52
13131,treatment,mobile,0,195.72,19.4
14290,control,tablet,0,193.73,61.56
7461,control,mobile,0,195.1,17.74
38,control,desktop,0,206.75,30.94
1648,control,desktop,0,230.58,45.14
13049,treatment,mobile,0,251.56,49.87
4233,treatment,desktop,0,174.98,105.38
12344,treatment,mobile,0,275.54,34.24
11751,treatment,mobile,0,204.33,106.41
5377,treatment,desktop,0,179.59,96.6
12539,treatment,mobile,0,233.29,18.66
4581,treatment,desktop,1,189.36,61.33
321,control,desktop,0,206.59,47.37
7770,control,mobile,0,174.58,34.18
9829,control,mobile,1,222.64,59.46
11271,treatment,mobile,0,186.29,192.11
1476,control,desktop,0,216.57,20.63
5779,treatment,desktop,0,183.67,49.74
5525,treatment,desktop,0,193.5,49.52
3798,treatment,desktop,0,217.32,50.09
7816,control,mobile,0,244.15,21.87
12565,treatment,mobile,0,234.6,61.48
8392,control,mobile,0,255.0,144.16
13127,treatment,mobile,0,228.05,44.83
12109,treatment,mobile,0,205.11,39.72
15534,treatment,tablet,0,173.51,64.77
7672,control,mobile,0,204.68,49.76
12037,treatment,mobile,0,213.06,46.55
10728,treatment,mobile,0,191.33,74.35
281,control,desktop,0,217.78,52.49
15645,treatment,tablet,0,207.18,32.26
7602,control,mobile,0,227.98,68.22
14757,control,tablet,0,256.7,98.95
9889,control,mobile,0,200.42,24.28
5433,treatment,desktop,1,201.21,69.65
5366,treatment,desktop,0,231.13,20.44
9185,control,mobile,0,273.67,54.21
6662,control,mobile,0,198.7,55.99
10640,treatment,mobile,0,213.41,27.31
4453,treatment,desktop,0,206.05,25.39
7655,control,mobile,0,156.37,15.62
12119,treatment,mobile,0,215.14,72.63
5201,treatment,desktop,0,172.1,36.2
1231,control,desktop,0,232.74,27.4
1327,control,desktop,0,157.15,54.25
1688,control,desktop,0,157.25,103.09
3651,treatment,desktop,0,222.87,26.57
3898,treatment,desktop,1,260.07,112.94
8151,control,mobile,0,238.52,29.67
5349,treatment,desktop,1,248.9,43.2
15100,treatment,tablet,0,208.42,38.58
6219,treatment,desktop,0,303.19,41.91
2704,control,desktop,0,218.61,32.09
12733,treatment,mobile,0,209.63,108.45
1565,control,desktop,0,187.13,163.03
5635,treatment,desktop,0,207.39,50.01
891,control,desktop,0,209.92,53.2
7837,control,mobile,0,229.91,40.72
6394,treatment,desktop,0,242.04,62.11
12688,treatment,mobile,0,178.16,75.17
4335,treatment,desktop,0,220.32,124.01
4677,treatment,desktop,0,239.62,24.89
2167,control,desktop,0,249.45,54.77
3114,control,desktop,0,233.64,32.64
6817,control,mobile,0,209.15,28.81
11486,treatment,mobile,0,244.85,40.9
5429,treatment,desktop,0,247.24,66.33
12375,treatment,mobile,0,186.68,40.2
860,control,desktop,0,254.55,31.9
5868,treatment,desktop,0,196.32,86.39
13806,control,tablet,0,265.0,57.46
4064,treatment,desktop,1,242.85,62.46
1418,control,desktop,0,261.02,40.47
6961,control,mobile,0,183.32,33.04
4605,treatment,desktop,0,258.7,58.31
3959,treatment,desktop,0,243.04,32.72
3748,treatment,desktop,1,225.59,29.07
10002,treatment,mobile,0,194.87,99.77
15548,treatment,tablet,0,206.84,48.01
7822,control,mobile,1,197.86,33.2
2841,control,desktop,0,223.91,105.49
12414,treatment,mobile,0,188.77,87.22
7524,control,mobile,0,274.53,48.99
11743,treatment,mobile,0,233.91,90.2
8384,control,mobile,0,209.9,47.64
2006,control,desktop,1,244.28,53.63
9222,control,mobile,0,208.28,42.15
10913,treatment,mobile,1,179.81,44.49
10836,treatment,mobile,0,209.59,47.2
9384,control,mobile,0,242.04,37.24
5894,treatment,desktop,0,200.05,27.41
3740,treatment,desktop,0,237.81,91.12
1479,control,desktop,0,240.26,46.63
15327,treatment,tablet,0,204.04,114.24
14195,control,tablet,0,203.04,37.2
11430,treatment,mobile,0,227.66,63.53
3099,control,desktop,0,137.68,51.46
5792,treatment,desktop,0,275.02,75.1
12485,treatment,mobile,0,230.43,30.23
1740,control,desktop,0,211.34,61.11
4679,treatment,desktop,0,277.35,27.37
3782,treatment,desktop,0,287.34,28.11
2648,control,desktop,0,278.07,51.86
8699,control,mobile,0,243.01,49.55
7226,control,mobile,0,221.55,71.34
5615,treatment,desktop,1,188.36,111.59
10946,treatment,mobile,0,201.3,60.44
8746,control,mobile,1,200.2,19.92
7814,control,mobile,1,189.39,106.58
9738,control,mobile,0,268.72,33.64
14793,control,tablet,0,237.51,29.18
7708,control,mobile,0,194.13,58.67
11537,treatment,mobile,1,208.2,116.68
12323,treatment,mobile,0,314.04,37.93
4266,treatment,desktop,0,232.23,41.76
10290,treatment,mobile,0,244.29,52.69
923,control,desktop,0,199.03,75.07
15006,treatment,tablet,0,234.34,46.26
1633,control,desktop,0,212.39,35.21
8591,control,mobile,0,201.36,26.4
8525,control,mobile,0,211.08,81.47
11226,treatment,mobile,0,224.71,103.19
11465,treatment,mobile,0,256.69,43.8
4431,treatment,desktop,0,243.62,34.35
325,control,desktop,0,223.3,44.13
3370,treatment,desktop,1,199.35,26.43
8789,control,mobile,0,248.46,43.02
13474,treatment,mobile,0,199.24,27.07
2445,control,desktop,0,216.04,93.08
10457,treatment,mobile,1,218.99,47.26
8493,control,mobile,0,234.22,29.97
7567,control,mobile,0,205.6,60.78
11563,treatment,mobile,0,210.83,31.92
6997,control,mobile,0,168.56,21.87
4731,treatment,desktop,0,161.17,9.8
8830,control,mobile,0,200.63,50.15
9917,control,mobile,0,282.09,53.23
6179,treatment,desktop,0,210.86,28.72
3013,control,desktop,0,257.99,31.76
5477,treatment,desktop,0,221.51,58.84
4570,treatment,desktop,1,174.67,89.36
1190,control,desktop,0,305.51,18.37
5608,treatment,desktop,0,209.07,32.54
14737,control,tablet,0,209.64,65.36
1739,control,desktop,0,253.25,27.78
8590,control,mobile,1,213.96,21.0
1858,control,desktop,1,287.07,39.67
13772,control,tablet,0,246.15,49.28
14371,control,tablet,0,188.09,38.43
6813,control,mobile,0,194.28,33.72
13659,control,tablet,0,243.0,32.52
5633,treatment,desktop,0,188.09,51.71
10478,treatment,mobile,1,187.92,46.9
13443,treatment,mobile,0,265.84,60.57
15972,treatment,tablet,0,223.96,87.59
3681,treatment,desktop,1,167.22,37.75
1086,control,desktop,0,208.5,59.95
4972,treatment,desktop,0,190.81,52.22
6977,control,mobile,0,215.69,20.75
7397,control,mobile,0,207.93,121.82
483,control,desktop,0,259.8,40.19
3840,treatment,desktop,0,221.95,85.01
15272,treatment,tablet,0,238.47,109.52
2627,control,desktop,0,230.68,44.78
3374,treatment,desktop,0,238.49,13.25
3305,treatment,desktop,0,171.31,52.87
1397,control,desktop,0,252.96,43.98
13033,treatment,mobile,0,214.9,47.03
3596,treatment,desktop,1,204.05,78.25
2835,control,desktop,0,183.42,74.76
13237,treatment,mobile,0,219.51,45.81
7529,control,mobile,0,205.67,82.87
7526,control,mobile,0,213.14,54.85
13558,treatment,mobile,0,185.79,26.88
12803,treatment,mobile,0,176.91,70.15
6197,treatment,desktop,0,243.87,61.45
5461,treatment,desktop,1,229.82,42.24
9313,control,mobile,1,204.41,51.63
11503,treatment,mobile,0,194.37,54.03
13943,control,tablet,0,211.69,54.66
11318,treatment,mobile,0,263.72,61.97
11587,treatment,mobile,0,207.57,24.91
2049,control,desktop,0,233.79,47.68
11338,treatment,mobile,0,216.88,74.59
8846,control,mobile,0,201.02,28.53
699,control,desktop,0,198.78,31.75
9415,control,mobile,0,207.03,59.17
1232,control,desktop,0,239.03,21.69
5188,treatment,desktop,0,257.53,55.01
1677,control,desktop,0,237.24,54.43
12249,treatment,mobile,0,270.09,52.39
3815,treatment,desktop,0,242.92,65.56
7657,control,mobile,0,180.13,74.46
15727,treatment,tablet,1,234.81,69.56
12979,treatment,mobile,0,206.15,46.31
9316,control,mobile,0,182.37,32.73
2204,control,desktop,0,225.54,30.65
5974,treatment,desktop,0,230.91,25.86
1336,control,desktop,0,224.51,42.72
7032,control,mobile,0,211.17,65.5
15073,treatment,tablet,0,147.69,80.38
12957,treatment,mobile,0,242.76,47.62
13553,treatment,mobile,1,215.88,42.1
11653,treatment,mobile,0,191.09,85.34
1261,control,desktop,0,216.81,84.35
5418,treatment,desktop,0,238.94,15.45
11484,treatment,mobile,0,173.32,68.22
1733,control,desktop,1,208.89,41.55
10418,treatment,mobile,0,233.75,29.27
6048,treatment,desktop,1,165.58,103.97
4883,treatment,desktop,0,220.02,59.76
1338,control,desktop,0,221.89,59.74
4814,treatment,desktop,0,273.35,80.95
2008,control,desktop,0,241.25,67.46
14524,control,tablet,0,177.15,55.64
3166,control,desktop,0,196.53,29.62
9979,control,mobile,0,239.01,107.41
10809,treatment,mobile,0,206.33,169.98
10592,treatment,mobile,0,251.58,30.39
558,control,desktop,0,183.96,87.38
13101,treatment,mobile,0,287.22,23.8
13023,treatment,mobile,0,204.29,60.01
13065,treatment,mobile,0,214.71,85.22
5076,treatment,desktop,1,233.37,22.7
9056,control,mobile,0,196.68,66.31
4612,treatment,desktop,0,251.23,38.51
15022,treatment,tablet,0,191.62,138.77
14276,control,tablet,0,227.99,25.22
14778,control,tablet,0,181.39,38.12
9583,control,mobile,0,247.01,15.56
2708,control,desktop,1,207.73,60.89
6011,treatment,desktop,0,185.37,25.35
11515,treatment,mobile,0,211.49,41.28
4235,treatment,desktop,1,181.58,43.28
2709,control,desktop,0,202.93,34.68
13254,treatment,mobile,0,225.83,17.94
9911,control,mobile,0,239.67,51.81
7419,control,mobile,0,230.17,29.51
15099,treatment,tablet,0,181.07,72.56
11302,treatment,mobile,1,257.73,11.35
2082,control,desktop,0,266.98,49.93
12960,treatment,mobile,0,206.77,70.58
3303,treatment,desktop,0,172.22,60.65
5987,treatment,desktop,0,204.34,23.61
12887,treatment,mobile,0,215.25,107.14
1152,control,desktop,0,191.55,75.93
9281,control,mobile,0,188.49,48.14
298,control,desktop,0,209.04,23.35
8371,control,mobile,0,202.15,73.62
12101,treatment,mobile,0,239.35,88.94
10398,treatment,mobile,0,231.22,35.16
5414,treatment,desktop,0,234.21,56.48
10169,treatment,mobile,0,197.22,107.71
1749,control,desktop,0,285.19,53.31
2078,control,desktop,0,207.49,23.1
5904,treatment,desktop,0,224.57,41.7
278,control,desktop,0,209.22,62.23
5352,treatment,desktop,1,179.12,102.9
2978,control,desktop,0,220.37,86.57
14267,control,tablet,0,197.99,35.34
11360,treatment,mobile,0,156.58,45.12
14189,control,tablet,0,275.49,53.43
3260,treatment,desktop,1,247.92,49.89
11194,treatment,mobile,0,284.38,64.39
12356,treatment,mobile,0,224.7,35.84
2195,control,desktop,0,261.17,177.39
8176,control,mobile,0,233.48,41.77
8040,control,mobile,0,208.57,64.92
3288,treatment,desktop,0,189.18,32.72
1836,control,desktop,0,201.66,48.51
1490,control,desktop,0,238.31,61.3
1603,control,desktop,0,239.56,47.31
11153,treatment,mobile,0,267.82,12.6
10822,treatment,mobile,0,247.01,32.34
2745,control,desktop,0,205.76,81.19
13306,treatment,mobile,0,194.48,145.55
6110,treatment,desktop,0,208.17,40.33
14512,control,tablet,1,220.55,54.16
12214,treatment,mobile,0,211.19,178.27
1169,control,desktop,0,241.24,51.17
7677,control,mobile,0,191.34,117.09
15743,treatment,tablet,0,260.63,40.27
10612,treatment,mobile,1,214.78,14.3
1505,control,desktop,0,227.92,109.41
7294,control,mobile,1,249.15,43.74
5827,treatment,desktop,0,227.2,32.76
10340,treatment,mobile,0,248.49,15.33
7603,control,mobile,0,216.27,47.21
9749,control,mobile,0,231.31,31.98
15363,treatment,tablet,0,226.64,76.47
9924,control,mobile,0,295.18,44.4
14688,control,tablet,0,231.52,30.01
15049,treatment,tablet,0,212.27,51.46
8958,control,mobile,0,237.97,68.73
7421,control,mobile,0,225.72,174.4
11783,treatment,mobile,0,186.23,41.8
7079,control,mobile,0,227.23,51.45
14173,control,tablet,0,193.22,53.72
15088,treatment,tablet,0,199.16,74.63
9929,control,mobile,1,261.06,24.51
12579,treatment,mobile,0,235.71,109.04
14234,control,tablet,1,232.41,89.46
6196,treatment,desktop,0,164.19,74.69
4388,treatment,desktop,0,277.02,24.95
12619,treatment,mobile,1,213.46,138.81
294,control,desktop,0,255.58,40.11
11645,treatment,mobile,0,207.78,44.96
1516,control,desktop,0,155.74,92.87
7323,control,mobile,0,210.53,124.92
8648,control,mobile,0,220.0,24.45
14336,control,tablet,0,219.97,86.61
9312,control,mobile,0,257.21,39.12
2889,control,desktop,1,216.22,59.06
6037,treatment,desktop,0,185.71,62.93
167,control,desktop,0,197.78,57.07
14219,control,tablet,0,195.35,25.62
15579,treatment,tablet,0,234.24,35.99
10891,treatment,mobile,0,211.98,55.55
8850,control,mobile,0,244.54,44.55
484,control,desktop,1,220.16,31.13
5390,treatment,desktop,0,207.8,37.3
6176,treatment,desktop,0,247.77,71.03
3498,treatment,desktop,0,246.9,55.89
11090,treatment,mobile,0,212.5,35.12
14844,treatment,tablet,0,238.15,74.16
14484,control,tablet,0,242.89,35.03
8808,control,mobile,0,224.79,74.46
13499,treatment,mobile,1,252.74,49.26
2298,control,desktop,0,252.54,63.5
8550,control,mobile,0,235.91,49.19
608,control,desktop,0,276.24,33.65
1040,control,desktop,1,213.43,29.05
13596,treatment,mobile,0,175.22,52.41
12018,treatment,mobile,0,254.42,30.81
6302,treatment,desktop,0,201.19,50.69
7962,control,mobile,0,202.44,26.06
14399,control,tablet,0,195.01,29.35
12408,treatment,mobile,0,198.91,41.11
736,control,desktop,0,241.18,56.61
2019,control,desktop,0,223.29,26.11
8339,control,mobile,0,198.51,34.33
6031,treatment,desktop,1,198.38,29.67
5403,treatment,desktop,0,242.58,32.59
14344,control,tablet,0,163.34,52.71
11493,treatment,mobile,0,261.45,98.67
1884,control,desktop,0,217.95,84.74
6473,control,mobile,0,239.58,59.45
9711,control,mobile,0,265.7,89.04
7658,control,mobile,0,219.57,33.46
13103,treatment,mobile,0,251.33,58.33
11796,treatment,mobile,0,188.8,37.45
5013,treatment,desktop,0,225.51,92.13
960,control,desktop,0,228.41,36.89
6298,treatment,desktop,0,192.68,23.79
2095,control,desktop,0,213.71,27.25
1914,control,desktop,0,186.96,84.85
14472,control,tablet,0,238.95,76.86
154,control,desktop,0,164.76,40.62
13597,treatment,mobile,0,198.27,33.41
5312,treatment,desktop,0,246.09,57.07
16000,treatment,tablet,0,176.66,41.25
4425,treatment,desktop,1,212.45,48.56
7195,control,mobile,0,258.67,31.73
6384,treatment,desktop,0,189.04,40.78
10010,treatment,mobile,0,200.55,33.4
13829,control,tablet,0,166.14,43.39
15200,treatment,tablet,0,232.97,22.5
4316,treatment,desktop,0,255.37,26.03
12281,treatment,mobile,0,225.06,98.21
4389,treatment,desktop,0,219.33,53.41
4557,treatment,desktop,1,259.0,28.15
4165,treatment,desktop,0,215.82,68.31
7718,control,mobile,0,239.32,24.74
4287,treatment,desktop,0,165.34,13.68
5774,treatment,desktop,0,169.53,72.0
10559,treatment,mobile,0,161.36,143.21
14392,control,tablet,0,260.42,40.45
15109,treatment,tablet,0,237.54,102.62
11257,treatment,mobile,0,237.57,115.21
14587,control,tablet,0,167.64,114.03
15238,treatment,tablet,0,188.95,46.12
4080,treatment,desktop,0,226.35,12.27
10404,treatment,mobile,0,165.1,43.22
10024,treatment,mobile,0,182.26,25.84
2308,control,desktop,0,205.62,56.19
12072,treatment,mobile,0,205.16,68.55
917,control,desktop,1,231.28,74.79
7157,control,mobile,0,276.54,26.72
44,control,desktop,0,218.54,26.04
3713,treatment,desktop,0,223.8,62.71
2064,control,desktop,0,242.7,5347.32
12832,treatment,mobile,0,260.15,29.85
6566,control,mobile,1,212.93,69.56
9960,control,mobile,0,186.38,55.47
13569,treatment,mobile,0,264.0,89.52
5749,treatment,desktop,0,194.37,62.32
4642,treatment,desktop,0,225.15,23.13
3846,treatment,desktop,0,203.79,67.28
6448,control,mobile,0,243.43,47.39
13299,treatment,mobile,0,187.96,98.16
5714,treatment,desktop,0,172.29,60.1
722,control,desktop,0,226.5,47.72
7358,control,mobile,0,166.63,82.74
10607,treatment,mobile,0,295.09,71.82
7726,control,mobile,0,236.45,62.17
13297,treatment,mobile,0,165.73,38.01
4025,treatment,desktop,0,223.99,24.84
11067,treatment,mobile,0,202.48,42.22
7000,control,mobile,0,196.22,39.26
12318,treatment,mobile,0,249.83,103.13
6065,treatment,desktop,0,224.61,47.35
7347,control,mobile,0,203.39,31.4
14214,control,tablet,0,251.49,44.53
12352,treatment,mobile,0,196.44,30.45
8502,control,mobile,0,253.77,32.94
3864,treatment,desktop,1,265.96,30.69
2100,control,desktop,0,238.98,107.58
6366,treatment,desktop,0,236.97,46.0
8202,control,mobile,0,200.32,59.43
14013,control,tablet,0,229.2,34.52
5358,treatment,desktop,0,254.94,33.58
3337,treatment,desktop,0,251.46,85.75
679,control,desktop,0,199.32,29.1
12261,treatment,mobile,0,210.03,49.54
3817,treatment,desktop,0,246.5,24.22
15784,treatment,tablet,0,254.81,47.61
10774,treatment,mobile,0,310.14,111.42
15,control,desktop,0,224.34,74.79
14681,control,tablet,0,229.48,69.79
14042,control,tablet,0,206.84,43.58
15093,treatment,tablet,0,236.39,79.29
794,control,desktop,0,147.82,37.55
13939,control,tablet,0,198.79,116.8
5913,treatment,desktop,0,252.3,43.55
14817,treatment,tablet,0,156.32,41.47
14252,control,tablet,0,193.95,25.24
6273,treatment,desktop,0,166.34,37.88
11945,treatment,mobile,0,220.1,49.38
15886,treatment,tablet,0,240.61,54.31
2003,control,desktop,0,216.54,21.37
5511,treatment,desktop,0,234.32,40.66
10799,treatment,mobile,0,174.92,34.43
4090,treatment,desktop,0,219.08,41.73
11905,treatment,mobile,0,193.39,23.71
9471,control,mobile,0,178.02,38.74
13224,treatment,mobile,0,175.52,124.64
3269,treatment,desktop,0,204.64,107.2
14318,control,tablet,0,275.62,59.28
10781,treatment,mobile,0,228.17,25.93
9621,control,mobile,0,216.28,68.03
10344,treatment,mobile,0,213.05,83.27
8250,control,mobile,0,229.37,38.47
6426,control,mobile,1,190.49,53.19
2245,control,desktop,0,249.63,56.01
2202,control,desktop,1,194.32,80.02
2661,control,desktop,0,225.11,19.34
6425,control,mobile,0,212.32,19.88
4602,treatment,desktop,0,254.09,72.35
2020,control,desktop,1,267.29,57.4
15488,treatment,tablet,0,229.35,21.65
6438,control,mobile,0,216.34,106.32
1849,control,desktop,0,221.67,50.85
11897,treatment,mobile,0,248.71,31.65
9520,control,mobile,0,201.43,33.96
14794,control,tablet,0,163.46,91.68
1544,control,desktop,0,214.73,34.71
13384,treatment,mobile,0,190.08,58.66
9833,control,mobile,0,221.11,57.62
9510,control,mobile,1,234.07,78.68
5493,treatment,desktop,1,266.67,53.22
10133,treatment,mobile,0,253.25,31.67
15437,treatment,tablet,0,226.32,27.14
4518,treatment,desktop,0,303.67,16.27
12458,treatment,mobile,0,202.6,53.51
10319,treatment,mobile,0,276.5,77.13
15741,treatment,tablet,0,156.91,129.88
6044,treatment,desktop,0,216.53,40.01
11641,treatment,mobile,0,211.25,179.53
12526,treatment,mobile,0,184.17,63.98
13087,treatment,mobile,0,235.0,48.53
12378,treatment,mobile,0,185.66,17.46
4912,treatment,desktop,0,228.38,22.67
7791,control,mobile,0,156.68,48.39
15564,treatment,tablet,0,236.36,39.02
7906,control,mobile,0,199.07,55.21
15653,treatment,tablet,0,221.29,69.42
14904,treatment,tablet,0,150.48,58.77
8620,control,mobile,0,232.48,54.34
8366,control,mobile,0,264.83,28.74
14731,control,tablet,0,252.91,56.74
11504,treatment,mobile,1,259.68,39.58
12502,treatment,mobile,0,253.86,53.96
13690,control,tablet,0,282.13,47.54
5898,treatment,desktop,1,208.46,46.28
1248,control,desktop,0,175.38,23.43
7132,control,mobile,0,179.32,42.93
7134,control,mobile,0,144.85,31.06
7081,control,mobile,0,233.7,73.97
6294,treatment,desktop,0,265.52,47.02
7490,control,mobile,0,178.77,40.14
14382,control,tablet,0,236.3,47.8
13984,control,tablet,1,217.75,118.38
7531,control,mobile,0,173.69,27.54
11869,treatment,mobile,0,211.71,34.69
1666,control,desktop,0,221.94,122.4
8496,control,mobile,0,210.37,20.89
1709,control,desktop,0,257.71,48.23
5132,treatment,desktop,0,218.07,34.62
10910,treatment,mobile,0,218.61,43.21
11588,treatment,mobile,0,267.6,71.82
4255,treatment,desktop,0,201.44,39.24
6848,control,mobile,0,161.82,36.82
8171,control,mobile,0,223.0,44.8
5620,treatment,desktop,0,270.51,64.63
11973,treatment,mobile,0,193.98,34.43
15990,treatment,tablet,0,207.03,68.44
5804,treatment,desktop,0,214.02,41.69
5665,treatment,desktop,0,208.25,4409.41
11238,treatment,mobile,0,230.54,45.02
10591,treatment,mobile,0,209.03,34.55
7899,control,mobile,0,233.2,32.48
11439,treatment,mobile,0,249.63,75.86
7184,control,mobile,0,193.07,65.6
4109,treatment,desktop,0,206.0,53.02
2489,control,desktop,1,215.29,25.71
15179,treatment,tablet,0,213.03,77.91
11135,treatment,mobile,0,230.7,30.42
14630,control,tablet,0,227.13,57.83
6188,treatment,desktop,0,225.11,64.18
6224,treatment,desktop,0,223.31,36.5
10808,treatment,mobile,0,226.02,40.42
10306,treatment,mobile,0,209.44,36.49
13786,control,tablet,0,214.82,61.48
12773,treatment,mobile,0,204.61,27.5
5752,treatment,desktop,0,236.14,89.86
6622,control,mobile,0,201.16,76.89
5783,treatment,desktop,0,256.93,23.76
14890,treatment,tablet,0,222.13,69.4
14751,control,tablet,0,208.2,29.82
1066,control,desktop,0,201.29,49.21
14257,control,tablet,0,249.8,62.02
6549,control,mobile,0,305.76,75.29
5586,treatment,desktop,0,251.86,32.13
7996,control,mobile,0,182.48,84.55
2589,control,desktop,0,233.18,83.62
492,control,desktop,0,217.88,103.33
13437,treatment,mobile,0,153.16,54.02
5015,treatment,desktop,0,241.89,31.04
15326,treatment,tablet,0,252.57,73.67
1551,control,desktop,1,251.91,104.97
7620,control,mobile,0,207.1,36.41
11,control,desktop,0,249.49,56.68
15514,treatment,tablet,0,230.78,28.93
11476,treatment,mobile,0,195.5,17.03
11050,treatment,mobile,0,208.79,26.69
14870,treatment,tablet,0,226.2,27.89
3860,treatment,desktop,1,220.51,44.26
14097,control,tablet,0,254.26,79.99
7417,control,mobile,0,176.41,15.01
9307,control,mobile,0,246.47,60.33
8425,control,mobile,0,214.59,47.51
7454,control,mobile,0,231.99,47.51
11976,treatment,mobile,0,216.21,54.37
4495,treatment,desktop,0,168.15,59.83
2846,control,desktop,0,236.18,90.01
237,control,desktop,0,282.8,87.2
13951,control,tablet,0,148.45,55.02
3822,treatment,desktop,1,230.54,47.66
10466,treatment,mobile,0,147.37,72.25
3181,control,desktop,0,262.76,55.91
10387,treatment,mobile,0,202.99,12.88
7810,control,mobile,0,218.36,50.77
8587,control,mobile,0,205.41,49.64
8837,control,mobile,0,213.75,32.71
5031,treatment,desktop,0,201.42,57.3
12215,treatment,mobile,0,257.81,34.96
12038,treatment,mobile,0,253.18,60.41
12625,treatment,mobile,0,195.43,24.95
11248,treatment,mobile,0,215.57,106.62
3775,treatment,desktop,0,238.12,34.83
15004,treatment,tablet,0,207.87,93.44
4249,treatment,desktop,0,239.7,40.09
2153,control,desktop,0,238.7,61.28
12863,treatment,mobile,0,242.89,16.75
15276,treatment,tablet,0,196.04,63.38
2534,control,desktop,0,230.59,34.05
2005,control,desktop,0,253.3,74.57
1774,control,desktop,1,235.66,102.69
955,control,desktop,0,236.88,67.99
13000,treatment,mobile,0,141.45,80.46
2444,control,desktop,0,217.14,46.01
8015,control,mobile,0,193.56,21.36
11184,treatment,mobile,0,239.7,88.43
4157,treatment,desktop,0,204.57,56.12
14443,control,tablet,1,233.54,120.23
2423,control,desktop,0,230.18,74.7
15328,treatment,tablet,0,216.14,41.56
13350,treatment,mobile,0,200.82,26.75
11485,treatment,mobile,0,207.55,40.31
10508,treatment,mobile,0,196.66,86.88
433,control,desktop,0,185.02,45.95
9167,control,mobile,0,240.0,63.55
1704,control,desktop,0,241.94,110.7
15735,treatment,tablet,0,225.76,44.61
9039,control,mobile,0,183.45,59.8
4597,treatment,desktop,0,219.39,38.29
11383,treatment,mobile,0,214.69,33.93
6108,treatment,desktop,1,247.83,94.88
6537,control,mobile,0,233.93,50.3
480,control,desktop,0,260.95,26.28
2751,control,desktop,0,201.42,48.46
854,control,desktop,0,218.88,68.19
11802,treatment,mobile,0,197.25,29.99
403,control,desktop,0,178.94,49.81
2394,control,desktop,0,189.52,88.61
906,control,desktop,0,242.94,51.59
7434,control,mobile,0,225.89,60.28
7427,control,mobile,0,216.67,48.58
6062,treatment,desktop,0,212.15,57.45
3743,treatment,desktop,0,210.84,102.04
11450,treatment,mobile,0,220.96,100.82
6325,treatment,desktop,0,208.71,32.51
8793,control,mobile,0,257.5,82.97
4201,treatment,desktop,0,209.27,52.47
15114,treatment,tablet,0,192.34,14.81
3402,treatment,desktop,0,216.72,40.39
8175,control,mobile,0,202.88,38.18
6798,control,mobile,0,228.59,173.79
5434,treatment,desktop,0,206.86,119.01
2760,control,desktop,0,210.3,42.76
11639,treatment,mobile,0,180.72,66.73
474,control,desktop,0,246.95,37.8
12789,treatment,mobile,0,248.01,16.3
11228,treatment,mobile,0,177.42,21.06
14268,control,tablet,0,274.22,33.31
1269,control,desktop,0,181.44,62.48
6959,control,mobile,0,191.99,28.37
11777,treatment,mobile,0,229.36,61.87
15282,treatment,tablet,0,221.22,117.87
11560,treatment,mobile,0,259.63,89.09
13329,treatment,mobile,0,219.07,63.44
1769,control,desktop,0,196.65,32.6
12164,treatment,mobile,0,246.76,106.69
9046,control,mobile,0,233.9,21.31
14114,control,tablet,1,210.95,57.79
10424,treatment,mobile,0,212.56,20.91
11919,treatment,mobile,0,252.39,63.48
6010,treatment,desktop,0,220.98,33.86
1500,control,desktop,0,247.31,90.21
3400,treatment,desktop,0,201.74,68.78
9684,control,mobile,0,216.82,119.55
12701,treatment,mobile,0,239.76,29.46
5338,treatment,desktop,0,205.07,90.73
14452,control,tablet,0,249.34,35.28
14243,control,tablet,0,240.53,31.46
9576,control,mobile,0,150.37,38.35
10738,treatment,mobile,1,237.66,82.17
873,control,desktop,0,188.98,70.01
12503,treatment,mobile,0,222.85,87.17
3446,treatment,desktop,0,219.39,39.44
755,control,desktop,0,237.05,18.05
12283,treatment,mobile,1,246.96,31.96
15165,treatment,tablet,0,261.86,24.94
3495,treatment,desktop,0,221.24,43.76
5907,treatment,desktop,0,253.54,40.41
7907,control,mobile,0,280.43,81.43
9764,control,mobile,0,199.87,45.58
2890,control,desktop,0,271.3,68.8
2337,control,desktop,0,296.22,49.49
5422,treatment,desktop,1,207.62,26.3
8439,control,mobile,0,169.52,41.6
15299,treatment,tablet,0,212.88,55.53
10909,treatment,mobile,0,190.23,98.37
4196,treatment,desktop,0,205.78,67.6
8629,control,mobile,1,203.86,42.89
14746,control,tablet,0,200.34,48.45
11742,treatment,mobile,0,209.95,45.06
561,control,desktop,0,202.58,82.88
15997,treatment,tablet,0,167.15,48.51
2426,control,desktop,0,206.63,37.48
15105,treatment,tablet,1,204.32,76.61
15909,treatment,tablet,0,244.86,42.69
2301,control,desktop,0,217.08,55.13
210,control,desktop,0,223.76,38.35
7541,control,mobile,0,248.58,19.77
5715,treatment,desktop,0,223.12,55.04
10940,treatment,mobile,0,258.43,29.42
13276,treatment,mobile,0,171.42,32.27
10525,treatment,mobile,0,244.13,69.03
15677,treatment,tablet,0,183.11,54.88
7523,control,mobile,1,161.43,56.86
14116,control,tablet,1,234.6,50.17
5853,treatment,desktop,0,170.03,84.47
11687,treatment,mobile,0,228.92,26.46
14767,control,tablet,0,157.69,70.15
14798,control,tablet,0,237.91,23.11
7982,control,mobile,0,220.94,49.06
687,control,desktop,0,251.46,55.13
8458,control,mobile,0,226.22,99.94
9133,control,mobile,0,179.47,40.05
13083,treatment,mobile,0,220.35,76.81
13390,treatment,mobile,1,263.52,68.63
12569,treatment,mobile,0,201.39,33.62
22,control,desktop,0,202.75,65.58
14438,control,tablet,0,202.96,54.93
11822,treatment,mobile,0,275.19,45.33
12919,treatment,mobile,0,204.06,44.35
11186,treatment,mobile,1,252.86,58.66
15068,treatment,tablet,0,239.72,98.35
10837,treatment,mobile,0,232.94,40.29
1214,control,desktop,0,207.64,79.41
927,control,desktop,0,217.56,104.25
10481,treatment,mobile,0,200.35,40.73
3819,treatment,desktop,0,220.37,112.35
15979,treatment,tablet,0,236.77,38.59
6963,control,mobile,0,248.19,100.29
14208,control,tablet,0,212.92,19.79
10889,treatment,mobile,0,221.06,113.99
7800,control,mobile,0,218.29,58.62
8770,control,mobile,0,227.7,48.9
2820,control,desktop,0,243.17,78.71
2660,control,desktop,0,191.15,54.85
152,control,desktop,0,214.35,58.96
5742,treatment,desktop,0,268.07,15.04
13999,control,tablet,0,181.62,72.51
2348,control,desktop,0,229.78,50.79
1113,control,desktop,0,184.73,65.52
5379,treatment,desktop,0,223.75,35.02
8054,control,mobile,0,247.06,68.06
10049,treatment,mobile,0,236.29,50.62
14978,treatment,tablet,0,133.4,22.51
4665,treatment,desktop,0,144.28,75.24
5399,treatment,desktop,1,279.67,31.94
1773,control,desktop,1,248.21,15.69
10109,treatment,mobile,0,236.78,47.11
8787,control,mobile,0,196.35,34.44
12908,treatment,mobile,0,228.47,76.99
827,control,desktop,0,189.39,62.56
9213,control,mobile,0,235.88,84.97
12087,treatment,mobile,0,200.49,25.33
9032,control,mobile,1,208.64,49.66
12942,treatment,mobile,0,216.38,25.37
13398,treatment,mobile,0,192.71,77.73
13172,treatment,mobile,0,223.81,40.8
6598,control,mobile,0,193.24,50.98
10330,treatment,mobile,0,238.57,60.58
12208,treatment,mobile,0,190.97,59.46
8916,control,mobile,0,211.54,68.3
10790,treatment,mobile,0,223.88,93.8
9970,control,mobile,0,207.83,26.37
2808,control,desktop,0,154.32,15.43
6106,treatment,desktop,0,157.59,83.9
1092,control,desktop,0,242.31,49.72
10682,treatment,mobile,0,250.29,78.6
15476,treatment,tablet,0,215.96,37.5
10076,treatment,mobile,0,187.26,26.87
5871,treatment,desktop,0,220.44,27.88
12126,treatment,mobile,0,156.7,58.02
4418,treatment,desktop,0,227.98,83.56
13206,treatment,mobile,0,223.54,44.39
6899,control,mobile,1,227.59,19.98
11744,treatment,mobile,0,229.56,29.13
6341,treatment,desktop,0,185.76,43.27
13949,control,tablet,0,214.84,40.36
1783,control,desktop,0,228.73,74.23
14991,treatment,tablet,0,246.38,33.61
12654,treatment,mobile,0,217.78,23.86
7995,control,mobile,0,189.4,55.58
11580,treatment,mobile,0,243.16,54.73
13025,treatment,mobile,1,227.43,67.7
12238,treatment,mobile,0,216.02,41.89
13203,treatment,mobile,0,200.67,43.17
10563,treatment,mobile,0,163.19,21.48
12603,treatment,mobile,0,222.58,46.25
1846,control,desktop,0,276.59,26.14
12434,treatment,mobile,0,300.77,38.19
4190,treatment,desktop,0,178.81,97.36
800,control,desktop,0,155.44,41.4
14390,control,tablet,0,199.33,25.75
448,control,desktop,0,169.93,43.17
10354,treatment,mobile,0,225.67,96.12
451,control,desktop,0,221.85,28.37
3485,treatment,desktop,0,218.15,49.87
190,control,desktop,0,276.32,30.29
9748,control,mobile,0,256.0,38.86
6226,treatment,desktop,0,217.94,80.96
2663,control,desktop,0,216.05,43.65
1827,control,desktop,0,180.12,38.9
10996,treatment,mobile,0,204.84,21.15
5207,treatment,desktop,0,230.55,61.65
5020,treatment,desktop,0,237.69,57.31
9553,control,mobile,0,285.5,45.42
11677,treatment,mobile,0,220.01,21.18
13152,treatment,mobile,0,217.44,61.47
3093,control,desktop,0,167.45,47.01
4033,treatment,desktop,0,231.34,74.47
1304,control,desktop,1,213.4,21.93
8922,control,mobile,0,218.9,87.49
7730,control,mobile,0,251.4,49.27
7804,control,mobile,0,242.55,32.88
13796,control,tablet,0,267.85,38.07
8019,control,mobile,0,215.61,65.17
4041,treatment,desktop,0,279.41,85.18
1562,control,desktop,0,205.89,65.91
1758,control,desktop,0,207.16,26.7
2995,control,desktop,0,213.35,29.49
5102,treatment,desktop,0,235.1,58.15
1673,control,desktop,0,235.04,37.31
6207,treatment,desktop,0,245.47,40.79
15479,treatment,tablet,0,234.12,41.14
13856,control,tablet,1,239.68,75.18
7831,control,mobile,0,302.48,24.94
9449,control,mobile,0,213.07,105.8
12125,treatment,mobile,0,167.9,10.91
15337,treatment,tablet,1,223.84,76.67
7227,control,mobile,0,191.87,96.17
4460,treatment,desktop,0,243.01,38.38
3980,treatment,desktop,0,192.44,31.25
14657,control,tablet,0,248.62,90.77
15627,treatment,tablet,0,254.38,105.65
11989,treatment,mobile,0,186.76,39.41
4370,treatment,desktop,1,245.02,63.68
8462,control,mobile,0,235.1,28.3
13313,treatment,mobile,1,224.84,39.72
14054,control,tablet,0,199.59,47.91
2980,control,desktop,0,267.55,37.35
359,control,desktop,0,260.23,45.03
6948,control,mobile,0,223.35,36.79
3910,treatment,desktop,0,209.46,26.69
9863,control,mobile,0,262.37,71.5
13826,control,tablet,0,162.69,28.7
15148,treatment,tablet,0,245.04,49.09
169,control,desktop,0,187.94,32.17
6306,treatment,desktop,0,252.03,56.0
7177,control,mobile,0,222.43,96.29
6599,control,mobile,0,194.45,62.5
8970,control,mobile,0,188.3,95.72
7550,control,mobile,0,216.8,65.04
2609,control,desktop,0,279.34,42.88
15101,treatment,tablet,1,221.13,46.18
14658,control,tablet,0,221.32,90.11
6636,control,mobile,0,257.47,62.26
11122,treatment,mobile,0,245.41,34.3
42,control,desktop,1,193.59,49.11
13342,treatment,mobile,0,192.94,52.98
3292,treatment,desktop,0,271.38,53.19
15713,treatment,tablet,0,245.41,27.25
4043,treatment,desktop,1,208.89,101.4
2607,control,desktop,0,155.67,18.73
12413,treatment,mobile,0,223.04,54.1
89,control,desktop,0,234.83,45.22
11964,treatment,mobile,0,211.75,76.2
13123,treatment,mobile,0,171.9,59.66
4965,treatment,desktop,0,164.49,119.08
1454,control,desktop,0,298.86,60.0
2968,control,desktop,0,238.28,45.31
13461,treatment,mobile,0,167.22,36.95
15464,treatment,tablet,0,218.19,52.18
6116,treatment,desktop,0,192.0,42.04
10951,treatment,mobile,0,210.86,30.47
13489,treatment,mobile,0,225.61,93.2
1062,control,desktop,1,194.45,45.09
10838,treatment,mobile,0,209.2,45.62
4457,treatment,desktop,0,208.54,23.11
9969,control,mobile,0,216.26,57.19
8365,control,mobile,0,206.82,65.98
871,control,desktop,0,208.96,37.75
15232,treatment,tablet,0,195.73,69.29
13546,treatment,mobile,0,276.58,31.13
14697,control,tablet,1,212.97,37.54
12398,treatment,mobile,0,198.57,48.49
7363,control,mobile,0,239.87,76.78
2843,control,desktop,0,210.43,52.94
12488,treatment,mobile,0,191.72,76.36
4297,treatment,desktop,0,187.33,60.52
6220,treatment,desktop,0,250.81,16.99
7691,control,mobile,0,227.78,40.42
1997,control,desktop,0,228.14,27.76
14908,treatment,tablet,1,250.14,43.05
3482,treatment,desktop,0,258.87,24.21
2866,control,desktop,1,240.78,43.55
14275,control,tablet,0,238.71,44.87
5566,treatment,desktop,0,196.42,57.2
6553,control,mobile,0,167.44,40.59
5935,treatment,desktop,0,178.46,50.66
693,control,desktop,0,216.05,33.74
11923,treatment,mobile,0,182.34,77.71
1719,control,desktop,0,211.08,52.58
13900,control,tablet,1,180.17,28.84
6607,control,mobile,0,183.53,109.03
131,control,desktop,1,175.12,26.97
2501,control,desktop,0,215.52,49.62
12104,treatment,mobile,0,223.34,35.83
7201,control,mobile,0,220.62,42.79
11152,treatment,mobile,0,234.29,32.41
5091,treatment,desktop,0,222.55,83.34
15449,treatment,tablet,0,235.31,78.55
9846,control,mobile,0,255.46,25.06
12320,treatment,mobile,0,202.18,54.5
84,control,desktop,0,208.49,48.79
5487,treatment,desktop,0,256.78,83.98
10288,treatment,mobile,0,256.42,128.67
4345,treatment,desktop,0,228.88,20.45
13617,control,tablet,0,223.55,33.3
5254,treatment,desktop,0,198.17,84.81
239,control,desktop,0,211.63,26.89
5046,treatment,desktop,1,210.23,42.57
15810,treatment,tablet,0,163.41,24.7
6944,control,mobile,1,220.72,47.64
7784,control,mobile,1,212.62,16.14
6472,control,mobile,0,233.37,85.28
14415,control,tablet,0,195.95,50.95
14237,control,tablet,0,113.8,69.85
9041,control,mobile,1,166.99,27.62
9765,control,mobile,1,253.87,50.2
15748,treatment,tablet,0,301.62,23.98
3265,treatment,desktop,0,219.41,69.53
3026,control,desktop,0,228.55,87.5
4254,treatment,desktop,0,218.43,48.59
9327,control,mobile,1,211.75,27.48
1161,control,desktop,0,168.01,41.25
7123,control,mobile,0,252.13,39.14
13248,treatment,mobile,0,173.34,52.37
5238,treatment,desktop,1,206.66,42.77
7233,control,mobile,1,235.12,13.94
8969,control,mobile,0,191.16,65.73
3225,treatment,desktop,0,230.68,37.08
13507,treatment,mobile,0,258.15,26.76
3149,control,desktop,0,236.12,58.02
12082,treatment,mobile,0,187.83,67.08
1762,control,desktop,0,225.22,67.79
13722,control,tablet,1,161.7,81.93
5320,treatment,desktop,0,153.56,34.18
8352,control,mobile,1,240.88,25.69
10071,treatment,mobile,0,232.56,82.71
1938,control,desktop,1,243.53,35.83
9952,control,mobile,0,184.01,36.43
6329,treatment,desktop,0,237.12,33.39
11301,treatment,mobile,0,206.2,4409.13
1090,control,desktop,0,233.56,31.52
15376,treatment,tablet,0,231.7,229.42
6655,control,mobile,0,210.51,43.23
6466,control,mobile,0,189.95,30.16
7432,control,mobile,0,234.62,45.37
13412,treatment,mobile,0,154.23,80.75
6830,control,mobile,0,154.71,54.21
3750,treatment,desktop,0,258.99,44.78
1041,control,desktop,0,236.96,96.08
9200,control,mobile,0,168.43,76.03
6358,treatment,desktop,0,289.96,46.17
13545,treatment,mobile,0,209.84,58.27
9375,control,mobile,0,192.88,49.9
13275,treatment,mobile,0,300.21,83.43
12692,treatment,mobile,0,207.34,35.04
8396,control,mobile,0,177.17,32.55
2576,control,desktop,0,209.47,71.84
5271,treatment,desktop,0,198.99,16.04
13421,treatment,mobile,1,225.66,27.43
12240,treatment,mobile,0,229.87,117.88
3214,treatment,desktop,0,218.0,42.74
13550,treatment,mobile,0,207.47,106.41
10611,treatment,mobile,0,249.48,63.32
1141,control,desktop,0,237.26,40.83
7125,control,mobile,0,181.56,36.05
8867,control,mobile,0,224.31,106.1
93,control,desktop,0,148.92,45.36
11704,treatment,mobile,0,223.46,65.6
13914,control,tablet,0,158.2,70.46
13754,control,tablet,0,208.42,108.54
3058,control,desktop,0,272.12,31.33
13112,treatment,mobile,0,244.48,32.79
6017,treatment,desktop,1,221.14,29.89
7994,control,mobile,0,159.11,52.51
13162,treatment,mobile,0,222.3,60.01
1484,control,desktop,0,208.82,60.45
8440,control,mobile,0,216.6,60.57
14155,control,tablet,0,180.97,88.75
7442,control,mobile,0,237.71,54.86
4088,treatment,desktop,0,268.93,61.77
14716,control,tablet,0,246.81,115.65
2892,control,desktop,0,234.57,25.84
15881,treatment,tablet,0,232.52,42.86
6395,treatment,desktop,0,203.53,80.69
4881,treatment,desktop,0,213.34,3693.59
5616,treatment,desktop,0,185.05,41.0
12544,treatment,mobile,0,272.9,23.46
9387,control,mobile,0,184.11,73.89
10093,treatment,mobile,0,270.43,25.25
151,control,desktop,0,220.83,80.37
8172,control,mobile,0,207.09,44.11
10232,treatment,mobile,0,204.0,109.09
3044,control,desktop,0,223.57,27.16
9317,control,mobile,0,229.03,117.81
14414,control,tablet,0,215.03,49.64
13387,treatment,mobile,0,255.38,34.65
12969,treatment,mobile,1,216.68,40.13
7213,control,mobile,1,193.97,140.71
12607,treatment,mobile,0,199.0,66.04
14511,control,tablet,0,220.23,76.93
10064,treatment,mobile,0,241.03,45.56
8644,control,mobile,0,209.25,87.62
13109,treatment,mobile,0,260.9,19.49
2780,control,desktop,0,210.64,49.65
6105,treatment,desktop,0,218.2,84.7
6525,control,mobile,0,199.45,64.75
9074,control,mobile,0,199.45,63.61
10976,treatment,mobile,0,237.8,29.98
2212,control,desktop,0,245.91,50.72
390,control,desktop,0,291.96,38.63
11398,treatment,mobile,1,227.45,93.16
3710,treatment,desktop,1,221.23,78.8
11270,treatment,mobile,0,190.16,38.34
5588,treatment,desktop,1,224.18,38.96
14301,control,tablet,0,237.9,71.29
3308,treatment,desktop,0,206.5,32.33
7088,control,mobile,0,204.23,76.28
5661,treatment,desktop,0,163.82,47.24
10658,treatment,mobile,0,229.61,78.62
4825,treatment,desktop,0,217.12,91.25
8267,control,mobile,1,246.03,20.08
11138,treatment,mobile,0,231.05,47.69
13739,control,tablet,0,250.1,82.65
8471,control,mobile,0,238.32,39.3
9084,control,mobile,1,178.19,21.58
9850,control,mobile,1,194.07,50.77
14368,control,tablet,0,190.4,25.41
7595,control,mobile,1,237.59,93.55
6932,control,mobile,0,213.5,18.47
8559,control,mobile,0,207.14,69.48
8237,control,mobile,0,233.94,41.84
9465,control,mobile,0,187.58,31.11
15275,treatment,tablet,0,225.21,61.73
10084,treatment,mobile,0,207.19,51.98
9766,control,mobile,0,196.45,48.62
8508,control,mobile,0,203.35,68.57
7944,control,mobile,1,173.26,27.56
7362,control,mobile,0,150.56,65.32
1386,control,desktop,1,174.99,4723.82
7441,control,mobile,0,217.24,65.86
11676,treatment,mobile,0,195.95,28.66
1448,control,desktop,1,240.08,14.57
11061,treatment,mobile,0,189.54,19.74
15331,treatment,tablet,0,259.94,33.38
12933,treatment,mobile,0,190.31,41.5
2263,control,desktop,0,200.71,63.07
9559,control,mobile,0,260.67,66.94
13396,treatment,mobile,1,203.56,103.83
13085,treatment,mobile,0,185.74,68.94
7532,control,mobile,0,276.94,11.05
13071,treatment,mobile,0,227.64,20.12
4280,treatment,desktop,0,223.99,20.96
12080,treatment,mobile,0,260.25,51.14
7932,control,mobile,0,182.37,47.76
4393,treatment,desktop,0,217.75,16.54
15504,treatment,tablet,0,222.09,74.48
1852,control,desktop,0,229.03,98.78
10034,treatment,mobile,0,173.86,33.55
4367,treatment,desktop,0,241.47,96.51
13820,control,tablet,0,229.97,51.71
14315,control,tablet,0,250.39,53.85
10785,treatment,mobile,0,202.23,43.93
623,control,desktop,0,187.42,63.3
6968,control,mobile,0,257.06,17.49
8801,control,mobile,0,226.9,22.14
15394,treatment,tablet,0,292.89,69.71
7826,control,mobile,0,237.47,43.63
6411,control,mobile,0,217.57,108.4
2305,control,desktop,0,246.28,43.63
10257,treatment,mobile,1,226.03,30.35
14065,control,tablet,0,225.5,22.01
3785,treatment,desktop,0,228.03,43.94
11204,treatment,mobile,0,267.06,60.84
5673,treatment,desktop,0,247.19,53.88
10977,treatment,mobile,0,235.37,31.17
3510,treatment,desktop,0,210.45,39.57
6529,control,mobile,0,229.99,46.23
6140,treatment,desktop,0,254.72,94.65
4838,treatment,desktop,0,231.68,13.49
7144,control,mobile,0,246.45,56.44
10228,treatment,mobile,0,241.55,30.85
10066,treatment,mobile,0,227.36,153.69
14496,control,tablet,0,264.55,45.66
10120,treatment,mobile,0,249.38,30.11
11804,treatment,mobile,0,235.3,55.07
3212,treatment,desktop,0,201.53,38.22
14655,control,tablet,0,186.65,46.24
4503,treatment,desktop,0,204.24,18.92
3138,control,desktop,0,202.85,34.89
15069,treatment,tablet,0,209.23,63.67
2916,control,desktop,0,238.85,75.02
5384,treatment,desktop,0,194.98,36.77
11346,treatment,mobile,0,202.12,45.97
2541,control,desktop,1,227.55,107.76
7659,control,mobile,1,208.63,57.52
5057,treatment,desktop,0,269.72,16.48
1184,control,desktop,0,180.87,31.03
3554,treatment,desktop,1,244.01,117.96
10307,treatment,mobile,1,182.64,73.46
14988,treatment,tablet,0,182.21,58.62
2567,control,desktop,0,233.87,14.34
3476,treatment,desktop,1,210.66,58.1
6575,control,mobile,0,225.38,64.12
9170,control,mobile,0,202.17,73.16
8778,control,mobile,0,232.79,87.95
6847,control,mobile,0,288.43,38.61
15873,treatment,tablet,0,270.53,33.67
8781,control,mobile,0,224.19,19.85
5421,treatment,desktop,0,198.65,60.2
2344,control,desktop,0,192.34,39.04
261,control,desktop,0,193.16,42.53
14178,control,tablet,0,249.41,39.33
1578,control,desktop,0,196.47,36.02
7692,control,mobile,0,249.73,44.8
12327,treatment,mobile,0,170.6,34.11
2418,control,desktop,0,179.59,59.21
14380,control,tablet,0,206.74,74.22
363,control,desktop,0,255.1,72.88
15956,treatment,tablet,0,182.13,81.9
1483,control,desktop,0,228.77,27.32
3790,treatment,desktop,1,216.57,39.51
14130,control,tablet,1,210.77,55.24
6853,control,mobile,0,208.01,16.76
5428,treatment,desktop,0,218.71,110.56
11865,treatment,mobile,0,218.21,74.49
15844,treatment,tablet,1,191.18,61.66
9398,control,mobile,1,177.27,77.84
349,control,desktop,0,217.47,76.78
8739,control,mobile,0,228.9,53.12
12324,treatment,mobile,0,218.14,30.58
4638,treatment,desktop,0,226.25,34.57
4603,treatment,desktop,0,266.56,78.77
4001,treatment,desktop,0,217.09,65.1
8993,control,mobile,0,156.52,32.56
8061,control,mobile,1,242.83,80.13
2166,control,desktop,0,164.65,38.28
8259,control,mobile,0,248.53,101.42
1415,control,desktop,1,181.0,74.42
4885,treatment,desktop,0,184.21,79.27
5959,treatment,desktop,0,209.79,155.62
6225,treatment,desktop,1,239.99,87.91
8740,control,mobile,0,205.73,73.1
15466,treatment,tablet,0,203.97,80.44
3751,treatment,desktop,0,203.15,37.89
14017,control,tablet,0,205.54,40.1
13308,treatment,mobile,1,212.32,100.75
13261,treatment,mobile,0,224.6,57.55
5393,treatment,desktop,0,182.99,45.1
3901,treatment,desktop,0,186.25,83.31
14622,control,tablet,0,238.2,35.83
7481,control,mobile,0,228.94,23.59
5709,treatment,desktop,0,239.61,73.58
14085,control,tablet,1,311.68,62.84
15551,treatment,tablet,0,203.77,43.09
13054,treatment,mobile,0,229.82,56.53
14783,control,tablet,0,248.39,33.79
9217,control,mobile,0,200.0,87.31
6142,treatment,desktop,0,210.0,98.97
15911,treatment,tablet,1,234.92,42.82
959,control,desktop,0,216.5,69.15
1807,control,desktop,0,177.11,36.6
1393,control,desktop,0,203.95,48.7
10971,treatment,mobile,0,200.13,65.37
15623,treatment,tablet,0,237.63,76.39
4863,treatment,desktop,0,187.67,79.03
1694,control,desktop,0,225.97,67.06
15746,treatment,tablet,0,305.82,57.2
2311,control,desktop,0,252.68,38.75
2076,control,desktop,0,190.7,114.61
3888,treatment,desktop,0,232.75,45.35
7298,control,mobile,0,214.63,36.81
9081,control,mobile,0,219.67,13.34
8247,control,mobile,1,172.42,83.62
6916,control,mobile,0,255.8,102.03
12677,treatment,mobile,1,250.21,35.17
12468,treatment,mobile,0,278.7,38.73
7343,control,mobile,0,180.32,46.63
10074,treatment,mobile,0,208.78,21.46
11289,treatment,mobile,0,219.39,35.75
15024,treatment,tablet,0,248.95,81.16
2950,control,desktop,0,216.08,65.33
11598,treatment,mobile,0,214.41,32.47
11177,treatment,mobile,0,234.61,76.9
6697,control,mobile,0,239.59,75.0
4211,treatment,desktop,0,215.33,53.79
5638,treatment,desktop,0,181.01,124.42
10464,treatment,mobile,0,212.7,58.5
8858,control,mobile,0,243.47,32.54
8219,control,mobile,1,216.19,56.37
1590,control,desktop,0,231.88,85.09
13801,control,tablet,0,161.39,52.45
9839,control,mobile,0,266.3,39.32
5741,treatment,desktop,1,249.95,81.0
10639,treatment,mobile,0,220.07,89.73
10158,treatment,mobile,0,213.97,37.08
11059,treatment,mobile,0,170.27,40.49
2027,control,desktop,1,247.06,25.46
7091,control,mobile,0,199.94,50.41
9215,control,mobile,0,188.87,32.39
13348,treatment,mobile,0,188.85,31.62
6464,control,mobile,0,227.75,89.33
13514,treatment,mobile,0,253.55,68.44
5237,treatment,desktop,0,223.87,111.46
8515,control,mobile,0,201.99,41.1
3556,treatment,desktop,1,205.44,32.09
13178,treatment,mobile,1,212.33,60.89
6807,control,mobile,0,209.48,62.73
6556,control,mobile,0,215.98,87.15
7408,control,mobile,0,192.78,70.03
11924,treatment,mobile,0,192.74,27.99
520,control,desktop,0,195.04,48.51
10686,treatment,mobile,0,230.9,79.99
4995,treatment,desktop,0,204.78,46.17
9458,control,mobile,0,270.78,45.28
8129,control,mobile,1,173.54,70.93
13016,treatment,mobile,1,224.47,58.65
14374,control,tablet,1,232.64,66.2
10166,treatment,mobile,0,262.7,28.09
12640,treatment,mobile,0,247.33,14.31
13093,treatment,mobile,0,227.64,71.42
6087,treatment,desktop,1,197.25,41.64
12893,treatment,mobile,0,234.07,109.57
15652,treatment,tablet,0,225.42,30.14
5778,treatment,desktop,0,238.04,24.3
956,control,desktop,1,171.14,42.57
7901,control,mobile,0,199.14,38.29
7818,control,mobile,0,237.01,76.06
6024,treatment,desktop,0,177.4,21.17
8672,control,mobile,0,233.33,70.96
12768,treatment,mobile,0,180.09,54.23
14463,control,tablet,0,234.76,88.91
5032,treatment,desktop,1,188.69,77.38
13292,treatment,mobile,0,272.14,27.39
468,control,desktop,0,189.68,33.21
7386,control,mobile,0,282.77,51.73
5767,treatment,desktop,0,225.85,48.51
3069,control,desktop,0,210.19,63.63
1975,control,desktop,0,220.37,37.49
8773,control,mobile,0,205.38,71.39
410,control,desktop,0,202.53,45.81
7886,control,mobile,0,255.91,47.77
4732,treatment,desktop,0,215.66,45.08
6551,control,mobile,1,191.51,64.23
8326,control,mobile,0,209.66,20.97
15227,treatment,tablet,0,217.41,53.23
13111,treatment,mobile,0,178.99,28.06
6462,control,mobile,0,220.56,41.62
14846,treatment,tablet,0,260.13,59.88
2302,control,desktop,1,215.29,54.9
3518,treatment,desktop,0,161.14,25.88
6180,treatment,desktop,0,191.53,48.64
13227,treatment,mobile,0,224.37,47.15
10161,treatment,mobile,0,185.35,25.87
12917,treatment,mobile,0,245.69,77.6
13733,control,tablet,1,161.02,18.74
8137,control,mobile,0,214.15,60.0
9376,control,mobile,0,166.02,64.2
1370,control,desktop,0,196.56,47.7
4049,treatment,desktop,1,203.45,38.53
1303,control,desktop,1,169.77,31.56
12258,treatment,mobile,0,190.97,96.88
7204,control,mobile,0,216.83,30.55
15486,treatment,tablet,1,238.12,65.24
4905,treatment,desktop,0,190.98,109.56
15537,treatment,tablet,0,191.23,50.8
7331,control,mobile,0,209.8,55.63
12563,treatment,mobile,1,249.0,76.11
785,control,desktop,0,206.94,53.81
7857,control,mobile,0,234.3,40.81
15849,treatment,tablet,0,266.77,108.68
15138,treatment,tablet,1,204.32,40.92
14752,control,tablet,0,205.98,43.25
2367,control,desktop,0,228.8,23.33
892,control,desktop,0,231.75,100.4
6015,treatment,desktop,0,154.37,32.17
13755,control,tablet,0,224.98,71.45
11928,treatment,mobile,0,193.73,90.34
6611,control,mobile,0,221.31,36.48
5652,treatment,desktop,0,187.86,43.23
7859,control,mobile,0,216.06,66.93
13215,treatment,mobile,0,237.25,30.47
4230,treatment,desktop,1,190.32,91.76
10358,treatment,mobile,0,253.65,41.65
11716,treatment,mobile,0,216.99,103.4
10750,treatment,mobile,0,279.18,72.74
4889,treatment,desktop,0,217.29,29.42
5197,treatment,desktop,0,247.14,59.63
6678,control,mobile,0,187.28,26.88
15406,treatment,tablet,0,187.59,42.68
14572,control,tablet,0,220.51,37.53
3939,treatment,desktop,1,213.15,64.07
7786,control,mobile,0,237.91,67.83
3904,treatment,desktop,0,242.32,50.38
9518,control,mobile,0,189.53,43.7
6661,control,mobile,0,262.88,32.06
8081,control,mobile,0,202.79,22.55
8182,control,mobile,0,186.39,46.38
2644,control,desktop,0,198.15,36.96
6673,control,mobile,0,200.37,52.16
11324,treatment,mobile,0,244.44,50.17
12775,treatment,mobile,0,204.28,53.38
2322,control,desktop,0,250.6,93.39
9545,control,mobile,0,203.75,61.78
1655,control,desktop,0,235.09,65.02
11491,treatment,mobile,0,243.61,61.44
15166,treatment,tablet,0,259.88,30.2
2480,control,desktop,0,217.9,78.69
2135,control,desktop,0,232.19,50.69
5228,treatment,desktop,0,189.38,55.29
12911,treatment,mobile,0,267.43,68.98
7656,control,mobile,0,241.19,47.82
9519,control,mobile,0,222.63,45.52
14702,control,tablet,0,244.61,35.24
889,control,desktop,0,222.9,28.02
2566,control,desktop,0,215.08,53.96
6205,treatment,desktop,0,299.17,44.05
14122,control,tablet,0,232.41,56.73
6766,control,mobile,0,247.24,96.12
10278,treatment,mobile,0,204.65,18.56
5646,treatment,desktop,0,246.31,124.01
7881,control,mobile,0,221.95,52.7
15896,treatment,tablet,1,239.27,41.77
9038,control,mobile,0,167.72,128.04
9927,control,mobile,0,262.01,118.41
12691,treatment,mobile,0,191.34,121.57
12203,treatment,mobile,0,240.75,32.11
7942,control,mobile,0,193.81,81.08
8907,control,mobile,0,198.78,57.85
7370,control,mobile,0,201.74,73.27
6455,control,mobile,0,223.93,74.83
13953,control,tablet,0,179.78,33.4
13915,control,tablet,0,195.65,38.0
4852,treatment,desktop,0,200.89,37.65
1779,control,desktop,0,237.71,46.74
3676,treatment,desktop,1,219.87,25.76
12020,treatment,mobile,0,232.71,47.44
3227,treatment,desktop,0,200.97,39.52
13160,treatment,mobile,0,260.18,25.84
11519,treatment,mobile,1,238.94,43.99
13053,treatment,mobile,1,261.18,56.54
13318,treatment,mobile,0,249.66,55.48
1724,control,desktop,0,224.33,90.25
11527,treatment,mobile,0,224.44,53.86
674,control,desktop,0,181.56,31.75
13345,treatment,mobile,0,193.43,46.53
1710,control,desktop,0,223.22,55.79
3882,treatment,desktop,0,227.6,26.9
4222,treatment,desktop,0,281.78,50.85
14251,control,tablet,0,175.31,46.17
5480,treatment,desktop,0,189.27,30.33
6147,treatment,desktop,0,233.52,50.04
11866,treatment,mobile,0,195.53,121.29
11139,treatment,mobile,1,197.98,55.63
13113,treatment,mobile,1,171.7,66.32
7759,control,mobile,0,228.05,47.78
10360,treatment,mobile,0,192.24,29.93
4816,treatment,desktop,1,235.16,78.63
11508,treatment,mobile,0,216.63,45.52
15635,treatment,tablet,1,245.62,69.21
15189,treatment,tablet,0,245.08,44.75
2911,control,desktop,0,210.22,105.8
2163,control,desktop,0,201.22,34.64
8624,control,mobile,0,218.04,107.46
8616,control,mobile,0,123.98,27.17
12479,treatment,mobile,0,224.56,41.38
10277,treatment,mobile,0,202.8,60.38
15050,treatment,tablet,0,209.47,23.66
6156,treatment,desktop,0,237.95,70.61
7078,control,mobile,0,214.9,25.99
7925,control,mobile,0,230.87,36.43
3347,treatment,desktop,0,210.73,56.12
622,control,desktop,0,204.51,22.98
9172,control,mobile,0,203.27,52.08
10012,treatment,mobile,0,274.76,71.95
3,control,desktop,0,270.74,152.35
434,control,desktop,0,250.24,96.71
2949,control,desktop,1,188.78,163.12
6634,control,mobile,0,241.16,51.6
2483,control,desktop,0,263.81,27.64
2293,control,desktop,1,231.73,45.2
8008,control,mobile,0,208.0,111.62
3100,control,desktop,0,199.61,71.77
7543,control,mobile,0,193.88,3806.23
4308,treatment,desktop,1,172.69,31.75
15912,treatment,tablet,0,218.23,56.93
14738,control,tablet,0,179.16,45.29
14901,treatment,tablet,1,253.03,59.15
10054,treatment,mobile,0,209.66,47.13
5722,treatment,desktop,1,240.56,61.16
1945,control,desktop,0,192.85,52.68
5280,treatment,desktop,0,241.83,41.48
15610,treatment,tablet,0,232.56,32.04
5883,treatment,desktop,0,197.68,46.86
14869,treatment,tablet,0,218.34,28.77
10050,treatment,mobile,1,248.98,33.85
15817,treatment,tablet,0,201.11,32.23
7322,control,mobile,0,196.29,23.12
1064,control,desktop,1,226.94,44.72
2823,control,desktop,0,189.06,32.95
683,control,desktop,0,233.38,34.9
11006,treatment,mobile,0,184.25,21.75
5420,treatment,desktop,0,172.64,68.47
3034,control,desktop,0,249.47,75.83
13121,treatment,mobile,0,216.2,35.61
15874,treatment,tablet,0,250.34,28.88
1580,control,desktop,0,251.7,29.06
3777,treatment,desktop,0,219.52,33.2
4914,treatment,desktop,0,258.87,60.6
9329,control,mobile,0,186.55,81.41
5651,treatment,desktop,0,236.58,73.11
11607,treatment,mobile,0,189.62,97.86
2471,control,desktop,0,163.15,29.35
682,control,desktop,0,171.74,17.51
14627,control,tablet,0,182.65,52.18
1520,control,desktop,0,245.63,27.69
15429,treatment,tablet,0,269.83,48.74
4361,treatment,desktop,0,224.19,49.7
12444,treatment,mobile,0,189.26,46.67
783,control,desktop,1,247.8,32.35
4764,treatment,desktop,0,213.68,58.53
5686,treatment,desktop,0,207.9,52.01
13098,treatment,mobile,0,188.8,44.73
901,control,desktop,0,202.07,22.35
1431,control,desktop,0,258.08,10.13
987,control,desktop,0,188.95,30.46
7955,control,mobile,0,214.01,17.98
15882,treatment,tablet,0,230.31,90.89
15077,treatment,tablet,0,243.01,38.23
7735,control,mobile,0,193.16,36.57
6488,control,mobile,0,218.89,50.81
12053,treatment,mobile,0,238.41,49.76
15280,treatment,tablet,0,232.42,31.31
7243,control,mobile,0,263.65,70.94
14437,control,tablet,1,249.74,23.78
13014,treatment,mobile,0,215.9,62.13
5127,treatment,desktop,0,237.53,26.36
6416,control,mobile,0,243.07,108.35
604,control,desktop,0,219.15,16.81
10874,treatment,mobile,1,265.21,118.18
6516,control,mobile,0,212.04,83.78
9721,control,mobile,0,235.23,35.3
11041,treatment,mobile,0,189.92,73.49
14914,treatment,tablet,0,183.29,39.79
6134,treatment,desktop,1,211.3,24.96
1447,control,desktop,0,209.29,89.33
13759,control,tablet,0,234.06,39.9
5770,treatment,desktop,0,230.89,26.54
7175,control,mobile,1,170.27,49.58
20,control,desktop,0,238.19,43.43
8760,control,mobile,0,227.53,162.37
15628,treatment,tablet,0,206.96,22.42
15590,treatment,tablet,0,268.07,61.34
7308,control,mobile,0,205.39,36.24
2493,control,desktop,0,188.85,97.83
28,control,desktop,0,195.82,118.45
4529,treatment,desktop,0,222.92,140.24
10929,treatment,mobile,0,193.36,43.93
9494,control,mobile,0,216.74,42.41
14500,control,tablet,0,191.6,41.23
12470,treatment,mobile,0,203.51,45.12
10865,treatment,mobile,0,202.83,22.86
13728,control,tablet,0,202.88,55.53
15772,treatment,tablet,0,154.77,29.62
12301,treatment,mobile,0,186.68,32.19
10583,treatment,mobile,0,257.09,111.32
5945,treatment,desktop,0,245.13,45.09
6543,control,mobile,0,234.74,28.8
5751,treatment,desktop,0,219.68,51.39
1785,control,desktop,0,273.98,63.04
5663,treatment,desktop,0,218.14,149.97
3357,treatment,desktop,0,191.41,33.45
193,control,desktop,0,218.84,21.57
4493,treatment,desktop,0,268.14,59.45
10245,treatment,mobile,0,182.11,69.06
6762,control,mobile,0,245.57,60.55
2306,control,desktop,1,213.38,28.52
15203,treatment,tablet,1,218.53,69.94
12309,treatment,mobile,0,206.98,30.45
5446,treatment,desktop,1,263.69,41.33
11133,treatment,mobile,0,235.2,59.45
8796,control,mobile,0,256.59,32.43
8020,control,mobile,1,185.86,62.57
13173,treatment,mobile,0,236.54,42.6
7185,control,mobile,0,238.7,99.52
1025,control,desktop,0,238.33,67.72
11662,treatment,mobile,0,242.87,99.24
10294,treatment,mobile,0,244.95,39.73
14750,control,tablet,0,265.23,15.8
8163,control,mobile,1,198.71,40.34
6107,treatment,desktop,0,177.16,53.67
2696,control,desktop,0,247.11,47.06
1012,control,desktop,0,219.18,41.37
4438,treatment,desktop,0,228.92,99.17
11846,treatment,mobile,0,243.94,88.66
4630,treatment,desktop,0,180.6,31.04
7482,control,mobile,0,187.88,55.82
1705,control,desktop,0,241.12,34.65
4485,treatment,desktop,0,223.56,43.7
3077,control,desktop,0,203.72,34.97
4396,treatment,desktop,0,155.64,75.11
9625,control,mobile,0,240.98,93.48
8089,control,mobile,0,215.62,37.19
8220,control,mobile,0,231.94,50.09
15761,treatment,tablet,0,156.45,65.43
12659,treatment,mobile,0,254.17,23.6
6789,control,mobile,0,235.48,45.77
5018,treatment,desktop,0,208.34,27.58
10938,treatment,mobile,0,176.5,47.79
2029,control,desktop,1,246.42,88.44
5669,treatment,desktop,0,190.7,90.88
11280,treatment,mobile,0,225.91,50.87
14941,treatment,tablet,0,223.91,38.13
9773,control,mobile,0,207.81,62.85
2580,control,desktop,0,213.65,27.12
12432,treatment,mobile,0,220.93,45.65
1984,control,desktop,0,264.71,49.16
5582,treatment,desktop,0,299.85,85.86
15656,treatment,tablet,0,264.31,68.89
1518,control,desktop,1,196.13,36.49
6146,treatment,desktop,0,221.65,30.95
385,control,desktop,0,159.82,30.08
12890,treatment,mobile,0,219.15,36.5
13727,control,tablet,0,241.22,75.65
8223,control,mobile,0,158.6,34.1
10373,treatment,mobile,1,216.98,81.36
9928,control,mobile,1,259.02,231.11
13664,control,tablet,0,252.49,70.65
5876,treatment,desktop,0,257.76,36.18
11983,treatment,mobile,1,208.26,32.46
213,control,desktop,0,255.37,43.25
5531,treatment,desktop,0,243.28,33.62
9882,control,mobile,0,183.4,125.37
10186,treatment,mobile,0,208.29,53.85
13861,control,tablet,0,218.18,32.51
6192,treatment,desktop,0,292.79,76.79
1881,control,desktop,0,246.77,37.39
2314,control,desktop,0,209.69,23.16
9910,control,mobile,0,193.23,24.07
5672,treatment,desktop,1,251.03,26.85
1247,control,desktop,0,231.92,36.38
10391,treatment,mobile,0,245.76,23.09
5410,treatment,desktop,1,245.77,86.2
6171,treatment,desktop,0,197.28,41.28
2343,control,desktop,0,190.52,42.46
2419,control,desktop,0,287.86,30.37
10382,treatment,mobile,0,201.72,6.27
2562,control,desktop,0,188.85,25.01
225,control,desktop,0,264.4,62.56
11808,treatment,mobile,0,199.44,33.55
1047,control,desktop,0,213.13,69.16
951,control,desktop,1,158.66,41.9
2839,control,desktop,0,213.16,37.02
10198,treatment,mobile,0,256.99,30.89
12201,treatment,mobile,0,240.77,34.27
1830,control,desktop,0,243.5,79.53
2107,control,desktop,1,252.04,41.59
10116,treatment,mobile,0,211.54,59.36
2625,control,desktop,0,230.1,36.68
15839,treatment,tablet,0,204.82,62.42
2386,control,desktop,0,256.49,30.04
11047,treatment,mobile,0,231.5,61.76
195,control,desktop,0,243.07,56.57
1283,control,desktop,0,255.21,54.51
2162,control,desktop,0,225.59,32.97
9272,control,mobile,0,219.99,46.65
13721,control,tablet,0,212.87,60.29
10301,treatment,mobile,0,187.68,74.54
9256,control,mobile,0,189.46,116.51
10386,treatment,mobile,0,284.56,62.11
7309,control,mobile,0,203.19,25.49
7048,control,mobile,0,187.26,43.65
13367,treatment,mobile,0,204.67,64.63
1967,control,desktop,0,193.2,29.49
14335,control,tablet,0,256.6,24.48
14299,control,tablet,0,168.76,51.45
9982,control,mobile,0,268.71,44.78
5211,treatment,desktop,0,208.74,99.91
14758,control,tablet,0,188.2,26.45
10665,treatment,mobile,0,197.42,66.63
3699,treatment,desktop,0,234.75,37.36
7689,control,mobile,0,193.06,35.55
4318,treatment,desktop,0,262.87,93.37
13205,treatment,mobile,0,206.77,29.6
11510,treatment,mobile,0,200.75,20.71
8665,control,mobile,0,232.63,60.17
6837,control,mobile,0,204.6,43.37
3267,treatment,desktop,1,282.23,88.5
13482,treatment,mobile,0,170.77,50.23
11212,treatment,mobile,0,254.19,32.91
9957,control,mobile,0,205.92,61.86
6371,treatment,desktop,0,213.56,75.79
4847,treatment,desktop,0,219.96,129.49
6238,treatment,desktop,0,243.4,40.56
4623,treatment,desktop,1,256.05,68.57
6780,control,mobile,0,243.9,52.4
2265,control,desktop,0,229.57,36.82
6097,treatment,desktop,1,165.81,135.96
4508,treatment,desktop,0,243.23,23.82
8086,control,mobile,0,187.84,42.79
6299,treatment,desktop,0,242.41,54.25
9602,control,mobile,0,235.64,29.89
14921,treatment,tablet,0,216.64,45.92
6576,control,mobile,1,202.01,52.95
11098,treatment,mobile,0,222.55,109.9
2250,control,desktop,0,309.6,47.56
3051,control,desktop,0,240.63,24.07
3514,treatment,desktop,0,255.1,36.61
1374,control,desktop,0,219.84,115.71
1803,control,desktop,0,168.61,181.48
14035,control,tablet,0,186.54,69.93
2619,control,desktop,0,188.7,18.42
1684,control,desktop,1,195.04,143.35
5087,treatment,desktop,0,238.01,46.73
1082,control,desktop,0,224.58,43.23
13528,treatment,mobile,0,281.28,49.16
9412,control,mobile,0,150.4,68.5
7193,control,mobile,0,214.82,47.89
14772,control,tablet,0,255.54,56.15
5417,treatment,desktop,0,178.36,25.1
12039,treatment,mobile,1,271.22,48.33
14645,control,tablet,0,263.08,26.37
7141,control,mobile,0,201.06,32.41
12594,treatment,mobile,1,263.36,24.21
7411,control,mobile,0,224.41,32.39
12938,treatment,mobile,0,227.93,24.35
8383,control,mobile,0,241.04,57.45
5440,treatment,desktop,0,255.66,19.56
9268,control,mobile,0,203.1,55.57
4274,treatment,desktop,0,226.23,18.82
2037,control,desktop,0,298.61,30.51
863,control,desktop,1,268.8,52.3
10511,treatment,mobile,0,238.96,111.77
10347,treatment,mobile,0,233.9,106.64
14960,treatment,tablet,0,199.96,67.36
13920,control,tablet,0,243.79,32.07
15851,treatment,tablet,0,198.4,63.57
4893,treatment,desktop,0,218.52,106.3
10916,treatment,mobile,0,180.29,61.67
2490,control,desktop,0,200.26,22.36
8146,control,mobile,0,298.36,76.52
11862,treatment,mobile,1,273.25,47.07
9591,control,mobile,0,231.1,23.06
10428,treatment,mobile,0,217.37,74.45
5606,treatment,desktop,0,197.34,55.84
10516,treatment,mobile,0,197.6,55.19
14034,control,tablet,0,246.58,75.17
12175,treatment,mobile,0,167.51,39.79
15194,treatment,tablet,0,230.44,35.72
4822,treatment,desktop,0,216.88,25.86
10146,treatment,mobile,0,225.62,60.2
829,control,desktop,0,247.57,28.58
264,control,desktop,1,230.31,51.42
11295,treatment,mobile,0,207.69,94.0
5473,treatment,desktop,0,277.92,65.36
14705,control,tablet,1,229.36,52.11
13405,treatment,mobile,0,236.67,34.09
10081,treatment,mobile,0,196.24,54.27
2099,control,desktop,0,227.48,56.25
11740,treatment,mobile,0,217.08,32.31
10507,treatment,mobile,1,199.73,37.82
10707,treatment,mobile,0,226.87,26.04
15638,treatment,tablet,0,236.9,36.63
9419,control,mobile,0,261.45,39.74
2814,control,desktop,0,212.11,38.82
11506,treatment,mobile,0,220.68,93.7
7382,control,mobile,0,204.19,115.24
11160,treatment,mobile,0,209.06,61.44
10772,treatment,mobile,1,199.96,19.62
12191,treatment,mobile,0,213.0,44.04
6172,treatment,desktop,0,207.38,32.32
8386,control,mobile,0,194.56,40.81
14670,control,tablet,0,162.81,28.04
11702,treatment,mobile,0,214.17,85.89
14361,control,tablet,0,163.33,93.04
10173,treatment,mobile,0,262.77,111.34
12506,treatment,mobile,0,234.72,54.54
10267,treatment,mobile,0,250.48,27.93
8429,control,mobile,0,252.92,22.14
6492,control,mobile,0,193.02,44.43
15872,treatment,tablet,0,197.23,96.17
2981,control,desktop,0,202.97,137.85
12491,treatment,mobile,0,192.92,46.74
10897,treatment,mobile,0,220.21,37.59
11843,treatment,mobile,0,262.52,129.31
5501,treatment,desktop,1,184.59,58.36
15737,treatment,tablet,0,181.45,33.41
7783,control,mobile,0,239.52,71.6
4784,treatment,desktop,0,208.84,70.91
12419,treatment,mobile,0,244.6,65.93
1930,control,desktop,0,216.05,69.93
13021,treatment,mobile,0,232.02,68.71
5374,treatment,desktop,0,237.86,77.73
14152,control,tablet,0,219.78,71.66
1966,control,desktop,0,175.38,69.49
3293,treatment,desktop,0,254.09,48.11
7752,control,mobile,0,267.79,71.47
7300,control,mobile,0,218.13,42.51
1701,control,desktop,1,201.8,77.96
3473,treatment,desktop,0,209.92,33.13
4101,treatment,desktop,0,229.49,68.34
12400,treatment,mobile,0,206.36,72.13
2796,control,desktop,0,217.63,38.54
7354,control,mobile,0,233.78,35.01
10090,treatment,mobile,0,235.76,78.82
13150,treatment,mobile,0,246.5,28.56
128,control,desktop,0,289.51,73.92
1842,control,desktop,1,244.17,22.49
8700,control,mobile,0,206.61,52.78
15657,treatment,tablet,0,260.14,61.35
13985,control,tablet,0,215.62,115.68
14703,control,tablet,0,215.01,28.45
4844,treatment,desktop,0,203.36,45.42
10,control,desktop,0,198.65,51.74
7661,control,mobile,0,223.97,41.48
8874,control,mobile,0,235.04,55.41
4786,treatment,desktop,1,193.84,37.05
4007,treatment,desktop,0,220.96,39.68
14145,control,tablet,0,203.8,62.79
9739,control,mobile,0,202.36,85.27
1981,control,desktop,0,222.98,11.98
8122,control,mobile,0,244.5,71.28
14334,control,tablet,0,215.19,14.0
717,control,desktop,1,194.21,51.94
1391,control,desktop,0,242.5,25.76
5217,treatment,desktop,0,247.51,78.64
10202,treatment,mobile,0,225.24,120.27
14727,control,tablet,0,196.67,158.08
6814,control,mobile,0,224.95,68.52
118,control,desktop,0,202.36,20.87
8661,control,mobile,0,190.17,82.3
8027,control,mobile,0,261.07,80.08
14536,control,tablet,0,206.88,57.03
4955,treatment,desktop,0,191.94,23.92
13163,treatment,mobile,0,250.4,156.68
9643,control,mobile,0,240.55,48.66
6434,control,mobile,0,215.14,33.86
11410,treatment,mobile,0,148.58,87.33
13713,control,tablet,1,259.01,37.84
7817,control,mobile,0,172.16,20.34
11637,treatment,mobile,0,224.65,133.12
13242,treatment,mobile,0,179.45,49.88
9710,control,mobile,0,226.93,28.6
9834,control,mobile,0,168.53,58.26
4684,treatment,desktop,0,289.14,40.99
11114,treatment,mobile,0,194.85,32.78
1784,control,desktop,0,173.65,96.22
9434,control,mobile,0,229.89,47.06
8727,control,mobile,0,210.61,44.18
5212,treatment,desktop,0,257.29,34.22
12457,treatment,mobile,0,245.42,76.93
15937,treatment,tablet,0,204.56,46.1
13889,control,tablet,0,163.92,75.61
3037,control,desktop,0,236.22,55.89
14270,control,tablet,0,206.02,60.48
3958,treatment,desktop,0,152.45,56.08
2583,control,desktop,0,145.02,30.44
4034,treatment,desktop,1,207.91,38.74
8844,control,mobile,0,193.92,38.96
90,control,desktop,0,249.07,54.1
3218,treatment,desktop,0,222.3,71.13
9577,control,mobile,0,240.06,40.19
9983,control,mobile,0,174.17,51.16
13448,treatment,mobile,0,253.99,33.27
14976,treatment,tablet,0,237.97,25.7
4407,treatment,desktop,0,214.28,38.27
5089,treatment,desktop,0,241.76,57.85
13408,treatment,mobile,0,242.04,52.64
2036,control,desktop,0,219.79,33.5
102,control,desktop,0,221.89,32.16
15330,treatment,tablet,0,218.29,24.53
13511,treatment,mobile,0,195.4,97.74
2816,control,desktop,0,220.64,39.53
11577,treatment,mobile,0,238.34,102.38
14084,control,tablet,0,179.58,64.18
718,control,desktop,0,178.93,59.49
9469,control,mobile,0,258.89,107.7
10503,treatment,mobile,0,202.19,25.72
10453,treatment,mobile,0,217.68,59.95
4195,treatment,desktop,0,173.24,62.51
8203,control,mobile,0,196.32,24.04
7017,control,mobile,1,221.32,124.09
15725,treatment,tablet,0,234.2,107.33
9516,control,mobile,0,171.97,43.52
6150,treatment,desktop,0,178.18,100.22
12420,treatment,mobile,1,203.39,99.81
828,control,desktop,0,162.11,25.09
12626,treatment,mobile,0,215.26,38.81
12132,treatment,mobile,0,194.34,33.25
3251,treatment,desktop,1,205.14,63.27
1244,control,desktop,0,233.22,75.32
14008,control,tablet,0,257.89,50.06
3143,control,desktop,0,209.89,62.78
4795,treatment,desktop,1,216.6,59.72
2161,control,desktop,1,210.51,37.48
13470,treatment,mobile,0,253.34,20.27
5537,treatment,desktop,0,161.22,132.35
4514,treatment,desktop,0,204.52,52.29
1831,control,desktop,0,203.3,55.51
15524,treatment,tablet,0,232.66,24.56
9318,control,mobile,0,205.93,116.24
2578,control,desktop,0,164.28,118.29
2395,control,desktop,1,229.89,39.37
7051,control,mobile,0,244.43,48.25
5370,treatment,desktop,0,213.83,56.66
15818,treatment,tablet,0,232.77,52.28
13234,treatment,mobile,0,240.09,21.85
9304,control,mobile,0,251.41,67.0
15459,treatment,tablet,0,214.13,71.86
2132,control,desktop,1,254.21,35.2
1815,control,desktop,0,249.01,38.07
13855,control,tablet,0,181.46,49.25
8206,control,mobile,0,219.14,59.72
11488,treatment,mobile,0,237.15,58.45
934,control,desktop,0,179.46,46.66
866,control,desktop,1,245.93,61.23
3705,treatment,desktop,0,205.82,28.28
2379,control,desktop,0,220.34,23.18
11908,treatment,mobile,0,228.22,78.92
10467,treatment,mobile,0,206.6,26.93
7387,control,mobile,0,244.62,125.45
4691,treatment,desktop,0,232.34,93.63
7438,control,mobile,1,187.79,33.63
9099,control,mobile,0,257.23,94.08
9793,control,mobile,0,235.48,60.6
3909,treatment,desktop,0,223.13,30.0
11811,treatment,mobile,0,231.78,24.03
7211,control,mobile,0,241.04,29.83
10130,treatment,mobile,0,204.87,36.25
6381,treatment,desktop,0,266.95,12.05
965,control,desktop,0,237.96,33.16
773,control,desktop,0,130.3,32.62
12186,treatment,mobile,1,200.77,127.08
914,control,desktop,0,198.8,154.77
5585,treatment,desktop,0,216.08,29.55
8006,control,mobile,0,281.44,103.2
2432,control,desktop,0,205.34,34.53
12498,treatment,mobile,0,227.12,35.6
10195,treatment,mobile,0,216.0,74.97
10828,treatment,mobile,0,153.01,139.11
12046,treatment,mobile,0,223.78,62.54
15367,treatment,tablet,0,214.11,158.95
4045,treatment,desktop,0,188.76,86.13
5761,treatment,desktop,1,208.88,15.27
11878,treatment,mobile,0,257.79,50.62
3992,treatment,desktop,0,230.48,20.56
13890,control,tablet,1,246.52,83.41
2876,control,desktop,0,200.13,77.0
12349,treatment,mobile,0,197.98,94.52
7044,control,mobile,0,174.45,44.09
3594,treatment,desktop,0,244.94,136.57
3315,treatment,desktop,0,201.0,42.08
15410,treatment,tablet,0,242.54,66.7
15001,treatment,tablet,0,214.94,51.76
3081,control,desktop,0,241.01,118.85
2155,control,desktop,0,214.91,51.47
10782,treatment,mobile,0,194.96,64.56
10952,treatment,mobile,0,221.89,125.86
7271,control,mobile,0,254.75,15.43
1910,control,desktop,0,258.28,29.69
5112,treatment,desktop,0,192.19,81.05
9347,control,mobile,0,243.97,39.18
10014,treatment,mobile,0,217.04,24.77
8143,control,mobile,0,201.23,30.37
11246,treatment,mobile,0,238.91,51.38
15557,treatment,tablet,0,232.4,103.89
12962,treatment,mobile,0,245.42,102.9
3394,treatment,desktop,0,228.19,19.61
7095,control,mobile,0,246.15,28.0
15116,treatment,tablet,0,205.52,87.68
6699,control,mobile,1,238.42,35.04
12599,treatment,mobile,0,206.22,79.25
918,control,desktop,0,207.51,40.76
7472,control,mobile,0,253.59,56.49
4055,treatment,desktop,0,207.31,64.44
11605,treatment,mobile,0,199.05,40.04
12536,treatment,mobile,0,255.69,25.48
7005,control,mobile,0,218.82,27.48
8951,control,mobile,0,247.07,17.59
2676,control,desktop,0,199.67,53.41
12113,treatment,mobile,1,224.72,88.08
14995,treatment,tablet,0,256.87,94.02
4239,treatment,desktop,0,206.45,30.87
6071,treatment,desktop,1,206.49,31.48
13641,control,tablet,0,203.05,36.01
15783,treatment,tablet,0,235.57,54.1
3932,treatment,desktop,0,213.63,52.97
11208,treatment,mobile,0,235.01,86.71
531,control,desktop,0,232.65,37.1
15219,treatment,tablet,0,271.98,45.06
7808,control,mobile,0,212.82,31.31
13562,treatment,mobile,1,175.1,49.96
12036,treatment,mobile,0,259.74,37.81
988,control,desktop,0,216.43,63.06
9227,control,mobile,0,205.94,40.07
4859,treatment,desktop,0,288.09,53.8
1960,control,desktop,0,233.11,40.58
12034,treatment,mobile,0,240.65,68.86
10007,treatment,mobile,0,234.14,36.54
9665,control,mobile,0,205.0,24.87
1311,control,desktop,0,200.84,16.7
10274,treatment,mobile,0,235.57,177.8
10134,treatment,mobile,0,212.51,43.97
13602,control,tablet,0,197.67,38.18
5136,treatment,desktop,0,185.45,16.53
15126,treatment,tablet,0,142.7,87.16
8925,control,mobile,0,298.46,54.0
10524,treatment,mobile,0,285.52,8.42
7830,control,mobile,0,250.75,43.48
4687,treatment,desktop,0,191.99,70.96
3050,control,desktop,0,247.52,156.61
9786,control,mobile,0,218.03,50.22
14568,control,tablet,0,161.35,47.13
13208,treatment,mobile,0,168.53,53.02
12280,treatment,mobile,0,221.07,42.41
5495,treatment,desktop,0,220.02,87.51
9162,control,mobile,0,188.46,68.02
12965,treatment,mobile,0,231.39,65.63
2182,control,desktop,0,221.46,34.26
7268,control,mobile,0,196.43,100.26
14134,control,tablet,0,212.35,63.69
320,control,desktop,0,234.96,50.62
1927,control,desktop,0,226.77,40.66
15063,treatment,tablet,0,249.75,68.67
1867,control,desktop,0,251.67,79.18
17,control,desktop,0,212.05,42.79
6988,control,mobile,0,283.26,29.29
2990,control,desktop,0,206.03,58.32
4563,treatment,desktop,0,205.14,41.11
13114,treatment,mobile,0,211.55,75.23
7555,control,mobile,0,233.88,37.79
1934,control,desktop,0,196.13,74.7
8187,control,mobile,0,232.29,110.26
4084,treatment,desktop,0,222.14,34.04
5618,treatment,desktop,1,216.99,90.02
10864,treatment,mobile,0,220.3,52.43
6527,control,mobile,0,273.37,46.57
2063,control,desktop,0,230.36,25.24
14305,control,tablet,0,262.44,34.53
6640,control,mobile,0,197.96,38.28
12429,treatment,mobile,0,201.9,51.74
1180,control,desktop,0,240.16,82.27
6656,control,mobile,0,194.61,95.91
11707,treatment,mobile,0,219.94,28.47
15249,treatment,tablet,0,191.22,80.96
6430,control,mobile,1,225.24,74.31
9096,control,mobile,0,196.24,34.94
10139,treatment,mobile,0,245.32,66.26
12042,treatment,mobile,0,232.67,44.51
12112,treatment,mobile,0,193.37,68.78
2785,control,desktop,1,203.84,40.65
6160,treatment,desktop,0,216.54,12.44
3258,treatment,desktop,0,219.78,19.93
2868,control,desktop,0,205.38,39.52
12871,treatment,mobile,0,222.75,73.65
3866,treatment,desktop,1,217.56,31.51
15455,treatment,tablet,0,176.38,59.35
7839,control,mobile,0,180.31,31.22
1323,control,desktop,0,225.8,89.67
9930,control,mobile,0,269.58,26.66
4333,treatment,desktop,0,221.73,20.44
14137,control,tablet,1,218.26,33.55
3349,treatment,desktop,0,204.73,101.04
6310,treatment,desktop,0,257.37,38.53
5038,treatment,desktop,0,248.72,102.45
10349,treatment,mobile,0,254.0,62.36
4265,treatment,desktop,0,204.91,43.79
13687,control,tablet,0,228.4,54.51
12427,treatment,mobile,0,219.69,85.11
10209,treatment,mobile,1,244.63,52.92
1155,control,desktop,0,198.3,50.6
1083,control,desktop,0,171.27,81.2
8635,control,mobile,0,181.86,40.16
5416,treatment,desktop,0,213.86,43.34
15000,treatment,tablet,0,242.06,138.25
15090,treatment,tablet,0,202.32,32.79
2692,control,desktop,0,210.77,68.61
8299,control,mobile,0,189.18,97.48
12776,treatment,mobile,0,222.31,52.21
7969,control,mobile,0,233.14,70.51
8621,control,mobile,0,221.94,67.62
1068,control,desktop,0,205.48,123.77
690,control,desktop,0,211.26,59.44
12167,treatment,mobile,0,222.93,131.16
1368,control,desktop,0,206.84,36.98
15399,treatment,tablet,0,218.9,63.17
11078,treatment,mobile,0,238.08,68.45
9485,control,mobile,0,196.23,43.63
7378,control,mobile,0,180.75,57.42
12761,treatment,mobile,0,210.14,43.68
6931,control,mobile,0,278.22,54.24
5603,treatment,desktop,0,188.63,44.09
15639,treatment,tablet,0,174.13,70.99
4990,treatment,desktop,0,242.88,40.28
10760,treatment,mobile,0,160.44,52.45
2137,control,desktop,0,200.01,16.69
1406,control,desktop,0,215.58,69.52
4281,treatment,desktop,0,251.02,51.52
6353,treatment,desktop,0,192.69,61.86
4703,treatment,desktop,0,271.34,33.53
13063,treatment,mobile,0,214.11,45.44
10208,treatment,mobile,0,180.58,83.74
3419,treatment,desktop,0,233.38,43.34
13852,control,tablet,0,267.53,47.46
10775,treatment,mobile,0,267.88,85.56
1557,control,desktop,0,216.32,51.71
5491,treatment,desktop,0,221.0,22.35
10638,treatment,mobile,0,176.78,55.28
2832,control,desktop,0,221.67,106.04
3462,treatment,desktop,0,209.76,97.45
5583,treatment,desktop,1,252.54,80.22
10458,treatment,mobile,0,234.24,119.53
905,control,desktop,0,303.8,67.14
13201,treatment,mobile,0,287.62,48.87
13012,treatment,mobile,0,192.35,30.64
9575,control,mobile,1,219.08,124.3
2626,control,desktop,0,246.59,47.28
11573,treatment,mobile,0,189.38,59.23
6597,control,mobile,0,235.18,36.43
11900,treatment,mobile,0,192.33,36.19
10204,treatment,mobile,0,191.6,83.15
15047,treatment,tablet,1,233.06,66.56
15019,treatment,tablet,0,198.47,61.2
5557,treatment,desktop,0,216.34,43.64
9319,control,mobile,0,201.74,12.33
15317,treatment,tablet,1,247.42,68.31
255,control,desktop,0,219.43,70.41
5183,treatment,desktop,0,213.19,38.0
12570,treatment,mobile,0,241.78,36.68
10021,treatment,mobile,0,215.31,51.1
10479,treatment,mobile,0,236.69,32.86
8595,control,mobile,0,280.29,35.48
8469,control,mobile,0,198.59,99.97
2334,control,desktop,0,231.84,100.33
938,control,desktop,0,201.14,115.73
10543,treatment,mobile,0,285.21,123.12
12993,treatment,mobile,0,226.13,80.97
14248,control,tablet,0,291.95,34.86
14771,control,tablet,0,204.52,52.53
1587,control,desktop,0,254.1,25.14
716,control,desktop,0,280.85,101.92
4716,treatment,desktop,0,200.17,60.98
7516,control,mobile,0,204.7,51.68
10256,treatment,mobile,0,244.39,43.03
8479,control,mobile,0,191.33,60.76
8328,control,mobile,0,278.25,62.58
8501,control,mobile,0,207.86,47.27
11367,treatment,mobile,0,263.41,86.48
2532,control,desktop,0,186.8,51.76
8972,control,mobile,0,223.49,23.11
3235,treatment,desktop,0,280.15,31.83
10689,treatment,mobile,0,217.62,40.7
9747,control,mobile,0,193.38,24.19
5835,treatment,desktop,1,195.27,20.37
12902,treatment,mobile,0,247.84,140.17
13911,control,tablet,0,295.65,38.15
14640,control,tablet,0,265.1,37.4
3301,treatment,desktop,0,200.92,37.37
8460,control,mobile,0,192.14,54.15
14968,treatment,tablet,0,216.92,58.65
2766,control,desktop,0,233.57,49.59
12402,treatment,mobile,0,201.19,111.09
11950,treatment,mobile,0,270.33,91.93
9065,control,mobile,0,288.52,64.72
3696,treatment,desktop,1,194.0,77.53
12757,treatment,mobile,0,203.44,28.27
5911,treatment,desktop,0,256.1,23.57
14920,treatment,tablet,1,230.62,42.82
1405,control,desktop,0,210.16,43.1
13841,control,tablet,0,217.8,37.44
7194,control,mobile,1,246.43,76.85
12612,treatment,mobile,1,179.61,45.23
3207,treatment,desktop,0,201.27,54.61
3849,treatment,desktop,0,204.5,32.17
15536,treatment,tablet,0,222.77,75.62
4545,treatment,desktop,1,214.79,49.64
10035,treatment,mobile,0,222.82,42.23
12600,treatment,mobile,0,232.59,57.4
13711,control,tablet,0,285.55,57.98
15003,treatment,tablet,1,280.62,38.59
6920,control,mobile,0,241.45,169.5
8082,control,mobile,0,211.44,108.35
1664,control,desktop,0,214.52,42.08
11213,treatment,mobile,1,163.84,75.14
1670,control,desktop,0,220.36,45.92
1631,control,desktop,0,217.95,25.71
8809,control,mobile,1,197.39,91.09
12330,treatment,mobile,0,268.65,81.6
9125,control,mobile,0,236.02,40.21
5008,treatment,desktop,0,243.78,20.43
14407,control,tablet,0,195.97,77.63
10601,treatment,mobile,0,239.81,45.65
13360,treatment,mobile,0,208.58,64.16
15535,treatment,tablet,0,263.28,37.41
8854,control,mobile,1,294.67,95.03
4710,treatment,desktop,0,217.51,18.91
4958,treatment,desktop,0,251.32,29.3
15885,treatment,tablet,0,248.49,74.45
4525,treatment,desktop,0,214.8,87.73
1948,control,desktop,0,201.23,35.63
2031,control,desktop,0,198.5,111.82
5042,treatment,desktop,0,252.38,38.59
6517,control,mobile,0,229.93,32.38
361,control,desktop,0,196.77,35.69
13872,control,tablet,0,199.24,46.52
3491,treatment,desktop,0,192.2,134.52
7068,control,mobile,0,209.71,49.09
5899,treatment,desktop,0,206.05,83.99
4002,treatment,desktop,0,215.65,35.6
3273,treatment,desktop,0,217.97,39.24
8277,control,mobile,0,211.52,66.82
11719,treatment,mobile,0,252.28,56.32
3356,treatment,desktop,0,217.5,48.86
3429,treatment,desktop,1,207.84,45.78
10887,treatment,mobile,1,241.35,62.51
5693,treatment,desktop,0,209.31,52.24
2520,control,desktop,0,238.33,24.51
6199,treatment,desktop,0,134.87,57.28
6777,control,mobile,0,207.93,35.15
9859,control,mobile,0,168.65,92.21
8575,control,mobile,0,172.23,39.37
15095,treatment,tablet,0,206.81,62.48
4739,treatment,desktop,1,255.79,45.1
12061,treatment,mobile,0,231.68,62.9
4903,treatment,desktop,0,191.12,74.85
14033,control,tablet,0,195.99,184.21
4904,treatment,desktop,0,209.38,26.74
5554,treatment,desktop,0,206.1,103.46
13555,treatment,mobile,0,203.35,14.82
10609,treatment,mobile,0,200.53,41.33
11734,treatment,mobile,0,216.69,68.36
793,control,desktop,0,272.46,14.78
14269,control,tablet,0,250.09,90.05
10906,treatment,mobile,0,238.04,22.87
9599,control,mobile,0,199.66,67.12
3375,treatment,desktop,0,229.82,50.35
8869,control,mobile,0,237.03,104.72
4954,treatment,desktop,0,207.63,51.11
5865,treatment,desktop,0,190.05,97.84
1772,control,desktop,0,218.52,113.89
6149,treatment,desktop,0,234.51,42.72
4772,treatment,desktop,0,208.24,53.7
12211,treatment,mobile,0,183.63,49.57
9016,control,mobile,0,254.34,52.46
6676,control,mobile,0,204.62,32.29
8405,control,mobile,0,239.16,43.23
12596,treatment,mobile,0,213.24,162.42
1070,control,desktop,0,172.67,29.95
8579,control,mobile,0,279.92,46.6
4720,treatment,desktop,0,204.26,43.37
11015,treatment,mobile,0,240.77,48.75
1075,control,desktop,0,260.9,97.3
2588,control,desktop,0,240.64,143.81
7971,control,mobile,1,244.44,32.41
746,control,desktop,0,206.05,15.36
1582,control,desktop,0,215.49,30.89
10634,treatment,mobile,0,232.07,56.83
13213,treatment,mobile,0,220.55,75.41
2139,control,desktop,0,192.69,65.23
15884,treatment,tablet,0,228.94,44.93
15428,treatment,tablet,0,192.83,41.97
11725,treatment,mobile,0,265.42,21.08
743,control,desktop,0,240.56,49.12
7495,control,mobile,0,169.97,161.43
7544,control,mobile,0,207.68,19.27
5419,treatment,desktop,0,204.56,93.63
4781,treatment,desktop,0,211.39,56.27
4408,treatment,desktop,0,219.1,30.26
13310,treatment,mobile,0,194.91,38.87
4849,treatment,desktop,0,219.1,20.08
13373,treatment,mobile,0,151.25,37.9
2383,control,desktop,0,173.14,36.67
9159,control,mobile,0,234.1,33.51
13125,treatment,mobile,0,224.95,22.78
13283,treatment,mobile,0,193.95,44.4
137,control,desktop,0,245.33,44.12
2211,control,desktop,0,189.14,137.36
7755,control,mobile,0,202.09,27.93
2044,control,desktop,0,220.38,78.97
11956,treatment,mobile,0,219.18,30.21
11906,treatment,mobile,0,263.66,41.25
10949,treatment,mobile,1,260.64,48.47
8647,control,mobile,0,258.08,168.87
2476,control,desktop,0,203.95,24.94
15054,treatment,tablet,0,223.68,29.73
13674,control,tablet,0,292.61,14.37
15269,treatment,tablet,0,136.25,50.43
14939,treatment,tablet,0,214.84,69.32
12751,treatment,mobile,1,213.03,35.83
3248,treatment,desktop,0,205.79,44.62
10248,treatment,mobile,0,216.25,65.66
5611,treatment,desktop,0,235.05,42.66
8668,control,mobile,0,231.98,41.17
6747,control,mobile,0,211.91,26.23
2328,control,desktop,0,246.53,82.16
10046,treatment,mobile,0,227.4,64.7
1196,control,desktop,0,218.18,36.02
12918,treatment,mobile,0,259.13,37.61
15509,treatment,tablet,0,282.41,76.56
7361,control,mobile,0,242.12,78.03
15570,treatment,tablet,0,203.92,46.97
5861,treatment,desktop,0,243.42,47.62
9521,control,mobile,0,221.51,52.49
27,control,desktop,0,207.75,22.1
6755,control,mobile,0,242.63,69.57
15380,treatment,tablet,0,224.55,42.73
15943,treatment,tablet,0,230.75,34.74
218,control,desktop,1,171.56,61.05
14953,treatment,tablet,0,225.25,96.93
340,control,desktop,0,207.47,42.11
11357,treatment,mobile,0,279.97,29.87
15728,treatment,tablet,0,261.25,52.25
109,control,desktop,1,154.61,59.54
2205,control,desktop,0,210.81,90.9
10131,treatment,mobile,0,235.6,21.21
5458,treatment,desktop,0,211.44,32.85
9012,control,mobile,0,228.09,25.98
11626,treatment,mobile,0,179.73,59.59
15133,treatment,tablet,0,196.41,28.32
638,control,desktop,0,233.36,151.03
10474,treatment,mobile,0,214.98,53.37
14254,control,tablet,0,239.34,20.31
10243,treatment,mobile,0,180.25,38.46
8917,control,mobile,0,211.83,66.58
8093,control,mobile,0,246.75,110.73
14184,control,tablet,0,254.8,127.77
577,control,desktop,1,227.38,86.3
5700,treatment,desktop,0,217.99,68.7
12409,treatment,mobile,0,184.87,47.48
4037,treatment,desktop,0,161.43,25.15
11876,treatment,mobile,0,197.32,22.32
4477,treatment,desktop,0,194.44,119.32
12522,treatment,mobile,0,239.54,70.44
8596,control,mobile,0,225.86,64.83
6424,control,mobile,0,191.69,68.15
5986,treatment,desktop,0,245.49,50.53
2941,control,desktop,1,211.68,27.17
5180,treatment,desktop,0,227.51,122.73
11267,treatment,mobile,0,268.21,45.28
4497,treatment,desktop,0,206.23,34.43
14258,control,tablet,0,201.8,65.71
3080,control,desktop,0,214.86,31.03
8125,control,mobile,0,211.31,67.28
11597,treatment,mobile,0,188.97,54.9
13582,treatment,mobile,0,222.62,123.22
10815,treatment,mobile,0,237.22,44.38
3322,treatment,desktop,0,204.27,90.07
10980,treatment,mobile,0,207.25,95.55
10033,treatment,mobile,0,199.42,50.84
14280,control,tablet,1,191.73,91.33
5463,treatment,desktop,0,198.86,30.54
5803,treatment,desktop,0,197.83,29.52
6843,control,mobile,0,225.57,39.37
15059,treatment,tablet,0,209.62,48.78
7888,control,mobile,0,205.44,56.58
1610,control,desktop,0,202.82,33.78
15254,treatment,tablet,1,227.5,45.83
10732,treatment,mobile,0,194.04,51.7
2124,control,desktop,0,198.24,77.92
1044,control,desktop,0,201.23,35.24
12077,treatment,mobile,0,250.95,37.61
43,control,desktop,0,219.17,25.47
11120,treatment,mobile,1,193.73,47.98
4667,treatment,desktop,0,199.59,53.39
10396,treatment,mobile,0,233.65,45.7
2758,control,desktop,0,258.86,42.8
3557,treatment,desktop,0,247.14,77.85
10509,treatment,mobile,0,210.67,36.21
15704,treatment,tablet,0,216.61,34.64
15340,treatment,tablet,0,209.34,69.63
9090,control,mobile,0,206.45,62.9
4762,treatment,desktop,0,207.38,42.22
1800,control,desktop,0,261.59,156.78
280,control,desktop,0,241.17,49.16
10746,treatment,mobile,0,161.64,54.52
14571,control,tablet,0,197.72,21.6
1528,control,desktop,0,181.65,64.87
5733,treatment,desktop,1,226.69,35.31
4978,treatment,desktop,0,248.99,71.96
4744,treatment,desktop,0,256.04,37.88
7649,control,mobile,0,240.01,43.37
8480,control,mobile,0,199.2,52.88
2345,control,desktop,0,216.08,43.8
10606,treatment,mobile,0,225.99,36.58
7698,control,mobile,1,220.03,28.61
10988,treatment,mobile,0,226.08,78.65
1329,control,desktop,0,166.1,37.46
14840,treatment,tablet,0,280.66,55.71
9629,control,mobile,0,299.04,41.91
5050,treatment,desktop,0,319.83,89.8
13490,treatment,mobile,0,183.0,48.76
8637,control,mobile,0,263.61,95.61
6626,control,mobile,0,197.95,71.64
3738,treatment,desktop,0,220.44,105.98
6456,control,mobile,0,238.6,46.81
1225,control,desktop,0,227.39,57.77
6682,control,mobile,0,196.79,40.67
8260,control,mobile,0,174.5,52.02
570,control,desktop,0,238.43,38.44
7496,control,mobile,0,231.27,35.59
14580,control,tablet,0,234.21,86.65
8628,control,mobile,0,261.81,38.77
12079,treatment,mobile,1,247.93,58.92
14612,control,tablet,0,266.2,54.88
9040,control,mobile,0,221.82,103.57
9444,control,mobile,0,202.5,84.98
790,control,desktop,0,256.47,25.14
3685,treatment,desktop,0,239.45,36.14
6606,control,mobile,0,181.29,51.65
4104,treatment,desktop,1,270.35,76.35
1395,control,desktop,0,202.54,47.36
424,control,desktop,1,285.94,102.14
1961,control,desktop,0,231.51,34.36
12043,treatment,mobile,0,168.59,39.51
15593,treatment,tablet,1,234.03,79.26
1108,control,desktop,1,215.0,52.8
5123,treatment,desktop,1,247.92,45.01
8859,control,mobile,0,221.06,52.38
11243,treatment,mobile,0,186.8,79.85
6970,control,mobile,0,201.62,80.72
3300,treatment,desktop,0,230.61,5848.78
259,control,desktop,1,170.72,26.58
9392,control,mobile,1,186.68,33.56
7894,control,mobile,0,182.8,61.08
2730,control,desktop,0,240.62,67.67
378,control,desktop,0,202.29,27.18
10695,treatment,mobile,0,232.88,35.46
1798,control,desktop,0,182.4,49.48
4866,treatment,desktop,0,276.72,67.28
8741,control,mobile,0,186.88,42.97
8704,control,mobile,0,209.31,32.87
6744,control,mobile,0,239.62,24.16
537,control,desktop,1,233.29,84.72
3435,treatment,desktop,0,259.31,34.25
2752,control,desktop,0,251.83,70.93
5386,treatment,desktop,0,217.24,51.26
11074,treatment,mobile,1,219.37,32.76
11036,treatment,mobile,0,232.21,43.11
4815,treatment,desktop,0,216.19,42.74
429,control,desktop,0,212.07,42.38
15520,treatment,tablet,0,172.59,43.89
1712,control,desktop,0,239.53,77.16
6877,control,mobile,0,199.41,70.08
217,control,desktop,0,188.32,71.17
1586,control,desktop,0,254.12,79.31
534,control,desktop,0,227.52,43.61
14902,treatment,tablet,0,202.37,27.06
14047,control,tablet,0,235.5,27.65
7398,control,mobile,0,269.87,67.46
12972,treatment,mobile,0,213.91,24.32
7653,control,mobile,0,250.16,74.42
7164,control,mobile,0,209.72,68.8
14519,control,tablet,0,260.28,81.6
13436,treatment,mobile,0,203.65,46.93
15845,treatment,tablet,0,157.67,43.03
4631,treatment,desktop,0,184.77,23.63
11085,treatment,mobile,0,225.32,68.41
7109,control,mobile,0,259.88,58.79
11058,treatment,mobile,0,160.72,37.66
5345,treatment,desktop,0,251.77,72.07
6542,control,mobile,0,206.42,26.69
815,control,desktop,0,181.91,37.68
11321,treatment,mobile,1,259.7,49.36
8119,control,mobile,0,253.79,77.52
14146,control,tablet,0,170.9,54.2
15010,treatment,tablet,0,224.51,28.89
11378,treatment,mobile,0,226.96,53.44
15832,treatment,tablet,0,228.63,38.99
14514,control,tablet,0,170.73,100.92
1624,control,desktop,0,234.59,38.68
13816,control,tablet,0,207.87,47.85
1793,control,desktop,1,222.9,36.13
13286,treatment,mobile,0,214.79,67.92
14814,treatment,tablet,0,220.38,40.11
11762,treatment,mobile,0,227.76,73.94
15062,treatment,tablet,0,222.86,34.66
6045,treatment,desktop,0,194.5,48.6
445,control,desktop,0,230.14,86.93
4462,treatment,desktop,0,209.81,35.82
4600,treatment,desktop,1,163.48,62.81
9716,control,mobile,0,202.64,40.75
3237,treatment,desktop,0,246.89,20.74
4951,treatment,desktop,0,211.77,22.1
1308,control,desktop,0,204.0,37.09
4120,treatment,desktop,0,231.44,49.59
7563,control,mobile,0,189.36,26.19
13366,treatment,mobile,0,180.42,58.48
8353,control,mobile,0,237.56,93.06
1630,control,desktop,0,201.67,32.72
6370,treatment,desktop,1,212.63,53.01
9503,control,mobile,0,233.07,17.71
9344,control,mobile,0,219.65,124.17
11470,treatment,mobile,0,210.03,33.03
9250,control,mobile,0,231.99,31.4
2924,control,desktop,0,234.69,32.41
9511,control,mobile,0,185.03,36.54
6945,control,mobile,0,213.95,94.75
12950,treatment,mobile,0,212.11,37.93
15155,treatment,tablet,0,215.53,65.34
12255,treatment,mobile,0,215.28,39.15
2507,control,desktop,0,234.45,99.71
12766,treatment,mobile,0,244.28,46.08
9142,control,mobile,0,209.25,16.1
2459,control,desktop,0,241.77,60.03
2977,control,desktop,1,206.16,14.54
7827,control,mobile,0,242.52,37.37
13708,control,tablet,0,249.35,44.62
3009,control,desktop,0,233.77,47.98
6621,control,mobile,0,199.83,46.8
6351,treatment,desktop,0,237.14,101.73
10575,treatment,mobile,0,191.33,67.1
7357,control,mobile,0,274.02,39.94
14294,control,tablet,0,265.62,112.34
11993,treatment,mobile,0,241.83,80.81
12223,treatment,mobile,0,280.27,80.85
12146,treatment,mobile,0,158.28,26.55
9459,control,mobile,0,185.25,41.5
10518,treatment,mobile,0,221.95,28.42
15955,treatment,tablet,0,227.57,32.19
1273,control,desktop,0,237.81,40.1
11765,treatment,mobile,0,257.88,44.82
10653,treatment,mobile,0,186.87,95.64
12233,treatment,mobile,0,225.61,69.07
11456,treatment,mobile,0,228.94,44.14
493,control,desktop,0,253.97,33.56
2077,control,desktop,0,151.6,75.34
1606,control,desktop,0,259.33,32.93
8478,control,mobile,0,251.52,53.76
11692,treatment,mobile,0,202.59,32.19
6203,treatment,desktop,0,281.8,58.57
6431,control,mobile,0,241.82,85.05
7703,control,mobile,1,161.49,41.53
12448,treatment,mobile,0,260.22,30.36
5184,treatment,desktop,0,213.33,50.32
12748,treatment,mobile,0,142.41,23.93
15757,treatment,tablet,1,225.92,54.42
6214,treatment,desktop,0,181.08,74.78
9135,control,mobile,0,211.35,32.08
3952,treatment,desktop,0,204.83,88.41
14032,control,tablet,0,273.02,33.7
9796,control,mobile,0,229.44,33.97
63,control,desktop,0,216.85,36.45
12493,treatment,mobile,1,209.16,59.01
7305,control,mobile,0,193.31,190.07
12073,treatment,mobile,0,269.22,49.03
1428,control,desktop,0,196.46,44.12
6486,control,mobile,0,188.06,41.95
540,control,desktop,0,197.39,35.94
12147,treatment,mobile,0,207.35,18.24
9550,control,mobile,0,182.9,66.34
4102,treatment,desktop,0,222.38,92.68
11333,treatment,mobile,0,220.14,20.98
11633,treatment,mobile,0,192.04,32.83
12715,treatment,mobile,0,235.63,24.67
11583,treatment,mobile,0,224.14,40.9
2075,control,desktop,0,188.11,45.59
15333,treatment,tablet,0,209.34,48.4
10636,treatment,mobile,0,223.37,82.57
15648,treatment,tablet,0,262.85,72.32
2956,control,desktop,0,205.82,96.97
2632,control,desktop,0,284.44,52.28
6445,control,mobile,0,246.47,45.49
8810,control,mobile,1,245.59,48.28
4817,treatment,desktop,0,237.35,30.43
6499,control,mobile,0,243.38,74.2
2543,control,desktop,0,226.66,23.23
13036,treatment,mobile,1,242.8,40.95
7636,control,mobile,0,249.34,53.91
5339,treatment,desktop,1,243.73,44.13
7445,control,mobile,0,234.99,113.54
7012,control,mobile,0,243.65,43.3
258,control,desktop,0,272.27,144.77
15904,treatment,tablet,0,245.54,25.17
15658,treatment,tablet,0,255.16,30.82
5573,treatment,desktop,0,261.68,32.08
13634,control,tablet,0,201.52,46.39
5263,treatment,desktop,0,209.06,54.32
6905,control,mobile,0,244.27,61.69
8919,control,mobile,0,232.19,36.4
14636,control,tablet,0,241.12,61.38
1826,control,desktop,0,244.44,40.13
2442,control,desktop,0,215.37,69.96
11647,treatment,mobile,0,167.63,107.49
15676,treatment,tablet,0,225.12,44.22
2232,control,desktop,1,207.93,37.32
3970,treatment,desktop,0,233.86,34.51
7401,control,mobile,0,176.22,30.32
3854,treatment,desktop,0,178.1,80.29
11369,treatment,mobile,1,197.72,30.86
11447,treatment,mobile,0,168.15,67.2
12381,treatment,mobile,0,196.16,69.8
5049,treatment,desktop,0,259.92,57.74
13080,treatment,mobile,0,178.55,52.83
6167,treatment,desktop,1,209.6,51.42
2551,control,desktop,0,211.92,76.46
2826,control,desktop,0,238.01,26.3
11644,treatment,mobile,0,237.4,46.33
5178,treatment,desktop,0,232.43,46.55
9598,control,mobile,0,241.53,87.34
4708,treatment,desktop,0,236.14,102.63
7518,control,mobile,0,248.38,31.45
12961,treatment,mobile,0,203.01,16.96
13009,treatment,mobile,0,200.38,56.85
3365,treatment,desktop,1,191.21,30.88
9620,control,mobile,0,208.86,55.49
9814,control,mobile,1,231.09,23.6
2659,control,desktop,0,200.57,34.17
4676,treatment,desktop,0,207.46,5722.24
6305,treatment,desktop,0,261.55,90.84
8973,control,mobile,0,213.5,70.8
10675,treatment,mobile,0,216.09,87.08
14235,control,tablet,1,221.57,38.66
10080,treatment,mobile,1,199.39,37.6
7662,control,mobile,0,185.44,63.4
15038,treatment,tablet,0,178.84,39.72
2400,control,desktop,0,196.83,109.62
10293,treatment,mobile,0,198.55,53.0
7275,control,mobile,0,186.22,65.77
8225,control,mobile,0,212.08,46.87
1170,control,desktop,0,237.31,25.22
4490,treatment,desktop,0,215.47,60.7
3984,treatment,desktop,1,143.97,74.18
12672,treatment,mobile,0,237.99,34.51
9236,control,mobile,0,200.68,48.08
15241,treatment,tablet,0,261.86,65.5
2669,control,desktop,0,161.93,45.15
1989,control,desktop,0,239.57,62.21
4248,treatment,desktop,1,204.14,40.07
2295,control,desktop,0,146.75,59.43
14660,control,tablet,0,221.21,10.14
8585,control,mobile,0,196.01,75.88
15660,treatment,tablet,0,206.66,64.93
14982,treatment,tablet,0,229.16,56.78
13954,control,tablet,1,151.89,31.6
6204,treatment,desktop,0,199.21,53.98
12387,treatment,mobile,0,248.78,36.1
15800,treatment,tablet,0,249.5,45.37
12068,treatment,mobile,0,199.77,36.82
4327,treatment,desktop,0,189.79,28.42
7706,control,mobile,0,212.62,47.5
2662,control,desktop,0,202.15,63.51
12806,treatment,mobile,0,211.19,105.17
7643,control,mobile,0,113.97,19.03
11477,treatment,mobile,0,265.25,42.35
6342,treatment,desktop,0,202.78,41.7
1147,control,desktop,0,217.23,32.5
2655,control,desktop,0,161.48,120.88
3686,treatment,desktop,0,202.99,137.86
8985,control,mobile,0,213.04,38.23
1924,control,desktop,0,222.97,30.41
8208,control,mobile,0,227.06,43.51
12593,treatment,mobile,0,191.46,29.39
8360,control,mobile,0,171.39,83.22
13769,control,tablet,0,200.29,42.79
12216,treatment,mobile,0,243.66,48.28
4461,treatment,desktop,0,218.57,100.54
15404,treatment,tablet,0,166.4,76.19
13164,treatment,mobile,0,257.27,37.69
15483,treatment,tablet,0,239.22,57.42
65,control,desktop,0,230.61,65.57
3158,control,desktop,0,257.48,67.65
1738,control,desktop,0,246.64,52.59
809,control,desktop,0,210.2,67.16
5800,treatment,desktop,0,241.11,47.09
299,control,desktop,0,204.89,61.95
405,control,desktop,0,255.26,15.13
6362,treatment,desktop,0,147.54,81.58
4276,treatment,desktop,0,187.06,25.31
3362,treatment,desktop,0,207.63,35.43
3444,treatment,desktop,0,221.14,22.23
5820,treatment,desktop,0,236.65,19.21
4806,treatment,desktop,0,224.2,40.12
6643,control,mobile,0,198.16,16.83
14959,treatment,tablet,1,259.38,78.0
7573,control,mobile,0,194.31,42.63
11683,treatment,mobile,0,242.04,62.58
7963,control,mobile,0,281.36,116.58
11894,treatment,mobile,0,248.16,56.34
14119,control,tablet,0,250.92,51.4
12108,treatment,mobile,0,246.5,109.31
122,control,desktop,0,224.62,138.75
3127,control,desktop,0,229.82,79.5
9047,control,mobile,0,214.22,85.0
6791,control,mobile,0,222.4,27.43
13783,control,tablet,0,216.34,27.5
163,control,desktop,1,222.55,55.51
1388,control,desktop,0,189.61,47.89
1363,control,desktop,0,141.15,147.08
15288,treatment,tablet,1,164.04,28.64
4941,treatment,desktop,0,270.74,32.15
15622,treatment,tablet,0,204.5,111.99
8921,control,mobile,0,240.32,55.82
4404,treatment,desktop,1,251.79,64.4
8010,control,mobile,0,247.05,52.96
8722,control,mobile,0,226.44,19.64
865,control,desktop,0,164.24,31.48
4385,treatment,desktop,0,242.07,28.18
9585,control,mobile,0,217.43,34.66
574,control,desktop,0,231.26,33.39
9743,control,mobile,0,235.72,47.98
5645,treatment,desktop,1,210.31,27.62
3902,treatment,desktop,0,248.61,42.1
7307,control,mobile,0,192.98,90.61
8145,control,mobile,0,241.14,20.0
4188,treatment,desktop,0,220.63,25.69
10444,treatment,mobile,0,212.83,19.21
12262,treatment,mobile,0,157.57,41.88
4930,treatment,desktop,0,195.91,34.42
9087,control,mobile,0,224.47,100.33
13166,treatment,mobile,0,210.33,121.55
7259,control,mobile,0,203.84,96.84
13765,control,tablet,1,205.95,25.75
6323,treatment,desktop,0,206.74,63.86
3323,treatment,desktop,0,237.27,83.88
9987,control,mobile,0,183.17,21.9
11027,treatment,mobile,1,169.27,83.08
1103,control,desktop,0,202.77,55.51
15969,treatment,tablet,0,229.98,52.2
2686,control,desktop,0,199.43,136.38
11181,treatment,mobile,0,202.52,31.3
4807,treatment,desktop,0,222.85,46.86
5190,treatment,desktop,1,198.37,28.72
14,control,desktop,0,195.8,126.02
8311,control,mobile,0,150.57,52.91
7042,control,mobile,0,175.4,42.76
1356,control,desktop,0,168.3,27.96
9233,control,mobile,0,195.26,101.34
12614,treatment,mobile,0,216.46,53.69
834,control,desktop,0,193.55,4366.61
3934,treatment,desktop,0,218.07,79.04
14819,treatment,tablet,0,206.33,24.04
9514,control,mobile,0,217.35,35.94
7031,control,mobile,0,257.46,57.18
1939,control,desktop,0,239.73,43.83
10590,treatment,mobile,0,244.62,31.03
15014,treatment,tablet,0,225.84,47.31
7583,control,mobile,0,233.24,45.26
12588,treatment,mobile,0,215.2,47.33
2813,control,desktop,0,222.18,94.89
13406,treatment,mobile,1,216.27,52.27
219,control,desktop,0,244.98,63.77
2882,control,desktop,0,214.73,34.17
7834,control,mobile,0,259.19,84.05
12055,treatment,mobile,0,242.05,30.57
7084,control,mobile,0,210.09,44.32
12171,treatment,mobile,0,247.31,40.88
5359,treatment,desktop,0,223.02,55.09
14748,control,tablet,0,214.29,111.17
2593,control,desktop,0,295.11,64.61
15412,treatment,tablet,0,213.72,36.95
10291,treatment,mobile,0,160.31,55.91
1034,control,desktop,0,165.91,47.03
1581,control,desktop,0,263.7,125.43
10032,treatment,mobile,0,196.96,23.08
6218,treatment,desktop,0,186.59,66.89
11422,treatment,mobile,0,193.41,48.28
2461,control,desktop,1,250.36,56.44
10269,treatment,mobile,0,212.35,46.45
14888,treatment,tablet,0,198.2,29.47
9735,control,mobile,0,180.41,53.48
12941,treatment,mobile,0,221.84,101.58
4286,treatment,desktop,0,227.64,79.54
12198,treatment,mobile,1,189.41,30.62
13863,control,tablet,1,176.22,52.31
13285,treatment,mobile,0,203.83,43.66
10069,treatment,mobile,0,266.84,99.96
13070,treatment,mobile,0,203.2,75.4
3841,treatment,desktop,0,229.8,58.39
13607,control,tablet,0,223.1,106.86
3456,treatment,desktop,1,247.57,48.0
12906,treatment,mobile,1,184.3,61.75
3658,treatment,desktop,1,192.84,34.71
11262,treatment,mobile,1,207.13,40.73
3450,treatment,desktop,1,215.6,51.78
6181,treatment,desktop,0,215.83,72.26
878,control,desktop,0,204.83,51.49
14964,treatment,tablet,0,188.83,56.22
11417,treatment,mobile,0,147.22,84.41
10737,treatment,mobile,0,188.94,55.54
8056,control,mobile,0,263.03,56.34
3969,treatment,desktop,0,213.07,47.19
6668,control,mobile,0,240.44,37.17
13041,treatment,mobile,0,198.43,28.82
6735,control,mobile,1,195.7,36.4
2844,control,desktop,0,211.72,62.42
3878,treatment,desktop,0,247.82,25.89
3252,treatment,desktop,0,261.17,65.71
7771,control,mobile,0,190.96,24.37
14958,treatment,tablet,0,267.05,33.61
11868,treatment,mobile,0,216.94,30.39
12653,treatment,mobile,0,264.52,42.04
1209,control,desktop,0,208.47,56.05
12354,treatment,mobile,0,220.39,64.17
4992,treatment,desktop,0,276.74,48.37
14946,treatment,tablet,0,210.6,19.79
14542,control,tablet,1,177.5,38.82
4628,treatment,desktop,0,185.33,30.71
11984,treatment,mobile,0,179.38,19.04
12499,treatment,mobile,0,209.56,37.82
14092,control,tablet,0,196.84,48.79
11351,treatment,mobile,0,192.39,18.1
10705,treatment,mobile,0,263.16,31.28
4768,treatment,desktop,0,206.31,53.99
8272,control,mobile,0,167.41,232.36
2610,control,desktop,0,203.16,40.73
3618,treatment,desktop,0,211.31,74.71
6550,control,mobile,1,274.47,33.94
19,control,desktop,0,203.84,109.39
501,control,desktop,0,208.92,15.35
11315,treatment,mobile,1,177.65,41.33
5952,treatment,desktop,0,205.49,59.54
5159,treatment,desktop,0,267.63,74.52
9687,control,mobile,0,202.77,34.27
9302,control,mobile,0,258.99,36.4
2043,control,desktop,0,180.64,33.45
14327,control,tablet,0,221.0,162.14
74,control,desktop,0,270.59,54.55
7047,control,mobile,0,203.34,42.1
3354,treatment,desktop,0,165.93,66.43
14919,treatment,tablet,0,256.09,45.88
12304,treatment,mobile,0,205.47,100.66
13930,control,tablet,1,223.13,65.38
8199,control,mobile,0,250.23,25.92
14812,treatment,tablet,0,201.22,68.83
406,control,desktop,1,136.24,124.35
5718,treatment,desktop,0,227.58,67.39
15641,treatment,tablet,0,216.86,63.4
15458,treatment,tablet,0,248.73,69.28
14934,treatment,tablet,0,212.72,37.34
5045,treatment,desktop,1,223.56,60.62
6933,control,mobile,0,259.93,80.85
8351,control,mobile,1,140.13,29.11
6052,treatment,desktop,0,207.09,44.85
5515,treatment,desktop,0,287.0,100.34
13903,control,tablet,0,203.36,33.59
15127,treatment,tablet,0,145.74,47.75
4459,treatment,desktop,0,240.98,43.7
5483,treatment,desktop,1,237.78,48.75
14598,control,tablet,0,274.42,46.6
5951,treatment,desktop,0,239.56,34.43
15445,treatment,tablet,0,236.69,19.89
11458,treatment,mobile,0,203.2,36.8
2408,control,desktop,0,226.04,108.35
1055,control,desktop,0,225.25,73.08
3385,treatment,desktop,0,176.97,65.81
13692,control,tablet,0,203.96,87.92
10363,treatment,mobile,0,253.09,24.23
13773,control,tablet,0,228.12,45.19
8316,control,mobile,0,156.82,21.44
11361,treatment,mobile,0,271.57,42.71
1777,control,desktop,0,267.59,42.41
14174,control,tablet,0,250.56,45.61
12572,treatment,mobile,0,221.42,122.63
13605,control,tablet,0,207.82,76.22
5467,treatment,desktop,0,222.2,44.93
9894,control,mobile,0,251.21,42.86
2209,control,desktop,0,213.08,29.5
8626,control,mobile,0,241.26,85.81
6206,treatment,desktop,0,227.56,30.94
15097,treatment,tablet,0,224.2,77.36
7887,control,mobile,0,215.39,68.28
14573,control,tablet,0,188.19,84.06
10259,treatment,mobile,0,197.47,29.04
6391,treatment,desktop,0,257.52,25.25
14045,control,tablet,0,280.58,84.77
3581,treatment,desktop,0,218.31,65.53
9205,control,mobile,0,234.07,37.71
5113,treatment,desktop,0,232.83,32.99
4420,treatment,desktop,0,204.96,37.82
9726,control,mobile,0,213.07,75.87
15186,treatment,tablet,0,217.65,93.13
5442,treatment,desktop,1,209.73,104.17
10118,treatment,mobile,0,239.12,34.09
9309,control,mobile,0,235.78,34.83
14763,control,tablet,0,197.58,107.25
6569,control,mobile,0,241.0,35.55
2716,control,desktop,1,176.1,62.89
2389,control,desktop,0,286.38,121.54
3625,treatment,desktop,0,218.13,53.14
5905,treatment,desktop,0,211.01,25.99
14259,control,tablet,0,235.5,38.65
3352,treatment,desktop,0,208.92,63.22
9131,control,mobile,0,247.4,26.17
10045,treatment,mobile,0,169.67,166.04
1676,control,desktop,1,246.04,60.18
12241,treatment,mobile,1,223.47,100.67
11703,treatment,mobile,0,243.77,62.87
11601,treatment,mobile,0,205.8,25.17
2456,control,desktop,0,210.31,29.2
13037,treatment,mobile,0,225.03,33.01
5708,treatment,desktop,0,181.86,55.33
2236,control,desktop,0,193.82,55.32
6344,treatment,desktop,0,240.47,39.21
1045,control,desktop,1,227.45,28.46
1589,control,desktop,0,261.03,39.05
3006,control,desktop,0,232.75,57.94
9224,control,mobile,0,230.89,88.3
2326,control,desktop,0,212.59,46.77
556,control,desktop,0,217.51,56.74
2536,control,desktop,0,182.36,51.24
1935,control,desktop,0,219.07,73.67
10099,treatment,mobile,0,207.73,74.23
5855,treatment,desktop,1,253.19,59.14
2540,control,desktop,0,209.95,83.2
5912,treatment,desktop,0,211.93,33.36
10888,treatment,mobile,0,278.26,79.08
5080,treatment,desktop,0,221.28,39.76
15513,treatment,tablet,1,251.4,72.49
15307,treatment,tablet,0,198.98,63.54
15119,treatment,tablet,0,254.99,68.79
10421,treatment,mobile,0,226.35,58.05
15335,treatment,tablet,0,233.46,34.94
5704,treatment,desktop,0,212.7,17.87
9055,control,mobile,0,176.06,36.86
10107,treatment,mobile,0,201.27,25.0
10826,treatment,mobile,0,226.54,35.51
12069,treatment,mobile,0,200.85,59.57
5470,treatment,desktop,0,253.97,23.42
14389,control,tablet,0,228.2,49.89
10496,treatment,mobile,0,255.63,57.36
6763,control,mobile,0,268.23,93.66
2339,control,desktop,0,220.24,91.23
13401,treatment,mobile,0,223.81,50.06
9460,control,mobile,0,189.75,40.73
9933,control,mobile,0,169.56,72.15
3021,control,desktop,0,275.08,24.94
1814,control,desktop,0,238.41,25.87
10437,treatment,mobile,0,286.01,52.88
7183,control,mobile,0,254.83,64.79
14811,treatment,tablet,0,182.26,41.41
759,control,desktop,0,235.71,16.08
13377,treatment,mobile,0,239.08,46.52
10908,treatment,mobile,0,248.82,26.49
8407,control,mobile,0,182.47,37.64
14983,treatment,tablet,0,221.34,52.76
12463,treatment,mobile,0,257.56,50.18
5354,treatment,desktop,0,289.7,31.15
8638,control,mobile,0,203.23,68.17
6095,treatment,desktop,0,210.49,82.74
10233,treatment,mobile,0,243.24,64.15
15939,treatment,tablet,0,286.39,58.24
9818,control,mobile,0,190.57,35.64
13331,treatment,mobile,0,250.09,19.7
3890,treatment,desktop,0,174.29,85.08
12217,treatment,mobile,1,251.16,46.92
471,control,desktop,0,243.29,36.07
11860,treatment,mobile,0,252.35,14.96
9246,control,mobile,0,207.43,64.95
13685,control,tablet,0,227.84,68.37
354,control,desktop,0,148.34,43.88
14628,control,tablet,0,202.1,48.52
3321,treatment,desktop,0,252.52,23.27
11396,treatment,mobile,0,184.78,71.72
12028,treatment,mobile,0,264.09,48.94
723,control,desktop,0,210.56,38.59
1007,control,desktop,0,235.53,24.16
1199,control,desktop,0,216.57,37.75
13457,treatment,mobile,0,261.29,71.79
9298,control,mobile,0,227.85,34.66
7120,control,mobile,0,210.87,44.17
8090,control,mobile,0,216.83,40.95
5634,treatment,desktop,1,222.27,82.99
4850,treatment,desktop,0,301.11,50.23
6930,control,mobile,0,232.39,47.04
6818,control,mobile,0,208.87,55.42
5869,treatment,desktop,1,205.55,174.49
4050,treatment,desktop,0,269.68,32.5
2089,control,desktop,1,195.33,76.26
13710,control,tablet,0,229.0,29.51
6508,control,mobile,0,249.34,4596.53
13266,treatment,mobile,0,222.35,88.84
9394,control,mobile,0,180.91,22.55
942,control,desktop,0,223.92,65.33
1154,control,desktop,0,201.07,45.65
4773,treatment,desktop,0,212.78,53.46
5993,treatment,desktop,0,225.68,51.15
14678,control,tablet,0,187.94,125.23
8330,control,mobile,0,237.08,51.49
3193,control,desktop,0,244.95,40.56
12668,treatment,mobile,0,200.45,40.2
8566,control,mobile,0,253.92,66.19
12899,treatment,mobile,0,174.99,43.53
7709,control,mobile,0,218.98,46.48
10564,treatment,mobile,0,232.81,53.27
9108,control,mobile,0,196.31,53.78
4448,treatment,desktop,0,215.51,56.59
11298,treatment,mobile,1,207.17,29.51
7170,control,mobile,0,221.88,75.79
9379,control,mobile,0,237.91,29.38
496,control,desktop,0,266.58,47.88
6771,control,mobile,0,207.12,43.01
9898,control,mobile,0,257.32,20.16
1333,control,desktop,1,189.32,36.25
14839,treatment,tablet,0,219.19,27.77
1474,control,desktop,0,207.07,27.28
5729,treatment,desktop,0,201.69,72.07
1120,control,desktop,0,215.46,50.04
4410,treatment,desktop,0,215.7,129.93
11722,treatment,mobile,0,167.15,74.43
2569,control,desktop,0,186.28,66.76
4263,treatment,desktop,0,184.02,25.42
15547,treatment,tablet,0,248.64,57.43
12525,treatment,mobile,0,194.88,28.32
6324,treatment,desktop,0,249.31,88.74
7976,control,mobile,0,199.94,18.58
5994,treatment,desktop,0,164.53,53.59
4660,treatment,desktop,1,229.06,83.74
173,control,desktop,0,216.31,46.25
7359,control,mobile,0,222.4,160.59
9377,control,mobile,0,191.84,51.07
4969,treatment,desktop,0,229.18,52.49
6956,control,mobile,0,248.19,58.0
5768,treatment,desktop,0,195.33,18.71
11502,treatment,mobile,0,241.76,40.07
9948,control,mobile,0,254.7,60.78
8924,control,mobile,0,291.15,39.56
5854,treatment,desktop,0,292.54,153.36
355,control,desktop,0,251.25,63.13
15888,treatment,tablet,0,166.42,30.89
13741,control,tablet,0,245.52,80.95
14863,treatment,tablet,1,243.12,35.47
9418,control,mobile,0,200.28,53.47
7301,control,mobile,1,220.34,61.99
9964,control,mobile,0,200.67,48.87
3689,treatment,desktop,0,267.37,46.57
6686,control,mobile,0,245.96,40.24
10603,treatment,mobile,1,191.15,33.57
11200,treatment,mobile,0,202.95,44.11
8557,control,mobile,0,179.37,62.54
13473,treatment,mobile,0,275.56,16.09
15552,treatment,tablet,0,199.06,56.37
13630,control,tablet,0,206.48,105.9
6719,control,mobile,0,303.32,80.76
10868,treatment,mobile,0,222.29,35.72
10807,treatment,mobile,0,200.26,49.58
12247,treatment,mobile,0,237.85,70.16
4701,treatment,desktop,0,182.23,44.54
3988,treatment,desktop,0,264.48,39.6
3872,treatment,desktop,0,187.34,56.31
8906,control,mobile,0,240.64,30.71
14209,control,tablet,0,236.55,44.55
8928,control,mobile,0,181.14,52.03
4285,treatment,desktop,0,239.12,55.88
14498,control,tablet,0,228.84,74.94
6665,control,mobile,0,261.49,43.76
10849,treatment,mobile,0,216.5,39.16
6922,control,mobile,1,233.37,3896.99
13480,treatment,mobile,0,227.85,107.45
4325,treatment,desktop,0,235.04,88.33
9919,control,mobile,0,209.09,57.85
14211,control,tablet,0,263.9,60.39
1185,control,desktop,0,235.17,38.19
15605,treatment,tablet,0,268.6,12.94
9414,control,mobile,0,223.16,53.65
9950,control,mobile,0,247.62,48.9
7988,control,mobile,0,165.32,90.1
5726,treatment,desktop,0,229.18,19.1
6446,control,mobile,1,227.15,16.97
2429,control,desktop,0,210.88,37.57
4289,treatment,desktop,0,194.22,47.6
1616,control,desktop,0,203.03,41.24
1486,control,desktop,0,191.28,32.41
1977,control,desktop,1,225.3,49.42
6812,control,mobile,0,149.96,129.3
8329,control,mobile,0,220.68,40.54
13580,treatment,mobile,0,248.76,18.58
1197,control,desktop,1,255.59,33.99
4058,treatment,desktop,0,148.42,51.99
1741,control,desktop,0,207.71,104.96
5544,treatment,desktop,0,219.95,30.94
9953,control,mobile,0,187.17,73.05
7270,control,mobile,0,142.43,36.93
11462,treatment,mobile,0,214.48,31.14
9112,control,mobile,1,215.15,52.57
12085,treatment,mobile,0,279.0,22.85
15497,treatment,tablet,0,220.2,31.25
9228,control,mobile,0,195.18,99.79
15277,treatment,tablet,0,221.03,61.93
304,control,desktop,0,209.66,97.34
3407,treatment,desktop,0,150.75,94.56
13358,treatment,mobile,1,192.65,77.41
4927,treatment,desktop,1,181.34,41.25
8725,control,mobile,1,184.23,98.33
3398,treatment,desktop,0,252.16,26.49
7903,control,mobile,0,228.63,49.24
702,control,desktop,0,184.83,58.73
9595,control,mobile,0,210.14,113.67
710,control,desktop,0,247.73,67.19
4119,treatment,desktop,0,196.0,86.21
1506,control,desktop,0,210.59,49.9
7732,control,mobile,0,229.82,15.46
9658,control,mobile,1,263.72,32.96
13447,treatment,mobile,0,190.2,87.87
6685,control,mobile,0,188.82,114.79
4871,treatment,desktop,0,218.5,33.26
15607,treatment,tablet,1,180.0,75.45
15755,treatment,tablet,0,273.47,24.27
1271,control,desktop,1,252.57,30.87
2466,control,desktop,0,215.59,41.51
1298,control,desktop,1,224.06,53.71
14555,control,tablet,0,199.51,37.54
12636,treatment,mobile,0,265.69,31.33
13124,treatment,mobile,0,218.9,78.46
2697,control,desktop,0,235.88,36.39
5668,treatment,desktop,0,222.51,63.63
9410,control,mobile,0,210.9,26.62
5086,treatment,desktop,0,228.89,60.99
4036,treatment,desktop,1,212.28,36.74
6964,control,mobile,0,229.84,89.78
7085,control,mobile,0,245.91,63.27
3776,treatment,desktop,1,260.65,34.52
6518,control,mobile,0,205.96,55.34
7941,control,mobile,0,187.52,38.75
8899,control,mobile,0,249.3,121.64
6001,treatment,desktop,0,238.37,52.96
11016,treatment,mobile,0,226.36,50.27
14000,control,tablet,0,227.03,68.92
10706,treatment,mobile,0,213.89,49.17
13029,treatment,mobile,0,220.25,24.34
8602,control,mobile,0,227.3,24.77
3808,treatment,desktop,0,187.16,73.54
14633,control,tablet,0,185.31,104.93
4455,treatment,desktop,0,205.07,53.11
14128,control,tablet,0,230.73,88.29
12173,treatment,mobile,0,286.02,59.48
12714,treatment,mobile,1,205.9,54.93
2600,control,desktop,1,184.76,37.66
6723,control,mobile,0,232.01,27.67
4615,treatment,desktop,0,205.96,49.5
11245,treatment,mobile,0,246.91,58.0
5241,treatment,desktop,0,238.48,64.59
10020,treatment,mobile,1,228.53,34.15
2267,control,desktop,1,170.01,58.55
12886,treatment,mobile,0,226.69,43.54
2463,control,desktop,0,230.92,143.74
5572,treatment,desktop,0,197.0,120.84
6067,treatment,desktop,0,197.11,126.24
12243,treatment,mobile,0,278.99,64.05
3219,treatment,desktop,0,252.23,20.91
15542,treatment,tablet,0,208.72,30.13
13188,treatment,mobile,0,200.18,57.55
9488,control,mobile,1,239.66,63.97
12452,treatment,mobile,0,238.58,41.72
2702,control,desktop,0,211.35,28.67
5364,treatment,desktop,0,206.21,64.65
10953,treatment,mobile,1,236.54,54.88
70,control,desktop,0,202.04,109.91
2810,control,desktop,0,261.33,66.6
4300,treatment,desktop,0,256.82,97.54
7778,control,mobile,0,177.12,202.01
10517,treatment,mobile,0,222.58,86.44
3965,treatment,desktop,0,230.0,29.3
9362,control,mobile,0,183.07,65.67
7476,control,mobile,0,229.83,52.08
3613,treatment,desktop,0,254.92,87.0
8323,control,mobile,0,223.27,42.08
3148,control,desktop,0,221.08,141.44
9063,control,mobile,0,244.32,69.17
13661,control,tablet,0,227.02,28.65
3597,treatment,desktop,0,259.53,73.97
3344,treatment,desktop,1,242.23,41.61
4107,treatment,desktop,0,144.39,69.85
3637,treatment,desktop,0,206.05,57.89
7553,control,mobile,0,271.54,85.6
2932,control,desktop,1,238.03,120.53
2368,control,desktop,0,192.54,73.14
7638,control,mobile,0,215.68,56.89
1340,control,desktop,0,246.2,40.32
7592,control,mobile,0,229.54,105.36
4907,treatment,desktop,0,214.46,25.36
5512,treatment,desktop,0,263.27,76.67
8297,control,mobile,0,231.26,92.46
5313,treatment,desktop,0,244.47,33.19
9017,control,mobile,0,232.47,60.42
15959,treatment,tablet,0,254.73,79.75
739,control,desktop,0,184.84,46.2
3259,treatment,desktop,0,218.02,30.82
2420,control,desktop,0,217.82,38.93
12967,treatment,mobile,1,211.14,54.82
10117,treatment,mobile,0,230.53,49.5
13460,treatment,mobile,0,257.82,55.01
7547,control,mobile,0,210.56,30.23
13321,treatment,mobile,0,207.78,20.92
12855,treatment,mobile,0,192.61,47.3
5153,treatment,desktop,0,262.57,57.56
6132,treatment,desktop,0,159.8,44.14
9523,control,mobile,0,208.37,113.02
11403,treatment,mobile,0,238.67,57.39
5759,treatment,desktop,0,194.39,46.07
2742,control,desktop,0,255.11,41.22
1177,control,desktop,0,237.87,33.21
9760,control,mobile,0,208.37,138.61
2230,control,desktop,0,192.04,51.65
12362,treatment,mobile,0,162.11,38.12
3341,treatment,desktop,0,191.24,44.13
6889,control,mobile,0,267.01,35.11
15854,treatment,tablet,0,161.66,81.73
15903,treatment,tablet,0,214.09,47.47
7838,control,mobile,0,253.48,112.26
7670,control,mobile,0,255.25,62.65
11300,treatment,mobile,0,243.58,21.96
10933,treatment,mobile,0,258.84,54.73
9177,control,mobile,0,222.86,91.85
6283,treatment,desktop,0,265.44,68.35
5636,treatment,desktop,1,137.08,54.25
2065,control,desktop,0,223.62,28.92
9492,control,mobile,0,232.36,67.08
2213,control,desktop,0,228.56,25.95
10763,treatment,mobile,1,223.62,49.37
1988,control,desktop,0,187.55,5754.6
5101,treatment,desktop,0,232.56,33.69
8551,control,mobile,0,189.72,14.15
3320,treatment,desktop,0,270.33,37.06
3729,treatment,desktop,0,205.2,104.42
2818,control,desktop,0,221.24,43.6
7339,control,mobile,0,228.42,27.23
1543,control,desktop,0,242.17,36.44
12397,treatment,mobile,0,239.77,55.72
11774,treatment,mobile,0,218.42,51.39
10697,treatment,mobile,1,192.14,99.43
8238,control,mobile,0,197.4,24.15
11155,treatment,mobile,0,284.46,48.21
11156,treatment,mobile,0,224.48,52.22
11166,treatment,mobile,0,215.34,35.14
3837,treatment,desktop,0,202.23,45.41
8227,control,mobile,0,235.37,50.78
10063,treatment,mobile,1,193.88,74.79
6091,treatment,desktop,0,213.27,65.71
4121,treatment,desktop,0,185.02,69.25
5041,treatment,desktop,0,245.62,60.06
8980,control,mobile,0,231.75,55.24
12624,treatment,mobile,0,225.36,3994.01
14470,control,tablet,0,200.32,91.67
8468,control,mobile,0,227.0,36.23
5631,treatment,desktop,0,225.94,81.33
1714,control,desktop,0,224.42,23.38
11981,treatment,mobile,0,279.84,86.56
11977,treatment,mobile,0,141.98,46.29
11837,treatment,mobile,0,201.13,17.94
15716,treatment,tablet,0,231.28,55.09
2239,control,desktop,0,233.3,38.18
13979,control,tablet,0,217.43,23.09
2974,control,desktop,0,206.31,33.11
11176,treatment,mobile,0,202.62,47.69
5777,treatment,desktop,0,254.12,61.11
861,control,desktop,0,255.88,59.25
10164,treatment,mobile,0,306.56,21.77
5990,treatment,desktop,0,274.32,25.8
4275,treatment,desktop,0,191.21,41.57
2431,control,desktop,0,226.02,64.3
7448,control,mobile,0,204.41,24.64
7034,control,mobile,0,200.3,71.17
12313,treatment,mobile,0,226.83,33.88
13190,treatment,mobile,0,191.62,58.86
1106,control,desktop,0,205.37,45.78
4964,treatment,desktop,0,221.4,57.23
15632,treatment,tablet,0,133.69,65.23
2390,control,desktop,1,182.91,34.95
4989,treatment,desktop,0,237.88,28.93
5021,treatment,desktop,0,207.27,111.56
13645,control,tablet,0,188.63,58.29
10138,treatment,mobile,0,255.03,77.87
10800,treatment,mobile,0,226.61,56.28
8427,control,mobile,1,213.58,69.41
11609,treatment,mobile,0,241.54,39.96
15518,treatment,tablet,0,207.77,130.84
4365,treatment,desktop,0,184.65,42.13
7947,control,mobile,0,232.51,53.28
4028,treatment,desktop,0,216.33,79.9
7013,control,mobile,0,173.71,45.03
8998,control,mobile,0,241.78,45.32
592,control,desktop,0,205.22,23.76
8947,control,mobile,0,186.21,16.63
8786,control,mobile,0,221.73,49.47
2957,control,desktop,0,263.6,68.04
12010,treatment,mobile,0,215.8,40.33
14764,control,tablet,0,225.84,21.99
15906,treatment,tablet,0,246.57,65.47
7142,control,mobile,0,205.94,92.89
13383,treatment,mobile,0,211.68,42.41
9551,control,mobile,0,192.17,34.69
14177,control,tablet,0,191.45,48.17
3111,control,desktop,0,232.13,71.83
12835,treatment,mobile,0,158.93,30.54
705,control,desktop,1,189.22,49.4
11982,treatment,mobile,0,162.22,104.01
7828,control,mobile,0,241.09,56.43
5762,treatment,desktop,0,214.59,22.23
3583,treatment,desktop,0,167.51,57.4
6427,control,mobile,0,184.69,75.03
4392,treatment,desktop,1,220.08,67.32
9880,control,mobile,0,211.95,46.97
2781,control,desktop,0,236.41,24.11
5796,treatment,desktop,1,181.72,44.51
9604,control,mobile,0,228.62,80.04
10501,treatment,mobile,0,218.91,42.59
13632,control,tablet,0,213.69,65.73
4150,treatment,desktop,0,249.37,40.06
8828,control,mobile,0,235.64,27.47
14789,control,tablet,0,219.06,131.19
4848,treatment,desktop,0,198.93,67.04
13937,control,tablet,0,303.92,108.6
10254,treatment,mobile,0,242.02,43.52
4390,treatment,desktop,1,166.37,60.73
9649,control,mobile,0,257.9,5307.37
7842,control,mobile,0,206.97,58.58
2498,control,desktop,0,246.75,27.52
9425,control,mobile,1,283.69,24.67
14534,control,tablet,0,214.01,72.1
4670,treatment,desktop,0,221.57,68.95
5412,treatment,desktop,0,225.42,29.67
11478,treatment,mobile,0,188.64,130.99
12505,treatment,mobile,0,237.36,54.95
9323,control,mobile,0,268.05,74.11
14159,control,tablet,0,227.93,30.9
8026,control,mobile,0,234.25,25.7
12838,treatment,mobile,0,239.36,114.88
8535,control,mobile,0,211.41,57.74
8999,control,mobile,0,211.52,52.0
4857,treatment,desktop,0,177.88,24.12
10493,treatment,mobile,0,271.83,59.11
3810,treatment,desktop,0,195.36,39.54
14321,control,tablet,0,237.0,45.97
1900,control,desktop,0,213.37,72.86
8851,control,mobile,0,263.83,45.95
1469,control,desktop,0,226.88,64.09
3766,treatment,desktop,1,202.28,60.57
15779,treatment,tablet,1,209.8,108.0
14287,control,tablet,1,202.17,60.53
6300,treatment,desktop,0,261.39,69.58
10461,treatment,mobile,0,169.45,59.35
8769,control,mobile,0,197.43,55.24
6297,treatment,desktop,0,255.98,17.9
7548,control,mobile,0,217.27,91.13
8953,control,mobile,0,181.64,117.97
535,control,desktop,0,195.02,53.04
7236,control,mobile,1,177.62,83.71
485,control,desktop,0,200.67,32.35
14877,treatment,tablet,0,255.5,53.87
10272,treatment,mobile,0,250.14,57.54
3306,treatment,desktop,0,210.42,46.9
2629,control,desktop,0,216.8,113.9
6857,control,mobile,0,213.06,18.95
13689,control,tablet,0,239.64,42.77
9487,control,mobile,0,223.05,109.75
12868,treatment,mobile,0,232.29,12.65
8678,control,mobile,0,224.41,40.45
13097,treatment,mobile,0,202.27,59.15
10580,treatment,mobile,1,224.99,145.04
7870,control,mobile,0,208.66,115.46
2914,control,desktop,1,235.12,29.4
1384,control,desktop,0,182.96,35.58
10085,treatment,mobile,1,195.96,18.66
10364,treatment,mobile,0,243.35,30.33
9095,control,mobile,0,288.9,44.36
8494,control,mobile,0,326.25,28.25
11812,treatment,mobile,1,203.37,24.52
7754,control,mobile,1,242.97,119.5
5727,treatment,desktop,0,226.81,25.32
3725,treatment,desktop,0,234.83,54.35
4721,treatment,desktop,0,260.33,36.27
7527,control,mobile,0,230.86,65.3
9896,control,mobile,0,261.25,34.64
8667,control,mobile,0,197.04,21.31
6275,treatment,desktop,0,141.64,106.89
5307,treatment,desktop,0,272.82,39.92
9972,control,mobile,0,185.85,74.63
15875,treatment,tablet,0,187.5,48.51
10659,treatment,mobile,0,254.74,51.4
11363,treatment,mobile,0,199.95,45.84
3151,control,desktop,0,196.66,44.36
8908,control,mobile,0,254.41,54.65
6633,control,mobile,0,185.98,46.4
4858,treatment,desktop,0,251.61,18.42
6242,treatment,desktop,1,155.98,20.51
12321,treatment,mobile,0,220.09,37.53
8249,control,mobile,0,287.94,17.7
12545,treatment,mobile,0,212.94,41.19
10448,treatment,mobile,0,256.15,88.13
7234,control,mobile,0,225.75,47.11
6335,treatment,desktop,0,249.49,42.46
12926,treatment,mobile,0,266.79,19.62
3592,treatment,desktop,0,233.04,36.09
9612,control,mobile,0,185.69,27.9
7664,control,mobile,0,194.54,62.36
9633,control,mobile,0,223.72,63.7
9481,control,mobile,0,253.24,59.99
11460,treatment,mobile,0,255.13,51.54
15753,treatment,tablet,0,234.95,63.61
15064,treatment,tablet,0,232.83,39.38
14973,treatment,tablet,1,142.52,20.6
9753,control,mobile,0,227.57,29.68
6740,control,mobile,0,256.41,104.63
15222,treatment,tablet,0,181.41,4010.87
3907,treatment,desktop,0,247.87,58.38
6418,control,mobile,0,153.68,57.98
12882,treatment,mobile,0,278.95,41.73
12473,treatment,mobile,0,228.62,28.36
7126,control,mobile,0,240.22,21.54
14074,control,tablet,0,195.99,32.6
14471,control,tablet,0,225.11,99.73
2856,control,desktop,0,207.14,87.72
6688,control,mobile,0,188.33,71.37
13462,treatment,mobile,0,127.9,37.02
4006,treatment,desktop,0,225.5,65.52
12548,treatment,mobile,0,192.01,60.1
11819,treatment,mobile,0,208.23,20.87
8432,control,mobile,0,243.48,83.0
5807,treatment,desktop,0,208.73,84.38
14059,control,tablet,0,206.41,27.19
2502,control,desktop,0,242.41,23.59
13916,control,tablet,1,238.61,59.36
1291,control,desktop,0,203.65,54.55
10579,treatment,mobile,1,208.68,78.68
14133,control,tablet,0,225.03,105.92
11445,treatment,mobile,0,204.39,78.89
8815,control,mobile,0,245.73,51.92
6247,treatment,desktop,0,251.18,20.79
15145,treatment,tablet,0,224.89,57.39
11193,treatment,mobile,0,192.52,42.57
7215,control,mobile,0,191.76,47.01
12638,treatment,mobile,0,185.83,32.07
10650,treatment,mobile,0,257.75,22.33
4074,treatment,desktop,0,185.45,32.6
12351,treatment,mobile,0,259.35,69.42
2174,control,desktop,0,223.57,55.36
14115,control,tablet,0,217.95,18.17
13770,control,tablet,0,209.39,36.47
1151,control,desktop,0,241.44,152.14
3749,treatment,desktop,0,245.6,51.57
2282,control,desktop,0,211.83,24.54
5897,treatment,desktop,1,244.91,40.97
8066,control,mobile,0,210.15,110.91
2397,control,desktop,1,240.88,43.78
473,control,desktop,0,220.51,61.91
4697,treatment,desktop,0,194.25,44.51
5517,treatment,desktop,0,218.67,51.11
14004,control,tablet,0,276.15,57.73
3601,treatment,desktop,0,190.31,26.77
1515,control,desktop,0,231.66,34.07
765,control,desktop,0,211.84,48.09
1205,control,desktop,0,245.47,32.95
8946,control,mobile,0,205.05,166.22
6184,treatment,desktop,0,181.93,45.17
1877,control,desktop,0,235.73,217.7
9028,control,mobile,0,232.67,82.22
2338,control,desktop,0,236.81,62.51
7666,control,mobile,0,237.31,47.26
6504,control,mobile,0,137.87,28.86
6228,treatment,desktop,1,256.9,67.97
101,control,desktop,0,281.99,34.39
1001,control,desktop,0,247.64,34.24
14369,control,tablet,1,193.88,34.35
6746,control,mobile,0,207.06,65.72
9780,control,mobile,0,234.82,35.18
4208,treatment,desktop,0,250.34,35.77
15313,treatment,tablet,0,195.19,127.56
4302,treatment,desktop,0,186.49,86.46
8160,control,mobile,0,219.05,100.45
5284,treatment,desktop,0,217.52,35.29
14171,control,tablet,1,211.38,54.55
12050,treatment,mobile,0,199.49,32.94
14540,control,tablet,0,223.57,36.02
9791,control,mobile,0,182.23,85.07
12581,treatment,mobile,0,235.05,47.33
57,control,desktop,0,198.85,81.74
7521,control,mobile,0,241.28,37.06
14127,control,tablet,1,172.64,37.53
1060,control,desktop,0,183.71,52.43
13774,control,tablet,0,248.61,97.44
329,control,desktop,0,206.82,103.9
15506,treatment,tablet,0,233.79,28.66
4336,treatment,desktop,1,239.35,64.46
12185,treatment,mobile,0,247.57,51.2
7908,control,mobile,0,246.0,44.68
1176,control,desktop,0,228.62,56.33
6957,control,mobile,0,212.01,50.57
660,control,desktop,0,241.26,45.6
6234,treatment,desktop,1,218.29,47.26
14700,control,tablet,0,225.93,43.54
1320,control,desktop,0,216.25,21.54
4228,treatment,desktop,0,245.66,72.83
12710,treatment,mobile,0,231.43,56.2
14442,control,tablet,0,228.36,19.06
7239,control,mobile,1,255.42,65.64
13907,control,tablet,0,201.99,41.5
3578,treatment,desktop,0,213.92,28.34
15671,treatment,tablet,0,222.36,52.27
13146,treatment,mobile,0,178.26,36.9
48,control,desktop,0,201.53,77.74
13627,control,tablet,0,230.36,38.93
4475,treatment,desktop,0,225.69,73.43
8633,control,mobile,1,253.05,33.69
2824,control,desktop,0,222.6,38.81
5680,treatment,desktop,0,199.9,28.96
845,control,desktop,0,251.61,129.32
9424,control,mobile,1,211.5,36.07
8217,control,mobile,0,248.11,23.74
1857,control,desktop,0,211.21,42.64
12244,treatment,mobile,0,270.23,57.98
2845,control,desktop,0,224.42,98.84
352,control,desktop,0,236.0,38.01
7384,control,mobile,0,238.77,73.76
10974,treatment,mobile,0,281.12,46.76
1675,control,desktop,0,217.67,71.19
6253,treatment,desktop,0,256.98,114.38
5233,treatment,desktop,0,255.91,39.53
10681,treatment,mobile,0,238.4,36.88
15887,treatment,tablet,1,212.86,66.59
10544,treatment,mobile,0,244.9,50.91
2912,control,desktop,0,232.36,27.83
6674,control,mobile,1,162.76,48.26
11249,treatment,mobile,0,246.11,38.08
104,control,desktop,1,224.38,84.0
8871,control,mobile,0,188.87,34.0
1289,control,desktop,0,190.17,101.55
5266,treatment,desktop,0,218.36,62.95
11586,treatment,mobile,0,276.8,22.66
14665,control,tablet,0,159.87,37.16
8892,control,mobile,0,207.46,29.11
7256,control,mobile,0,218.1,90.64
7228,control,mobile,0,205.24,54.18
15184,treatment,tablet,0,202.77,83.53
4057,treatment,desktop,0,228.75,30.82
5173,treatment,desktop,0,249.6,31.06
9922,control,mobile,0,235.19,42.48
2266,control,desktop,0,229.44,28.16
3920,treatment,desktop,0,205.84,46.92
3231,treatment,desktop,0,235.44,56.21
7981,control,mobile,0,213.94,83.06
5961,treatment,desktop,1,192.62,42.47
11565,treatment,mobile,0,222.17,38.17
3463,treatment,desktop,1,197.45,52.0
13969,control,tablet,0,221.33,26.41
132,control,desktop,0,247.16,54.66
11207,treatment,mobile,0,228.52,46.54
8422,control,mobile,1,256.78,60.63
7850,control,mobile,0,221.05,59.96
814,control,desktop,1,197.09,34.97
10713,treatment,mobile,0,209.71,32.26
6030,treatment,desktop,0,196.93,34.36
15508,treatment,tablet,0,208.07,36.4
400,control,desktop,1,241.1,73.24
12460,treatment,mobile,0,192.26,42.71
10549,treatment,mobile,0,214.99,200.35
10333,treatment,mobile,0,211.67,119.19
7501,control,mobile,0,241.17,34.81
14330,control,tablet,0,208.68,42.94
7777,control,mobile,0,229.08,57.21
8614,control,mobile,0,243.68,37.92
5304,treatment,desktop,0,157.56,33.46
13241,treatment,mobile,0,201.77,55.27
3464,treatment,desktop,0,210.52,31.85
7684,control,mobile,0,190.83,35.37
13007,treatment,mobile,0,210.07,58.41
5158,treatment,desktop,0,208.65,85.01
14891,treatment,tablet,0,263.27,32.06
7549,control,mobile,0,192.41,70.5
11564,treatment,mobile,0,243.76,40.12
8059,control,mobile,0,189.77,99.99
1134,control,desktop,1,191.4,71.25
1629,control,desktop,0,232.36,77.11
3405,treatment,desktop,0,232.7,24.19
15833,treatment,tablet,0,178.72,54.3
1130,control,desktop,0,244.23,68.34
13983,control,tablet,1,237.43,57.75
3867,treatment,desktop,1,206.19,50.14
6399,treatment,desktop,0,238.04,57.35
1458,control,desktop,0,238.95,30.0
9807,control,mobile,1,216.41,86.43
15290,treatment,tablet,1,216.56,88.9
1162,control,desktop,0,251.7,86.84
13699,control,tablet,0,253.58,32.16
10390,treatment,mobile,1,225.28,31.69
735,control,desktop,1,281.45,27.8
2112,control,desktop,0,232.78,36.53
6975,control,mobile,0,266.53,33.42
4675,treatment,desktop,0,211.3,37.57
4559,treatment,desktop,0,212.1,28.86
4193,treatment,desktop,0,238.57,81.06
15687,treatment,tablet,0,222.27,39.69
2281,control,desktop,0,217.29,27.31
11425,treatment,mobile,0,207.24,51.97
12874,treatment,mobile,1,273.75,36.13
2016,control,desktop,0,181.97,131.51
6,control,desktop,0,246.45,110.81
10317,treatment,mobile,0,243.87,44.3
7293,control,mobile,0,267.07,21.28
1051,control,desktop,0,227.48,45.85
5764,treatment,desktop,0,219.53,21.13
5852,treatment,desktop,0,195.93,51.0
13067,treatment,mobile,1,257.37,53.76
6803,control,mobile,0,238.54,73.52
1861,control,desktop,0,163.74,39.02
14525,control,tablet,0,241.67,34.54
295,control,desktop,1,262.96,38.42
7598,control,mobile,0,257.76,46.12
12005,treatment,mobile,0,201.98,120.85
13038,treatment,mobile,0,223.94,32.74
11062,treatment,mobile,0,213.57,42.23
1765,control,desktop,0,229.09,63.02
6844,control,mobile,0,191.65,68.16
10753,treatment,mobile,0,210.55,118.14
8282,control,mobile,0,171.68,22.1
12737,treatment,mobile,0,236.53,53.64
2620,control,desktop,0,232.63,69.8
10676,treatment,mobile,0,250.65,18.76
14338,control,tablet,0,218.34,45.4
3991,treatment,desktop,0,231.87,58.89
3033,control,desktop,0,214.51,107.34
15679,treatment,tablet,0,219.85,74.76
15478,treatment,tablet,0,249.42,25.73
15693,treatment,tablet,0,221.91,109.0
249,control,desktop,0,204.14,64.61
3780,treatment,desktop,1,193.15,24.08
6136,treatment,desktop,1,205.47,78.17
515,control,desktop,0,180.34,36.52
1618,control,desktop,0,202.78,52.84
557,control,desktop,0,211.51,38.5
1093,control,desktop,0,229.51,46.8
4447,treatment,desktop,0,237.92,59.11
5837,treatment,desktop,0,226.88,85.78
1653,control,desktop,0,218.98,28.29
10900,treatment,mobile,0,202.25,41.14
2152,control,desktop,0,216.54,42.12
10600,treatment,mobile,0,215.6,96.12
15597,treatment,tablet,1,222.46,30.11
10414,treatment,mobile,0,187.94,65.7
15825,treatment,tablet,0,207.27,24.04
2747,control,desktop,0,206.94,77.89
8069,control,mobile,0,222.14,37.35
8645,control,mobile,0,191.62,47.8
9535,control,mobile,0,232.39,70.78
8065,control,mobile,0,191.44,125.43
3916,treatment,desktop,0,248.94,54.74
15053,treatment,tablet,0,184.87,36.92
1726,control,desktop,1,260.95,24.55
4683,treatment,desktop,0,231.09,29.99
3421,treatment,desktop,0,179.39,30.82
6127,treatment,desktop,0,165.79,29.62
8909,control,mobile,0,236.92,95.01
13799,control,tablet,0,189.57,24.86
2143,control,desktop,1,223.11,27.76
401,control,desktop,0,205.23,127.22
1588,control,desktop,0,217.15,63.07
1876,control,desktop,0,231.15,44.05
10554,treatment,mobile,0,211.37,46.59
2852,control,desktop,0,231.48,115.21
4054,treatment,desktop,0,263.49,23.87
6198,treatment,desktop,0,252.17,31.95
2296,control,desktop,0,205.42,26.27
8538,control,mobile,0,193.74,31.02
1932,control,desktop,0,235.6,38.34
4098,treatment,desktop,0,230.81,55.19
11239,treatment,mobile,0,192.39,73.17
9668,control,mobile,0,251.51,69.64
1980,control,desktop,1,198.58,80.41
12225,treatment,mobile,0,170.51,74.42
14440,control,tablet,0,234.93,26.31
2233,control,desktop,0,168.23,88.03
6421,control,mobile,0,258.39,49.13
7191,control,mobile,0,226.41,97.45
6096,treatment,desktop,0,187.75,44.19
9500,control,mobile,0,212.19,36.07
10281,treatment,mobile,0,252.7,40.59
764,control,desktop,0,262.01,82.02
12270,treatment,mobile,0,213.65,18.73
4472,treatment,desktop,0,170.12,62.55
11859,treatment,mobile,0,237.42,56.29
3346,treatment,desktop,0,234.87,44.16
10065,treatment,mobile,0,248.84,71.0
4752,treatment,desktop,0,246.98,30.85
4237,treatment,desktop,0,254.11,72.5
12174,treatment,mobile,0,207.86,48.01
788,control,desktop,0,210.98,63.78
2802,control,desktop,1,230.86,83.46
13516,treatment,mobile,0,166.16,14.67
10794,treatment,mobile,0,171.92,57.86
10432,treatment,mobile,0,190.61,59.43
10449,treatment,mobile,0,151.56,24.51
4862,treatment,desktop,0,218.68,54.48
712,control,desktop,0,232.05,29.18
14521,control,tablet,0,255.23,51.16
7675,control,mobile,0,220.53,59.48
744,control,desktop,0,206.99,98.46
11886,treatment,mobile,0,245.61,28.42
1697,control,desktop,0,187.24,45.67
10846,treatment,mobile,0,169.24,32.35
12805,treatment,mobile,0,281.07,203.29
4698,treatment,desktop,0,205.72,28.56
6695,control,mobile,0,279.87,73.97
8640,control,mobile,1,203.69,30.68
10295,treatment,mobile,0,227.99,49.22
9232,control,mobile,0,189.75,29.56
11497,treatment,mobile,0,213.01,26.95
1279,control,desktop,0,247.76,50.83
5747,treatment,desktop,0,246.71,3034.16
3186,control,desktop,0,202.05,107.9
15634,treatment,tablet,0,213.46,73.73
7104,control,mobile,0,219.92,62.11
15083,treatment,tablet,0,197.64,18.88
5955,treatment,desktop,0,198.13,52.1
8395,control,mobile,0,194.72,53.62
9455,control,mobile,0,222.59,27.98
5108,treatment,desktop,0,141.72,50.32
13223,treatment,mobile,0,254.49,42.82
6824,control,mobile,1,224.27,18.24
1233,control,desktop,0,254.67,69.46
2717,control,desktop,1,96.52,50.19
1497,control,desktop,0,206.58,50.8
7568,control,mobile,1,257.56,79.75
11279,treatment,mobile,0,132.11,17.36
1681,control,desktop,0,205.01,47.57
10318,treatment,mobile,0,206.18,15.65
5274,treatment,desktop,0,246.74,32.59
4149,treatment,desktop,0,223.45,64.41
13899,control,tablet,0,186.24,38.82
2946,control,desktop,0,187.28,39.93
6534,control,mobile,1,260.27,123.98
8482,control,mobile,0,171.32,26.57
4258,treatment,desktop,0,223.66,76.77
12074,treatment,mobile,0,241.49,78.32
5941,treatment,desktop,0,238.5,33.87
11010,treatment,mobile,1,242.57,79.4
2838,control,desktop,0,258.64,68.68
10941,treatment,mobile,0,267.01,45.74
15033,treatment,tablet,0,225.17,49.21
6973,control,mobile,0,219.8,48.54
15936,treatment,tablet,0,187.51,72.41
1716,control,desktop,0,184.12,53.86
5725,treatment,desktop,0,224.85,54.64
1050,control,desktop,0,192.75,56.99
9805,control,mobile,0,200.62,31.21
6396,treatment,desktop,0,255.29,39.74
15225,treatment,tablet,0,170.85,93.66
11209,treatment,mobile,0,232.97,55.7
4283,treatment,desktop,0,235.87,32.59
14063,control,tablet,0,220.18,50.29
1343,control,desktop,0,244.53,92.31
1354,control,desktop,0,235.41,30.04
9608,control,mobile,0,214.02,54.53
61,control,desktop,0,226.22,38.86
2646,control,desktop,0,261.97,95.76
10829,treatment,mobile,0,252.47,50.62
6295,treatment,desktop,0,203.34,48.53
14566,control,tablet,0,256.75,26.99
11053,treatment,mobile,1,230.5,35.93
4724,treatment,desktop,0,211.28,55.55
2703,control,desktop,0,212.49,22.81
267,control,desktop,0,205.28,24.51
8603,control,mobile,0,260.42,26.97
15667,treatment,tablet,1,252.36,56.52
10755,treatment,mobile,0,222.89,53.28
14847,treatment,tablet,0,210.81,80.07
3140,control,desktop,0,253.72,35.33
9506,control,mobile,0,233.46,56.84
1072,control,desktop,0,226.84,29.01
14070,control,tablet,1,241.61,58.95
9868,control,mobile,0,229.52,33.49
12319,treatment,mobile,0,167.4,78.23
13535,treatment,mobile,0,225.49,55.35
1619,control,desktop,0,210.44,38.66
3568,treatment,desktop,0,183.41,21.79
8148,control,mobile,0,232.38,48.26
5872,treatment,desktop,0,186.39,54.04
10126,treatment,mobile,0,173.04,71.39
2371,control,desktop,1,224.51,84.87
12177,treatment,mobile,0,270.77,27.46
4176,treatment,desktop,0,177.11,59.59
7717,control,mobile,0,238.86,61.91
2087,control,desktop,0,161.48,55.42
2516,control,desktop,0,173.4,27.33
3721,treatment,desktop,0,199.23,45.23
4840,treatment,desktop,1,255.65,39.13
2947,control,desktop,0,200.41,131.68
2024,control,desktop,0,257.01,47.49
12590,treatment,mobile,0,224.65,83.03
11436,treatment,mobile,0,228.85,60.0
4671,treatment,desktop,0,221.59,17.5
13222,treatment,mobile,0,203.46,123.6
12857,treatment,mobile,1,206.15,82.15
10844,treatment,mobile,1,161.02,58.66
831,control,desktop,0,244.19,71.22
10553,treatment,mobile,0,217.73,86.71
161,control,desktop,0,171.05,43.93
6349,treatment,desktop,0,186.87,38.16
3095,control,desktop,0,207.4,52.73
5227,treatment,desktop,0,191.45,28.38
8827,control,mobile,0,165.89,39.01
12533,treatment,mobile,0,216.15,134.4
2925,control,desktop,1,208.48,96.65
6757,control,mobile,0,205.13,182.66
14693,control,tablet,0,206.72,26.64
2436,control,desktop,0,204.74,72.27
14620,control,tablet,0,198.71,78.58
7502,control,mobile,0,203.94,86.38
11448,treatment,mobile,0,222.83,53.63
1901,control,desktop,0,216.76,61.66
12275,treatment,mobile,0,199.85,47.8
4409,treatment,desktop,1,215.36,62.11
1166,control,desktop,0,242.73,83.77
14043,control,tablet,0,274.71,86.68
11828,treatment,mobile,0,238.16,47.4
3571,treatment,desktop,0,254.43,53.91
10825,treatment,mobile,0,161.67,58.12
11523,treatment,mobile,0,236.84,47.24
13688,control,tablet,0,247.8,64.45
7187,control,mobile,0,197.72,121.01
2860,control,desktop,0,222.09,45.48
12134,treatment,mobile,0,233.53,36.24
11748,treatment,mobile,0,232.37,78.54
5106,treatment,desktop,0,158.95,48.22
4416,treatment,desktop,0,221.47,44.11
11117,treatment,mobile,0,260.3,39.43
1904,control,desktop,0,287.6,96.84
7273,control,mobile,0,182.37,49.46
15432,treatment,tablet,0,155.21,25.49
3883,treatment,desktop,0,211.6,57.38
11386,treatment,mobile,0,228.15,86.79
10196,treatment,mobile,0,195.96,54.62
10683,treatment,mobile,0,213.51,84.44
13946,control,tablet,0,222.93,66.99
13244,treatment,mobile,0,257.35,16.52
5971,treatment,desktop,0,229.84,31.7
1373,control,desktop,0,226.48,88.41
14376,control,tablet,0,250.26,50.49
13536,treatment,mobile,0,237.72,15.24
14337,control,tablet,0,217.14,22.02
14951,treatment,tablet,0,235.36,129.35
1063,control,desktop,0,211.57,36.57
3246,treatment,desktop,0,187.05,75.54
160,control,desktop,0,227.59,13.52
11591,treatment,mobile,0,253.83,61.07
14611,control,tablet,0,247.04,37.71
10477,treatment,mobile,1,242.23,52.57
1430,control,desktop,0,246.16,47.97
10193,treatment,mobile,1,205.25,28.75
7683,control,mobile,0,235.31,60.82
4219,treatment,desktop,0,219.09,42.22
1823,control,desktop,0,170.99,79.67
1776,control,desktop,0,211.86,68.84
5165,treatment,desktop,0,244.97,36.74
129,control,desktop,0,235.31,52.26
6936,control,mobile,1,197.72,82.07
13498,treatment,mobile,0,144.84,50.89
6822,control,mobile,0,132.59,70.57
4498,treatment,desktop,0,186.0,64.93
12706,treatment,mobile,0,183.69,30.32
8816,control,mobile,0,194.24,50.39
15664,treatment,tablet,0,190.34,42.53
5776,treatment,desktop,0,194.36,54.4
10018,treatment,mobile,0,260.83,39.74
7970,control,mobile,0,216.93,126.99
12518,treatment,mobile,1,207.34,56.24
8031,control,mobile,0,210.78,22.65
4342,treatment,desktop,0,236.05,24.69
11864,treatment,mobile,1,236.51,74.05
5166,treatment,desktop,0,263.49,26.59
14019,control,tablet,0,245.57,39.03
2474,control,desktop,0,191.85,33.62
14881,treatment,tablet,0,210.26,57.48
10965,treatment,mobile,1,199.34,38.34
14109,control,tablet,0,204.84,51.04
7882,control,mobile,0,222.25,32.86
804,control,desktop,0,228.43,51.47
12517,treatment,mobile,0,219.59,40.67
7650,control,mobile,0,267.48,30.44
12880,treatment,mobile,0,242.53,41.33
8446,control,mobile,0,232.99,24.25
1679,control,desktop,0,256.29,25.4
12228,treatment,mobile,0,217.61,27.17
4968,treatment,desktop,0,229.14,81.63
3373,treatment,desktop,1,239.59,49.89
5858,treatment,desktop,0,253.36,59.43
4681,treatment,desktop,0,221.7,64.11
8779,control,mobile,0,208.52,56.75
11649,treatment,mobile,0,212.04,39.49
662,control,desktop,0,206.84,41.35
1509,control,desktop,0,198.93,52.17
292,control,desktop,0,176.24,33.75
3117,control,desktop,0,237.29,71.29
13751,control,tablet,0,199.48,29.23
9792,control,mobile,1,219.73,135.63
13413,treatment,mobile,0,247.15,29.36
13303,treatment,mobile,1,219.98,60.43
7848,control,mobile,1,200.79,57.87
5824,treatment,desktop,0,165.94,96.18
11619,treatment,mobile,0,215.41,30.85
6347,treatment,desktop,0,287.9,33.91
185,control,desktop,0,213.77,35.15
4224,treatment,desktop,0,248.99,25.96
15468,treatment,tablet,0,191.48,61.79
11533,treatment,mobile,0,236.44,43.93
6653,control,mobile,0,235.86,34.67
8833,control,mobile,0,221.76,56.21
2867,control,desktop,0,252.71,90.67
4046,treatment,desktop,0,219.41,33.63
14800,control,tablet,0,191.82,21.01
848,control,desktop,0,194.88,31.48
14090,control,tablet,0,236.08,95.21
11658,treatment,mobile,0,236.71,66.99
11055,treatment,mobile,0,218.84,59.74
5995,treatment,desktop,0,220.49,27.91
14432,control,tablet,0,226.3,29.95
3660,treatment,desktop,0,168.29,45.16
14040,control,tablet,0,163.77,27.26
7413,control,mobile,0,189.93,66.79
4106,treatment,desktop,0,233.29,39.83
5218,treatment,desktop,0,269.62,31.84
1078,control,desktop,0,237.24,51.05
10730,treatment,mobile,0,223.17,52.28
8766,control,mobile,0,228.31,46.54
15082,treatment,tablet,0,200.16,37.93
5563,treatment,desktop,0,223.41,94.89
12260,treatment,mobile,0,205.06,20.69
13143,treatment,mobile,0,204.14,35.31
13073,treatment,mobile,0,185.72,76.87
11800,treatment,mobile,0,199.34,39.49
3282,treatment,desktop,1,249.36,41.16
3358,treatment,desktop,1,241.85,57.24
14823,treatment,tablet,0,192.86,55.63
9220,control,mobile,0,229.19,77.68
2276,control,desktop,1,247.82,53.19
6855,control,mobile,0,205.48,37.1
13013,treatment,mobile,0,212.04,116.69
15782,treatment,tablet,1,253.43,26.13
6733,control,mobile,0,209.2,43.24
12765,treatment,mobile,0,219.99,70.85
143,control,desktop,0,233.17,35.8
14473,control,tablet,0,206.27,54.83
15163,treatment,tablet,0,169.7,30.61
7135,control,mobile,0,225.46,52.53
7094,control,mobile,0,254.38,17.73
6459,control,mobile,0,193.21,42.63
3523,treatment,desktop,0,141.35,53.5
15181,treatment,tablet,0,219.93,24.3
6778,control,mobile,0,244.79,38.94
13117,treatment,mobile,0,192.35,26.47
8147,control,mobile,0,272.36,114.54
642,control,desktop,0,229.93,76.88
9091,control,mobile,0,201.21,131.58
4658,treatment,desktop,0,193.79,67.23
5247,treatment,desktop,1,198.19,41.25
7525,control,mobile,0,294.63,82.07
9199,control,mobile,1,190.97,74.7
15898,treatment,tablet,0,221.59,33.81
4031,treatment,desktop,1,197.7,27.42
5765,treatment,desktop,0,233.06,59.71
14909,treatment,tablet,1,233.47,72.75
9282,control,mobile,0,215.35,113.77
11758,treatment,mobile,0,236.78,21.97
4680,treatment,desktop,0,202.02,125.49
15689,treatment,tablet,0,238.42,83.43
2964,control,desktop,0,234.78,22.34
2446,control,desktop,0,210.75,67.85
741,control,desktop,1,185.93,41.73
6437,control,mobile,0,226.23,48.23
9618,control,mobile,0,225.7,76.61
3856,treatment,desktop,0,226.2,156.5
10968,treatment,mobile,0,242.52,31.67
11715,treatment,mobile,0,257.96,83.49
14281,control,tablet,0,160.41,28.22
13107,treatment,mobile,0,210.2,59.64
5681,treatment,desktop,0,205.32,80.57
13214,treatment,mobile,0,267.25,40.36
1680,control,desktop,0,201.48,30.66
11754,treatment,mobile,0,202.7,52.39
4499,treatment,desktop,1,235.3,33.11
12021,treatment,mobile,0,246.22,41.16
11665,treatment,mobile,0,287.08,45.59
4636,treatment,desktop,0,268.9,49.43
822,control,desktop,0,183.7,73.23
14202,control,tablet,0,244.85,35.58
2792,control,desktop,0,247.51,21.96
7986,control,mobile,0,196.27,34.81
15594,treatment,tablet,0,222.58,27.87
10768,treatment,mobile,0,238.8,33.75
3056,control,desktop,0,196.84,39.1
10128,treatment,mobile,0,183.55,61.8
12024,treatment,mobile,0,207.38,20.59
1736,control,desktop,0,275.18,115.5
15589,treatment,tablet,0,232.02,24.03
11585,treatment,mobile,0,168.38,69.32
11775,treatment,mobile,0,208.07,51.44
13744,control,tablet,0,212.1,24.37
9243,control,mobile,0,255.21,49.74
3942,treatment,desktop,1,196.78,72.25
9544,control,mobile,0,215.19,91.92
13194,treatment,mobile,0,190.71,47.3
826,control,desktop,0,198.17,63.2
6215,treatment,desktop,0,188.4,85.82
7367,control,mobile,0,226.19,84.74
15297,treatment,tablet,0,238.63,38.71
12163,treatment,mobile,0,225.29,28.84
5992,treatment,desktop,0,235.66,23.46
721,control,desktop,1,220.65,27.83
9614,control,mobile,0,207.92,29.76
15775,treatment,tablet,0,260.69,47.7
4892,treatment,desktop,0,220.28,61.8
10431,treatment,mobile,0,200.14,79.75
6593,control,mobile,0,186.44,62.95
15446,treatment,tablet,1,270.41,39.39
11963,treatment,mobile,0,215.78,67.48
7431,control,mobile,0,263.55,41.8
7335,control,mobile,0,242.58,55.38
4783,treatment,desktop,0,218.43,168.52
9541,control,mobile,0,263.04,73.98
7985,control,mobile,0,232.39,111.18
6616,control,mobile,0,217.68,41.35
4655,treatment,desktop,0,219.53,89.61
12532,treatment,mobile,0,199.39,108.73
704,control,desktop,0,277.0,35.85
9830,control,mobile,0,275.05,44.04
597,control,desktop,0,217.19,59.38
6221,treatment,desktop,0,256.87,37.03
11568,treatment,mobile,0,237.13,77.43
14576,control,tablet,0,217.43,36.8
10178,treatment,mobile,0,278.02,32.05
14015,control,tablet,0,185.08,26.82
10995,treatment,mobile,0,217.66,81.45
5044,treatment,desktop,0,237.44,129.56
14553,control,tablet,0,213.29,82.32
13274,treatment,mobile,0,176.65,30.95
6702,control,mobile,0,180.93,47.74
6386,treatment,desktop,0,187.01,102.72
2015,control,desktop,0,214.93,42.84
14530,control,tablet,0,184.13,44.19
12585,treatment,mobile,0,232.11,56.68
7059,control,mobile,0,255.17,42.64
3807,treatment,desktop,0,142.88,47.61
7599,control,mobile,1,252.15,46.76
2254,control,desktop,0,247.13,40.46
47,control,desktop,0,187.04,81.89
3497,treatment,desktop,0,199.95,21.96
6443,control,mobile,0,210.4,108.44
2494,control,desktop,0,237.73,25.08
7660,control,mobile,0,293.71,106.13
4105,treatment,desktop,0,269.98,32.33
9357,control,mobile,0,211.44,77.18
2900,control,desktop,0,192.01,31.74
591,control,desktop,0,295.52,77.15
5203,treatment,desktop,0,243.22,20.6
6227,treatment,desktop,0,228.35,57.82
10422,treatment,mobile,0,198.14,45.55
1413,control,desktop,0,268.18,16.94
9053,control,mobile,0,202.71,58.92
9336,control,mobile,0,219.46,63.16
6768,control,mobile,0,204.79,65.25
3823,treatment,desktop,0,235.78,43.26
10400,treatment,mobile,0,234.71,18.48
1077,control,desktop,0,249.68,26.18
8117,control,mobile,0,222.55,50.6
9789,control,mobile,0,183.97,37.83
6265,treatment,desktop,0,255.07,71.09
9655,control,mobile,1,207.67,42.07
7695,control,mobile,0,247.59,97.99
7186,control,mobile,0,214.1,33.91
1535,control,desktop,0,178.87,32.32
10880,treatment,mobile,0,247.19,52.79
14103,control,tablet,0,182.07,86.09
573,control,desktop,1,196.87,17.9
11072,treatment,mobile,0,207.13,68.93
9636,control,mobile,0,195.84,157.02
10106,treatment,mobile,0,198.42,39.13
11627,treatment,mobile,0,222.52,102.29
13388,treatment,mobile,0,183.63,53.26
11818,treatment,mobile,0,201.86,85.21
4872,treatment,desktop,0,231.42,129.33
7570,control,mobile,0,246.72,35.03
15957,treatment,tablet,0,282.53,48.15
3857,treatment,desktop,0,206.03,29.32
1838,control,desktop,0,219.6,55.2
7471,control,mobile,0,227.5,47.33
15251,treatment,tablet,0,234.96,66.42
9218,control,mobile,0,237.62,39.97
10336,treatment,mobile,0,213.22,23.19
4231,treatment,desktop,0,160.2,69.28
2938,control,desktop,0,200.77,37.42
8680,control,mobile,0,221.72,27.08
7219,control,mobile,0,211.58,43.83
8191,control,mobile,0,253.11,76.07
4943,treatment,desktop,0,199.03,48.09
11790,treatment,mobile,0,278.02,50.12
1401,control,desktop,0,218.87,42.08
5653,treatment,desktop,1,246.33,41.05
5490,treatment,desktop,0,200.72,66.62
7245,control,mobile,0,232.0,47.07
7921,control,mobile,0,280.92,50.7
10964,treatment,mobile,0,221.23,53.64
2847,control,desktop,0,193.92,69.81
12814,treatment,mobile,0,177.4,47.51
12450,treatment,mobile,0,231.63,61.67
5849,treatment,desktop,0,203.68,23.33
635,control,desktop,0,187.8,20.71
12027,treatment,mobile,0,210.84,27.04
2535,control,desktop,0,225.2,85.44
3466,treatment,desktop,0,200.87,69.5
12928,treatment,mobile,0,137.27,61.24
7945,control,mobile,0,269.65,36.18
7588,control,mobile,0,231.74,32.16
12998,treatment,mobile,0,239.84,52.8
4187,treatment,desktop,0,223.9,27.69
1621,control,desktop,0,227.51,25.68
7757,control,mobile,0,241.03,41.12
701,control,desktop,0,187.68,51.28
884,control,desktop,1,254.11,49.65
2579,control,desktop,1,214.69,80.56
13363,treatment,mobile,0,239.52,58.69
15325,treatment,tablet,1,159.62,42.71
6113,treatment,desktop,0,205.68,64.45
14053,control,tablet,0,233.75,105.53
1312,control,desktop,0,150.89,64.84
11892,treatment,mobile,0,233.76,21.8
7923,control,mobile,0,173.08,20.91
8224,control,mobile,0,211.37,86.99
10819,treatment,mobile,0,214.98,42.5
14117,control,tablet,0,221.25,33.16
9505,control,mobile,0,185.01,52.0
206,control,desktop,1,226.84,22.35
5565,treatment,desktop,0,227.6,28.71
13187,treatment,mobile,0,224.96,58.96
3585,treatment,desktop,0,210.13,49.45
13018,treatment,mobile,0,220.36,101.7
10370,treatment,mobile,1,268.75,51.21
489,control,desktop,0,166.27,97.05
244,control,desktop,0,197.2,84.79
12820,treatment,mobile,0,201.56,40.28
964,control,desktop,0,220.47,43.02
933,control,desktop,0,225.56,37.05
12922,treatment,mobile,0,245.37,37.86
12334,treatment,mobile,0,216.85,44.26
9137,control,mobile,0,229.6,44.06
2154,control,desktop,0,247.19,44.98
5533,treatment,desktop,0,211.65,41.04
62,control,desktop,0,230.43,28.18
12431,treatment,mobile,0,220.89,84.59
9356,control,mobile,0,275.12,65.96
11749,treatment,mobile,0,249.0,45.24
904,control,desktop,0,225.56,79.11
10642,treatment,mobile,0,207.24,45.22
15044,treatment,tablet,0,204.27,50.09
10057,treatment,mobile,0,169.17,32.86
11496,treatment,mobile,0,132.91,60.77
8136,control,mobile,0,245.54,34.23
6670,control,mobile,0,250.58,20.88
5035,treatment,desktop,0,239.8,62.43
3917,treatment,desktop,0,202.5,22.8
12772,treatment,mobile,0,227.29,75.73
12122,treatment,mobile,0,216.42,88.37
10260,treatment,mobile,0,200.24,57.0
14006,control,tablet,0,201.36,74.54
15215,treatment,tablet,0,262.43,28.1
12995,treatment,mobile,0,231.57,41.7
10813,treatment,mobile,0,204.88,73.89
3202,treatment,desktop,0,200.75,29.12
13110,treatment,mobile,0,136.32,6.36
6211,treatment,desktop,0,170.0,87.26
2985,control,desktop,0,253.59,24.56
11891,treatment,mobile,0,162.71,57.56
1879,control,desktop,0,214.18,79.7
7349,control,mobile,0,173.74,32.25
7617,control,mobile,0,263.37,79.83
2150,control,desktop,0,209.65,71.77
2479,control,desktop,0,217.04,65.76
7281,control,mobile,0,276.56,30.98
15421,treatment,tablet,0,203.09,45.47
14619,control,tablet,0,205.54,78.99
5694,treatment,desktop,0,213.13,26.22
13606,control,tablet,1,221.36,28.9
15413,treatment,tablet,0,214.47,41.47
6548,control,mobile,0,259.25,54.09
7376,control,mobile,0,241.31,100.26
14279,control,tablet,0,275.58,75.39
36,control,desktop,0,186.43,25.09
1770,control,desktop,0,241.06,57.16
979,control,desktop,0,191.88,57.6
13478,treatment,mobile,0,198.12,49.51
10858,treatment,mobile,0,178.0,47.36
9155,control,mobile,0,273.8,46.72
7146,control,mobile,1,194.58,38.74
13869,control,tablet,0,220.63,33.93
6976,control,mobile,0,237.58,65.15
4666,treatment,desktop,0,277.77,47.07
2145,control,desktop,0,201.08,33.0
5380,treatment,desktop,0,191.24,20.59
3922,treatment,desktop,0,270.59,27.85
6447,control,mobile,0,246.17,23.26
8880,control,mobile,0,232.63,23.4
7616,control,mobile,0,227.18,34.86
13027,treatment,mobile,0,213.93,35.76
3880,treatment,desktop,0,259.91,34.4
3845,treatment,desktop,0,226.15,28.4
9260,control,mobile,0,247.59,31.72
3700,treatment,desktop,0,211.97,47.83
8341,control,mobile,0,227.46,80.13
10527,treatment,mobile,0,157.67,27.36
7179,control,mobile,0,269.44,62.56
10998,treatment,mobile,0,195.17,87.7
6713,control,mobile,1,217.4,75.94
14734,control,tablet,0,233.66,76.34
6352,treatment,desktop,0,214.25,39.29
14080,control,tablet,0,184.03,76.93
11375,treatment,mobile,0,236.05,22.28
9140,control,mobile,0,211.41,72.86
8042,control,mobile,0,283.71,71.66
10073,treatment,mobile,0,253.21,52.97
12123,treatment,mobile,0,240.5,52.73
6021,treatment,desktop,1,218.02,35.99
996,control,desktop,0,221.0,80.39
3698,treatment,desktop,0,225.88,29.07
9842,control,mobile,0,228.59,91.37
4169,treatment,desktop,0,185.44,44.48
588,control,desktop,0,204.06,23.41
10270,treatment,mobile,0,212.07,21.8
8542,control,mobile,0,254.99,57.87
10486,treatment,mobile,0,247.66,31.27
12033,treatment,mobile,0,218.87,82.53
14486,control,tablet,0,207.71,53.79
14298,control,tablet,0,196.31,67.98
12447,treatment,mobile,0,206.48,80.84
8911,control,mobile,0,226.18,14.09
6946,control,mobile,0,206.45,18.35
13005,treatment,mobile,0,180.99,68.26
6168,treatment,desktop,0,224.75,66.8
15720,treatment,tablet,0,178.78,30.18
5082,treatment,desktop,0,222.33,39.0
14963,treatment,tablet,1,246.62,52.13
4062,treatment,desktop,0,221.56,43.78
14570,control,tablet,0,227.39,81.25
8669,control,mobile,0,215.86,73.42
3811,treatment,desktop,0,188.61,81.2
14061,control,tablet,0,191.48,58.74
13221,treatment,mobile,1,180.96,16.78
14838,treatment,tablet,0,256.43,35.99
2509,control,desktop,0,250.06,53.37
9659,control,mobile,0,205.65,62.55
7596,control,mobile,0,209.17,21.9
456,control,desktop,0,197.15,46.36
13752,control,tablet,0,266.36,39.85
2193,control,desktop,1,226.3,73.33
15110,treatment,tablet,0,190.21,67.15
10078,treatment,mobile,0,203.23,74.27
4576,treatment,desktop,1,210.96,70.23
12568,treatment,mobile,0,174.79,60.62
14505,control,tablet,0,237.21,37.77
11192,treatment,mobile,0,243.82,67.22
5528,treatment,desktop,0,227.41,66.06
11173,treatment,mobile,0,227.81,20.34
8305,control,mobile,0,220.68,46.6
12094,treatment,mobile,0,230.33,57.68
3906,treatment,desktop,0,159.44,39.99
9033,control,mobile,0,242.44,61.85
11695,treatment,mobile,1,219.7,30.5
14394,control,tablet,0,199.17,43.62
9120,control,mobile,0,210.85,53.98
13675,control,tablet,0,266.43,61.87
11549,treatment,mobile,0,246.13,42.95
8675,control,mobile,0,165.31,66.32
14579,control,tablet,0,247.61,72.84
5696,treatment,desktop,0,199.73,35.14
13,control,desktop,0,248.99,99.18
899,control,desktop,0,156.37,67.36
2485,control,desktop,0,185.12,13.69
8754,control,mobile,0,268.5,40.97
9163,control,mobile,0,257.79,73.74
13647,control,tablet,1,194.79,60.25
9718,control,mobile,0,185.04,51.04
6937,control,mobile,0,223.61,17.28
2069,control,desktop,0,168.29,111.15
4349,treatment,desktop,0,244.74,18.92
15608,treatment,tablet,0,212.83,71.63
8800,control,mobile,0,210.06,72.14
12658,treatment,mobile,0,197.59,43.96
8424,control,mobile,0,248.27,107.92
4779,treatment,desktop,0,183.44,72.15
7014,control,mobile,1,210.45,48.37
5956,treatment,desktop,0,224.05,48.28
8797,control,mobile,0,207.83,104.28
10927,treatment,mobile,0,230.5,59.09
10348,treatment,mobile,0,262.28,58.33
12253,treatment,mobile,0,245.13,25.15
5530,treatment,desktop,1,195.01,43.44
15700,treatment,tablet,0,244.97,59.42
1607,control,desktop,0,239.54,63.87
14806,treatment,tablet,0,194.62,45.28
8005,control,mobile,0,264.29,22.52
2313,control,desktop,1,216.2,39.99
14300,control,tablet,0,250.09,56.99
10445,treatment,mobile,0,242.45,31.97
6059,treatment,desktop,0,211.41,27.13
11081,treatment,mobile,0,247.36,39.79
12758,treatment,mobile,0,197.45,58.41
545,control,desktop,0,206.99,21.52
11613,treatment,mobile,0,234.54,33.64
12875,treatment,mobile,0,255.58,30.69
5541,treatment,desktop,0,219.39,105.23
7097,control,mobile,0,262.26,23.32
12060,treatment,mobile,0,177.18,42.77
4856,treatment,desktop,1,178.91,49.7
14083,control,tablet,0,228.49,77.54
3422,treatment,desktop,0,188.66,81.38
536,control,desktop,0,174.59,98.01
14866,treatment,tablet,1,219.53,101.85
10244,treatment,mobile,1,238.71,53.2
10869,treatment,mobile,0,166.1,20.48
5702,treatment,desktop,0,253.44,70.83
2647,control,desktop,0,251.14,56.84
8165,control,mobile,0,228.46,48.74
644,control,desktop,0,195.2,41.9
6334,treatment,desktop,1,221.12,78.52
4069,treatment,desktop,0,253.83,130.24
344,control,desktop,0,201.25,70.6
5052,treatment,desktop,0,279.6,97.11
2656,control,desktop,0,249.24,52.56
134,control,desktop,0,261.8,67.85
5219,treatment,desktop,0,210.69,38.48
8862,control,mobile,0,244.53,118.85
15216,treatment,tablet,0,234.82,25.22
4183,treatment,desktop,0,252.49,33.57
2351,control,desktop,0,237.71,97.58
14183,control,tablet,0,235.33,29.52
13427,treatment,mobile,0,231.45,53.55
2906,control,desktop,1,160.5,76.89
14526,control,tablet,0,179.95,5091.68
407,control,desktop,1,254.91,97.54
12179,treatment,mobile,0,188.47,51.62
2317,control,desktop,0,201.54,40.86
442,control,desktop,0,244.73,41.37
3825,treatment,desktop,0,159.42,55.02
15284,treatment,tablet,0,207.4,34.71
7255,control,mobile,0,250.53,74.13
6018,treatment,desktop,0,230.76,27.48
7033,control,mobile,0,231.44,43.39
10854,treatment,mobile,0,226.71,52.37
4339,treatment,desktop,0,184.53,22.89
8381,control,mobile,0,181.2,73.33
5457,treatment,desktop,0,240.1,16.81
9562,control,mobile,0,266.89,83.47
15201,treatment,tablet,0,183.6,31.79
502,control,desktop,0,216.47,38.66
4194,treatment,desktop,0,275.39,85.29
4252,treatment,desktop,0,165.13,34.04
14224,control,tablet,0,243.71,114.14
3799,treatment,desktop,0,215.07,132.76
10031,treatment,mobile,0,160.38,103.61
15372,treatment,tablet,0,242.63,82.22
11635,treatment,mobile,0,211.5,19.04
14932,treatment,tablet,0,205.31,103.0
1445,control,desktop,0,212.96,82.25
13382,treatment,mobile,0,243.65,66.37
11149,treatment,mobile,0,214.41,28.43
11842,treatment,mobile,0,252.16,46.75
14945,treatment,tablet,0,252.47,46.56
5164,treatment,desktop,0,222.6,27.76
6577,control,mobile,0,189.11,31.81
6711,control,mobile,0,247.34,23.56
5250,treatment,desktop,0,233.91,24.99
1540,control,desktop,0,233.4,63.96
15994,treatment,tablet,0,252.41,20.3
11344,treatment,mobile,1,165.44,38.77
6691,control,mobile,0,256.87,87.13
12552,treatment,mobile,0,226.01,54.71
5614,treatment,desktop,0,235.44,42.8
3458,treatment,desktop,0,223.29,85.4
3327,treatment,desktop,1,227.22,70.45
11364,treatment,mobile,0,237.44,35.39
6286,treatment,desktop,0,269.63,41.89
441,control,desktop,0,219.16,85.39
4507,treatment,desktop,0,185.32,51.01
5529,treatment,desktop,1,150.81,19.44
6026,treatment,desktop,0,257.85,51.79
8822,control,mobile,1,227.69,21.95
14643,control,tablet,0,230.87,33.82
13831,control,tablet,0,217.69,80.04
11051,treatment,mobile,0,224.26,55.69
8363,control,mobile,0,175.28,40.01
2411,control,desktop,0,202.42,33.95
13996,control,tablet,0,169.89,47.85
4728,treatment,desktop,0,218.36,63.5
7073,control,mobile,0,258.49,93.53
13504,treatment,mobile,0,263.83,57.7
4008,treatment,desktop,0,208.73,37.19
3480,treatment,desktop,0,212.56,65.25
15717,treatment,tablet,1,244.44,28.78
12559,treatment,mobile,0,242.44,47.5
12014,treatment,mobile,0,215.55,84.98
7630,control,mobile,0,308.03,15.21
4823,treatment,desktop,0,268.26,96.17
9219,control,mobile,0,239.92,48.31
5331,treatment,desktop,1,164.84,39.14
13349,treatment,mobile,0,213.18,64.32
7728,control,mobile,0,227.11,15.02
9104,control,mobile,1,263.43,49.11
5506,treatment,desktop,1,226.02,39.45
13854,control,tablet,0,241.64,78.51
14513,control,tablet,0,165.43,42.0
1812,control,desktop,0,203.69,56.12
10674,treatment,mobile,0,213.61,64.29
15919,treatment,tablet,0,252.93,81.43
10712,treatment,mobile,0,269.12,63.2
12404,treatment,mobile,0,153.15,56.12
13220,treatment,mobile,0,227.71,42.87
12150,treatment,mobile,0,183.84,66.96
3488,treatment,desktop,0,211.67,34.07
3850,treatment,desktop,0,157.39,37.75
12128,treatment,mobile,0,240.23,16.96
8338,control,mobile,0,180.44,5739.67
15402,treatment,tablet,0,217.43,33.3
12983,treatment,mobile,0,293.46,105.22
12538,treatment,mobile,0,146.49,29.4
6230,treatment,desktop,0,195.19,62.1
8294,control,mobile,0,250.0,27.35
3105,control,desktop,0,203.04,99.88
5950,treatment,desktop,0,213.91,35.76
11264,treatment,mobile,0,212.92,210.53
14632,control,tablet,0,229.72,32.0
11970,treatment,mobile,0,190.38,26.81
15501,treatment,tablet,0,176.09,88.91
7190,control,mobile,0,256.09,176.07
8289,control,mobile,0,237.45,95.31
10452,treatment,mobile,0,178.27,41.85
3257,treatment,desktop,0,143.54,19.36
11548,treatment,mobile,0,210.86,48.04
13426,treatment,mobile,0,234.65,70.2
4319,treatment,desktop,0,215.58,161.55
7210,control,mobile,0,241.38,51.39
8845,control,mobile,0,193.39,29.77
10341,treatment,mobile,0,183.67,67.37
9483,control,mobile,1,163.29,35.53
11782,treatment,mobile,1,194.35,111.2
9809,control,mobile,0,239.78,18.6
3616,treatment,desktop,0,179.8,132.01
2173,control,desktop,0,261.85,36.09
1771,control,desktop,1,189.44,63.52
1429,control,desktop,0,251.96,77.37
796,control,desktop,0,241.28,102.48
4397,treatment,desktop,0,187.54,57.06
7534,control,mobile,0,227.53,100.88
1284,control,desktop,0,230.4,48.84
10833,treatment,mobile,0,240.12,68.34
9320,control,mobile,0,219.41,18.57
3806,treatment,desktop,0,211.17,42.04
7344,control,mobile,0,216.69,24.69
14896,treatment,tablet,0,200.9,56.73
9354,control,mobile,0,205.2,70.26
11480,treatment,mobile,0,244.34,53.64
1654,control,desktop,0,227.65,27.8
7700,control,mobile,1,203.48,30.77
10967,treatment,mobile,0,229.22,91.53
8897,control,mobile,0,172.45,21.38
14024,control,tablet,1,179.03,61.27
10472,treatment,mobile,0,220.39,36.45
150,control,desktop,0,234.89,39.66
8825,control,mobile,0,226.76,33.37
2491,control,desktop,0,212.89,82.49
7780,control,mobile,0,268.3,34.33
14745,control,tablet,0,177.38,25.22
2849,control,desktop,0,175.63,38.5
5225,treatment,desktop,0,190.81,49.63
15167,treatment,tablet,0,225.91,71.3
15835,treatment,tablet,0,235.11,116.39
5821,treatment,desktop,0,219.49,54.0
9098,control,mobile,0,157.48,22.58
4366,treatment,desktop,0,246.5,35.4
12671,treatment,mobile,0,193.93,33.57
8791,control,mobile,0,224.83,77.73
1692,control,desktop,0,206.9,80.84
2391,control,desktop,0,188.64,73.17
11845,treatment,mobile,1,152.58,56.0
15935,treatment,tablet,0,211.47,79.93
5735,treatment,desktop,0,177.72,53.97
436,control,desktop,0,250.3,100.81
8072,control,mobile,0,203.78,52.43
14582,control,tablet,0,216.62,36.15
7937,control,mobile,0,251.88,60.04
3820,treatment,desktop,0,212.93,44.37
3742,treatment,desktop,0,207.15,67.53
14925,treatment,tablet,0,232.56,91.69
10148,treatment,mobile,0,222.06,54.26
7137,control,mobile,0,231.25,34.94
8959,control,mobile,0,193.71,43.52
5510,treatment,desktop,0,231.07,32.74
5902,treatment,desktop,0,239.54,110.19
667,control,desktop,0,223.93,27.49
5527,treatment,desktop,0,194.4,51.22
12222,treatment,mobile,0,209.84,47.08
7405,control,mobile,1,210.15,54.78
5026,treatment,desktop,0,182.67,20.39
2372,control,desktop,0,234.79,57.07
5948,treatment,desktop,0,173.7,37.9
13082,treatment,mobile,0,190.01,40.25
14060,control,tablet,0,227.9,15.24
9973,control,mobile,0,191.79,112.25
14135,control,tablet,0,302.6,67.31
3844,treatment,desktop,0,208.87,95.42
11342,treatment,mobile,0,236.14,47.01
12956,treatment,mobile,0,230.71,35.61
6475,control,mobile,0,214.1,110.21
10218,treatment,mobile,0,198.94,51.14
10943,treatment,mobile,0,235.72,41.25
5484,treatment,desktop,0,246.16,53.18
11397,treatment,mobile,0,198.91,39.03
14547,control,tablet,1,198.01,29.32
9938,control,mobile,0,273.15,147.07
11469,treatment,mobile,0,225.14,33.75
15034,treatment,tablet,0,213.23,59.1
5017,treatment,desktop,0,191.28,86.73
1191,control,desktop,0,239.34,25.47
9030,control,mobile,0,256.69,114.47
10985,treatment,mobile,0,248.04,41.44
10966,treatment,mobile,0,221.92,57.2
13613,control,tablet,0,237.77,76.8
13352,treatment,mobile,0,232.23,31.42
5348,treatment,desktop,0,230.53,25.23
9447,control,mobile,0,171.71,60.82
15370,treatment,tablet,0,289.23,25.55
5643,treatment,desktop,0,244.3,207.89
5494,treatment,desktop,0,216.99,71.37
13096,treatment,mobile,0,216.68,22.23
15256,treatment,tablet,0,196.39,48.16
8750,control,mobile,0,193.83,58.41
14744,control,tablet,0,217.16,40.1
6333,treatment,desktop,0,257.43,50.64
3455,treatment,desktop,0,217.49,51.47
15255,treatment,tablet,0,230.08,23.04
10325,treatment,mobile,0,207.91,86.13
10302,treatment,mobile,0,188.55,33.04
15626,treatment,tablet,0,208.47,24.99
15769,treatment,tablet,0,219.22,97.91
5249,treatment,desktop,0,216.67,40.07
12903,treatment,mobile,0,206.39,45.25
3195,control,desktop,0,191.95,49.28
14742,control,tablet,0,206.83,150.57
11068,treatment,mobile,0,255.64,65.89
4467,treatment,desktop,0,218.57,40.34
9693,control,mobile,0,227.79,40.48
9546,control,mobile,0,193.12,18.67
15336,treatment,tablet,0,227.1,35.34
1358,control,desktop,0,228.23,27.8
14732,control,tablet,0,202.46,106.68
3047,control,desktop,0,229.05,29.08
7334,control,mobile,0,206.51,98.31
11915,treatment,mobile,0,237.63,37.69
12168,treatment,mobile,0,193.91,183.84
2694,control,desktop,0,249.93,57.29
7425,control,mobile,0,253.06,53.21
8411,control,mobile,0,207.0,50.09
11018,treatment,mobile,0,234.71,79.22
6912,control,mobile,0,237.01,37.37
14691,control,tablet,0,210.93,110.84
7138,control,mobile,0,207.12,45.57
13712,control,tablet,0,220.89,37.46
1237,control,desktop,0,208.74,77.29
6419,control,mobile,0,201.21,51.0
11558,treatment,mobile,0,202.55,49.55
2231,control,desktop,1,222.56,46.67
10561,treatment,mobile,0,240.23,27.99
11287,treatment,mobile,0,199.01,22.64
4257,treatment,desktop,1,179.92,46.85
1825,control,desktop,0,238.45,32.48
11933,treatment,mobile,0,216.44,32.84
11151,treatment,mobile,0,219.76,101.07
10548,treatment,mobile,0,239.12,47.28
10168,treatment,mobile,1,167.23,64.67
10206,treatment,mobile,0,227.96,42.44
9226,control,mobile,0,224.18,23.03
3310,treatment,desktop,0,247.45,48.41
4645,treatment,desktop,0,228.93,23.23
440,control,desktop,0,272.98,121.35
14478,control,tablet,0,207.73,39.79
245,control,desktop,0,238.57,32.33
7420,control,mobile,0,210.25,40.36
14429,control,tablet,0,206.86,66.18
11735,treatment,mobile,0,239.26,46.91
5036,treatment,desktop,0,272.69,50.38
958,control,desktop,0,236.84,35.77
15654,treatment,tablet,0,228.21,41.81
11696,treatment,mobile,0,241.21,32.01
8927,control,mobile,0,235.49,70.73
5719,treatment,desktop,0,261.56,105.41
7869,control,mobile,0,225.98,34.1
5985,treatment,desktop,0,248.11,103.58
8753,control,mobile,0,194.24,56.6
547,control,desktop,0,282.6,44.27
15074,treatment,tablet,0,160.02,66.25
14654,control,tablet,0,224.19,75.69
2409,control,desktop,0,196.18,133.74
1571,control,desktop,0,208.25,43.72
8534,control,mobile,0,254.28,59.34
6865,control,mobile,0,196.07,17.81
4048,treatment,desktop,1,237.61,69.15
6689,control,mobile,0,231.81,30.13
5895,treatment,desktop,0,178.17,40.1
8389,control,mobile,0,270.62,105.1
7866,control,mobile,0,268.17,27.16
12749,treatment,mobile,0,188.62,70.15
15539,treatment,tablet,0,191.93,61.01
8894,control,mobile,0,250.58,37.16
4734,treatment,desktop,0,196.67,39.35
6790,control,mobile,0,185.03,62.53
10321,treatment,mobile,0,200.31,75.73
12859,treatment,mobile,0,228.48,43.04
7039,control,mobile,0,192.0,31.41
1668,control,desktop,0,168.81,49.42
2612,control,desktop,1,244.3,47.63
13133,treatment,mobile,0,171.78,23.29
14584,control,tablet,0,244.3,27.2
12088,treatment,mobile,0,216.1,55.91
2549,control,desktop,0,245.82,78.81
8000,control,mobile,0,221.96,170.01
15346,treatment,tablet,0,223.73,140.6
11968,treatment,mobile,0,215.88,108.17
5104,treatment,desktop,1,207.43,51.92
15982,treatment,tablet,0,222.86,100.72
15752,treatment,tablet,0,177.43,119.78
8807,control,mobile,1,245.15,83.51
11684,treatment,mobile,0,193.57,31.51
9823,control,mobile,0,174.43,77.71
6760,control,mobile,0,226.57,26.46
5438,treatment,desktop,0,238.74,39.5
14852,treatment,tablet,0,228.19,74.84
3221,treatment,desktop,0,249.33,41.15
10487,treatment,mobile,0,240.09,76.88
11850,treatment,mobile,0,189.79,58.39
12422,treatment,mobile,1,177.66,37.63
2672,control,desktop,0,206.65,69.05
14428,control,tablet,0,148.61,79.34
8280,control,mobile,0,222.64,139.24
10870,treatment,mobile,0,214.44,75.11
13875,control,tablet,1,170.09,38.37
11888,treatment,mobile,0,215.96,149.81
8708,control,mobile,0,189.52,5418.17
7267,control,mobile,0,267.71,97.97
666,control,desktop,0,237.4,37.63
5927,treatment,desktop,1,194.49,47.44
6232,treatment,desktop,1,228.94,31.58
5023,treatment,desktop,0,206.95,97.39
13795,control,tablet,0,231.89,25.1
10240,treatment,mobile,1,238.26,15.01
3272,treatment,desktop,0,235.68,47.89
2310,control,desktop,0,171.22,29.56
10379,treatment,mobile,0,233.67,30.48
3415,treatment,desktop,0,224.68,23.05
8287,control,mobile,0,268.15,66.5
6216,treatment,desktop,0,237.18,41.12
10405,treatment,mobile,0,275.94,35.63
15292,treatment,tablet,0,251.76,31.71
8878,control,mobile,0,262.13,33.1
1310,control,desktop,0,242.62,31.88
13990,control,tablet,0,214.74,35.64
4610,treatment,desktop,0,209.49,53.63
5801,treatment,desktop,1,224.46,69.44
1651,control,desktop,0,220.11,30.31
14704,control,tablet,0,196.4,41.38
1699,control,desktop,0,219.82,58.88
51,control,desktop,0,202.97,41.46
3943,treatment,desktop,0,152.6,44.75
10972,treatment,mobile,1,201.94,93.6
12065,treatment,mobile,0,223.7,47.33
1635,control,desktop,0,212.36,102.16
11621,treatment,mobile,0,181.07,17.63
8799,control,mobile,0,189.61,169.46
6896,control,mobile,0,271.12,25.97
13449,treatment,mobile,0,266.77,53.98
8747,control,mobile,1,176.17,27.62
5505,treatment,desktop,1,215.96,40.41
8285,control,mobile,0,231.75,49.92
15827,treatment,tablet,1,252.05,28.33
6792,control,mobile,0,219.92,34.11
14813,treatment,tablet,1,192.51,47.2
10945,treatment,mobile,1,252.45,39.03
14188,control,tablet,0,199.12,71.9
12764,treatment,mobile,0,165.39,40.32
10262,treatment,mobile,0,231.06,19.67
9515,control,mobile,0,217.93,58.78
1919,control,desktop,1,207.8,52.51
6248,treatment,desktop,0,170.76,38.17
4167,treatment,desktop,0,186.89,40.07
12226,treatment,mobile,1,213.01,35.58
654,control,desktop,0,246.53,38.88
6244,treatment,desktop,1,229.66,20.5
5602,treatment,desktop,0,273.54,61.52
2962,control,desktop,0,195.34,89.04
8761,control,mobile,0,233.85,18.17
6449,control,mobile,0,153.41,19.83
12049,treatment,mobile,1,201.58,50.7
15759,treatment,tablet,0,216.14,62.16
6281,treatment,desktop,0,286.43,32.98
1602,control,desktop,1,254.87,99.16
4379,treatment,desktop,0,236.6,49.81
1725,control,desktop,0,239.89,47.56
13486,treatment,mobile,0,205.39,56.22
14225,control,tablet,0,209.06,94.24
1160,control,desktop,0,221.26,41.89
10702,treatment,mobile,1,251.06,26.69
1841,control,desktop,1,261.27,61.37
7103,control,mobile,0,179.28,45.84
6902,control,mobile,0,201.9,60.07
8376,control,mobile,0,182.72,5604.83
11035,treatment,mobile,0,209.62,50.57
11995,treatment,mobile,1,251.55,17.2
11223,treatment,mobile,0,192.9,53.19
15456,treatment,tablet,0,197.68,84.53
9999,control,mobile,1,210.95,54.63
5070,treatment,desktop,0,215.5,53.24
6728,control,mobile,0,269.01,103.77
12963,treatment,mobile,0,239.06,82.11
11211,treatment,mobile,0,203.77,55.89
1132,control,desktop,0,198.72,130.82
12393,treatment,mobile,0,216.92,28.23
8948,control,mobile,0,281.33,58.23
6239,treatment,desktop,0,269.97,83.01
3387,treatment,desktop,0,244.6,92.25
6955,control,mobile,0,210.33,35.65
5870,treatment,desktop,0,250.72,52.51
6082,treatment,desktop,0,241.24,76.13
7050,control,mobile,0,197.28,95.85
10188,treatment,mobile,0,245.42,38.39
3812,treatment,desktop,0,253.38,33.67
5864,treatment,desktop,0,191.18,45.26
2754,control,desktop,0,194.58,61.9
5226,treatment,desktop,0,229.44,34.2
5162,treatment,desktop,0,226.12,71.44
5600,treatment,desktop,1,197.98,131.55
12051,treatment,mobile,0,240.7,118.81
15831,treatment,tablet,0,188.46,30.86
4699,treatment,desktop,0,196.85,39.81
4116,treatment,desktop,0,236.71,94.48
5625,treatment,desktop,0,207.46,26.29
5542,treatment,desktop,0,167.36,40.2
6509,control,mobile,0,202.47,40.99
11353,treatment,mobile,0,198.04,46.93
9870,control,mobile,0,201.11,128.65
5287,treatment,desktop,0,205.09,65.53
1089,control,desktop,0,163.99,68.92
275,control,desktop,0,234.55,61.31
6967,control,mobile,0,264.61,44.34
12576,treatment,mobile,0,234.1,35.22
11600,treatment,mobile,0,192.53,37.53
5378,treatment,desktop,0,192.2,49.85
5361,treatment,desktop,0,249.83,34.51
750,control,desktop,0,200.95,32.43
4591,treatment,desktop,1,215.24,37.93
3928,treatment,desktop,0,243.29,41.48
12516,treatment,mobile,0,215.11,44.2
8034,control,mobile,0,161.77,32.32
6564,control,mobile,0,221.4,41.68
1737,control,desktop,1,224.04,84.38
12204,treatment,mobile,0,238.51,50.52
2926,control,desktop,0,242.37,54.27
12937,treatment,mobile,0,197.62,30.54
6862,control,mobile,0,222.74,33.16
15926,treatment,tablet,0,250.71,43.99
9662,control,mobile,0,198.88,3679.27
10190,treatment,mobile,0,190.81,105.55
9161,control,mobile,0,212.4,56.77
423,control,desktop,0,195.2,48.37
15776,treatment,tablet,1,223.58,61.11
2079,control,desktop,0,259.9,30.34
5297,treatment,desktop,1,220.04,103.14
14101,control,tablet,0,259.17,60.65
8017,control,mobile,1,223.34,67.1
7410,control,mobile,0,161.33,57.83
15485,treatment,tablet,0,218.78,39.08
9208,control,mobile,0,237.45,46.87
15574,treatment,tablet,0,205.21,80.59
3657,treatment,desktop,0,182.33,30.16
2798,control,desktop,0,226.17,91.98
10463,treatment,mobile,0,234.94,25.6
546,control,desktop,0,192.07,18.63
5179,treatment,desktop,0,222.78,64.94
12026,treatment,mobile,0,231.65,36.35
3329,treatment,desktop,0,231.26,64.83
1965,control,desktop,0,203.37,27.66
12425,treatment,mobile,0,243.13,72.57
8049,control,mobile,1,231.63,32.35
1221,control,desktop,0,228.84,44.8
15786,treatment,tablet,0,197.58,70.12
11873,treatment,mobile,0,257.33,33.47
7823,control,mobile,0,233.79,33.87
2473,control,desktop,0,187.07,53.41
10311,treatment,mobile,0,225.49,83.72
4926,treatment,desktop,0,199.3,66.23
6919,control,mobile,0,234.38,47.51
14799,control,tablet,1,209.4,38.3
1206,control,desktop,1,164.27,19.02
467,control,desktop,0,204.8,32.81
10027,treatment,mobile,0,245.04,18.28
12879,treatment,mobile,0,244.76,118.48
4983,treatment,desktop,0,244.03,90.36
11258,treatment,mobile,0,215.15,39.3
12564,treatment,mobile,0,238.51,58.38
913,control,desktop,0,196.71,57.4
1753,control,desktop,0,207.03,82.63
7046,control,mobile,0,189.63,32.27
13006,treatment,mobile,0,190.86,51.99
3383,treatment,desktop,0,214.39,70.88
13887,control,tablet,0,241.97,67.24
9508,control,mobile,0,206.72,12.68
3451,treatment,desktop,0,241.66,34.76
5627,treatment,desktop,1,209.07,42.58
15712,treatment,tablet,0,222.76,100.02
2180,control,desktop,0,229.43,45.33
11105,treatment,mobile,0,248.28,47.94
13956,control,tablet,0,228.87,34.31
8053,control,mobile,0,185.3,75.01
15316,treatment,tablet,0,258.48,32.04
10140,treatment,mobile,0,204.07,32.49
1511,control,desktop,0,181.88,49.25
11572,treatment,mobile,0,217.13,61.15
991,control,desktop,0,253.46,39.17
2710,control,desktop,0,207.35,101.84
4340,treatment,desktop,0,229.32,52.68
4659,treatment,desktop,0,183.01,21.3
10671,treatment,mobile,0,204.89,49.89
13873,control,tablet,0,165.87,37.77
1782,control,desktop,0,193.92,26.21
5296,treatment,desktop,0,200.43,38.71
15465,treatment,tablet,1,202.7,33.91
10215,treatment,mobile,0,203.02,91.49
11219,treatment,mobile,0,241.96,24.28
4310,treatment,desktop,1,214.79,64.58
3317,treatment,desktop,0,225.13,49.21
4760,treatment,desktop,0,215.21,50.1
15390,treatment,tablet,0,189.33,72.29
15472,treatment,tablet,0,196.03,75.2
9578,control,mobile,0,184.34,43.97
5888,treatment,desktop,0,279.93,29.96
1658,control,desktop,0,205.63,48.8
1632,control,desktop,0,245.49,52.88
3954,treatment,desktop,0,196.82,32.04
14954,treatment,tablet,0,278.68,58.51
2312,control,desktop,0,217.68,51.67
11616,treatment,mobile,0,197.54,48.63
2117,control,desktop,0,254.74,184.96
6563,control,mobile,0,212.63,108.76
13570,treatment,mobile,0,272.42,44.56
6726,control,mobile,0,232.84,32.78
3684,treatment,desktop,0,185.16,63.02
196,control,desktop,1,215.15,44.54
6006,treatment,desktop,1,186.55,28.49
2528,control,desktop,0,192.24,118.89
14210,control,tablet,0,255.75,43.84
14203,control,tablet,0,244.58,38.81
11511,treatment,mobile,0,220.52,49.85
7586,control,mobile,0,189.27,42.23
1952,control,desktop,0,240.07,30.12
10986,treatment,mobile,1,239.74,50.82
15642,treatment,tablet,0,220.55,33.13
12254,treatment,mobile,1,255.7,71.86
15947,treatment,tablet,0,213.81,49.44
9841,control,mobile,0,244.65,21.84
15814,treatment,tablet,0,174.9,31.09
13960,control,tablet,0,244.83,80.94
5780,treatment,desktop,0,209.89,45.48
13918,control,tablet,0,223.93,97.71
3332,treatment,desktop,0,193.33,43.71
1449,control,desktop,1,116.86,48.73
377,control,desktop,0,213.78,90.7
9057,control,mobile,1,261.65,34.67
4261,treatment,desktop,1,187.09,35.86
10303,treatment,mobile,0,209.39,99.56
15927,treatment,tablet,0,208.35,26.44
5514,treatment,desktop,0,234.29,32.71
633,control,desktop,0,232.77,204.49
5938,treatment,desktop,0,181.44,56.45
1569,control,desktop,0,244.53,85.72
13216,treatment,mobile,0,197.38,23.97
13236,treatment,mobile,0,246.9,30.41
14226,control,tablet,0,251.58,28.38
6560,control,mobile,1,241.77,101.71
12474,treatment,mobile,0,213.57,107.88
15615,treatment,tablet,0,257.91,46.96
859,control,desktop,0,177.6,84.88
13270,treatment,mobile,0,195.2,44.68
12003,treatment,mobile,0,190.74,129.89
7772,control,mobile,0,199.1,37.45
9845,control,mobile,0,269.63,31.08
10056,treatment,mobile,0,232.54,50.97
12573,treatment,mobile,0,236.91,58.88
15941,treatment,tablet,0,181.21,35.5
12067,treatment,mobile,1,182.13,35.22
1313,control,desktop,1,238.12,63.43
7202,control,mobile,0,245.22,64.32
4789,treatment,desktop,0,235.22,43.68
4936,treatment,desktop,0,153.13,24.01
331,control,desktop,0,241.08,122.62
10455,treatment,mobile,0,197.43,46.57
13703,control,tablet,0,294.01,17.44
9322,control,mobile,0,199.76,46.11
10096,treatment,mobile,0,240.2,69.35
7470,control,mobile,0,212.42,56.93
2092,control,desktop,1,242.96,34.56
1014,control,desktop,0,227.31,34.72
10289,treatment,mobile,0,241.01,58.66
2013,control,desktop,0,257.89,175.73
4073,treatment,desktop,0,205.28,49.28
11024,treatment,mobile,0,241.33,47.73
8731,control,mobile,0,210.09,41.8
9954,control,mobile,0,252.68,29.74
7129,control,mobile,0,249.14,44.31
5040,treatment,desktop,0,223.56,109.47
14845,treatment,tablet,0,200.97,72.44
10984,treatment,mobile,0,208.32,37.69
11409,treatment,mobile,0,223.79,82.22
6816,control,mobile,1,253.65,91.11
7910,control,mobile,1,201.07,47.37
2253,control,desktop,0,213.42,21.14
2385,control,desktop,0,249.18,112.01
9673,control,mobile,0,245.67,72.08
11115,treatment,mobile,1,145.67,60.4
5387,treatment,desktop,0,222.22,61.72
9497,control,mobile,0,215.97,58.47
15750,treatment,tablet,0,178.69,26.83
1201,control,desktop,0,187.07,57.62
605,control,desktop,0,224.42,47.14
3771,treatment,desktop,1,230.5,130.11
7533,control,mobile,0,163.02,118.32
13330,treatment,mobile,0,215.93,34.2
9831,control,mobile,0,221.04,78.85
6301,treatment,desktop,0,268.64,92.86
5834,treatment,desktop,0,234.4,45.31
14309,control,tablet,0,242.15,36.36
12157,treatment,mobile,0,219.5,67.49
7560,control,mobile,0,181.1,30.98
4809,treatment,desktop,0,164.36,51.87
15863,treatment,tablet,0,239.14,45.35
14365,control,tablet,0,208.31,36.15
7580,control,mobile,0,250.19,62.01
1316,control,desktop,0,242.93,30.0
3649,treatment,desktop,0,231.14,29.04
6558,control,mobile,0,215.38,51.95
3874,treatment,desktop,0,207.95,53.75
11708,treatment,mobile,0,223.39,80.14
4138,treatment,desktop,1,197.69,85.08
15382,treatment,tablet,1,183.84,14.42
35,control,desktop,1,234.76,74.81
4381,treatment,desktop,0,272.03,32.14
123,control,desktop,0,193.72,33.71
7748,control,mobile,0,243.58,48.15
9787,control,mobile,0,237.49,82.57
5716,treatment,desktop,0,225.01,103.34
5885,treatment,desktop,0,191.78,81.67
9534,control,mobile,0,258.35,76.25
4147,treatment,desktop,0,249.9,24.83
3622,treatment,desktop,0,133.53,62.69
4290,treatment,desktop,0,244.38,66.23
1477,control,desktop,0,193.78,85.76
15072,treatment,tablet,0,163.58,106.34
15984,treatment,tablet,1,271.21,44.65
11672,treatment,mobile,1,227.07,24.46
11546,treatment,mobile,0,205.84,42.92
8582,control,mobile,0,223.42,53.56
10762,treatment,mobile,0,220.81,116.36
13544,treatment,mobile,0,268.47,69.68
1889,control,desktop,0,278.27,110.93
4753,treatment,desktop,0,233.09,46.22
5642,treatment,desktop,0,242.32,28.33
15021,treatment,tablet,0,228.36,65.03
13716,control,tablet,0,194.46,135.73
9461,control,mobile,1,190.88,68.59
9383,control,mobile,0,175.43,43.81
13094,treatment,mobile,0,206.3,83.05
1958,control,desktop,0,245.42,26.37
7898,control,mobile,1,216.65,64.24
14933,treatment,tablet,0,201.93,59.84
602,control,desktop,0,244.35,40.28
10798,treatment,mobile,0,201.07,51.14
3096,control,desktop,0,261.98,47.39
12916,treatment,mobile,0,174.19,35.19
2723,control,desktop,0,230.29,41.76
7594,control,mobile,0,218.68,111.88
7600,control,mobile,0,243.64,88.24
3128,control,desktop,0,226.67,161.93
13922,control,tablet,0,192.43,31.41
4767,treatment,desktop,0,223.34,55.15
10308,treatment,mobile,0,234.83,23.32
14675,control,tablet,0,303.3,45.33
11389,treatment,mobile,0,259.13,26.85
2505,control,desktop,0,181.43,54.59
6950,control,mobile,1,192.73,21.74
12578,treatment,mobile,0,221.66,58.26
4673,treatment,desktop,0,183.93,90.59
10086,treatment,mobile,0,212.71,95.12
7610,control,mobile,0,208.03,37.77
6734,control,mobile,0,227.25,61.78
10141,treatment,mobile,0,251.67,114.28
2052,control,desktop,0,207.33,52.56
2642,control,desktop,0,209.14,103.32
10162,treatment,mobile,0,228.15,17.93
11206,treatment,mobile,0,221.24,66.05
10830,treatment,mobile,0,204.86,62.23
12643,treatment,mobile,1,213.06,30.17
9832,control,mobile,0,222.07,70.71
12372,treatment,mobile,0,198.83,69.42
4961,treatment,desktop,0,230.93,23.14
8986,control,mobile,0,229.25,55.26
14770,control,tablet,0,227.41,83.23
10219,treatment,mobile,0,175.92,57.19
14862,treatment,tablet,0,232.74,55.05
4909,treatment,desktop,0,163.05,16.92
13581,treatment,mobile,0,235.93,18.28
10722,treatment,mobile,0,258.0,48.23
9044,control,mobile,0,265.13,96.69
9358,control,mobile,0,241.49,149.99
13375,treatment,mobile,0,264.19,66.27
10586,treatment,mobile,0,222.59,46.56
11814,treatment,mobile,1,177.6,58.8
13892,control,tablet,0,217.72,87.54
14126,control,tablet,0,217.61,29.7
469,control,desktop,0,184.21,48.88
6901,control,mobile,0,221.47,126.41
10051,treatment,mobile,0,213.11,50.13
1871,control,desktop,0,209.08,28.33
6303,treatment,desktop,0,218.04,32.11
2357,control,desktop,0,230.92,31.12
13980,control,tablet,0,229.03,24.2
668,control,desktop,0,225.1,78.46
10615,treatment,mobile,0,209.25,50.2
6029,treatment,desktop,0,216.78,86.82
6280,treatment,desktop,0,244.35,24.28
7621,control,mobile,0,219.01,53.55
12363,treatment,mobile,0,246.74,76.53
962,control,desktop,0,248.27,49.92
12292,treatment,mobile,0,239.3,74.18
13778,control,tablet,0,240.34,34.21
7054,control,mobile,0,220.74,83.62
5983,treatment,desktop,0,294.4,34.62
7504,control,mobile,0,152.33,49.58
12121,treatment,mobile,0,210.15,56.58
1796,control,desktop,0,252.11,86.82
13357,treatment,mobile,0,183.21,48.38
6772,control,mobile,0,175.82,62.17
896,control,desktop,0,248.0,44.98
774,control,desktop,0,251.15,67.36
15482,treatment,tablet,1,216.78,65.21
5169,treatment,desktop,0,183.53,65.94
2055,control,desktop,0,251.49,72.81
5538,treatment,desktop,0,239.0,51.99
9270,control,mobile,0,187.72,39.13
7917,control,mobile,0,262.45,36.39
15770,treatment,tablet,0,200.15,23.7
1459,control,desktop,0,178.5,138.17
12743,treatment,mobile,0,181.3,81.87
10598,treatment,mobile,0,195.09,35.18
9160,control,mobile,0,168.43,63.81
12865,treatment,mobile,0,226.89,109.22
6910,control,mobile,0,171.63,33.49
2414,control,desktop,0,186.2,56.61
4567,treatment,desktop,0,229.1,51.54
3539,treatment,desktop,0,217.83,46.46
8292,control,mobile,0,197.43,117.58
3724,treatment,desktop,0,211.66,51.6
6126,treatment,desktop,1,232.03,68.49
5115,treatment,desktop,0,232.65,83.4
7734,control,mobile,0,252.48,37.67
4796,treatment,desktop,0,219.13,75.21
2577,control,desktop,0,207.99,74.44
7676,control,mobile,0,236.48,128.47
14787,control,tablet,0,216.2,77.23
2169,control,desktop,0,228.04,43.6
10605,treatment,mobile,0,214.85,55.89
768,control,desktop,1,201.88,62.53
8274,control,mobile,0,240.98,86.4
9914,control,mobile,0,213.51,37.42
8327,control,mobile,0,217.59,40.1
5809,treatment,desktop,0,204.19,54.23
10222,treatment,mobile,0,197.09,68.07
15424,treatment,tablet,1,217.49,47.95
6233,treatment,desktop,1,189.53,33.42
14972,treatment,tablet,0,216.24,24.38
11650,treatment,mobile,1,177.41,78.22
6316,treatment,desktop,0,211.86,47.18
8157,control,mobile,1,191.52,37.31
287,control,desktop,0,250.55,46.17
4917,treatment,desktop,0,254.3,36.02
5055,treatment,desktop,0,214.55,22.2
2700,control,desktop,0,246.69,39.01
3366,treatment,desktop,0,229.46,49.51
10008,treatment,mobile,0,220.3,30.22
15913,treatment,tablet,0,214.1,40.42
6705,control,mobile,0,209.15,47.06
4271,treatment,desktop,0,233.76,49.05
14233,control,tablet,0,247.66,73.43
1759,control,desktop,0,236.4,228.19
7083,control,mobile,0,258.08,112.72
6586,control,mobile,0,264.74,29.48
5224,treatment,desktop,0,220.41,50.15
14695,control,tablet,0,242.93,42.89
10835,treatment,mobile,0,201.59,38.52
8965,control,mobile,1,201.58,50.67
5186,treatment,desktop,0,164.51,39.03
15683,treatment,tablet,0,230.93,64.41
11867,treatment,mobile,0,210.42,58.49
10616,treatment,mobile,0,196.98,71.05
15584,treatment,tablet,0,203.89,36.56
9334,control,mobile,0,267.01,20.39
13336,treatment,mobile,0,208.88,81.87
14346,control,tablet,0,203.61,61.7
11119,treatment,mobile,0,190.04,156.11
10530,treatment,mobile,0,257.78,82.11
8183,control,mobile,0,249.66,37.11
10285,treatment,mobile,0,277.72,9.87
13947,control,tablet,0,229.93,48.38
4604,treatment,desktop,0,232.14,59.1
6947,control,mobile,0,246.38,72.14
6321,treatment,desktop,0,200.44,50.9
9486,control,mobile,0,311.33,14.58
1252,control,desktop,0,252.15,27.87
1514,control,desktop,0,200.57,68.32
6487,control,mobile,0,251.19,26.86
9732,control,mobile,0,203.56,18.02
651,control,desktop,0,252.22,35.64
1182,control,desktop,0,196.75,42.38
1698,control,desktop,0,200.86,65.51
12165,treatment,mobile,0,222.76,49.92
11203,treatment,mobile,0,270.79,32.24
3515,treatment,desktop,0,239.87,20.65
11145,treatment,mobile,0,218.04,43.92
6461,control,mobile,0,233.61,68.75
2840,control,desktop,0,259.46,61.91
7345,control,mobile,0,231.45,21.01
2488,control,desktop,0,173.46,44.64
12331,treatment,mobile,0,203.71,42.88
4429,treatment,desktop,0,219.27,46.66
9480,control,mobile,0,248.06,60.6
4353,treatment,desktop,0,226.36,159.27
6186,treatment,desktop,0,211.74,43.04
9165,control,mobile,0,222.64,60.54
15115,treatment,tablet,0,253.27,50.24
3437,treatment,desktop,0,195.96,37.23
7539,control,mobile,0,228.77,66.53
11536,treatment,mobile,1,210.05,87.26
4099,treatment,desktop,0,228.16,46.77
7909,control,mobile,0,251.6,41.43
9733,control,mobile,0,182.1,28.87
11495,treatment,mobile,0,222.35,51.93
5214,treatment,desktop,0,138.75,42.41
3897,treatment,desktop,0,210.07,42.36
15857,treatment,tablet,0,180.13,60.08
9702,control,mobile,0,204.25,43.4
9406,control,mobile,0,224.27,29.18
14892,treatment,tablet,0,255.19,104.61
10255,treatment,mobile,0,193.27,54.22
6749,control,mobile,0,241.51,32.44
10840,treatment,mobile,0,228.04,51.5
973,control,desktop,0,175.72,41.57
5309,treatment,desktop,0,280.88,112.22
3110,control,desktop,0,270.13,20.16
8243,control,mobile,0,149.37,36.89
8018,control,mobile,0,230.43,59.42
2009,control,desktop,0,153.32,25.43
14680,control,tablet,0,203.58,97.22
14749,control,tablet,0,264.03,43.71
1903,control,desktop,0,214.37,58.09
6293,treatment,desktop,0,232.49,90.42
4938,treatment,desktop,0,224.01,154.7
4304,treatment,desktop,0,154.28,130.19
15139,treatment,tablet,0,227.72,92.34
1149,control,desktop,0,250.49,73.37
3414,treatment,desktop,0,225.14,55.11
681,control,desktop,0,216.15,68.4
10194,treatment,mobile,0,245.39,20.5
7565,control,mobile,0,167.52,30.87
15655,treatment,tablet,0,179.22,67.43
7939,control,mobile,0,235.93,74.0
5886,treatment,desktop,0,216.33,51.43
12392,treatment,mobile,0,191.62,43.17
9862,control,mobile,0,202.37,66.95
2000,control,desktop,0,227.04,29.25
9113,control,mobile,0,212.7,54.18
1122,control,desktop,1,235.49,31.77
11746,treatment,mobile,0,200.86,63.4
15739,treatment,tablet,0,195.81,98.37
2789,control,desktop,0,247.83,27.69
9799,control,mobile,0,186.1,26.76
11788,treatment,mobile,0,219.55,44.88
10573,treatment,mobile,0,193.54,37.55
3135,control,desktop,0,159.28,50.97
6359,treatment,desktop,0,208.41,45.97
15880,treatment,tablet,0,205.57,108.27
15973,treatment,tablet,0,268.76,68.37
6610,control,mobile,0,240.22,43.09
14175,control,tablet,0,209.29,54.01
4391,treatment,desktop,1,231.07,66.23
8141,control,mobile,0,222.4,40.27
8419,control,mobile,0,204.66,50.77
11500,treatment,mobile,0,261.35,75.39
14197,control,tablet,0,218.61,66.16
4931,treatment,desktop,0,198.07,50.16
9324,control,mobile,1,199.82,131.76
3276,treatment,desktop,1,193.21,41.26
6890,control,mobile,0,206.23,72.0
2257,control,desktop,0,243.73,23.75
13400,treatment,mobile,0,214.14,41.11
11197,treatment,mobile,0,211.93,35.58
1923,control,desktop,0,222.75,41.5
1127,control,desktop,0,232.54,28.92
13678,control,tablet,0,168.08,82.57
9698,control,mobile,0,263.33,39.97
10691,treatment,mobile,0,203.43,57.05
15454,treatment,tablet,0,225.21,29.62
15489,treatment,tablet,0,182.48,68.02
9965,control,mobile,0,217.27,30.82
9328,control,mobile,0,187.91,43.19
12136,treatment,mobile,0,237.73,50.12
8254,control,mobile,0,212.15,45.0
9729,control,mobile,0,198.98,71.45
13277,treatment,mobile,1,175.15,31.87
5757,treatment,desktop,0,167.54,30.99
12689,treatment,mobile,1,259.88,51.09
3718,treatment,desktop,0,216.76,139.41
524,control,desktop,0,217.37,48.59
12382,treatment,mobile,0,203.9,41.27
1203,control,desktop,0,210.26,34.62
8971,control,mobile,0,199.04,39.58
8819,control,mobile,0,196.83,44.97
11531,treatment,mobile,0,238.26,33.86
15806,treatment,tablet,0,225.99,35.05
559,control,desktop,0,223.42,25.92
7065,control,mobile,0,253.51,45.62
1259,control,desktop,0,198.28,59.7
2907,control,desktop,0,145.8,106.46
10547,treatment,mobile,1,166.41,97.69
6785,control,mobile,0,282.63,25.77
12646,treatment,mobile,0,195.58,52.43
14307,control,tablet,0,243.92,33.33
13158,treatment,mobile,0,229.72,36.53
5300,treatment,desktop,0,221.32,11.82
14296,control,tablet,0,208.75,39.61
470,control,desktop,0,260.79,56.78
14729,control,tablet,0,246.9,41.99
8956,control,mobile,0,248.53,40.65
9685,control,mobile,0,201.17,26.98
11340,treatment,mobile,0,233.22,62.39
5560,treatment,desktop,0,242.63,48.58
12383,treatment,mobile,0,190.68,74.78
9512,control,mobile,0,235.77,34.29
13252,treatment,mobile,0,191.02,63.1
373,control,desktop,0,212.14,141.64
7369,control,mobile,0,227.23,52.53
2561,control,desktop,0,170.09,30.05
7522,control,mobile,0,205.02,69.79
9034,control,mobile,0,178.41,47.69
2805,control,desktop,1,202.96,40.95
3834,treatment,desktop,0,239.32,49.39
13554,treatment,mobile,0,224.76,59.79
5698,treatment,desktop,1,222.82,55.47
3266,treatment,desktop,0,165.42,55.93
12103,treatment,mobile,0,196.62,32.36
3781,treatment,desktop,0,171.21,64.51
4144,treatment,desktop,0,213.58,32.39
9517,control,mobile,0,209.25,28.2
9004,control,mobile,0,211.6,39.23
8597,control,mobile,0,253.19,63.1
15714,treatment,tablet,0,216.2,55.09
7317,control,mobile,0,226.99,67.64
7609,control,mobile,0,183.99,60.33
5555,treatment,desktop,0,214.57,75.77
1171,control,desktop,0,232.77,58.77
11936,treatment,mobile,0,212.72,59.76
11352,treatment,mobile,0,201.84,56.38
3940,treatment,desktop,0,186.69,77.73
7235,control,mobile,0,191.4,76.27
4991,treatment,desktop,0,211.68,26.81
1123,control,desktop,0,236.4,27.26
4229,treatment,desktop,0,262.36,45.02
7052,control,mobile,0,276.82,57.43
4434,treatment,desktop,1,255.83,35.39
7416,control,mobile,0,277.94,98.38
5931,treatment,desktop,0,212.06,72.46
1941,control,desktop,0,191.79,42.08
2247,control,desktop,0,166.73,52.43
13167,treatment,mobile,0,184.07,26.95
2210,control,desktop,0,262.36,47.88
7571,control,mobile,0,212.26,52.38
15136,treatment,tablet,0,289.56,83.65
5141,treatment,desktop,0,188.26,30.07
4351,treatment,desktop,1,293.8,31.11
12017,treatment,mobile,0,217.98,62.02
5385,treatment,desktop,0,255.47,51.86
14250,control,tablet,0,142.34,64.9
14590,control,tablet,0,256.34,53.41
14629,control,tablet,0,200.52,41.77
14676,control,tablet,0,196.05,36.76
4502,treatment,desktop,0,213.93,18.0
1422,control,desktop,1,225.38,59.85
8156,control,mobile,0,152.64,23.98
430,control,desktop,0,215.61,96.39
8866,control,mobile,0,213.56,48.38
15161,treatment,tablet,0,206.99,45.16
8113,control,mobile,0,223.14,62.68
14518,control,tablet,0,204.89,11.0
7118,control,mobile,0,245.92,38.35
13948,control,tablet,0,265.7,61.63
12395,treatment,mobile,0,241.3,58.04
10451,treatment,mobile,0,246.65,37.03
7997,control,mobile,0,248.88,79.84
12407,treatment,mobile,0,223.95,31.77
13866,control,tablet,0,254.43,36.19
9269,control,mobile,0,270.78,155.92
8545,control,mobile,0,229.5,54.77
15025,treatment,tablet,0,175.71,71.66
1994,control,desktop,0,227.31,52.59
1821,control,desktop,1,258.13,65.45
6981,control,mobile,0,249.95,69.09
2665,control,desktop,0,241.06,33.58
882,control,desktop,0,187.35,31.22
1210,control,desktop,0,255.6,27.27
12534,treatment,mobile,0,221.95,63.32
15210,treatment,tablet,0,230.91,40.6
568,control,desktop,1,232.4,25.57
15702,treatment,tablet,0,254.05,34.73
3184,control,desktop,0,209.14,55.49
6193,treatment,desktop,0,206.41,90.78
1299,control,desktop,0,251.57,73.17
4356,treatment,desktop,0,226.2,53.51
14885,treatment,tablet,0,250.6,58.83
3295,treatment,desktop,0,218.86,40.77
5001,treatment,desktop,0,218.64,18.65
2171,control,desktop,0,195.01,76.89
11871,treatment,mobile,1,184.08,30.65
4458,treatment,desktop,0,226.13,33.82
11073,treatment,mobile,0,291.11,40.37
8567,control,mobile,0,314.96,38.14
2377,control,desktop,0,239.31,76.51
3136,control,desktop,0,180.42,62.9
11281,treatment,mobile,0,202.87,49.92
13064,treatment,mobile,0,197.17,89.32
13636,control,tablet,1,204.97,71.39
15422,treatment,tablet,0,184.03,50.27
12263,treatment,mobile,0,207.27,95.05
3179,control,desktop,0,221.14,34.61
13317,treatment,mobile,1,210.95,77.51
235,control,desktop,1,163.5,48.3
4976,treatment,desktop,1,202.42,56.03
3078,control,desktop,1,224.89,38.11
9070,control,mobile,0,209.61,33.38
10879,treatment,mobile,1,246.04,47.42
10023,treatment,mobile,0,262.88,55.57
1183,control,desktop,0,216.24,72.45
3715,treatment,desktop,0,188.05,57.37
6270,treatment,desktop,0,240.6,29.54
8333,control,mobile,0,265.07,30.06
2791,control,desktop,0,196.68,113.92
495,control,desktop,0,281.92,34.09
4139,treatment,desktop,0,153.95,63.28
7296,control,mobile,0,218.72,33.8
2410,control,desktop,1,172.94,43.79
11095,treatment,mobile,1,197.17,86.04
243,control,desktop,0,200.93,61.8
8554,control,mobile,1,257.65,47.8
2817,control,desktop,0,260.52,37.51
5918,treatment,desktop,1,187.9,30.23
3382,treatment,desktop,0,226.79,45.49
15647,treatment,tablet,0,252.02,70.33
2776,control,desktop,0,217.28,63.56
15920,treatment,tablet,0,198.82,41.25
12791,treatment,mobile,0,264.0,128.7
9264,control,mobile,0,249.81,41.24
9838,control,mobile,0,211.26,35.18
9049,control,mobile,0,174.75,67.35
12357,treatment,mobile,0,181.63,75.78
2595,control,desktop,0,186.71,70.49
14125,control,tablet,0,197.89,55.31
15125,treatment,tablet,0,233.68,29.82
5006,treatment,desktop,0,254.64,63.66
1194,control,desktop,0,228.46,25.23
8168,control,mobile,1,255.64,21.14
15538,treatment,tablet,0,161.88,47.14
4653,treatment,desktop,0,196.1,30.34
12627,treatment,mobile,0,276.73,83.66
7247,control,mobile,0,242.32,49.63
9935,control,mobile,0,181.3,36.05
2332,control,desktop,0,139.92,111.29
9351,control,mobile,1,208.34,34.26
581,control,desktop,0,163.4,27.15
9626,control,mobile,1,189.89,38.85
4277,treatment,desktop,1,254.45,29.57
10434,treatment,mobile,0,255.05,169.58
13735,control,tablet,0,213.97,43.38
11054,treatment,mobile,0,194.18,116.04
8520,control,mobile,0,233.02,24.39
3490,treatment,desktop,0,218.24,79.57
6073,treatment,desktop,0,186.76,83.19
13378,treatment,mobile,0,254.08,27.36
12935,treatment,mobile,0,258.32,20.51
6415,control,mobile,0,210.66,51.23
4291,treatment,desktop,0,223.41,53.38
9355,control,mobile,0,212.54,42.19
11276,treatment,mobile,0,239.09,54.32
6478,control,mobile,0,230.64,38.34
8539,control,mobile,0,240.41,50.4
339,control,desktop,0,204.45,55.88
12728,treatment,mobile,0,252.82,39.57
15798,treatment,tablet,1,172.1,47.63
12981,treatment,mobile,0,216.33,34.02
4172,treatment,desktop,0,173.46,92.03
6489,control,mobile,0,214.39,32.3
7045,control,mobile,0,218.08,45.58
8073,control,mobile,1,170.4,112.15
14263,control,tablet,1,239.35,72.48
113,control,desktop,1,217.38,78.45
6535,control,mobile,0,187.18,38.53
12445,treatment,mobile,0,209.63,65.4
13501,treatment,mobile,0,215.93,69.43
13731,control,tablet,0,195.59,46.84
39,control,desktop,0,228.28,54.64
2517,control,desktop,0,204.06,137.05
8374,control,mobile,0,266.9,86.38
11205,treatment,mobile,0,260.45,30.1
4802,treatment,desktop,0,235.38,40.16
4897,treatment,desktop,1,177.09,107.55
7724,control,mobile,0,240.64,36.67
11172,treatment,mobile,0,178.51,43.4
13518,treatment,mobile,1,264.5,47.08
14569,control,tablet,0,185.37,75.19
4220,treatment,desktop,1,206.95,76.63
7712,control,mobile,0,204.59,47.54
15312,treatment,tablet,0,188.75,33.21
6308,treatment,desktop,0,270.14,137.52
15762,treatment,tablet,0,221.01,30.09
1488,control,desktop,0,278.79,36.06
8930,control,mobile,0,221.97,58.76
5630,treatment,desktop,0,217.74,98.31
12052,treatment,mobile,0,231.53,15.53
15430,treatment,tablet,1,246.29,46.06
12130,treatment,mobile,0,255.22,66.33
7852,control,mobile,0,212.61,18.25
2081,control,desktop,0,208.35,61.98
228,control,desktop,0,263.95,43.48
12277,treatment,mobile,0,179.98,43.56
10539,treatment,mobile,1,222.56,63.78
4295,treatment,desktop,0,274.77,87.49
12368,treatment,mobile,0,231.31,40.69
14994,treatment,tablet,0,191.37,55.41
11034,treatment,mobile,0,257.85,57.79
7373,control,mobile,0,227.09,26.91
6450,control,mobile,0,186.07,95.23
5253,treatment,desktop,0,247.74,21.98
4332,treatment,desktop,0,229.83,72.37
4831,treatment,desktop,0,260.49,34.62
15204,treatment,tablet,1,257.45,31.98
10268,treatment,mobile,0,259.1,50.76
6533,control,mobile,0,249.49,40.16
14836,treatment,tablet,0,187.14,160.6
6174,treatment,desktop,0,248.1,64.21
6173,treatment,desktop,0,233.57,47.06
8688,control,mobile,0,189.74,111.92
15636,treatment,tablet,1,220.29,16.5
6158,treatment,desktop,0,265.03,74.71
14875,treatment,tablet,0,194.48,24.91
3800,treatment,desktop,0,218.19,28.27
13108,treatment,mobile,0,176.04,4035.72
10189,treatment,mobile,0,205.22,38.26
8562,control,mobile,0,230.8,26.99
1764,control,desktop,0,261.39,35.87
15351,treatment,tablet,0,227.15,70.77
2618,control,desktop,0,204.23,55.23
13262,treatment,mobile,0,183.19,44.77
7815,control,mobile,0,199.05,31.27
5437,treatment,desktop,0,197.28,35.22
7467,control,mobile,0,230.14,43.71
10743,treatment,mobile,0,212.89,44.0
8231,control,mobile,0,195.4,56.07
12115,treatment,mobile,0,193.94,64.32
9946,control,mobile,1,254.82,27.17
6571,control,mobile,0,183.9,169.3
14433,control,tablet,0,224.84,34.21
8663,control,mobile,0,143.9,33.37
7154,control,mobile,0,230.51,54.01
9742,control,mobile,0,189.19,61.77
1107,control,desktop,1,224.11,25.1
5607,treatment,desktop,0,236.82,42.18
13148,treatment,mobile,1,206.38,86.3
11579,treatment,mobile,0,180.33,49.87
9691,control,mobile,0,193.9,76.33
7284,control,mobile,0,182.53,59.2
11382,treatment,mobile,0,222.67,33.11
3046,control,desktop,0,239.33,25.44
13592,treatment,mobile,0,232.35,62.33
3755,treatment,desktop,0,246.8,57.35
12633,treatment,mobile,0,231.08,38.87
3754,treatment,desktop,0,243.74,47.62
7444,control,mobile,1,229.55,39.73
13917,control,tablet,0,198.7,62.09
3831,treatment,desktop,1,266.88,80.91
8788,control,mobile,0,213.66,22.52
15511,treatment,tablet,0,189.11,41.74
6033,treatment,desktop,1,241.36,33.33
4364,treatment,desktop,1,230.18,24.82
1686,control,desktop,0,212.91,62.27
10528,treatment,mobile,0,265.79,61.34
12138,treatment,mobile,1,240.1,20.52
4996,treatment,desktop,0,231.38,38.41
619,control,desktop,1,245.24,55.98
12664,treatment,mobile,0,184.61,26.5
7679,control,mobile,0,225.01,4999.17
3012,control,desktop,0,189.87,35.62
7678,control,mobile,0,211.51,22.15
9906,control,mobile,0,242.6,56.59
4094,treatment,desktop,0,222.22,35.31
9564,control,mobile,0,225.23,90.66
1446,control,desktop,0,214.98,59.74
15771,treatment,tablet,0,236.54,53.54
1296,control,desktop,0,217.5,27.99
852,control,desktop,1,209.93,49.77
13749,control,tablet,0,258.06,79.12
92,control,desktop,0,275.53,37.29
9967,control,mobile,0,184.6,34.14
6951,control,mobile,0,248.26,119.06
11756,treatment,mobile,0,255.18,98.53
3027,control,desktop,0,232.24,46.7
3989,treatment,desktop,0,159.35,71.28
4125,treatment,desktop,0,187.78,76.68
1124,control,desktop,0,274.16,44.46
9581,control,mobile,1,212.05,91.91
14689,control,tablet,0,205.96,51.35
14562,control,tablet,0,218.48,69.01
11934,treatment,mobile,0,275.21,19.09
40,control,desktop,0,189.13,42.12
13906,control,tablet,0,224.88,108.81
8262,control,mobile,0,261.12,32.5
4853,treatment,desktop,0,214.96,73.35
1251,control,desktop,0,200.12,52.57
5518,treatment,desktop,1,216.63,50.23
9072,control,mobile,0,236.4,88.01
11745,treatment,mobile,0,190.32,30.5
12584,treatment,mobile,0,176.95,22.33
11291,treatment,mobile,0,214.08,52.39
912,control,desktop,0,203.94,56.99
12892,treatment,mobile,0,185.75,71.54
11224,treatment,mobile,1,234.32,141.7
12846,treatment,mobile,0,208.73,15.75
7860,control,mobile,0,174.36,57.47
14205,control,tablet,0,204.02,30.51
5810,treatment,desktop,0,207.16,33.71
6130,treatment,desktop,0,167.5,46.73
4484,treatment,desktop,1,237.23,29.43
992,control,desktop,0,214.4,141.03
13420,treatment,mobile,0,227.14,88.99
4066,treatment,desktop,0,219.94,42.47
11798,treatment,mobile,0,231.17,59.29
7854,control,mobile,0,187.0,116.37
985,control,desktop,0,260.66,87.69
1321,control,desktop,0,216.11,44.3
3198,control,desktop,0,188.15,34.56
4898,treatment,desktop,0,220.91,76.18
8679,control,mobile,0,274.87,35.48
1696,control,desktop,0,229.24,52.73
15002,treatment,tablet,0,196.72,31.6
10410,treatment,mobile,0,217.66,56.52
6898,control,mobile,0,214.87,60.89
4534,treatment,desktop,0,228.27,62.73
4004,treatment,desktop,0,253.4,58.88
198,control,desktop,0,253.41,27.63
9752,control,mobile,0,190.62,23.25
2248,control,desktop,0,202.11,53.14
3717,treatment,desktop,0,191.76,65.45
3573,treatment,desktop,0,215.8,23.31
2183,control,desktop,0,262.48,112.02
10780,treatment,mobile,0,229.3,65.77
10711,treatment,mobile,0,201.88,29.04
5335,treatment,desktop,0,229.05,55.07
9372,control,mobile,0,244.62,34.02
7036,control,mobile,0,194.56,117.25
6712,control,mobile,0,241.99,21.89
5090,treatment,desktop,0,192.6,47.33
2707,control,desktop,0,200.07,20.41
4921,treatment,desktop,0,235.6,28.59
7286,control,mobile,0,261.77,91.09
5155,treatment,desktop,0,205.4,24.96
11701,treatment,mobile,0,172.21,66.47
2685,control,desktop,0,249.41,85.27
3328,treatment,desktop,0,289.66,52.73
1008,control,desktop,0,225.11,86.4
3242,treatment,desktop,0,217.51,20.16
5637,treatment,desktop,0,224.83,46.94
14950,treatment,tablet,0,223.97,58.79
1956,control,desktop,0,193.7,70.11
108,control,desktop,0,235.18,50.05
8556,control,mobile,0,172.67,96.96
14886,treatment,tablet,0,273.21,80.27
3779,treatment,desktop,0,220.3,25.47
6256,treatment,desktop,0,227.36,48.76
2654,control,desktop,0,163.83,64.54
9348,control,mobile,1,261.4,52.84
10805,treatment,mobile,0,175.28,45.54
9981,control,mobile,0,244.68,25.49
14088,control,tablet,0,280.96,45.2
3169,control,desktop,0,237.53,39.96
12501,treatment,mobile,0,171.32,71.6
9101,control,mobile,1,235.34,20.86
13706,control,tablet,0,206.15,42.62
7265,control,mobile,0,246.3,59.48
7511,control,mobile,0,233.6,136.39
15812,treatment,tablet,0,226.84,88.2
8755,control,mobile,0,164.17,84.06
691,control,desktop,0,246.04,50.93
360,control,desktop,0,285.77,39.67
4911,treatment,desktop,0,237.18,53.0
7479,control,mobile,0,214.91,26.1
9803,control,mobile,0,189.51,46.7
15697,treatment,tablet,0,198.3,104.49
11985,treatment,mobile,0,207.94,74.13
15205,treatment,tablet,0,294.26,38.61
15364,treatment,tablet,0,262.46,80.21
15253,treatment,tablet,0,248.48,40.92
3098,control,desktop,0,239.41,70.6
13130,treatment,mobile,0,173.74,58.83
4504,treatment,desktop,0,170.13,86.91
9438,control,mobile,1,207.63,100.12
9724,control,mobile,0,249.73,45.11
11391,treatment,mobile,0,235.22,68.65
6520,control,mobile,0,258.68,37.32
7360,control,mobile,0,224.28,42.48
14792,control,tablet,0,168.22,49.62
4374,treatment,desktop,0,215.73,42.94
15342,treatment,tablet,0,236.85,25.1
8070,control,mobile,0,243.13,38.83
14646,control,tablet,1,173.61,37.03
9238,control,mobile,0,182.5,28.27
8795,control,mobile,0,203.97,31.73
11220,treatment,mobile,0,244.93,56.69
13526,treatment,mobile,0,246.34,40.02
7558,control,mobile,0,232.42,24.54
6385,treatment,desktop,0,180.25,35.36
5435,treatment,desktop,0,178.26,54.14
15008,treatment,tablet,0,215.93,47.39
15745,treatment,tablet,0,243.27,74.94
2786,control,desktop,0,241.72,33.57
14487,control,tablet,0,248.43,37.71
5329,treatment,desktop,0,241.61,83.92
12824,treatment,mobile,0,265.79,56.84
1950,control,desktop,1,220.81,41.61
6513,control,mobile,1,177.43,123.64
6194,treatment,desktop,0,135.52,32.13
15103,treatment,tablet,0,281.79,38.19
10203,treatment,mobile,0,215.71,51.71
7295,control,mobile,0,206.26,23.79
4821,treatment,desktop,1,223.48,37.02
10832,treatment,mobile,0,235.46,40.48
14563,control,tablet,0,197.68,64.89
15763,treatment,tablet,0,249.37,117.38
15435,treatment,tablet,1,295.89,218.64
2191,control,desktop,0,192.77,40.69
11939,treatment,mobile,0,213.57,44.29
9875,control,mobile,0,269.04,20.61
8062,control,mobile,0,246.45,68.03
5120,treatment,desktop,0,172.43,22.09
13815,control,tablet,0,172.27,39.31
4426,treatment,desktop,0,247.97,46.57
2454,control,desktop,0,205.38,36.01
5205,treatment,desktop,0,222.37,53.87
756,control,desktop,1,231.05,36.2
2574,control,desktop,0,188.96,306.75
3240,treatment,desktop,0,186.8,68.48
5553,treatment,desktop,1,244.37,34.42
10973,treatment,mobile,0,235.84,43.66
2214,control,desktop,0,210.03,58.08
5928,treatment,desktop,0,199.06,60.75
8095,control,mobile,0,205.79,43.07
12547,treatment,mobile,0,266.96,22.03
11424,treatment,mobile,0,225.85,54.25
14342,control,tablet,0,202.7,53.47
1734,control,desktop,0,258.05,72.0
2216,control,desktop,0,236.72,52.08
15571,treatment,tablet,0,227.04,46.44
2830,control,desktop,0,192.07,43.7
310,control,desktop,0,224.07,66.45
650,control,desktop,0,159.73,22.58
312,control,desktop,0,211.76,34.47
2324,control,desktop,0,204.65,28.79
3484,treatment,desktop,0,180.12,42.21
12403,treatment,mobile,1,200.98,3576.84
5333,treatment,desktop,1,203.53,101.85
14366,control,tablet,0,194.53,54.41
6562,control,mobile,0,141.93,47.18
10115,treatment,mobile,0,311.64,55.34
4552,treatment,desktop,0,179.72,80.58
10617,treatment,mobile,0,220.34,22.72
9597,control,mobile,0,245.54,28.23
8615,control,mobile,0,222.3,26.36
14419,control,tablet,0,223.22,37.82
6145,treatment,desktop,0,221.14,54.29
1577,control,desktop,1,233.93,57.29
12032,treatment,mobile,0,237.32,37.94
9290,control,mobile,0,244.48,90.98
12176,treatment,mobile,0,197.16,64.61
9498,control,mobile,1,238.91,31.17
15789,treatment,tablet,0,205.82,38.96
12553,treatment,mobile,0,210.24,64.61
14150,control,tablet,0,258.67,40.06
9532,control,mobile,0,232.97,23.31
5551,treatment,desktop,1,210.5,51.5
9676,control,mobile,0,240.28,3000.05
2910,control,desktop,0,264.08,43.46
4906,treatment,desktop,0,186.46,37.56
12854,treatment,mobile,0,205.93,81.69
12273,treatment,mobile,0,192.51,49.34
11969,treatment,mobile,1,299.54,41.78
2614,control,desktop,0,217.15,69.45
15052,treatment,tablet,0,221.3,35.12
14754,control,tablet,0,199.22,47.9
13320,treatment,mobile,1,199.43,25.6
4722,treatment,desktop,0,234.93,54.85
2674,control,desktop,0,205.57,77.54
3851,treatment,desktop,0,265.64,65.81
463,control,desktop,0,220.48,51.75
5723,treatment,desktop,0,233.78,36.09
439,control,desktop,0,239.46,40.94
1790,control,desktop,0,217.99,30.62
13557,treatment,mobile,0,254.66,43.27
14311,control,tablet,0,198.67,46.18
5569,treatment,desktop,0,251.08,29.4
15005,treatment,tablet,1,163.35,56.03
1006,control,desktop,0,230.96,149.64
4528,treatment,desktop,0,171.47,206.45
8423,control,mobile,0,245.99,49.87
12872,treatment,mobile,0,199.75,87.39
4430,treatment,desktop,0,185.18,82.07
10618,treatment,mobile,0,237.23,23.24
11959,treatment,mobile,0,193.13,82.52
1481,control,desktop,0,221.25,59.39
1218,control,desktop,0,236.22,45.95
4727,treatment,desktop,0,217.36,35.93
10006,treatment,mobile,0,235.03,90.8
9109,control,mobile,0,239.83,46.09
12558,treatment,mobile,0,226.18,60.64
643,control,desktop,0,220.97,59.02
7512,control,mobile,0,221.53,67.68
12509,treatment,mobile,0,229.37,56.82
3680,treatment,desktop,0,219.81,39.03
8902,control,mobile,0,196.27,87.18
7740,control,mobile,0,248.92,71.03
6765,control,mobile,0,239.0,121.28
6663,control,mobile,0,200.54,65.48
10059,treatment,mobile,0,202.22,19.96
4682,treatment,desktop,0,207.19,69.08
5988,treatment,desktop,0,229.07,89.44
13475,treatment,mobile,0,231.57,25.47
14229,control,tablet,0,222.8,19.93
15417,treatment,tablet,1,190.83,24.98
10585,treatment,mobile,0,224.02,74.21
1755,control,desktop,1,236.44,72.28
2533,control,desktop,0,223.44,45.14
6282,treatment,desktop,0,210.06,19.87
11349,treatment,mobile,0,218.01,39.5
419,control,desktop,0,206.8,64.01
1835,control,desktop,0,246.42,28.83
2500,control,desktop,0,254.69,41.36
11307,treatment,mobile,0,163.83,74.8
2038,control,desktop,0,214.96,33.38
14816,treatment,tablet,0,239.63,13.36
4747,treatment,desktop,0,236.57,44.96
820,control,desktop,1,266.45,28.03
1595,control,desktop,0,226.91,53.17
2320,control,desktop,0,230.84,64.17
1330,control,desktop,0,214.37,81.4
14724,control,tablet,0,243.87,69.26
5478,treatment,desktop,1,162.18,61.05
4171,treatment,desktop,1,203.71,53.62
8785,control,mobile,0,222.04,42.35
1969,control,desktop,0,271.08,45.17
14479,control,tablet,0,206.8,45.92
1553,control,desktop,0,217.0,41.13
4206,treatment,desktop,0,263.77,23.05
13963,control,tablet,0,258.0,41.6
12514,treatment,mobile,1,240.81,46.4
3706,treatment,desktop,0,205.46,62.59
5695,treatment,desktop,0,226.84,27.9
5816,treatment,desktop,0,196.37,37.01
12574,treatment,mobile,0,204.21,71.2
14949,treatment,tablet,1,197.33,25.47
8744,control,mobile,0,181.27,53.79
12812,treatment,mobile,0,190.4,36.65
14329,control,tablet,0,225.5,80.03
15353,treatment,tablet,0,203.33,88.29
9085,control,mobile,0,259.46,66.71
5181,treatment,desktop,0,246.72,60.68
9746,control,mobile,0,217.3,79.67
3996,treatment,desktop,0,192.3,40.24
6846,control,mobile,0,226.76,66.96
1074,control,desktop,0,197.88,22.13
10114,treatment,mobile,0,231.34,52.51
9921,control,mobile,0,183.22,48.11
11872,treatment,mobile,0,249.82,42.34
10265,treatment,mobile,0,204.16,33.27
9854,control,mobile,0,193.66,73.03
12747,treatment,mobile,0,183.92,67.97
13700,control,tablet,0,260.3,17.11
5678,treatment,desktop,0,186.2,24.5
2737,control,desktop,0,223.53,67.29
11029,treatment,mobile,0,200.92,39.19
4227,treatment,desktop,0,275.27,22.86
5524,treatment,desktop,0,244.23,133.95
3611,treatment,desktop,0,229.6,13.01
15273,treatment,tablet,0,253.9,29.67
5199,treatment,desktop,0,230.74,29.98
11011,treatment,mobile,0,274.82,47.51
15085,treatment,tablet,0,265.36,60.91
8118,control,mobile,0,189.08,29.98
9385,control,mobile,0,202.17,115.44
10236,treatment,mobile,0,227.75,22.39
15471,treatment,tablet,0,212.04,282.2
8961,control,mobile,0,235.23,155.67
8022,control,mobile,0,223.09,56.11
13804,control,tablet,0,199.82,52.99
2526,control,desktop,0,229.04,43.11
8041,control,mobile,0,204.48,70.66
12062,treatment,mobile,0,201.96,91.44
3805,treatment,desktop,0,254.36,61.74
6387,treatment,desktop,0,249.17,28.8
7829,control,mobile,0,220.88,91.26
12561,treatment,mobile,0,235.67,94.97
317,control,desktop,0,215.41,51.43
382,control,desktop,0,236.72,43.72
13463,treatment,mobile,0,180.15,84.54
1533,control,desktop,0,189.03,23.39
16,control,desktop,0,227.74,59.12
14413,control,tablet,0,212.45,67.5
12610,treatment,mobile,0,250.55,54.33
13058,treatment,mobile,0,174.46,50.84
3871,treatment,desktop,0,217.14,23.11
11666,treatment,mobile,0,245.09,51.21
9694,control,mobile,0,218.99,56.21
4970,treatment,desktop,0,186.08,59.11
5401,treatment,desktop,0,228.52,76.13
6251,treatment,desktop,0,257.16,95.95
14199,control,tablet,0,209.1,63.62
10867,treatment,mobile,0,197.57,118.5
11590,treatment,mobile,0,210.98,27.61
3796,treatment,desktop,1,197.93,46.01
9783,control,mobile,0,173.6,14.68
15366,treatment,tablet,0,265.51,33.31
1315,control,desktop,0,188.09,20.95
11379,treatment,mobile,0,258.88,69.16
10557,treatment,mobile,1,221.72,73.45
12114,treatment,mobile,0,195.09,27.18
203,control,desktop,0,177.42,59.04
3285,treatment,desktop,0,252.91,81.62
7064,control,mobile,0,201.95,59.14
548,control,desktop,0,242.28,57.65
10994,treatment,mobile,0,218.71,39.49
9815,control,mobile,0,189.68,51.87
1683,control,desktop,0,191.07,90.56
4136,treatment,desktop,0,205.97,30.15
7242,control,mobile,0,239.79,22.03
6094,treatment,desktop,0,246.05,128.68
2960,control,desktop,0,191.17,39.86
4669,treatment,desktop,0,205.19,59.78
14421,control,tablet,0,236.1,79.23
14391,control,tablet,0,218.91,65.13
7304,control,mobile,0,188.04,57.62
8885,control,mobile,0,212.99,76.32
168,control,desktop,0,221.31,43.24
1382,control,desktop,0,263.7,74.83
13179,treatment,mobile,1,182.9,109.22
12086,treatment,mobile,0,191.5,98.16
4199,treatment,desktop,0,218.24,64.11
14196,control,tablet,0,261.71,90.23
7469,control,mobile,0,156.73,28.22
10004,treatment,mobile,0,185.97,112.14
8431,control,mobile,0,176.25,28.39
9897,control,mobile,0,224.91,41.99
15765,treatment,tablet,0,181.76,45.2
9154,control,mobile,0,227.25,22.96
4828,treatment,desktop,0,254.1,125.74
9027,control,mobile,0,240.61,41.15
2406,control,desktop,0,247.52,53.89
8489,control,mobile,0,214.85,155.0
15423,treatment,tablet,0,208.01,49.06
9942,control,mobile,0,219.32,30.32
3314,treatment,desktop,0,210.14,34.32
2007,control,desktop,0,206.03,39.34
11826,treatment,mobile,0,207.08,30.28
599,control,desktop,0,187.18,127.44
13061,treatment,mobile,0,192.59,59.57
8162,control,mobile,0,205.09,100.37
4065,treatment,desktop,0,236.82,44.43
4981,treatment,desktop,0,198.81,18.14
692,control,desktop,0,230.7,27.62
15618,treatment,tablet,0,223.95,59.67
494,control,desktop,0,232.78,45.98
6201,treatment,desktop,0,195.28,58.11
15788,treatment,tablet,0,207.59,33.53
14384,control,tablet,0,212.35,40.5
3606,treatment,desktop,0,171.92,54.83
4470,treatment,desktop,0,235.36,117.35
1383,control,desktop,0,217.57,53.22
3509,treatment,desktop,0,236.16,45.55
14136,control,tablet,0,206.01,41.23
6787,control,mobile,0,240.16,81.26
3331,treatment,desktop,0,220.04,30.6
7769,control,mobile,1,210.31,36.39
14354,control,tablet,0,191.16,59.21
10179,treatment,mobile,0,166.87,43.89
4542,treatment,desktop,1,245.49,56.07
5066,treatment,desktop,0,215.03,52.93
7240,control,mobile,0,229.09,31.77
2067,control,desktop,0,261.3,91.92
6364,treatment,desktop,0,228.2,61.82
12353,treatment,mobile,0,238.15,28.22
5536,treatment,desktop,1,188.78,62.56
10469,treatment,mobile,0,282.32,31.83
3107,control,desktop,0,213.51,46.73
4268,treatment,desktop,0,215.34,24.0
1549,control,desktop,0,244.8,47.82
2134,control,desktop,0,268.11,29.56
8390,control,mobile,0,248.83,74.22
14997,treatment,tablet,0,201.07,59.1
13945,control,tablet,0,275.94,87.85
2770,control,desktop,1,190.45,63.51
12629,treatment,mobile,0,234.12,34.93
15235,treatment,tablet,0,238.8,53.54
13584,treatment,mobile,1,152.86,82.16
12849,treatment,mobile,0,248.96,21.34
4686,treatment,desktop,1,259.55,26.35
13522,treatment,mobile,0,209.56,106.66
7222,control,mobile,0,234.0,13.16
6756,control,mobile,0,193.91,55.89
1656,control,desktop,0,210.51,59.98
15531,treatment,tablet,0,216.05,19.65
5540,treatment,desktop,1,175.01,69.81
12219,treatment,mobile,1,234.28,251.9
10701,treatment,mobile,0,187.2,68.74
6122,treatment,desktop,0,236.55,47.79
5932,treatment,desktop,0,241.29,31.95
12380,treatment,mobile,0,235.4,24.53
346,control,desktop,0,234.65,85.83
15792,treatment,tablet,0,220.34,70.18
7537,control,mobile,0,187.65,35.81
10853,treatment,mobile,0,182.61,84.73
8560,control,mobile,0,211.23,42.12
323,control,desktop,0,257.5,53.39
9092,control,mobile,0,206.77,48.06
8836,control,mobile,0,198.75,33.19
10371,treatment,mobile,0,234.97,68.94
8410,control,mobile,0,210.2,94.44
2775,control,desktop,0,258.03,26.63
8416,control,mobile,0,212.34,80.08
2943,control,desktop,1,233.35,13.65
10841,treatment,mobile,0,270.68,50.62
5267,treatment,desktop,0,233.37,40.06
6629,control,mobile,0,189.53,36.14
6841,control,mobile,0,167.09,15.2
13472,treatment,mobile,0,207.45,40.21
3586,treatment,desktop,0,187.1,92.02
15144,treatment,tablet,0,158.86,115.19
5290,treatment,desktop,0,175.68,84.32
10877,treatment,mobile,0,188.79,91.54
12762,treatment,mobile,0,227.75,95.38
5319,treatment,desktop,0,211.41,35.15
14050,control,tablet,1,218.49,27.61
4217,treatment,desktop,0,174.26,66.49
15629,treatment,tablet,0,194.85,13.29
14965,treatment,tablet,0,226.74,46.81
1641,control,desktop,0,234.83,57.68
1038,control,desktop,0,188.4,41.29
9890,control,mobile,0,227.18,60.71
309,control,desktop,0,239.0,92.51
2815,control,desktop,0,233.7,26.99
3925,treatment,desktop,0,202.61,53.69
15261,treatment,tablet,0,194.71,86.22
14928,treatment,tablet,0,261.34,26.52
5439,treatment,desktop,0,248.13,53.45
431,control,desktop,1,255.35,33.37
6356,treatment,desktop,0,224.6,106.01
4301,treatment,desktop,0,227.12,44.03
2794,control,desktop,0,227.11,64.74
15348,treatment,tablet,0,249.86,43.79
14911,treatment,tablet,0,223.2,21.91
12345,treatment,mobile,0,238.04,81.63
10384,treatment,mobile,0,255.57,31.91
11954,treatment,mobile,0,206.03,62.36
7457,control,mobile,0,195.13,48.39
12390,treatment,mobile,0,232.73,19.01
2850,control,desktop,0,204.72,54.77
7825,control,mobile,0,175.17,40.26
9374,control,mobile,1,233.34,189.07
11608,treatment,mobile,0,195.01,45.53
14012,control,tablet,0,181.83,62.63
3353,treatment,desktop,0,270.52,77.25
1372,control,desktop,0,245.06,45.81
12843,treatment,mobile,0,261.83,78.89
15314,treatment,tablet,0,210.34,67.66
517,control,desktop,0,189.23,45.42
4874,treatment,desktop,0,193.87,33.48
7618,control,mobile,0,189.07,44.43
13355,treatment,mobile,0,150.04,82.34
12071,treatment,mobile,0,229.01,50.85
14577,control,tablet,0,180.86,31.26
2270,control,desktop,0,181.09,57.46
5793,treatment,desktop,0,257.52,47.22
15918,treatment,tablet,0,221.7,81.09
578,control,desktop,0,283.72,42.64
14375,control,tablet,0,224.97,49.6
8745,control,mobile,0,220.11,40.53
13415,treatment,mobile,0,238.39,114.3
6469,control,mobile,1,234.94,36.85
3469,treatment,desktop,1,233.47,67.88
11856,treatment,mobile,0,163.46,30.66
11167,treatment,mobile,0,177.47,118.42
1350,control,desktop,0,233.75,46.88
2592,control,desktop,0,251.57,66.18
6657,control,mobile,0,232.67,41.9
9300,control,mobile,0,239.75,38.96
9251,control,mobile,0,252.38,49.81
14761,control,tablet,0,186.87,26.63
15614,treatment,tablet,0,217.64,28.34
11157,treatment,mobile,0,182.92,75.85
13567,treatment,mobile,0,188.26,130.1
13898,control,tablet,0,203.1,30.04
659,control,desktop,0,206.59,36.66
88,control,desktop,0,271.24,69.01
9463,control,mobile,0,203.37,12.08
11325,treatment,mobile,0,200.2,24.13
5355,treatment,desktop,0,262.56,143.27
7671,control,mobile,1,225.49,82.47
8996,control,mobile,0,157.81,18.05
10770,treatment,mobile,0,238.4,51.72
2177,control,desktop,0,213.15,61.64
3674,treatment,desktop,1,220.08,42.59
12030,treatment,mobile,0,247.65,43.23
14548,control,tablet,0,197.51,52.02
13078,treatment,mobile,0,204.68,71.2
15214,treatment,tablet,0,240.83,89.2
4352,treatment,desktop,0,222.68,26.52
4743,treatment,desktop,0,248.4,99.48
13787,control,tablet,0,204.72,54.03
4306,treatment,desktop,0,203.71,83.36
1911,control,desktop,1,229.21,63.26
2291,control,desktop,0,240.23,46.69
15733,treatment,tablet,0,241.11,29.62
15841,treatment,tablet,0,216.86,30.23
2891,control,desktop,0,234.3,40.95
8293,control,mobile,1,195.61,38.04
6360,treatment,desktop,0,247.86,75.88
3120,control,desktop,0,246.41,24.48
5221,treatment,desktop,0,216.06,66.13
4729,treatment,desktop,0,200.0,64.66
6058,treatment,desktop,0,213.71,69.86
521,control,desktop,0,228.65,39.21
7640,control,mobile,1,218.34,42.09
2323,control,desktop,0,222.81,61.2
9858,control,mobile,0,198.15,25.98
4913,treatment,desktop,0,186.51,53.29
15773,treatment,tablet,0,261.02,57.25
13399,treatment,mobile,0,231.87,47.09
15983,treatment,tablet,0,163.89,60.64
1265,control,desktop,0,198.38,90.48
1408,control,desktop,0,220.76,44.0
8611,control,mobile,0,217.37,29.75
7429,control,mobile,0,161.7,66.8
13533,treatment,mobile,0,209.97,57.61
5819,treatment,desktop,0,200.58,33.95
6131,treatment,desktop,0,216.68,58.12
7766,control,mobile,0,201.37,45.22
3946,treatment,desktop,0,209.12,138.95
1888,control,desktop,0,241.04,47.43
3832,treatment,desktop,0,223.91,38.11
8131,control,mobile,0,253.47,25.73
6584,control,mobile,0,253.04,75.27
11461,treatment,mobile,0,187.4,87.07
11682,treatment,mobile,0,199.88,118.87
15128,treatment,tablet,0,208.23,95.77
8279,control,mobile,0,257.05,21.05
14353,control,tablet,0,277.0,40.73
12411,treatment,mobile,0,200.75,51.46
3891,treatment,desktop,0,233.66,111.88
8561,control,mobile,0,210.75,28.67
2831,control,desktop,0,281.64,20.87
11254,treatment,mobile,0,253.03,52.71
2565,control,desktop,0,232.72,46.21
386,control,desktop,0,223.51,77.43
15624,treatment,tablet,0,228.1,15.99
12508,treatment,mobile,0,224.92,80.44
10767,treatment,mobile,0,217.4,63.88
2136,control,desktop,0,222.12,43.69
13182,treatment,mobile,1,224.82,37.92
15708,treatment,tablet,0,239.01,118.51
1390,control,desktop,0,251.0,124.85
778,control,desktop,1,200.19,26.8
2944,control,desktop,0,247.37,48.36
13753,control,tablet,0,193.4,48.61
4156,treatment,desktop,0,183.99,80.23
1915,control,desktop,0,200.89,37.14
13905,control,tablet,0,199.97,69.13
12274,treatment,mobile,0,172.63,173.87
13485,treatment,mobile,0,212.63,27.04
8717,control,mobile,0,211.5,100.76
4207,treatment,desktop,0,220.27,29.66
2437,control,desktop,0,218.93,60.6
15396,treatment,tablet,0,223.26,32.79
594,control,desktop,0,217.37,30.22
8541,control,mobile,0,253.78,81.15
610,control,desktop,0,239.48,47.16
12531,treatment,mobile,0,215.99,110.9
15347,treatment,tablet,0,249.83,45.52
5177,treatment,desktop,0,201.74,34.35
5720,treatment,desktop,0,256.86,23.03
12446,treatment,mobile,0,233.28,44.02
15588,treatment,tablet,0,233.64,66.26
4945,treatment,desktop,0,242.46,35.17
943,control,desktop,0,211.23,19.59
3396,treatment,desktop,0,166.71,58.6
15473,treatment,tablet,0,177.06,73.13
8207,control,mobile,0,206.16,40.11
11427,treatment,mobile,1,176.96,104.92
13341,treatment,mobile,0,228.89,110.76
11431,treatment,mobile,0,249.81,53.7
13156,treatment,mobile,0,221.18,54.5
5065,treatment,desktop,0,280.69,13.55
4788,treatment,desktop,1,256.62,44.15
1820,control,desktop,0,258.61,52.24
5843,treatment,desktop,0,216.46,87.51
7696,control,mobile,0,200.66,66.91
9045,control,mobile,0,250.28,87.85
15151,treatment,tablet,1,227.85,114.41
15562,treatment,tablet,0,229.69,37.06
8915,control,mobile,0,243.99,33.65
96,control,desktop,0,202.68,71.13
9489,control,mobile,0,256.39,111.09
9069,control,mobile,0,169.9,55.71
3802,treatment,desktop,0,218.49,91.41
5753,treatment,desktop,0,226.58,47.41
201,control,desktop,0,166.45,66.55
380,control,desktop,0,216.37,93.84
1886,control,desktop,0,217.81,51.11
5286,treatment,desktop,0,226.25,30.57
10957,treatment,mobile,0,255.27,31.22
5097,treatment,desktop,1,171.91,65.63
3502,treatment,desktop,1,227.9,49.37
14499,control,tablet,0,244.77,39.67
1530,control,desktop,0,243.07,45.74
5662,treatment,desktop,1,222.92,25.29
12401,treatment,mobile,0,210.61,59.45
13845,control,tablet,0,226.23,16.79
1243,control,desktop,0,264.89,24.96
6531,control,mobile,0,236.34,45.23
1057,control,desktop,0,192.06,46.43
4578,treatment,desktop,0,186.84,35.29
254,control,desktop,0,245.81,48.48
10389,treatment,mobile,0,179.81,27.77
4440,treatment,desktop,0,183.94,23.91
5486,treatment,desktop,0,263.18,47.43
6290,treatment,desktop,0,238.59,39.0
15012,treatment,tablet,0,236.11,72.61
2992,control,desktop,0,185.81,73.04
15819,treatment,tablet,0,262.13,26.5
10541,treatment,mobile,1,211.68,20.64
3296,treatment,desktop,0,228.46,41.43
10677,treatment,mobile,0,201.37,54.97
4953,treatment,desktop,0,183.09,49.68
7092,control,mobile,0,217.74,60.73
13832,control,tablet,0,250.93,33.0
14216,control,tablet,1,222.72,27.17
11713,treatment,mobile,0,182.84,32.86
10013,treatment,mobile,1,233.47,43.25
10619,treatment,mobile,0,197.87,96.15
7302,control,mobile,0,177.06,56.81
11354,treatment,mobile,0,260.78,46.29
242,control,desktop,0,222.14,55.46
6258,treatment,desktop,0,244.21,60.48
2677,control,desktop,0,227.22,47.41
5808,treatment,desktop,0,231.96,61.75
7001,control,mobile,1,290.89,33.13
4135,treatment,desktop,0,177.77,47.37
15207,treatment,tablet,0,186.87,35.52
6861,control,mobile,0,243.3,39.46
12110,treatment,mobile,0,179.3,41.14
8632,control,mobile,1,222.07,65.83
7483,control,mobile,1,232.06,37.37
15541,treatment,tablet,0,205.97,28.5
3032,control,desktop,0,202.92,82.15
9332,control,mobile,1,216.95,89.52
10506,treatment,mobile,0,166.93,125.89
8127,control,mobile,1,305.93,112.59
9836,control,mobile,0,237.19,44.68
2026,control,desktop,1,295.95,50.72
2917,control,desktop,0,199.7,67.49
11726,treatment,mobile,0,253.39,62.56
7375,control,mobile,0,227.22,40.71
12169,treatment,mobile,0,199.56,39.52
305,control,desktop,0,243.56,49.26
7450,control,mobile,0,236.19,105.24
1987,control,desktop,0,182.94,49.43
1121,control,desktop,0,272.56,50.66
1471,control,desktop,0,200.99,81.93
2966,control,desktop,0,228.79,34.04
1349,control,desktop,0,247.54,65.92
7767,control,mobile,0,240.83,14.54
6222,treatment,desktop,1,231.23,86.2
13621,control,tablet,0,209.84,116.31
10456,treatment,mobile,0,245.45,88.91
10247,treatment,mobile,0,202.59,93.31
15523,treatment,tablet,0,184.38,46.47
11903,treatment,mobile,0,189.73,29.07
8547,control,mobile,0,260.78,24.93
2318,control,desktop,0,242.26,46.46
3635,treatment,desktop,0,204.95,52.49
7465,control,mobile,0,230.01,40.59
10962,treatment,mobile,0,239.44,56.33
1811,control,desktop,0,220.41,60.46
1104,control,desktop,0,196.69,41.53
10930,treatment,mobile,0,235.44,35.08
6737,control,mobile,0,244.37,27.23
107,control,desktop,0,233.77,33.76
3537,treatment,desktop,0,252.29,71.25
14820,treatment,tablet,0,209.63,50.25
1360,control,desktop,0,248.23,34.78
8600,control,mobile,0,262.42,66.93
7209,control,mobile,0,241.14,25.25
4122,treatment,desktop,0,262.35,62.56
3076,control,desktop,0,236.73,169.79
14201,control,tablet,0,235.78,68.71
499,control,desktop,0,208.08,20.23
12059,treatment,mobile,0,253.33,66.99
345,control,desktop,0,249.07,39.53
3870,treatment,desktop,1,254.94,71.61
8211,control,mobile,0,233.69,40.73
11949,treatment,mobile,0,238.5,69.26
6579,control,mobile,0,223.54,59.45
202,control,desktop,0,178.82,56.41
5452,treatment,desktop,0,263.09,18.26
3004,control,desktop,0,149.2,33.17
2486,control,desktop,0,186.72,35.16
5884,treatment,desktop,0,178.54,77.48
15359,treatment,tablet,0,195.86,87.78
4313,treatment,desktop,0,223.77,89.43
4078,treatment,desktop,1,184.53,55.64
4832,treatment,desktop,0,292.1,73.21
9365,control,mobile,0,270.79,86.02
10827,treatment,mobile,0,290.53,80.28
9197,control,mobile,0,216.58,109.59
11241,treatment,mobile,0,226.01,45.29
967,control,desktop,0,201.25,25.0
1032,control,desktop,0,252.26,53.97
462,control,desktop,0,246.2,66.26
1805,control,desktop,0,251.64,72.44
13757,control,tablet,0,233.54,29.76
12006,treatment,mobile,0,207.82,72.26
8838,control,mobile,0,230.22,199.48
14625,control,tablet,0,181.39,34.71
6797,control,mobile,0,169.0,24.43
14894,treatment,tablet,0,235.28,57.05
5285,treatment,desktop,0,244.23,60.67
2396,control,desktop,1,224.02,86.07
740,control,desktop,0,271.99,60.18
10759,treatment,mobile,0,169.85,62.94
1270,control,desktop,0,198.42,38.7
12864,treatment,mobile,0,256.72,34.57
9728,control,mobile,0,208.91,97.77
909,control,desktop,1,245.27,76.66
425,control,desktop,1,258.91,66.34
1049,control,desktop,0,199.62,41.72
10748,treatment,mobile,0,228.12,31.66
9584,control,mobile,0,239.87,37.54
313,control,desktop,0,278.63,38.06
14717,control,tablet,0,227.41,77.37
3180,control,desktop,0,196.02,48.2
8251,control,mobile,0,181.61,26.73
2189,control,desktop,0,172.56,79.59
2402,control,desktop,0,185.57,48.82
5272,treatment,desktop,0,174.75,36.96
2058,control,desktop,0,227.96,69.91
15187,treatment,tablet,0,214.22,20.45
2258,control,desktop,0,183.51,88.24
491,control,desktop,0,238.43,80.4
13966,control,tablet,0,213.05,63.14
8024,control,mobile,1,240.86,43.32
12709,treatment,mobile,0,231.15,55.72
15960,treatment,tablet,0,233.82,35.94
10778,treatment,mobile,0,257.21,24.35
4334,treatment,desktop,0,230.04,40.2
3238,treatment,desktop,0,225.73,60.24
2615,control,desktop,0,177.53,56.26
11189,treatment,mobile,0,218.29,71.04
13989,control,tablet,0,224.86,81.61
8345,control,mobile,0,260.84,39.82
2961,control,desktop,0,230.38,105.2
11929,treatment,mobile,0,206.77,149.28
5187,treatment,desktop,0,247.93,38.76
15932,treatment,tablet,0,207.83,38.04
2909,control,desktop,0,218.9,58.14
9589,control,mobile,0,213.38,42.67
4494,treatment,desktop,0,227.8,92.7
8484,control,mobile,0,232.85,31.5
14022,control,tablet,0,222.42,55.35
14829,treatment,tablet,0,209.23,48.04
6759,control,mobile,0,254.91,37.35
7250,control,mobile,0,170.46,69.3
12377,treatment,mobile,0,209.41,47.61
181,control,desktop,0,220.57,49.37
11384,treatment,mobile,0,217.26,47.71
1402,control,desktop,1,200.88,35.97
14581,control,tablet,0,181.4,65.08
4900,treatment,desktop,0,235.88,36.44
11112,treatment,mobile,0,224.87,30.17
13393,treatment,mobile,0,212.28,104.47
5826,treatment,desktop,0,238.39,35.53
1088,control,desktop,1,247.33,62.79
12093,treatment,mobile,0,226.18,5295.52
10016,treatment,mobile,0,185.71,37.22
7221,control,mobile,0,168.8,96.23
9779,control,mobile,0,293.47,26.15
618,control,desktop,0,222.9,50.66
2381,control,desktop,0,226.75,92.89
12649,treatment,mobile,1,244.53,111.51
4010,treatment,desktop,0,192.12,36.41
6600,control,mobile,0,244.21,29.97
12105,treatment,mobile,1,242.08,83.53
12557,treatment,mobile,1,175.27,88.46
3731,treatment,desktop,0,232.11,75.19
9905,control,mobile,0,250.11,149.51
186,control,desktop,1,238.2,101.51
5534,treatment,desktop,0,200.01,70.33
9476,control,mobile,0,215.49,33.94
6229,treatment,desktop,0,248.76,34.92
3587,treatment,desktop,1,185.46,42.69
2812,control,desktop,0,242.89,49.65
689,control,desktop,0,190.4,43.48
6417,control,mobile,0,165.04,80.1
10796,treatment,mobile,0,243.51,48.17
171,control,desktop,0,179.4,33.79
4918,treatment,desktop,0,213.15,44.48
15938,treatment,tablet,0,230.75,65.6
5220,treatment,desktop,0,198.19,55.6
14457,control,tablet,1,260.1,38.97
1702,control,desktop,0,259.94,32.36
4966,treatment,desktop,0,227.98,111.42
4443,treatment,desktop,0,248.03,30.53
12511,treatment,mobile,1,222.55,44.91
3986,treatment,desktop,0,217.06,64.41
6496,control,mobile,1,246.59,61.16
7513,control,mobile,0,232.01,43.7
11567,treatment,mobile,0,207.97,19.64
7924,control,mobile,0,243.98,36.27
12410,treatment,mobile,0,201.32,26.38
4143,treatment,desktop,0,210.64,30.18
8724,control,mobile,0,197.02,75.12
4707,treatment,desktop,0,209.09,46.69
6155,treatment,desktop,0,251.28,36.98
15011,treatment,tablet,0,170.34,30.12
14910,treatment,tablet,0,245.98,89.77
15690,treatment,tablet,0,261.37,77.51
9630,control,mobile,0,284.12,43.2
383,control,desktop,0,229.25,54.02
6372,treatment,desktop,0,224.75,36.11
9464,control,mobile,0,193.59,54.78
2902,control,desktop,0,244.53,90.4
3691,treatment,desktop,0,221.38,40.3
1004,control,desktop,0,250.28,26.77
13761,control,tablet,0,246.57,34.47
9770,control,mobile,0,228.3,33.07
1156,control,desktop,0,183.66,73.45
211,control,desktop,0,209.47,24.43
5033,treatment,desktop,0,235.47,69.51
13813,control,tablet,0,237.79,55.63
12953,treatment,mobile,0,178.64,61.62
15532,treatment,tablet,0,197.81,106.92
11148,treatment,mobile,0,237.2,60.54
5210,treatment,desktop,0,243.36,15.92
8375,control,mobile,0,221.28,38.67
13893,control,tablet,0,199.55,117.43
14113,control,tablet,0,239.64,54.59
5117,treatment,desktop,0,232.15,51.82
7687,control,mobile,0,286.26,27.75
13734,control,tablet,0,264.05,110.37
7198,control,mobile,0,214.76,44.41
2196,control,desktop,0,228.23,33.72
1046,control,desktop,0,191.02,19.52
9504,control,mobile,0,221.4,91.24
7862,control,mobile,0,270.65,41.82
10581,treatment,mobile,0,245.39,42.44
3876,treatment,desktop,0,181.16,24.23
2777,control,desktop,0,225.58,44.4
8730,control,mobile,1,208.38,74.04
1048,control,desktop,0,216.79,15.52
13805,control,tablet,0,189.65,30.98
2888,control,desktop,0,230.38,82.62
7069,control,mobile,0,201.53,54.21
8428,control,mobile,0,221.04,79.6
3150,control,desktop,0,201.69,40.46
4644,treatment,desktop,0,278.21,76.36
930,control,desktop,0,245.91,59.73
5889,treatment,desktop,0,212.37,24.03
18,control,desktop,0,209.24,65.55
13742,control,tablet,0,149.67,20.19
4588,treatment,desktop,0,269.14,40.59
2129,control,desktop,0,232.54,45.94
1129,control,desktop,0,240.23,45.98
2735,control,desktop,1,232.01,61.6
7858,control,mobile,1,217.58,52.95
9105,control,mobile,0,212.55,69.77
3442,treatment,desktop,0,251.49,37.96
10997,treatment,mobile,0,212.51,42.95
11048,treatment,mobile,0,224.4,49.7
9567,control,mobile,0,215.19,106.11
15384,treatment,tablet,0,184.71,31.97
11803,treatment,mobile,0,244.58,64.05
3538,treatment,desktop,0,192.19,56.95
11988,treatment,mobile,0,219.72,34.12
6972,control,mobile,0,215.49,69.76
4635,treatment,desktop,0,221.24,25.82
10029,treatment,mobile,0,257.87,105.52
10766,treatment,mobile,0,216.35,82.9
9580,control,mobile,0,196.35,57.34
9195,control,mobile,0,211.67,123.03
1318,control,desktop,1,208.05,38.75
2564,control,desktop,0,185.72,77.48
1424,control,desktop,0,234.18,55.17
2573,control,desktop,0,189.58,117.12
13665,control,tablet,0,258.16,33.71
13840,control,tablet,0,296.72,61.16
629,control,desktop,0,220.57,26.17
10540,treatment,mobile,0,178.53,52.31
11175,treatment,mobile,0,254.06,62.83
7161,control,mobile,0,211.45,68.56
1375,control,desktop,0,261.96,40.91
7426,control,mobile,0,228.91,52.65
5469,treatment,desktop,0,201.21,29.49
3438,treatment,desktop,0,237.87,59.15
13056,treatment,mobile,0,210.83,45.72
14483,control,tablet,0,219.55,53.67
10862,treatment,mobile,0,275.52,51.92
5712,treatment,desktop,0,193.25,65.21
4403,treatment,desktop,1,251.25,194.03
7535,control,mobile,0,248.56,16.33
8497,control,mobile,0,201.13,74.07
4619,treatment,desktop,0,211.45,49.04
13209,treatment,mobile,0,209.91,87.82
2115,control,desktop,0,201.22,38.92
2198,control,desktop,0,209.94,62.29
4204,treatment,desktop,0,162.47,183.17
13576,treatment,mobile,0,200.15,21.61
9337,control,mobile,0,166.51,86.51
2931,control,desktop,0,241.09,79.64
15190,treatment,tablet,0,234.25,63.96
7821,control,mobile,0,254.5,103.42
5059,treatment,desktop,0,246.81,52.65
1560,control,desktop,0,185.61,166.09
2657,control,desktop,0,188.11,35.6
12500,treatment,mobile,0,202.69,95.95
1646,control,desktop,0,270.43,51.14
13740,control,tablet,0,216.05,43.27
8673,control,mobile,0,209.29,35.93
9903,control,mobile,0,229.23,52.05
12370,treatment,mobile,0,239.64,66.68
14038,control,tablet,0,234.11,50.19
10241,treatment,mobile,0,190.46,38.05
103,control,desktop,0,242.79,46.87
5382,treatment,desktop,0,193.24,26.97
10497,treatment,mobile,0,213.51,32.35
3493,treatment,desktop,0,188.91,26.64
15811,treatment,tablet,0,190.25,56.62
12197,treatment,mobile,0,190.65,26.59
2799,control,desktop,0,177.7,43.17
15821,treatment,tablet,0,265.66,89.34
3423,treatment,desktop,0,185.13,34.24
3335,treatment,desktop,0,243.12,65.14
9878,control,mobile,0,225.11,96.98
15055,treatment,tablet,0,213.89,32.92
6635,control,mobile,0,255.39,28.7
4607,treatment,desktop,0,218.29,62.34
9916,control,mobile,0,204.75,55.11
12166,treatment,mobile,1,215.1,50.1
10550,treatment,mobile,0,264.15,30.02
9647,control,mobile,0,189.23,29.61
9284,control,mobile,0,144.09,37.23
5683,treatment,desktop,0,227.22,23.91
6485,control,mobile,1,146.9,68.99
8240,control,mobile,0,205.08,22.05
7350,control,mobile,0,298.1,41.59
8756,control,mobile,0,192.81,79.32
4726,treatment,desktop,0,155.81,65.14
3905,treatment,desktop,0,206.96,39.64
14222,control,tablet,0,208.59,56.45
3528,treatment,desktop,0,205.97,70.76
6863,control,mobile,0,194.59,42.72
2047,control,desktop,0,226.46,26.87
10111,treatment,mobile,0,232.28,58.52
5658,treatment,desktop,0,193.49,45.1
8942,control,mobile,0,211.95,20.46
11667,treatment,mobile,1,223.14,43.46
9013,control,mobile,0,149.39,61.64
2973,control,desktop,1,242.43,42.06
1174,control,desktop,0,186.22,49.11
12386,treatment,mobile,0,140.03,42.71
13273,treatment,mobile,0,212.68,41.62
14872,treatment,tablet,0,230.05,29.78
2887,control,desktop,0,191.72,118.71
9180,control,mobile,0,220.7,73.04
1158,control,desktop,1,198.12,57.66
8004,control,mobile,0,216.12,102.84
15258,treatment,tablet,0,247.01,51.52
13871,control,tablet,0,218.15,32.05
7066,control,mobile,1,188.0,51.69
15723,treatment,tablet,0,213.95,52.59
7231,control,mobile,1,239.58,64.32
7820,control,mobile,0,218.66,43.44
1813,control,desktop,0,217.87,77.64
8161,control,mobile,0,242.7,64.65
10912,treatment,mobile,1,234.23,31.02
284,control,desktop,0,194.94,57.41
1925,control,desktop,0,255.5,29.29
3786,treatment,desktop,0,254.03,38.24
8087,control,mobile,0,278.23,70.22
5933,treatment,desktop,0,237.53,74.76
9893,control,mobile,0,217.44,76.07
6429,control,mobile,0,251.03,57.06
9555,control,mobile,0,247.14,74.14
10669,treatment,mobile,0,230.72,63.21
6716,control,mobile,0,212.79,38.08
14827,treatment,tablet,0,171.39,49.87
13828,control,tablet,0,218.17,38.31
12433,treatment,mobile,1,199.9,47.62
6781,control,mobile,0,280.53,48.47
9404,control,mobile,0,187.93,56.21
12117,treatment,mobile,0,235.55,53.12
3028,control,desktop,0,196.49,20.08
8372,control,mobile,0,213.29,31.46
15433,treatment,tablet,0,260.84,29.13
2438,control,desktop,0,271.55,68.66
13865,control,tablet,0,188.77,50.96
9058,control,mobile,0,240.98,44.58
10101,treatment,mobile,0,215.4,86.56
4158,treatment,desktop,0,187.79,104.01
14538,control,tablet,0,181.76,48.49
10491,treatment,mobile,0,232.03,112.61
6208,treatment,desktop,1,221.95,25.72
10818,treatment,mobile,0,229.4,44.6
14057,control,tablet,0,201.46,46.53
15696,treatment,tablet,0,223.2,60.51
15244,treatment,tablet,0,228.74,73.95
4620,treatment,desktop,0,284.01,26.13
13529,treatment,mobile,0,201.54,79.13
6815,control,mobile,0,251.19,59.43
1450,control,desktop,0,202.14,74.06
7407,control,mobile,0,211.76,75.28
54,control,desktop,0,210.94,22.83
14618,control,tablet,0,202.77,52.43
9873,control,mobile,1,206.2,23.88
7785,control,mobile,0,255.1,38.22
10175,treatment,mobile,0,217.78,43.31
3789,treatment,desktop,0,245.11,63.88
2284,control,desktop,0,245.11,39.94
7248,control,mobile,0,202.63,20.21
13456,treatment,mobile,0,261.01,24.02
10904,treatment,mobile,0,164.55,69.97
5817,treatment,desktop,0,260.86,59.59
2834,control,desktop,0,179.13,72.06
9984,control,mobile,0,262.06,71.42
11594,treatment,mobile,1,216.28,50.09
982,control,desktop,0,189.61,98.92
4590,treatment,desktop,0,251.9,38.56
1576,control,desktop,0,187.28,80.01
13934,control,tablet,0,168.64,70.87
3914,treatment,desktop,0,229.03,23.83
12282,treatment,mobile,0,182.25,84.3
13791,control,tablet,0,234.41,50.05
15698,treatment,tablet,0,231.78,82.76
1640,control,desktop,1,168.7,61.91
10264,treatment,mobile,1,200.96,79.78
12412,treatment,mobile,0,207.31,10.48
11516,treatment,mobile,1,282.15,69.0
13300,treatment,mobile,0,158.36,27.12
12267,treatment,mobile,0,173.11,69.4
6583,control,mobile,0,208.82,70.08
14093,control,tablet,0,218.33,51.59
14730,control,tablet,0,230.48,86.29
2731,control,desktop,0,214.22,32.47
12799,treatment,mobile,0,231.35,63.39
3015,control,desktop,0,264.56,40.94
5929,treatment,desktop,0,263.55,67.2
13637,control,tablet,1,200.01,83.48
5198,treatment,desktop,1,254.38,38.0
12265,treatment,mobile,1,231.18,65.16
10137,treatment,mobile,0,215.31,72.0
1499,control,desktop,0,249.98,40.8
5450,treatment,desktop,0,195.42,57.34
8200,control,mobile,0,275.29,56.91
12818,treatment,mobile,0,227.79,54.25
1434,control,desktop,0,195.55,27.46
155,control,desktop,0,259.92,81.0
10556,treatment,mobile,0,189.19,33.58
2504,control,desktop,0,213.45,59.52
13730,control,tablet,0,220.06,64.24
885,control,desktop,0,245.63,23.39
12725,treatment,mobile,0,190.87,43.1
2289,control,desktop,0,218.92,23.8
5564,treatment,desktop,1,199.03,181.58
12828,treatment,mobile,0,283.37,36.94
15170,treatment,tablet,0,164.2,61.88
4531,treatment,desktop,0,214.34,35.71
11896,treatment,mobile,0,205.11,90.77
9817,control,mobile,0,288.51,24.16
15320,treatment,tablet,0,274.18,19.41
1940,control,desktop,1,216.58,63.83
8504,control,mobile,0,236.38,73.64
11509,treatment,mobile,0,201.51,23.04
4256,treatment,desktop,0,192.38,46.21
15996,treatment,tablet,0,229.04,33.56
1076,control,desktop,0,255.63,28.94
1584,control,desktop,0,200.31,61.1
11094,treatment,mobile,0,249.1,108.98
8466,control,mobile,0,214.73,53.31
688,control,desktop,0,276.91,32.92
4718,treatment,desktop,0,212.59,30.8
13549,treatment,mobile,0,250.51,55.88
12759,treatment,mobile,0,199.71,37.82
13758,control,tablet,0,196.85,73.01
14172,control,tablet,0,223.79,36.33
1278,control,desktop,0,208.65,37.69
8124,control,mobile,0,211.22,46.73
11678,treatment,mobile,0,186.27,53.11
8190,control,mobile,0,186.31,45.75
5881,treatment,desktop,0,207.78,66.84
3145,control,desktop,1,211.05,36.99
3525,treatment,desktop,0,243.94,48.36
14181,control,tablet,0,228.55,37.41
7149,control,mobile,0,228.42,4309.65
10776,treatment,mobile,0,214.91,79.84
7290,control,mobile,0,214.97,23.99
12248,treatment,mobile,0,224.2,88.53
9277,control,mobile,0,194.04,124.4
12690,treatment,mobile,0,235.99,40.99
15442,treatment,tablet,0,211.81,89.27
8712,control,mobile,0,260.49,70.49
8893,control,mobile,0,180.13,116.92
12620,treatment,mobile,0,242.05,49.84
3250,treatment,desktop,0,222.69,40.04
1451,control,desktop,0,222.99,57.24
5408,treatment,desktop,0,209.01,130.15
8349,control,mobile,0,172.5,48.92
7575,control,mobile,0,267.85,10.04
2908,control,desktop,0,179.34,32.68
1204,control,desktop,0,185.79,40.62
12213,treatment,mobile,0,246.83,134.9
13894,control,tablet,1,213.88,24.06
4510,treatment,desktop,0,177.39,23.14
2883,control,desktop,0,203.99,39.5
12078,treatment,mobile,0,248.82,32.01
11772,treatment,mobile,0,255.07,48.62
3412,treatment,desktop,0,177.36,91.9
208,control,desktop,0,149.9,32.52
3999,treatment,desktop,0,229.41,35.56
760,control,desktop,0,195.41,62.05
9857,control,mobile,1,216.93,141.72
8694,control,mobile,0,268.3,23.63
12621,treatment,mobile,0,189.2,22.73
12971,treatment,mobile,0,204.04,65.3
5064,treatment,desktop,0,145.0,55.87
9635,control,mobile,0,186.58,76.11
13650,control,tablet,0,249.76,39.01
5578,treatment,desktop,0,255.96,30.84
12056,treatment,mobile,0,155.73,44.59
13291,treatment,mobile,0,196.48,109.0
3513,treatment,desktop,0,216.26,55.58
8705,control,mobile,0,280.33,113.34
3164,control,desktop,0,233.71,55.59
1018,control,desktop,0,240.2,105.56
12907,treatment,mobile,0,250.35,80.04
11294,treatment,mobile,0,186.95,138.37
817,control,desktop,0,157.51,58.37
12595,treatment,mobile,0,201.76,81.81
9437,control,mobile,0,185.63,29.16
5970,treatment,desktop,0,208.08,34.9
9804,control,mobile,1,224.3,47.62
12844,treatment,mobile,0,224.97,34.43
3931,treatment,desktop,0,205.55,13.4
9652,control,mobile,0,200.83,88.87
12242,treatment,mobile,0,212.19,21.89
9400,control,mobile,0,284.2,30.38
13477,treatment,mobile,0,165.55,181.33
5647,treatment,desktop,0,233.71,53.45
1824,control,desktop,0,213.19,39.58
15575,treatment,tablet,0,219.71,25.84
5369,treatment,desktop,0,215.97,25.37
13154,treatment,mobile,0,270.69,43.91
14100,control,tablet,0,211.13,34.05
8926,control,mobile,0,271.73,71.48
1493,control,desktop,0,173.77,20.96
9261,control,mobile,0,228.65,74.85
15649,treatment,tablet,0,210.54,103.77
13140,treatment,mobile,0,234.85,68.24
10094,treatment,mobile,0,205.85,121.48
10661,treatment,mobile,0,201.47,51.6
3073,control,desktop,0,209.6,36.02
2795,control,desktop,0,213.67,85.84
1015,control,desktop,0,181.35,40.38
3173,control,desktop,0,231.51,54.17
11526,treatment,mobile,0,235.13,23.8
2066,control,desktop,0,169.44,47.4
12750,treatment,mobile,0,226.23,36.91
11836,treatment,mobile,0,234.23,64.85
12312,treatment,mobile,0,171.86,13.59
15928,treatment,tablet,0,180.48,27.28
11137,treatment,mobile,0,231.57,96.88
1855,control,desktop,0,209.8,18.71
2366,control,desktop,0,204.19,79.23
8733,control,mobile,0,203.82,55.0
12139,treatment,mobile,0,234.05,50.79
1410,control,desktop,0,175.87,55.83
8055,control,mobile,0,207.79,79.85
4956,treatment,desktop,0,243.68,53.84
6291,treatment,desktop,0,213.81,70.38
15040,treatment,tablet,0,216.13,67.19
13169,treatment,mobile,1,193.28,79.06
6350,treatment,desktop,0,194.13,50.7
7436,control,mobile,0,253.2,31.92
2101,control,desktop,0,193.27,91.35
10886,treatment,mobile,0,241.29,16.69
5706,treatment,desktop,0,231.81,61.32
2743,control,desktop,0,273.9,82.06
4178,treatment,desktop,1,226.22,71.77
12314,treatment,mobile,0,242.99,11.49
13324,treatment,mobile,0,223.4,46.67
459,control,desktop,0,254.42,34.34
5847,treatment,desktop,0,240.2,34.45
7652,control,mobile,0,193.75,41.18
5398,treatment,desktop,1,218.88,33.19
3519,treatment,desktop,0,205.52,52.31
11671,treatment,mobile,0,169.38,94.75
12622,treatment,mobile,0,204.99,44.39
9501,control,mobile,0,215.19,35.56
7867,control,mobile,0,201.23,68.8
8977,control,mobile,0,231.79,95.07
2983,control,desktop,1,179.89,32.15
13453,treatment,mobile,0,171.47,32.99
15262,treatment,tablet,0,198.16,104.84
13976,control,tablet,0,247.4,54.98
1906,control,desktop,0,197.18,48.43
6833,control,mobile,0,214.14,24.25
11433,treatment,mobile,0,172.8,60.44
187,control,desktop,0,246.38,120.46
9119,control,mobile,0,246.64,49.18
11556,treatment,mobile,0,227.12,56.58
8235,control,mobile,0,228.72,37.57
2863,control,desktop,0,229.85,76.87
10915,treatment,mobile,0,188.4,26.28
7225,control,mobile,0,266.24,52.82
3426,treatment,desktop,0,215.21,71.7
4175,treatment,desktop,0,152.69,60.46
6710,control,mobile,0,271.26,17.63
12131,treatment,mobile,1,279.99,88.63
5730,treatment,desktop,0,223.46,119.08
2923,control,desktop,0,215.37,37.4
12639,treatment,mobile,0,255.11,85.73
598,control,desktop,0,223.54,40.07
10602,treatment,mobile,0,181.01,37.27
13950,control,tablet,0,207.52,24.16
3187,control,desktop,0,210.3,31.9
1017,control,desktop,0,247.39,150.32
15267,treatment,tablet,0,141.8,108.26
6884,control,mobile,0,242.73,43.94
12221,treatment,mobile,0,233.86,42.23
3703,treatment,desktop,0,243.64,57.77
1503,control,desktop,0,250.84,26.79
9422,control,mobile,0,224.82,54.6
9740,control,mobile,0,189.29,43.64
14929,treatment,tablet,0,177.98,24.26
14161,control,tablet,0,214.89,37.29
11330,treatment,mobile,0,253.3,65.89
15369,treatment,tablet,0,205.88,13.64
8332,control,mobile,0,194.42,47.47
8116,control,mobile,0,256.37,107.55
5850,treatment,desktop,0,189.02,49.64
2045,control,desktop,0,245.7,55.14
7114,control,mobile,0,268.57,35.25
9235,control,mobile,0,239.85,41.52
8814,control,mobile,0,235.28,71.03
7701,control,mobile,0,154.17,30.15
14970,treatment,tablet,0,183.22,60.28
12674,treatment,mobile,0,267.4,38.38
6470,control,mobile,0,208.34,39.93
11416,treatment,mobile,0,250.03,80.31
8943,control,mobile,0,209.93,56.76
10535,treatment,mobile,1,206.21,41.7
6393,treatment,desktop,0,259.03,44.25
12148,treatment,mobile,0,216.26,25.39
15891,treatment,tablet,0,170.63,56.9
6971,control,mobile,1,190.13,90.95
986,control,desktop,0,245.89,47.58
12475,treatment,mobile,0,188.06,29.45
12943,treatment,mobile,0,222.82,58.78
7721,control,mobile,0,233.96,49.08
2188,control,desktop,0,209.26,30.17
50,control,desktop,0,210.29,35.93
12736,treatment,mobile,1,226.55,21.36
8872,control,mobile,0,170.71,181.36
3220,treatment,desktop,0,212.37,72.57
795,control,desktop,0,254.48,57.53
13910,control,tablet,0,227.03,33.31
1115,control,desktop,0,214.68,65.79
5999,treatment,desktop,0,183.52,54.09
940,control,desktop,0,205.88,37.27
7935,control,mobile,0,221.52,71.54
1188,control,desktop,0,199.76,24.95
14314,control,tablet,1,241.09,74.87
316,control,desktop,0,213.85,35.69
3990,treatment,desktop,0,201.16,38.54
15176,treatment,tablet,0,243.42,54.79
10326,treatment,mobile,0,213.13,109.7
6574,control,mobile,1,213.6,37.44
1235,control,desktop,0,229.95,134.03
274,control,desktop,0,169.31,27.8
13928,control,tablet,0,137.7,152.88
6659,control,mobile,0,264.41,92.95
12438,treatment,mobile,0,217.08,36.72
1731,control,desktop,1,227.86,50.83
11541,treatment,mobile,0,218.51,62.29
12449,treatment,mobile,0,226.88,25.1
2303,control,desktop,0,206.7,145.13
9273,control,mobile,0,237.79,58.86
2440,control,desktop,0,237.96,46.74
8720,control,mobile,0,191.61,78.68
9325,control,mobile,0,230.52,104.4
4213,treatment,desktop,0,202.0,42.06
4115,treatment,desktop,0,235.3,78.71
12436,treatment,mobile,0,238.85,75.3
15117,treatment,tablet,0,214.09,30.35
10656,treatment,mobile,0,153.52,28.03
6926,control,mobile,0,242.46,42.79
9416,control,mobile,0,243.78,82.17
15341,treatment,tablet,0,208.22,41.95
1366,control,desktop,0,219.21,49.73
311,control,desktop,0,223.26,55.45
1125,control,desktop,0,191.41,43.42
112,control,desktop,0,217.85,86.05
908,control,desktop,0,280.36,34.99
2621,control,desktop,0,191.89,26.5
11831,treatment,mobile,0,216.89,102.5
974,control,desktop,0,218.62,28.48
11350,treatment,mobile,0,214.72,18.14
12481,treatment,mobile,0,181.0,31.86
12160,treatment,mobile,0,216.95,33.37
10851,treatment,mobile,0,277.35,65.46
1331,control,desktop,0,234.64,67.34
10892,treatment,mobile,0,231.32,38.59
6262,treatment,desktop,1,240.6,67.72
9183,control,mobile,0,183.35,50.46
8261,control,mobile,0,268.64,24.78
12675,treatment,mobile,0,175.56,29.54
13847,control,tablet,0,211.21,35.03
12735,treatment,mobile,0,209.55,104.08
11691,treatment,mobile,1,220.18,82.47
12440,treatment,mobile,0,220.62,26.93
11559,treatment,mobile,1,226.59,102.03
3475,treatment,desktop,0,218.99,44.31
4405,treatment,desktop,0,232.74,48.8
13229,treatment,mobile,0,211.4,115.99
14481,control,tablet,0,184.86,56.09
14379,control,tablet,1,195.39,66.32
8457,control,mobile,0,221.04,40.08
1024,control,desktop,0,151.76,32.22
11592,treatment,mobile,0,197.4,69.67
2879,control,desktop,0,220.45,79.63
9923,control,mobile,0,229.41,72.98
3638,treatment,desktop,0,225.89,26.23
1885,control,desktop,1,246.35,38.54
8153,control,mobile,0,196.97,28.53
1944,control,desktop,0,197.11,29.07
1457,control,desktop,0,153.66,93.11
394,control,desktop,0,230.01,22.99
6850,control,mobile,0,178.8,61.12
5721,treatment,desktop,0,214.81,36.18
1598,control,desktop,0,245.69,42.44
8324,control,mobile,0,164.32,48.79
13959,control,tablet,0,248.23,31.43
7844,control,mobile,0,232.84,37.34
14383,control,tablet,0,227.45,56.19
13881,control,tablet,0,207.67,48.87
2477,control,desktop,0,171.7,62.89
7999,control,mobile,0,206.8,26.2
9297,control,mobile,0,250.35,35.11
12666,treatment,mobile,0,167.73,91.87
7145,control,mobile,0,197.26,70.42
2200,control,desktop,0,210.62,54.17
11247,treatment,mobile,0,246.6,28.78
13354,treatment,mobile,0,221.06,36.73
3467,treatment,desktop,0,161.87,34.18
13574,treatment,mobile,0,255.33,73.91
8288,control,mobile,0,216.39,41.93
13281,treatment,mobile,0,215.55,35.89
13444,treatment,mobile,0,196.8,71.75
12609,treatment,mobile,1,177.67,73.01
11729,treatment,mobile,0,254.44,127.98
3894,treatment,desktop,0,167.64,17.19
4987,treatment,desktop,0,219.9,59.62
13024,treatment,mobile,0,201.36,55.69
2755,control,desktop,0,199.71,23.16
9708,control,mobile,0,189.62,73.09
330,control,desktop,0,217.35,37.61
7377,control,mobile,0,195.18,54.51
630,control,desktop,0,216.45,23.68
11921,treatment,mobile,1,231.26,58.92
7326,control,mobile,0,227.3,44.84
15685,treatment,tablet,0,263.02,83.91
3745,treatment,desktop,0,229.1,50.73
11323,treatment,mobile,0,170.96,115.16
10771,treatment,mobile,0,208.14,25.74
5910,treatment,desktop,0,175.48,40.58
14285,control,tablet,0,249.89,37.79
8320,control,mobile,0,215.12,59.19
1412,control,desktop,0,271.58,69.13
8594,control,mobile,0,232.47,23.72
2803,control,desktop,0,204.64,34.72
12515,treatment,mobile,0,162.37,111.32
3185,control,desktop,0,211.01,93.21
9408,control,mobile,0,225.87,54.04
5424,treatment,desktop,0,214.29,88.64
9018,control,mobile,0,182.78,79.18
14425,control,tablet,0,215.86,65.1
4305,treatment,desktop,0,246.58,97.37
872,control,desktop,0,227.8,60.83
9118,control,mobile,0,260.64,28.1
6648,control,mobile,0,199.52,28.1
1059,control,desktop,0,202.86,41.56
10089,treatment,mobile,0,196.77,37.1
11420,treatment,mobile,0,200.5,58.28
8443,control,mobile,0,287.54,22.68
500,control,desktop,0,178.07,46.62
13681,control,tablet,0,195.11,47.21
3197,control,desktop,0,223.15,56.19
14475,control,tablet,0,169.45,35.62
9813,control,mobile,0,251.12,58.34
8083,control,mobile,0,212.33,99.81
15980,treatment,tablet,1,313.58,32.61
13319,treatment,mobile,0,241.44,44.82
3278,treatment,desktop,0,268.36,27.28
11064,treatment,mobile,0,278.05,88.95
9353,control,mobile,0,205.74,38.24
10572,treatment,mobile,0,216.94,30.89
13284,treatment,mobile,1,196.61,79.44
14056,control,tablet,0,209.42,53.01
8589,control,mobile,0,232.59,40.08
10339,treatment,mobile,0,243.6,37.8
11925,treatment,mobile,0,214.18,75.04
13099,treatment,mobile,0,191.13,23.45
8452,control,mobile,0,216.59,64.46
12116,treatment,mobile,0,196.77,44.87
15824,treatment,tablet,0,248.62,47.54
175,control,desktop,1,241.16,60.14
3129,control,desktop,0,232.55,46.32
14947,treatment,tablet,1,273.83,68.25
13548,treatment,mobile,0,177.52,45.03
9441,control,mobile,0,134.29,78.02
2448,control,desktop,1,276.31,47.04
2942,control,desktop,0,224.55,35.76
8459,control,mobile,0,209.23,123.34
9467,control,mobile,0,235.09,87.8
8522,control,mobile,0,187.18,93.62
11063,treatment,mobile,1,230.77,41.28
5771,treatment,desktop,0,250.71,93.33
15308,treatment,tablet,0,259.17,30.38
6736,control,mobile,0,194.67,73.15
8558,control,mobile,0,254.69,40.41
3615,treatment,desktop,0,180.2,43.43
6953,control,mobile,0,231.66,73.3
9240,control,mobile,0,203.87,113.03
7704,control,mobile,1,236.73,65.49
4414,treatment,desktop,1,202.41,68.07
6249,treatment,desktop,0,227.83,84.69
12587,treatment,mobile,0,227.27,23.59
1067,control,desktop,0,260.22,50.2
4979,treatment,desktop,0,190.17,58.91
5946,treatment,desktop,1,249.41,32.74
3654,treatment,desktop,0,221.81,33.73
1319,control,desktop,0,253.31,25.58
7989,control,mobile,0,203.93,33.57
14011,control,tablet,0,216.68,25.67
7551,control,mobile,0,236.52,19.25
1387,control,desktop,0,221.55,34.01
1351,control,desktop,0,197.28,120.74
13338,treatment,mobile,0,218.15,71.57
3147,control,desktop,0,213.45,55.44
9821,control,mobile,0,239.65,27.09
6377,treatment,desktop,0,220.55,74.13
2335,control,desktop,0,211.29,94.5
7787,control,mobile,0,209.56,36.84
479,control,desktop,0,215.22,28.06
5901,treatment,desktop,0,219.28,64.7
4209,treatment,desktop,0,202.66,44.42
7330,control,mobile,0,238.29,38.79
9450,control,mobile,1,182.23,32.07
5782,treatment,desktop,0,266.61,41.58
14900,treatment,tablet,0,181.06,29.21
12608,treatment,mobile,0,179.81,43.22
10171,treatment,mobile,0,276.56,45.5
10898,treatment,mobile,1,249.13,33.54
9828,control,mobile,0,205.11,21.53
1687,control,desktop,0,275.66,47.07
8805,control,mobile,0,222.1,107.49
12877,treatment,mobile,0,192.19,28.28
8767,control,mobile,0,200.89,82.34
159,control,desktop,0,217.09,76.45
5281,treatment,desktop,1,231.03,96.51
8246,control,mobile,0,166.71,38.63
7151,control,mobile,1,227.57,108.81
14609,control,tablet,0,189.2,29.44
8483,control,mobile,0,214.11,38.41
11785,treatment,mobile,1,200.42,39.06
10374,treatment,mobile,0,230.8,51.11
2148,control,desktop,0,233.65,29.66
5270,treatment,desktop,0,247.78,99.19
13878,control,tablet,0,197.57,87.45
12754,treatment,mobile,0,207.36,47.29
9847,control,mobile,0,206.21,14.09
1545,control,desktop,0,211.89,88.77
6592,control,mobile,1,179.53,31.71
8197,control,mobile,0,215.29,73.12
13543,treatment,mobile,0,224.2,55.3
9666,control,mobile,0,229.38,81.84
2771,control,desktop,0,196.08,48.87
8898,control,mobile,0,231.8,33.41
3133,control,desktop,0,232.88,47.03
3441,treatment,desktop,0,190.89,104.52
6828,control,mobile,0,243.03,24.8
998,control,desktop,0,279.48,46.99
12245,treatment,mobile,0,185.93,72.89
3540,treatment,desktop,0,260.15,85.01
5161,treatment,desktop,1,215.29,37.35
5791,treatment,desktop,0,209.5,39.44
14564,control,tablet,0,213.3,31.87
8583,control,mobile,0,235.11,22.26
12663,treatment,mobile,0,246.77,28.68
2560,control,desktop,0,228.64,45.73
3074,control,desktop,0,269.78,42.8
4896,treatment,desktop,0,228.4,63.99
4662,treatment,desktop,0,258.49,58.1
7593,control,mobile,0,265.92,163.33
4777,treatment,desktop,0,252.73,32.19
1612,control,desktop,0,231.56,42.87
5610,treatment,desktop,0,262.95,69.44
2523,control,desktop,0,232.59,103.37
14592,control,tablet,1,207.43,110.74
14915,treatment,tablet,0,213.16,24.23
15591,treatment,tablet,0,168.21,45.32
8519,control,mobile,0,208.3,146.26
3542,treatment,desktop,0,223.56,35.36
4957,treatment,desktop,1,238.24,62.2
11714,treatment,mobile,0,232.48,50.75
7352,control,mobile,0,213.62,107.88
1020,control,desktop,0,258.48,44.8
6788,control,mobile,1,171.7,43.0
999,control,desktop,0,255.27,54.73
15071,treatment,tablet,0,237.34,45.0
13993,control,tablet,0,305.5,47.64
3927,treatment,desktop,0,281.24,54.1
11962,treatment,mobile,1,248.76,21.72
14142,control,tablet,0,220.29,57.8
15974,treatment,tablet,0,202.0,29.88
8009,control,mobile,0,151.45,57.28
4132,treatment,desktop,0,219.33,88.2
5124,treatment,desktop,0,217.21,79.85
10654,treatment,mobile,0,223.36,72.64
15426,treatment,tablet,0,240.31,25.96
4445,treatment,desktop,0,254.27,8.12
2264,control,desktop,0,220.71,37.26
1524,control,desktop,0,226.99,27.23
11652,treatment,mobile,1,228.87,45.74
8302,control,mobile,0,193.12,20.18
12756,treatment,mobile,0,192.74,31.02
5306,treatment,desktop,0,187.87,130.61
13942,control,tablet,0,183.17,102.41
1564,control,desktop,0,212.56,91.03
10765,treatment,mobile,0,265.47,59.91
15758,treatment,tablet,0,166.13,148.94
13646,control,tablet,0,207.71,41.55
2819,control,desktop,0,243.9,28.78
10077,treatment,mobile,0,215.78,22.45
12678,treatment,mobile,1,158.2,76.29
12708,treatment,mobile,0,206.62,30.72
13185,treatment,mobile,0,264.48,51.02
9454,control,mobile,0,208.9,46.95
2848,control,desktop,0,202.87,65.55
3263,treatment,desktop,0,188.65,77.84
2417,control,desktop,0,225.25,42.96
8039,control,mobile,0,233.99,19.69
8334,control,mobile,0,206.96,38.85
2801,control,desktop,0,260.44,31.07
13118,treatment,mobile,0,230.96,35.51
4476,treatment,desktop,0,251.43,32.65
1517,control,desktop,0,178.83,29.77
2877,control,desktop,0,234.51,92.19
4587,treatment,desktop,0,216.11,39.06
7315,control,mobile,0,207.03,10.15
5143,treatment,desktop,1,219.6,45.34
9083,control,mobile,0,266.68,43.48
11883,treatment,mobile,0,242.29,25.5
15521,treatment,tablet,0,259.99,47.32
11150,treatment,mobile,1,252.32,24.99
3865,treatment,desktop,0,190.42,20.67
1671,control,desktop,0,230.3,30.9
5371,treatment,desktop,0,198.37,91.56
3104,control,desktop,0,188.95,37.93
8529,control,mobile,0,224.12,44.41
11629,treatment,mobile,0,196.05,27.11
1887,control,desktop,0,212.76,38.84
13155,treatment,mobile,0,197.53,38.01
10939,treatment,mobile,0,267.07,48.95
2353,control,desktop,0,213.68,58.47
12909,treatment,mobile,0,227.83,69.22
1652,control,desktop,0,234.55,64.38
1555,control,desktop,0,258.68,53.74
10324,treatment,mobile,0,270.63,105.93
8149,control,mobile,0,236.29,15.64
8742,control,mobile,0,180.31,20.59
10731,treatment,mobile,0,176.44,78.46
6684,control,mobile,0,242.28,132.75
12070,treatment,mobile,0,223.89,44.88
8134,control,mobile,0,156.08,67.8
1263,control,desktop,0,213.59,51.5
10735,treatment,mobile,0,220.76,40.32
2336,control,desktop,0,232.57,75.21
2881,control,desktop,0,219.35,60.91
4520,treatment,desktop,0,207.98,49.98
13603,control,tablet,0,248.48,55.24
9330,control,mobile,0,195.22,70.06
4444,treatment,desktop,0,195.03,45.54
3123,control,desktop,0,218.4,70.28
4060,treatment,desktop,0,184.36,69.7
7574,control,mobile,0,261.71,80.61
4363,treatment,desktop,0,208.97,67.26
9484,control,mobile,0,266.27,25.57
15438,treatment,tablet,0,197.44,35.14
13432,treatment,mobile,0,279.77,26.72
14283,control,tablet,0,213.79,43.99
5234,treatment,desktop,0,238.98,57.63
10184,treatment,mobile,0,169.97,58.11
772,control,desktop,0,238.65,76.28
4700,treatment,desktop,0,256.92,33.85
1898,control,desktop,0,218.98,35.23
7037,control,mobile,0,284.3,35.37
11773,treatment,mobile,0,214.91,49.02
2053,control,desktop,0,224.54,53.2
5977,treatment,desktop,0,265.83,41.4
8485,control,mobile,0,211.27,65.95
13886,control,tablet,1,194.99,116.37
13257,treatment,mobile,0,197.97,54.04
6990,control,mobile,0,253.69,37.74
56,control,desktop,0,261.94,47.57
7824,control,mobile,0,210.52,69.01
8472,control,mobile,0,232.65,43.59
7381,control,mobile,0,191.91,34.11
14559,control,tablet,0,178.55,20.46
4383,treatment,desktop,1,215.36,34.56
7833,control,mobile,0,234.32,75.7
4323,treatment,desktop,0,163.78,84.29
3325,treatment,desktop,0,152.65,68.7
6838,control,mobile,0,289.42,50.34
4592,treatment,desktop,0,249.31,55.67
4014,treatment,desktop,1,276.66,128.58
12729,treatment,mobile,0,257.77,55.51
13560,treatment,mobile,0,200.83,36.93
3824,treatment,desktop,0,239.94,85.19
2616,control,desktop,0,191.3,84.87
13040,treatment,mobile,0,203.65,33.77
14027,control,tablet,0,293.04,44.11
15681,treatment,tablet,0,202.63,60.21
15017,treatment,tablet,0,220.64,27.29
8173,control,mobile,1,150.21,53.54
3794,treatment,desktop,0,258.55,12.16
7241,control,mobile,0,227.66,41.33
7196,control,mobile,0,248.86,51.29
5743,treatment,desktop,0,251.6,72.6
1627,control,desktop,0,178.0,80.01
2121,control,desktop,0,198.16,44.3
1916,control,desktop,0,215.56,34.84
8058,control,mobile,0,177.34,67.34
3792,treatment,desktop,0,144.07,41.45
658,control,desktop,0,231.6,35.28
8023,control,mobile,0,196.25,23.25
3379,treatment,desktop,1,213.81,53.16
4778,treatment,desktop,0,186.11,33.26
7116,control,mobile,0,168.44,22.97
234,control,desktop,0,192.81,34.39
12901,treatment,mobile,0,233.39,87.77
7993,control,mobile,0,237.53,51.62
2074,control,desktop,0,200.2,33.07
10356,treatment,mobile,0,202.67,31.53
8354,control,mobile,0,228.62,41.0
2227,control,desktop,0,194.22,77.83
3039,control,desktop,0,191.11,34.9
14533,control,tablet,0,187.67,50.18
13141,treatment,mobile,0,225.88,16.77
8370,control,mobile,0,254.73,21.44
8239,control,mobile,0,252.23,53.06
13768,control,tablet,0,256.93,28.36
1832,control,desktop,0,195.97,20.8
15480,treatment,tablet,0,236.32,52.06
12099,treatment,mobile,0,222.65,21.17
10488,treatment,mobile,0,215.26,44.58
1626,control,desktop,0,184.66,41.35
6047,treatment,desktop,0,213.68,26.52
9566,control,mobile,0,217.15,72.06
10406,treatment,mobile,0,227.3,33.37
14148,control,tablet,0,205.19,51.4
15751,treatment,tablet,0,241.66,72.7
5145,treatment,desktop,0,201.24,48.03
2512,control,desktop,0,145.15,28.81
11711,treatment,mobile,0,229.83,46.21
7075,control,mobile,0,197.5,40.62
13591,treatment,mobile,0,244.14,45.69
12853,treatment,mobile,0,212.71,31.68
4513,treatment,desktop,0,254.56,28.87
7285,control,mobile,1,228.54,49.2
5758,treatment,desktop,0,161.48,15.96
15358,treatment,tablet,0,167.88,33.19
13812,control,tablet,0,190.43,99.0
4870,treatment,desktop,0,276.24,67.22
2613,control,desktop,0,216.15,57.2
14288,control,tablet,1,193.88,62.26
2971,control,desktop,0,202.03,98.16
5825,treatment,desktop,0,243.49,44.25
14966,treatment,tablet,0,232.78,55.52
9075,control,mobile,0,224.4,22.66
8726,control,mobile,0,237.62,26.75
1845,control,desktop,0,247.32,23.57
14206,control,tablet,0,271.71,86.35
12745,treatment,mobile,1,233.9,68.82
10895,treatment,mobile,0,217.01,29.95
13909,control,tablet,1,183.77,70.3
1002,control,desktop,0,215.79,78.2
11056,treatment,mobile,0,171.56,48.24
5813,treatment,desktop,0,246.92,92.47
15816,treatment,tablet,0,235.8,58.21
1095,control,desktop,0,260.23,36.29
8133,control,mobile,1,209.62,50.2
10758,treatment,mobile,0,263.16,71.86
11313,treatment,mobile,1,174.41,55.18
10700,treatment,mobile,0,229.17,19.34
11131,treatment,mobile,0,192.75,27.51
14095,control,tablet,0,235.82,34.57
12606,treatment,mobile,0,214.31,52.75
6277,treatment,desktop,0,151.51,24.29
13595,treatment,mobile,0,214.19,32.78
9258,control,mobile,0,171.81,55.78
15323,treatment,tablet,0,283.25,42.65
7883,control,mobile,0,215.41,23.22
15329,treatment,tablet,0,204.28,21.91
9997,control,mobile,0,169.53,45.3
5079,treatment,desktop,0,243.51,61.92
15490,treatment,tablet,1,201.26,33.39
1818,control,desktop,0,252.18,54.79
7635,control,mobile,1,200.95,83.6
10723,treatment,mobile,0,229.11,157.21
10284,treatment,mobile,0,262.24,80.73
4140,treatment,desktop,0,194.27,48.78
15371,treatment,tablet,0,251.61,28.02
10037,treatment,mobile,0,188.7,66.21
12329,treatment,mobile,0,255.96,97.45
2806,control,desktop,0,184.07,59.38
14468,control,tablet,0,212.59,48.41
9774,control,mobile,0,253.96,106.03
5411,treatment,desktop,0,215.28,58.45
2643,control,desktop,1,226.49,35.79
15721,treatment,tablet,0,217.62,62.13
11261,treatment,mobile,0,240.29,21.54
4854,treatment,desktop,0,230.56,61.03
7902,control,mobile,0,265.81,41.03
8572,control,mobile,0,245.64,63.28
9061,control,mobile,0,262.46,53.68
12742,treatment,mobile,0,202.58,32.34
13707,control,tablet,0,259.87,66.39
12308,treatment,mobile,1,185.21,91.86
1053,control,desktop,0,234.6,19.83
8734,control,mobile,0,200.52,20.42
5025,treatment,desktop,0,279.31,54.38
2151,control,desktop,0,213.22,29.14
5818,treatment,desktop,0,203.64,46.43
6390,treatment,desktop,0,275.56,23.32
1592,control,desktop,0,221.19,95.74
14213,control,tablet,0,166.95,42.65
7865,control,mobile,0,237.92,42.61
12973,treatment,mobile,0,262.12,24.44
2178,control,desktop,1,249.64,26.48
7392,control,mobile,1,245.62,93.62
14447,control,tablet,0,182.33,33.83
12602,treatment,mobile,1,231.26,30.53
4761,treatment,desktop,0,249.82,70.25
7101,control,mobile,0,260.13,57.1
15830,treatment,tablet,0,194.47,43.68
7173,control,mobile,0,212.27,94.92
256,control,desktop,0,226.14,91.74
6084,treatment,desktop,0,240.38,48.59
11700,treatment,mobile,0,270.32,103.98
9651,control,mobile,0,170.37,60.71
15868,treatment,tablet,0,211.53,60.65
8936,control,mobile,0,255.79,84.08
3041,control,desktop,0,207.93,48.57
7847,control,mobile,0,213.91,59.23
11065,treatment,mobile,0,197.79,42.99
4024,treatment,desktop,0,218.65,29.5
8344,control,mobile,0,209.52,42.51
6942,control,mobile,0,213.83,15.66
5464,treatment,desktop,0,180.74,27.78
4450,treatment,desktop,0,224.55,86.9
14455,control,tablet,0,191.79,49.82
5012,treatment,desktop,0,181.94,93.26
7952,control,mobile,1,274.79,127.65
8619,control,mobile,0,223.2,34.18
3199,control,desktop,0,192.61,57.37
3307,treatment,desktop,1,224.03,98.01
10098,treatment,mobile,0,233.07,34.12
13379,treatment,mobile,1,235.43,23.63
1230,control,desktop,0,230.81,48.61
3304,treatment,desktop,1,181.04,38.1
14261,control,tablet,0,152.68,157.24
110,control,desktop,0,228.41,40.72
10963,treatment,mobile,0,144.99,59.93
2165,control,desktop,0,255.02,119.29
8275,control,mobile,0,203.34,90.79
947,control,desktop,0,230.39,46.3
6646,control,mobile,0,236.93,58.15
15393,treatment,tablet,0,233.08,48.3
10040,treatment,mobile,0,211.82,36.5
11911,treatment,mobile,0,183.47,60.96
12760,treatment,mobile,0,221.84,69.75
15309,treatment,tablet,0,247.36,52.58
4185,treatment,desktop,0,155.04,42.06
15790,treatment,tablet,0,202.41,56.86
1897,control,desktop,0,233.71,19.19
15543,treatment,tablet,0,190.45,40.3
15944,treatment,tablet,0,244.89,59.07
3688,treatment,desktop,0,233.9,34.65
5609,treatment,desktop,1,191.88,50.36
8875,control,mobile,0,224.56,64.41
7951,control,mobile,0,263.42,79.96
13232,treatment,mobile,0,188.58,59.11
13183,treatment,mobile,0,241.5,67.25
7912,control,mobile,0,202.31,62.11
15387,treatment,tablet,0,180.17,35.37
14551,control,tablet,0,191.92,59.33
15408,treatment,tablet,0,241.72,55.07
6263,treatment,desktop,0,219.67,39.05
11986,treatment,mobile,0,232.78,72.34
12778,treatment,mobile,0,281.45,43.46
130,control,desktop,0,190.91,79.64
5257,treatment,desktop,0,206.13,74.74
586,control,desktop,0,285.58,48.63
5010,treatment,desktop,0,192.89,14.25
11263,treatment,mobile,0,248.17,21.38
6100,treatment,desktop,0,202.31,81.48
15496,treatment,tablet,0,185.64,48.86
1745,control,desktop,0,226.44,26.65
324,control,desktop,0,177.77,51.09
7452,control,mobile,0,200.29,50.76
10823,treatment,mobile,0,209.93,14.6
2998,control,desktop,1,242.99,63.83
11764,treatment,mobile,0,213.11,123.27
3232,treatment,desktop,0,181.43,30.7
5519,treatment,desktop,0,240.03,101.31
1962,control,desktop,0,232.38,58.24
5684,treatment,desktop,1,211.77,29.06
14242,control,tablet,0,220.87,69.63
7943,control,mobile,0,210.48,72.26
5425,treatment,desktop,0,218.05,47.9
4395,treatment,desktop,0,291.95,29.01
13527,treatment,mobile,0,231.98,30.63
306,control,desktop,1,241.02,59.85
8798,control,mobile,0,225.84,66.46
6190,treatment,desktop,0,223.12,44.0
10028,treatment,mobile,1,198.74,48.93
11893,treatment,mobile,0,216.79,37.64
14025,control,tablet,0,218.81,61.06
8978,control,mobile,0,239.07,56.79
8393,control,mobile,0,209.84,40.02
3778,treatment,desktop,0,254.54,75.72
15060,treatment,tablet,0,208.06,33.65
3561,treatment,desktop,0,270.24,45.85
14427,control,tablet,0,224.49,54.81
3722,treatment,desktop,0,239.73,67.99
77,control,desktop,0,266.84,117.43
10399,treatment,mobile,0,203.14,41.49
8910,control,mobile,1,223.53,43.55
7166,control,mobile,0,211.8,47.45
11265,treatment,mobile,0,231.59,57.63
1788,control,desktop,1,207.93,23.33
10519,treatment,mobile,0,262.19,76.9
7336,control,mobile,0,235.1,46.12
409,control,desktop,0,235.23,34.82
1227,control,desktop,0,244.15,53.38
30,control,desktop,0,195.22,25.63
5034,treatment,desktop,0,198.33,13.9
1110,control,desktop,0,230.32,56.51
3090,control,desktop,0,169.02,44.35
11088,treatment,mobile,0,218.54,36.14
8,control,desktop,0,189.88,79.85
14223,control,tablet,0,201.91,29.25
15419,treatment,tablet,0,237.96,86.95
8882,control,mobile,0,237.41,33.92
4127,treatment,desktop,0,252.53,37.47
11940,treatment,mobile,0,206.62,130.47
14864,treatment,tablet,1,254.52,26.08
13825,control,tablet,0,220.18,55.33
10394,treatment,mobile,0,189.66,45.71
15226,treatment,tablet,0,219.22,66.69
8164,control,mobile,0,212.92,114.21
9998,control,mobile,0,170.23,72.63
11229,treatment,mobile,0,218.84,75.82
15820,treatment,tablet,0,180.84,39.03
9068,control,mobile,0,209.73,52.8
13189,treatment,mobile,0,200.57,55.47
10316,treatment,mobile,1,166.68,86.16
6773,control,mobile,0,211.11,26.43
9393,control,mobile,0,188.72,43.81
7764,control,mobile,0,256.9,69.9
9993,control,mobile,0,213.57,29.24
7237,control,mobile,0,217.95,126.51
11747,treatment,mobile,0,260.73,38.88
8981,control,mobile,0,230.21,57.09
14927,treatment,tablet,0,221.12,108.48
8045,control,mobile,0,200.33,84.29
3125,control,desktop,0,192.14,25.86
1507,control,desktop,0,188.3,91.75
14018,control,tablet,0,208.12,55.9
13149,treatment,mobile,0,219.57,107.9
391,control,desktop,0,214.05,32.33
9423,control,mobile,0,222.75,53.8
799,control,desktop,0,223.88,80.01
10533,treatment,mobile,0,161.64,11.8
10733,treatment,mobile,0,260.19,71.41
5039,treatment,desktop,0,231.32,27.12
8491,control,mobile,0,166.19,27.07
11000,treatment,mobile,0,229.87,171.61
9411,control,mobile,0,250.67,29.45
4629,treatment,desktop,0,217.97,30.89
4247,treatment,desktop,0,169.42,25.61
4168,treatment,desktop,0,190.63,142.39
6731,control,mobile,0,249.51,53.24
11712,treatment,mobile,1,192.68,32.42
9579,control,mobile,0,191.08,120.65
8194,control,mobile,0,177.44,73.67
6240,treatment,desktop,0,202.52,11.95
8544,control,mobile,0,231.92,73.39
1186,control,desktop,0,227.86,33.25
12641,treatment,mobile,0,243.71,27.74
5321,treatment,desktop,0,161.71,23.34
3205,treatment,desktop,0,252.82,26.52
1720,control,desktop,0,198.84,23.65
9720,control,mobile,0,277.32,43.98
13159,treatment,mobile,0,185.43,52.19
11659,treatment,mobile,0,241.95,75.57
9456,control,mobile,0,217.6,57.12
13268,treatment,mobile,0,236.23,69.1
12616,treatment,mobile,0,188.14,52.15
8266,control,mobile,0,266.65,24.71
13704,control,tablet,0,227.05,25.41
2120,control,desktop,0,246.83,27.46
12617,treatment,mobile,0,267.41,43.19
14884,treatment,tablet,0,220.3,42.79
7744,control,mobile,0,236.93,61.32
3504,treatment,desktop,1,213.14,29.25
4797,treatment,desktop,0,222.2,15.62
100,control,desktop,0,191.16,50.41
3950,treatment,desktop,0,188.04,41.34
3262,treatment,desktop,0,223.01,72.04
341,control,desktop,0,256.42,19.33
8441,control,mobile,0,192.48,34.95
10375,treatment,mobile,0,223.37,70.67
1097,control,desktop,0,222.46,86.73
5859,treatment,desktop,0,168.33,48.43
6872,control,mobile,0,254.71,46.04
2057,control,desktop,0,226.15,98.19
12870,treatment,mobile,0,211.78,70.62
1473,control,desktop,1,205.04,52.88
13531,treatment,mobile,0,282.32,40.72
9663,control,mobile,0,164.86,48.71
7244,control,mobile,0,131.98,59.89
6453,control,mobile,0,225.66,37.26
9899,control,mobile,0,268.21,40.27
7964,control,mobile,0,228.56,24.27
12388,treatment,mobile,0,234.34,74.11
146,control,desktop,0,239.19,24.65
7775,control,mobile,0,223.98,33.81
10017,treatment,mobile,0,168.22,60.83
9130,control,mobile,0,207.63,92.3
5318,treatment,desktop,1,227.98,45.88
7789,control,mobile,0,237.74,32.17
4369,treatment,desktop,0,203.54,62.17
11225,treatment,mobile,0,188.51,78.76
1489,control,desktop,0,221.82,111.37
1056,control,desktop,0,250.76,40.49
3459,treatment,desktop,0,197.28,69.36
14507,control,tablet,1,220.93,23.92
2147,control,desktop,0,179.32,25.87
5098,treatment,desktop,0,188.41,58.12
11907,treatment,mobile,0,288.22,48.67
1778,control,desktop,0,199.25,59.55
3603,treatment,desktop,1,262.78,34.05
6035,treatment,desktop,0,181.36,59.96
8751,control,mobile,0,235.46,53.21
12230,treatment,mobile,0,229.42,19.36
8966,control,mobile,0,201.27,55.97
8656,control,mobile,0,215.85,52.55
12178,treatment,mobile,0,254.99,51.79
13524,treatment,mobile,0,275.67,47.03
8135,control,mobile,0,233.92,83.55
12519,treatment,mobile,0,205.25,12.54
7884,control,mobile,0,237.34,58.72
2172,control,desktop,0,213.02,40.8
12100,treatment,mobile,0,248.79,116.18
10629,treatment,mobile,0,215.0,49.41
6878,control,mobile,0,131.82,98.83
9248,control,mobile,0,202.75,35.58
15601,treatment,tablet,0,239.41,66.24
8847,control,mobile,0,196.23,67.26
8047,control,mobile,0,217.48,55.61
1585,control,desktop,0,256.59,49.89
7122,control,mobile,0,229.51,53.85
3223,treatment,desktop,0,238.75,18.84
4738,treatment,desktop,0,222.52,22.76
10300,treatment,mobile,0,229.15,37.91
10797,treatment,mobile,0,273.24,57.37
13585,treatment,mobile,0,237.63,51.73
11163,treatment,mobile,0,200.59,43.4
8945,control,mobile,0,225.68,59.86
319,control,desktop,1,193.21,58.07
3862,treatment,desktop,0,258.21,45.03
8060,control,mobile,1,176.3,35.39
13767,control,tablet,0,188.77,63.84
11651,treatment,mobile,0,190.39,109.64
15794,treatment,tablet,1,194.44,28.99
13638,control,tablet,0,213.48,75.89
6876,control,mobile,0,264.96,51.38
10315,treatment,mobile,0,197.73,25.86
4694,treatment,desktop,0,219.0,21.86
580,control,desktop,0,210.64,64.23
1091,control,desktop,0,251.03,69.69
10435,treatment,mobile,0,223.79,49.58
4998,treatment,desktop,0,230.1,54.15
7096,control,mobile,0,222.37,28.47
119,control,desktop,0,149.79,95.41
5363,treatment,desktop,0,218.4,36.89
3428,treatment,desktop,0,220.02,156.18
10079,treatment,mobile,1,313.57,106.8
5785,treatment,desktop,0,243.54,35.95
11014,treatment,mobile,0,244.44,29.22
6666,control,mobile,0,234.05,129.5
787,control,desktop,0,202.7,50.37
53,control,desktop,0,206.96,41.33
7333,control,mobile,0,229.46,44.85
8110,control,mobile,0,215.62,51.41
4412,treatment,desktop,0,212.23,67.28
13389,treatment,mobile,0,197.8,207.91
950,control,desktop,0,265.01,65.4
15764,treatment,tablet,0,234.73,62.1
10918,treatment,mobile,0,232.63,34.18
15766,treatment,tablet,0,224.62,56.95
9064,control,mobile,0,257.32,62.19
6925,control,mobile,0,246.22,44.71
11766,treatment,mobile,0,182.27,21.63
4841,treatment,desktop,1,260.09,78.8
11960,treatment,mobile,0,188.15,73.59
4867,treatment,desktop,0,164.77,26.54
11967,treatment,mobile,0,267.28,31.89
4487,treatment,desktop,0,172.58,53.05
5788,treatment,desktop,0,190.06,54.18
9596,control,mobile,0,199.48,45.79
3884,treatment,desktop,0,197.41,30.69
6923,control,mobile,0,272.09,73.55
11753,treatment,mobile,0,278.47,23.11
1986,control,desktop,0,181.64,88.8
6068,treatment,desktop,0,246.08,26.16
1102,control,desktop,0,185.55,29.18
10299,treatment,mobile,0,213.59,20.4
14069,control,tablet,1,233.48,49.28
11622,treatment,mobile,0,228.23,60.34
14672,control,tablet,0,239.02,47.94
8413,control,mobile,0,241.71,64.26
8912,control,mobile,0,163.35,105.79
6109,treatment,desktop,0,208.15,64.73
1751,control,desktop,0,200.23,95.9
13677,control,tablet,0,202.48,23.48
14405,control,tablet,0,200.09,56.95
2039,control,desktop,0,240.2,87.16
13211,treatment,mobile,0,299.38,64.7
5840,treatment,desktop,0,165.62,54.66
7794,control,mobile,0,188.27,37.45
3788,treatment,desktop,0,245.72,25.22
15202,treatment,tablet,0,204.54,60.11
15289,treatment,tablet,0,183.38,39.5
9370,control,mobile,0,219.7,54.13
13435,treatment,mobile,0,278.62,31.54
3829,treatment,desktop,0,157.25,83.28
7459,control,mobile,0,179.84,45.91
1153,control,desktop,0,225.96,30.06
9359,control,mobile,0,266.32,47.11
8826,control,mobile,0,193.73,57.72
455,control,desktop,0,191.55,15.19
13255,treatment,mobile,1,239.41,67.01
13471,treatment,mobile,0,222.29,79.32
11253,treatment,mobile,0,184.04,26.07
5048,treatment,desktop,0,200.34,50.63
6099,treatment,desktop,0,254.33,37.81
10223,treatment,mobile,0,211.88,47.2
4294,treatment,desktop,0,156.9,93.39
631,control,desktop,0,185.09,51.68
4717,treatment,desktop,1,220.62,35.12
5388,treatment,desktop,0,277.25,37.78
14837,treatment,tablet,0,177.83,48.47
1381,control,desktop,0,225.36,105.05
11709,treatment,mobile,0,169.37,104.71
6311,treatment,desktop,1,221.65,73.65
527,control,desktop,0,132.32,38.47
3083,control,desktop,0,225.94,37.17
174,control,desktop,1,253.73,102.29
15738,treatment,tablet,0,258.54,72.81
15749,treatment,tablet,0,167.14,135.48
12904,treatment,mobile,0,238.89,66.54
5208,treatment,desktop,0,184.45,34.5
11438,treatment,mobile,0,179.89,32.01
6152,treatment,desktop,0,201.88,62.58
13748,control,tablet,0,249.19,59.18
126,control,desktop,1,237.29,48.57
14509,control,tablet,0,238.23,45.27
266,control,desktop,1,243.61,20.47
4925,treatment,desktop,0,207.21,29.12
7714,control,mobile,0,240.17,27.97
1181,control,desktop,0,190.47,39.73
13353,treatment,mobile,0,214.82,23.81
8693,control,mobile,0,259.75,79.28
15512,treatment,tablet,0,233.56,94.68
12333,treatment,mobile,0,200.42,38.29
5278,treatment,desktop,0,187.85,97.06
14878,treatment,tablet,0,239.48,71.31
15878,treatment,tablet,0,177.69,54.37
7200,control,mobile,0,218.02,38.24
10922,treatment,mobile,0,205.14,61.14
7984,control,mobile,0,259.21,60.95
5259,treatment,desktop,0,271.15,57.91
595,control,desktop,0,235.76,54.68
10560,treatment,mobile,0,156.23,36.31
4081,treatment,desktop,0,201.76,41.34
5787,treatment,desktop,0,211.18,45.91
963,control,desktop,0,262.47,38.39
14666,control,tablet,0,206.71,37.07
11532,treatment,mobile,0,229.05,64.02
3299,treatment,desktop,0,162.65,49.05
117,control,desktop,0,298.91,66.53
7966,control,mobile,0,187.31,20.65
12348,treatment,mobile,0,254.51,138.01
6917,control,mobile,0,206.79,51.11
1722,control,desktop,0,198.31,68.49
7067,control,mobile,0,246.58,41.52
14099,control,tablet,0,245.06,116.3
6406,control,mobile,0,166.31,63.54
11297,treatment,mobile,0,241.15,55.47
13233,treatment,mobile,0,274.12,20.34
8342,control,mobile,0,201.47,37.71
10643,treatment,mobile,0,170.05,50.28
417,control,desktop,0,198.15,53.52
12023,treatment,mobile,0,272.47,169.11
10821,treatment,mobile,0,235.43,29.77
232,control,desktop,0,206.46,38.27
5577,treatment,desktop,0,242.75,74.09
3944,treatment,desktop,0,172.25,29.38
4191,treatment,desktop,1,257.36,33.35
6041,treatment,desktop,0,235.4,16.88
2940,control,desktop,0,232.03,50.64
10816,treatment,mobile,0,242.08,58.85
9007,control,mobile,0,225.4,62.16
11628,treatment,mobile,0,231.89,69.68
5116,treatment,desktop,0,223.26,34.04
818,control,desktop,0,194.08,57.22
12767,treatment,mobile,0,231.54,90.32
4123,treatment,desktop,1,207.27,78.85
14165,control,tablet,0,211.42,71.62
1931,control,desktop,0,232.17,37.13
5548,treatment,desktop,0,211.56,36.2
816,control,desktop,0,229.88,54.65
2433,control,desktop,0,211.23,22.21
15637,treatment,tablet,0,231.58,34.99
10803,treatment,mobile,0,220.39,68.91
3059,control,desktop,0,209.14,86.23
8564,control,mobile,0,181.12,42.66
14522,control,tablet,0,227.15,37.86
15961,treatment,tablet,0,174.1,59.4
1212,control,desktop,0,260.27,114.95
5110,treatment,desktop,0,250.86,60.66
3978,treatment,desktop,0,228.29,35.1
14561,control,tablet,0,215.92,90.23
8361,control,mobile,1,206.61,30.32
11839,treatment,mobile,0,222.81,26.4
2299,control,desktop,0,119.83,124.13
8964,control,mobile,0,207.61,42.63
4411,treatment,desktop,0,221.28,38.03
6014,treatment,desktop,0,198.76,136.06
14418,control,tablet,0,271.46,58.18
12927,treatment,mobile,0,198.62,140.89
9641,control,mobile,0,182.08,118.89
7393,control,mobile,0,193.17,68.98
4321,treatment,desktop,0,203.52,31.99
646,control,desktop,0,213.1,41.8
11881,treatment,mobile,0,168.24,64.39
2035,control,desktop,0,249.88,46.24
8114,control,mobile,0,254.88,17.09
924,control,desktop,0,215.7,114.52
4151,treatment,desktop,0,248.27,61.01
7455,control,mobile,0,216.52,47.7
4241,treatment,desktop,1,143.39,51.84
11795,treatment,mobile,1,248.03,22.97
3558,treatment,desktop,0,254.16,44.88
9023,control,mobile,0,214.45,56.65
8221,control,mobile,0,184.67,29.32
3727,treatment,desktop,0,225.62,77.01
13264,treatment,mobile,0,217.81,55.46
1256,control,desktop,0,207.71,60.1
6720,control,mobile,0,210.36,44.94
246,control,desktop,0,235.19,44.53
4386,treatment,desktop,0,203.52,70.99
2333,control,desktop,0,229.6,52.88
125,control,desktop,0,274.13,23.1
2242,control,desktop,0,262.02,43.9
898,control,desktop,0,173.97,20.66
11947,treatment,mobile,0,235.0,39.19
4016,treatment,desktop,0,239.42,12.65
3842,treatment,desktop,1,262.95,41.29
14843,treatment,tablet,0,243.76,17.47
14449,control,tablet,0,231.1,25.36
11331,treatment,mobile,1,167.61,36.39
15195,treatment,tablet,0,253.03,34.29
2563,control,desktop,0,260.82,40.47
2539,control,desktop,0,212.02,43.66
1902,control,desktop,0,202.65,106.6
3309,treatment,desktop,0,215.32,48.36
575,control,desktop,0,265.61,38.39
2722,control,desktop,0,227.81,45.56
9819,control,mobile,0,204.59,161.54
15815,treatment,tablet,1,232.97,34.43
4473,treatment,desktop,1,207.62,40.93
3264,treatment,desktop,1,197.82,53.57
12170,treatment,mobile,0,178.78,5784.67
9008,control,mobile,0,236.2,50.82
7741,control,mobile,0,249.21,100.33
3483,treatment,desktop,0,232.7,103.77
13365,treatment,mobile,0,174.78,24.75
1167,control,desktop,0,209.23,44.97
3941,treatment,desktop,0,178.75,41.26
9366,control,mobile,0,179.44,72.04
9943,control,mobile,0,240.29,22.81
15112,treatment,tablet,0,220.69,18.89
6987,control,mobile,0,248.71,54.09
1847,control,desktop,0,268.49,41.8
4243,treatment,desktop,0,242.17,24.91
4075,treatment,desktop,0,227.02,96.64
997,control,desktop,0,175.75,41.7
10427,treatment,mobile,1,195.99,63.58
11022,treatment,mobile,0,227.83,22.28
437,control,desktop,0,253.49,44.63
7447,control,mobile,0,215.75,38.39
15107,treatment,tablet,0,200.41,24.59
1262,control,desktop,0,212.67,43.72
8188,control,mobile,0,208.78,48.29
14686,control,tablet,0,247.84,53.02
10673,treatment,mobile,0,214.05,51.37
3712,treatment,desktop,0,241.99,75.92
10845,treatment,mobile,0,213.39,77.18
4851,treatment,desktop,0,249.56,90.45
3588,treatment,desktop,0,238.69,71.66
5451,treatment,desktop,1,186.8,58.0
671,control,desktop,0,246.21,162.15
11143,treatment,mobile,0,199.76,16.56
7263,control,mobile,1,217.82,64.99
12044,treatment,mobile,0,217.47,30.98
13060,treatment,mobile,0,218.01,97.36
3675,treatment,desktop,0,291.19,40.29
3951,treatment,desktop,1,179.87,54.7
7957,control,mobile,1,244.23,29.12
8347,control,mobile,0,218.87,35.43
13265,treatment,mobile,0,179.27,30.5
15042,treatment,tablet,0,215.64,35.52
14989,treatment,tablet,0,169.59,33.27
9157,control,mobile,0,249.63,32.76
5966,treatment,desktop,0,216.06,43.22
3773,treatment,desktop,0,209.3,21.87
5828,treatment,desktop,0,190.12,68.56
3355,treatment,desktop,0,213.68,62.3
3342,treatment,desktop,0,232.7,34.02
2203,control,desktop,0,193.84,47.06
5423,treatment,desktop,0,242.42,22.27
12700,treatment,mobile,0,223.26,49.96
10211,treatment,mobile,0,175.07,31.19
694,control,desktop,0,221.42,59.81
1521,control,desktop,0,254.11,53.91
5216,treatment,desktop,0,212.92,17.1
10668,treatment,mobile,0,181.53,60.02
13423,treatment,mobile,0,263.6,75.41
13487,treatment,mobile,1,210.94,37.73
15726,treatment,tablet,0,207.23,51.04
13771,control,tablet,0,266.26,90.69
11125,treatment,mobile,0,205.9,20.58
10696,treatment,mobile,0,214.61,48.63
1766,control,desktop,0,226.74,20.27
15621,treatment,tablet,0,189.31,47.53
6250,treatment,desktop,0,251.04,27.53
7713,control,mobile,0,206.25,39.89
1178,control,desktop,0,232.15,42.85
5396,treatment,desktop,0,189.37,64.67
10769,treatment,mobile,0,222.48,59.93
7623,control,mobile,0,200.41,3718.11
3084,control,desktop,0,237.66,48.92
15987,treatment,tablet,0,250.06,183.92
9812,control,mobile,0,198.22,51.97
6819,control,mobile,0,234.45,36.85
525,control,desktop,0,243.45,8.5
2999,control,desktop,1,204.61,50.96
12739,treatment,mobile,0,222.48,56.47
3720,treatment,desktop,0,280.24,25.99
9856,control,mobile,0,232.14,100.06
2788,control,desktop,0,209.93,136.85
9932,control,mobile,0,210.01,46.28
4309,treatment,desktop,0,274.71,78.56
15989,treatment,tablet,1,214.11,63.72
5075,treatment,desktop,0,196.76,62.19
6842,control,mobile,0,208.72,39.0
240,control,desktop,0,228.17,41.26
782,control,desktop,0,189.83,57.82
1307,control,desktop,0,243.64,91.01
6991,control,mobile,0,220.68,36.97
2828,control,desktop,1,194.5,57.8
5299,treatment,desktop,0,202.13,23.79
1337,control,desktop,0,268.15,52.55
15306,treatment,tablet,1,202.74,76.72
4161,treatment,desktop,0,169.79,77.86
1461,control,desktop,0,230.79,73.62
13119,treatment,mobile,0,271.0,48.56
10332,treatment,mobile,1,233.15,55.63
7737,control,mobile,0,180.84,35.97
1159,control,desktop,0,205.17,37.4
3632,treatment,desktop,0,203.3,48.55
978,control,desktop,0,237.91,47.71
3176,control,desktop,0,202.29,80.2
11566,treatment,mobile,0,181.08,77.77
7394,control,mobile,0,193.11,34.42
1272,control,desktop,0,222.44,80.02
902,control,desktop,0,229.15,95.57
5235,treatment,desktop,0,196.88,71.97
12161,treatment,mobile,0,223.06,149.08
14857,treatment,tablet,1,212.37,41.88
9114,control,mobile,0,196.37,45.09
4076,treatment,desktop,0,243.43,41.39
7010,control,mobile,0,173.81,37.25
3647,treatment,desktop,0,216.4,46.63
4860,treatment,desktop,0,159.8,64.9
13089,treatment,mobile,0,223.55,55.23
1732,control,desktop,1,231.0,44.47
14815,treatment,tablet,0,180.06,75.97
12464,treatment,mobile,0,245.78,44.51
14712,control,tablet,0,177.71,68.37
6672,control,mobile,0,208.02,64.48
15322,treatment,tablet,0,228.03,46.13
5862,treatment,desktop,0,200.17,19.34
3018,control,desktop,0,222.76,38.97
7229,control,mobile,1,150.62,33.35
4350,treatment,desktop,0,194.36,35.61
10810,treatment,mobile,0,233.67,5412.14
8792,control,mobile,0,195.33,66.78
13161,treatment,mobile,0,213.25,29.88
13919,control,tablet,0,260.88,51.38
6839,control,mobile,0,228.02,70.77
7798,control,mobile,0,296.68,33.91
3708,treatment,desktop,0,213.06,34.01
2521,control,desktop,0,171.57,25.89
805,control,desktop,0,230.4,50.87
14228,control,tablet,1,213.73,52.49
2630,control,desktop,0,237.91,96.61
14110,control,tablet,0,232.38,55.48
13090,treatment,mobile,0,181.29,80.15
11824,treatment,mobile,0,198.04,50.66
14503,control,tablet,0,178.96,29.72
1140,control,desktop,0,181.01,128.81
9558,control,mobile,0,193.61,19.72
15555,treatment,tablet,0,162.77,76.2
11259,treatment,mobile,0,213.15,42.29
3534,treatment,desktop,0,218.41,33.29
9073,control,mobile,0,219.92,73.27
1035,control,desktop,0,155.44,48.55
15991,treatment,tablet,0,249.83,63.88
2596,control,desktop,0,199.68,70.73
4833,treatment,desktop,0,206.43,173.69
9102,control,mobile,0,241.66,52.8
4706,treatment,desktop,0,212.34,49.8
9062,control,mobile,0,278.16,57.98
7694,control,mobile,0,241.07,103.15
11971,treatment,mobile,1,132.85,67.77
4755,treatment,desktop,0,243.89,46.69
3915,treatment,desktop,0,184.21,45.18
15694,treatment,tablet,1,211.46,92.07
72,control,desktop,0,238.99,39.62
13364,treatment,mobile,0,188.73,40.38
8574,control,mobile,0,247.1,38.85
10649,treatment,mobile,0,195.19,114.27
6587,control,mobile,0,217.11,25.18
1645,control,desktop,0,213.76,52.74
3172,control,desktop,0,227.8,86.91
15450,treatment,tablet,0,242.42,45.94
9699,control,mobile,0,182.87,32.83
5509,treatment,desktop,0,259.66,20.8
11895,treatment,mobile,0,224.93,22.04
4614,treatment,desktop,0,189.05,45.84
7453,control,mobile,0,241.54,82.35
12970,treatment,mobile,0,280.49,56.31
11406,treatment,mobile,0,261.91,32.9
4902,treatment,desktop,1,230.7,58.05
1792,control,desktop,0,222.97,65.4
677,control,desktop,0,210.23,30.81
2740,control,desktop,0,230.65,36.77
15070,treatment,tablet,0,254.77,35.84
3101,control,desktop,0,206.83,148.96
11031,treatment,mobile,0,230.36,46.28
9865,control,mobile,0,184.61,25.66
8105,control,mobile,0,247.35,118.16
11631,treatment,mobile,0,243.78,43.66
11870,treatment,mobile,0,227.8,25.06
7722,control,mobile,0,237.55,29.22
5455,treatment,desktop,1,190.97,47.36
12441,treatment,mobile,0,233.4,93.7
10744,treatment,mobile,0,176.62,17.99
14821,treatment,tablet,0,259.85,66.73
7611,control,mobile,0,234.39,53.05
5522,treatment,desktop,0,233.74,52.96
2011,control,desktop,0,168.25,45.5
3339,treatment,desktop,0,212.17,76.94
9179,control,mobile,0,232.77,57.73
397,control,desktop,0,247.77,40.76
10172,treatment,mobile,0,203.09,15.86
13542,treatment,mobile,0,212.9,44.08
12151,treatment,mobile,1,244.86,55.04
1257,control,desktop,1,238.66,77.77
7208,control,mobile,0,159.55,90.27
15230,treatment,tablet,0,204.04,72.12
1615,control,desktop,1,189.3,79.28
13868,control,tablet,0,275.23,35.59
10420,treatment,mobile,0,203.74,54.58
12299,treatment,mobile,0,226.62,25.9
11844,treatment,mobile,0,266.48,41.13
5138,treatment,desktop,0,182.55,34.3
3494,treatment,desktop,1,239.43,27.26
4690,treatment,desktop,0,210.74,70.68
5893,treatment,desktop,0,202.59,35.7
8617,control,mobile,0,225.05,130.25
11877,treatment,mobile,0,205.51,144.8
10039,treatment,mobile,0,217.09,51.9
11044,treatment,mobile,0,213.58,50.54
10882,treatment,mobile,1,168.47,83.19
4790,treatment,desktop,0,211.72,30.39
13925,control,tablet,0,241.37,46.27
4748,treatment,desktop,0,230.09,147.02
13332,treatment,mobile,0,257.19,96.13
4236,treatment,desktop,0,240.42,70.83
13718,control,tablet,0,206.51,91.52
11990,treatment,mobile,0,185.11,101.34
13679,control,tablet,1,214.16,46.66
15931,treatment,tablet,0,205.9,84.26
14292,control,tablet,0,226.89,30.78
3122,control,desktop,0,200.86,92.73
14755,control,tablet,0,211.03,72.07
11942,treatment,mobile,0,181.77,50.62
3695,treatment,desktop,0,239.37,55.79
7136,control,mobile,0,240.76,31.43
9637,control,mobile,0,187.2,32.51
8841,control,mobile,1,187.19,26.73
15804,treatment,tablet,1,225.25,20.36
9806,control,mobile,0,234.41,26.96
10992,treatment,mobile,0,198.55,28.59
6644,control,mobile,1,233.95,26.67
8652,control,mobile,0,266.54,81.02
2989,control,desktop,0,248.48,160.46
703,control,desktop,0,211.65,40.81
11685,treatment,mobile,0,187.22,110.59
9877,control,mobile,0,258.2,66.15
14491,control,tablet,0,197.78,72.99
11411,treatment,mobile,1,226.45,45.63
3956,treatment,desktop,0,160.4,41.22
10784,treatment,mobile,0,201.28,110.16
7217,control,mobile,0,250.21,26.37
14523,control,tablet,0,214.44,27.77
11730,treatment,mobile,0,232.56,74.98
14531,control,tablet,0,276.15,46.97
13808,control,tablet,0,202.85,106.56
6121,treatment,desktop,0,257.13,64.44
1682,control,desktop,0,223.71,79.33
14462,control,tablet,0,158.31,91.59
13746,control,tablet,0,244.61,39.66
13867,control,tablet,0,191.56,109.3
9703,control,mobile,0,242.3,43.0
8104,control,mobile,0,233.47,52.61
4358,treatment,desktop,0,190.69,89.51
12702,treatment,mobile,0,208.72,87.14
5546,treatment,desktop,0,212.51,54.19
3284,treatment,desktop,0,238.05,72.55
15154,treatment,tablet,0,220.85,51.52
5482,treatment,desktop,0,193.77,44.27
8314,control,mobile,0,228.41,32.52
6745,control,mobile,0,221.31,76.9
3168,control,desktop,0,129.85,23.65
1464,control,desktop,0,187.65,51.49
4376,treatment,desktop,0,244.36,44.38
6871,control,mobile,0,215.29,41.15
11806,treatment,mobile,0,178.24,35.4
2861,control,desktop,1,232.78,117.12
4210,treatment,desktop,0,181.74,42.29
4488,treatment,desktop,0,192.01,80.0
11327,treatment,mobile,0,219.79,51.64
6856,control,mobile,0,248.94,66.92
6382,treatment,desktop,1,235.39,45.18
2833,control,desktop,0,205.45,16.13
8824,control,mobile,0,243.7,22.05
6750,control,mobile,0,217.75,68.36
13322,treatment,mobile,0,209.47,19.26
1563,control,desktop,0,213.37,49.9
10460,treatment,mobile,1,233.4,40.77
3425,treatment,desktop,0,181.46,51.16
10124,treatment,mobile,0,195.43,129.67
15795,treatment,tablet,1,230.25,59.42
6468,control,mobile,0,209.19,50.93
8463,control,mobile,0,213.13,53.81
7282,control,mobile,0,172.96,80.15
9955,control,mobile,1,199.33,25.44
12063,treatment,mobile,0,208.48,39.67
15108,treatment,tablet,0,180.42,55.38
4693,treatment,desktop,0,273.52,72.44
6138,treatment,desktop,0,282.87,53.93
538,control,desktop,0,228.7,40.09
3900,treatment,desktop,0,229.47,86.88
1837,control,desktop,0,205.44,62.12
6497,control,mobile,0,202.56,84.76
13610,control,tablet,1,210.7,39.43
6089,treatment,desktop,0,192.17,23.84
4442,treatment,desktop,0,261.0,41.51
652,control,desktop,0,172.01,26.41
12045,treatment,mobile,0,223.32,58.69
12898,treatment,mobile,0,220.48,50.42
3517,treatment,desktop,0,158.9,80.27
9705,control,mobile,0,259.88,73.26
14898,treatment,tablet,0,183.38,47.36
5472,treatment,desktop,0,209.64,37.58
766,control,desktop,0,237.89,44.84
10385,treatment,mobile,0,191.51,23.01
10893,treatment,mobile,0,257.2,81.07
10328,treatment,mobile,0,224.41,37.2
6978,control,mobile,0,186.2,60.77
9231,control,mobile,0,188.94,58.24
1468,control,desktop,0,206.37,49.86
2787,control,desktop,1,211.94,68.6
6868,control,mobile,0,170.15,18.29
14081,control,tablet,0,219.08,32.7
5441,treatment,desktop,0,198.01,81.95
11335,treatment,mobile,0,231.63,66.29
15007,treatment,tablet,0,230.92,47.2
2712,control,desktop,0,201.98,57.04
4038,treatment,desktop,0,278.55,77.88
315,control,desktop,0,247.3,39.94
8355,control,mobile,0,216.59,29.89
8474,control,mobile,1,225.47,103.98
10176,treatment,mobile,1,208.83,30.86
6874,control,mobile,0,248.07,18.0
13193,treatment,mobile,0,251.87,57.85
15233,treatment,tablet,0,258.24,33.78
10937,treatment,mobile,0,222.24,41.43
15135,treatment,tablet,0,242.12,162.68
4042,treatment,desktop,0,181.98,59.36
5737,treatment,desktop,0,204.97,17.52
10183,treatment,mobile,0,224.74,45.4
7292,control,mobile,0,192.97,56.67
7288,control,mobile,0,208.69,115.34
3935,treatment,desktop,0,219.0,42.59
8185,control,mobile,0,208.5,43.11
10788,treatment,mobile,0,230.42,73.39
3029,control,desktop,1,216.28,23.5
11231,treatment,mobile,1,192.95,35.61
13171,treatment,mobile,0,242.34,45.12
3054,control,desktop,1,201.26,61.41
4005,treatment,desktop,1,234.64,94.39
8155,control,mobile,0,240.0,84.4
15209,treatment,tablet,0,214.07,91.39
10411,treatment,mobile,0,174.16,76.71
7749,control,mobile,0,240.37,55.25
5368,treatment,desktop,0,229.88,31.15
3541,treatment,desktop,0,210.26,48.28
12958,treatment,mobile,0,139.57,66.66
13088,treatment,mobile,0,199.43,26.85
15300,treatment,tablet,1,243.87,69.14
1365,control,desktop,0,240.92,39.37
1809,control,desktop,0,231.97,22.13
1139,control,desktop,0,195.18,49.85
1359,control,desktop,1,189.46,73.57
5930,treatment,desktop,0,186.7,52.87
10226,treatment,mobile,0,255.95,41.96
13392,treatment,mobile,0,215.55,71.12
504,control,desktop,0,197.18,32.82
15967,treatment,tablet,0,238.37,92.44
10860,treatment,mobile,0,220.7,45.52
14606,control,tablet,0,207.36,82.67
6409,control,mobile,0,189.28,42.35
9840,control,mobile,0,183.65,38.81
2113,control,desktop,0,191.93,124.55
476,control,desktop,0,246.72,42.52
11440,treatment,mobile,0,255.21,56.78
12684,treatment,mobile,0,240.27,16.24
11829,treatment,mobile,0,216.17,101.68
7802,control,mobile,0,252.43,45.87
4533,treatment,desktop,0,228.27,52.44
3921,treatment,desktop,0,217.66,77.11
9166,control,mobile,0,223.71,33.41
230,control,desktop,1,197.47,52.35
562,control,desktop,0,259.8,26.67
3795,treatment,desktop,0,232.48,49.0
498,control,desktop,0,185.81,108.77
7007,control,mobile,0,223.15,74.74
94,control,desktop,0,188.39,38.79
9149,control,mobile,0,207.53,32.88
4842,treatment,desktop,1,231.09,34.04
14961,treatment,tablet,0,162.92,24.0
981,control,desktop,0,237.82,79.5
5078,treatment,desktop,0,210.05,70.68
8201,control,mobile,0,251.83,55.49
15883,treatment,tablet,0,239.7,46.39
10000,control,mobile,0,221.14,81.66
379,control,desktop,0,253.26,21.25
7319,control,mobile,0,208.55,78.09
11087,treatment,mobile,0,283.31,43.06
13196,treatment,mobile,0,248.17,51.43
11236,treatment,mobile,0,179.44,66.87
855,control,desktop,0,248.15,58.28
9490,control,mobile,0,195.93,65.95
10741,treatment,mobile,0,236.92,100.95
7351,control,mobile,0,147.47,71.96
3167,control,desktop,0,259.75,40.65
2933,control,desktop,0,178.43,27.25
6143,treatment,desktop,1,241.84,43.56
6075,treatment,desktop,0,212.18,33.43
13683,control,tablet,0,190.51,25.56
7280,control,mobile,0,207.38,174.12
458,control,desktop,0,195.89,26.64
13564,treatment,mobile,0,185.16,31.48
11008,treatment,mobile,0,303.67,40.2
13680,control,tablet,0,182.96,99.05
1894,control,desktop,0,213.07,81.44
11428,treatment,mobile,0,228.63,3778.51
2763,control,desktop,0,199.48,37.73
8546,control,mobile,0,258.52,111.17
13026,treatment,mobile,0,194.14,41.98
8140,control,mobile,1,183.77,62.98
13643,control,tablet,0,227.26,24.85
11552,treatment,mobile,0,200.09,54.38
1976,control,desktop,0,284.79,86.21
15609,treatment,tablet,0,210.66,60.19
1504,control,desktop,0,220.74,35.16
9381,control,mobile,0,204.71,100.26
3384,treatment,desktop,0,211.46,22.85
9951,control,mobile,0,212.99,107.49
12741,treatment,mobile,0,236.11,58.43
11610,treatment,mobile,0,217.5,105.27
5367,treatment,desktop,0,230.85,41.69
12550,treatment,mobile,1,238.98,97.68
13374,treatment,mobile,0,229.0,28.14
10415,treatment,mobile,0,252.05,63.81
5841,treatment,desktop,0,207.88,54.94
2959,control,desktop,0,226.09,46.65
5794,treatment,desktop,0,231.14,42.95
10545,treatment,mobile,0,178.74,38.59
15892,treatment,tablet,0,171.15,40.61
2736,control,desktop,0,253.51,63.35
1030,control,desktop,1,199.93,46.37
13539,treatment,mobile,0,218.04,40.39
14508,control,tablet,1,245.45,30.27
10502,treatment,mobile,0,195.91,60.97
14924,treatment,tablet,0,256.08,42.92
6888,control,mobile,0,216.21,29.49
12040,treatment,mobile,0,244.62,54.8
11368,treatment,mobile,0,191.8,58.46
11918,treatment,mobile,0,122.56,80.92
14644,control,tablet,1,224.11,48.68
13940,control,tablet,0,213.91,26.21
14218,control,tablet,0,187.19,27.17
6000,treatment,desktop,0,190.03,21.05
1597,control,desktop,0,228.81,117.12
13995,control,tablet,0,212.61,56.83
6369,treatment,desktop,0,189.59,122.31
14882,treatment,tablet,0,175.45,41.86
11733,treatment,mobile,0,217.25,42.03
5088,treatment,desktop,0,222.82,42.11
422,control,desktop,0,225.7,65.89
14325,control,tablet,0,283.34,123.59
7418,control,mobile,0,247.57,50.05
15742,treatment,tablet,0,161.96,24.46
2695,control,desktop,0,174.57,45.02
15252,treatment,tablet,0,177.21,83.13
1136,control,desktop,1,273.79,67.77
11529,treatment,mobile,0,219.66,68.95
8962,control,mobile,0,172.13,77.61
2056,control,desktop,0,225.89,25.99
12650,treatment,mobile,0,260.65,61.37
6405,control,mobile,0,217.98,36.95
6154,treatment,desktop,0,212.86,46.18
9052,control,mobile,0,168.61,105.05
13653,control,tablet,0,212.84,46.74
6088,treatment,desktop,0,196.85,95.05
15895,treatment,tablet,0,252.35,29.06
9642,control,mobile,0,219.85,48.83
5275,treatment,desktop,0,201.49,45.78
6330,treatment,desktop,0,260.87,26.34
15865,treatment,tablet,0,224.4,22.36
10718,treatment,mobile,1,259.78,19.11
8310,control,mobile,0,232.3,29.06
15191,treatment,tablet,0,238.97,16.23
8212,control,mobile,1,259.49,21.93
3714,treatment,desktop,1,227.18,44.56
4012,treatment,desktop,0,227.24,41.35
10471,treatment,mobile,0,239.85,45.04
3936,treatment,desktop,1,232.89,50.46
12451,treatment,mobile,1,150.68,56.9
7368,control,mobile,0,261.97,20.44
12083,treatment,mobile,0,193.56,72.4
3108,control,desktop,0,195.53,16.96
3913,treatment,desktop,0,267.37,67.74
10154,treatment,mobile,0,240.15,31.8
9822,control,mobile,0,268.37,148.81
894,control,desktop,0,190.53,41.93
1828,control,desktop,0,165.41,29.68
14198,control,tablet,0,129.7,60.11
7634,control,mobile,0,233.76,46.04
14245,control,tablet,0,196.59,58.93
12013,treatment,mobile,0,275.3,37.72
3762,treatment,desktop,0,223.2,19.91
7163,control,mobile,0,238.96,68.24
15864,treatment,tablet,0,239.36,83.83
11547,treatment,mobile,0,259.95,53.26
4326,treatment,desktop,0,258.43,66.0
9784,control,mobile,0,223.46,29.06
4146,treatment,desktop,1,237.54,154.46
8139,control,mobile,0,172.72,18.18
1526,control,desktop,0,239.24,39.07
5936,treatment,desktop,1,237.58,149.29
14005,control,tablet,0,206.64,17.85
8952,control,mobile,0,238.19,39.66
3404,treatment,desktop,1,186.04,37.45
14217,control,tablet,0,259.26,59.32
7845,control,mobile,1,246.86,31.5
14492,control,tablet,0,257.19,69.22
15263,treatment,tablet,0,220.88,46.78
2591,control,desktop,0,148.26,55.84
3550,treatment,desktop,0,261.67,37.01
13658,control,tablet,0,160.74,93.14
697,control,desktop,0,236.33,86.65
1893,control,desktop,0,182.39,60.52
13424,treatment,mobile,0,229.57,110.0
4039,treatment,desktop,0,181.72,45.23
11855,treatment,mobile,0,168.24,39.09
9452,control,mobile,0,187.99,119.9
13351,treatment,mobile,0,201.93,79.85
13764,control,tablet,0,211.59,69.57
1979,control,desktop,0,222.79,40.28
749,control,desktop,0,206.97,36.08
7715,control,mobile,0,184.27,109.68
1519,control,desktop,0,266.05,92.33
6120,treatment,desktop,0,240.33,13.75
1487,control,desktop,0,191.02,44.06
1495,control,desktop,0,232.8,64.77
12224,treatment,mobile,0,248.69,51.9
6927,control,mobile,0,242.81,33.86
7673,control,mobile,0,238.02,59.93
3612,treatment,desktop,0,263.15,41.68
9802,control,mobile,0,219.54,34.99
915,control,desktop,1,151.01,45.68
3666,treatment,desktop,0,235.87,35.58
10122,treatment,mobile,0,213.64,20.76
4029,treatment,desktop,0,224.36,38.66
8806,control,mobile,0,251.39,43.47
14036,control,tablet,0,234.08,25.26
15146,treatment,tablet,0,261.57,69.62
1707,control,desktop,0,206.18,74.36
911,control,desktop,0,159.27,43.67
11146,treatment,mobile,0,224.71,27.16
12462,treatment,mobile,0,189.84,34.23
6715,control,mobile,0,255.64,37.1
6276,treatment,desktop,1,196.66,35.23
8510,control,mobile,0,185.11,65.39
2548,control,desktop,0,230.92,92.38
12513,treatment,mobile,0,273.01,17.55
5891,treatment,desktop,1,265.25,23.24
3109,control,desktop,0,226.95,25.66
15861,treatment,tablet,0,234.25,54.6
4878,treatment,desktop,1,254.98,41.63
5675,treatment,desktop,0,240.76,32.76
10577,treatment,mobile,0,175.14,68.45
7647,control,mobile,0,223.98,30.7
4270,treatment,desktop,0,215.15,62.13
10230,treatment,mobile,0,260.26,50.07
4877,treatment,desktop,0,212.81,63.74
2987,control,desktop,0,218.9,76.01
3761,treatment,desktop,0,216.18,18.95
6696,control,mobile,0,231.05,29.92
11951,treatment,mobile,0,188.68,75.14
14841,treatment,tablet,0,231.42,57.42
9174,control,mobile,0,248.41,43.28
4689,treatment,desktop,0,224.48,42.42
5095,treatment,desktop,0,183.2,27.87
6741,control,mobile,0,217.73,43.89
12782,treatment,mobile,1,225.3,60.32
5137,treatment,desktop,0,248.71,27.79
4869,treatment,desktop,1,252.35,129.23
1342,control,desktop,0,188.07,51.66
880,control,desktop,1,247.3,39.13
7756,control,mobile,0,209.41,40.45
14200,control,tablet,0,259.53,69.7
13895,control,tablet,0,224.76,44.32
8368,control,mobile,0,170.88,69.55
1609,control,desktop,0,231.26,42.33
15544,treatment,tablet,0,242.42,41.93
12770,treatment,mobile,1,194.78,32.2
4646,treatment,desktop,0,222.83,58.78
2594,control,desktop,0,175.29,44.3
14677,control,tablet,0,181.88,18.96
3165,control,desktop,1,191.29,39.95
9513,control,mobile,0,241.18,35.28
9315,control,mobile,0,229.87,48.95
3730,treatment,desktop,0,254.41,39.84
9617,control,mobile,0,216.4,34.19
14593,control,tablet,1,181.0,39.63
13600,treatment,mobile,0,299.35,62.8
2927,control,desktop,0,235.1,60.81
6139,treatment,desktop,0,219.23,55.84
10983,treatment,mobile,0,219.41,51.81
2428,control,desktop,0,243.87,44.13
7505,control,mobile,0,243.7,22.17
11955,treatment,mobile,1,166.12,88.03
13724,control,tablet,1,234.26,59.17
12303,treatment,mobile,0,242.63,63.09
3536,treatment,desktop,0,244.06,16.73
11214,treatment,mobile,0,215.25,32.74
890,control,desktop,0,285.82,59.33
8987,control,mobile,0,186.55,48.14
11459,treatment,mobile,0,292.75,113.18
6892,control,mobile,0,244.97,27.64
7402,control,mobile,0,184.4,33.13
2765,control,desktop,0,220.31,78.7
7379,control,mobile,0,247.18,28.76
4086,treatment,desktop,0,206.39,83.86
8864,control,mobile,0,191.97,41.65
3245,treatment,desktop,0,251.7,52.42
11474,treatment,mobile,1,240.06,139.51
1189,control,desktop,0,269.12,98.97
506,control,desktop,0,160.01,86.44
6974,control,mobile,0,258.96,31.22
3600,treatment,desktop,0,174.78,18.78
13566,treatment,mobile,0,217.88,27.83
7991,control,mobile,0,213.24,52.15
2292,control,desktop,0,205.88,90.7
10067,treatment,mobile,0,158.2,5780.11
6589,control,mobile,0,221.83,36.63
14785,control,tablet,0,192.71,50.67
3499,treatment,desktop,1,207.03,42.28
11171,treatment,mobile,0,170.18,42.12
9962,control,mobile,0,207.83,21.68
2380,control,desktop,0,205.2,68.33
14401,control,tablet,0,229.76,35.17
4780,treatment,desktop,0,221.05,72.67
1345,control,desktop,0,203.64,54.44
1398,control,desktop,0,226.54,54.59
7835,control,mobile,0,288.11,58.41
14249,control,tablet,0,251.3,68.99
3595,treatment,desktop,1,232.39,39.78
11901,treatment,mobile,0,172.53,31.05
6675,control,mobile,0,214.24,55.86
12202,treatment,mobile,0,179.75,106.2
13836,control,tablet,0,217.46,119.55
5996,treatment,desktop,0,214.15,148.67
11823,treatment,mobile,0,232.52,22.51
2370,control,desktop,0,202.48,34.35
15852,treatment,tablet,0,217.71,35.06
7337,control,mobile,0,222.14,62.27
3756,treatment,desktop,0,250.13,28.16
8270,control,mobile,0,161.13,39.75
9192,control,mobile,0,207.98,34.72
4509,treatment,desktop,1,217.9,21.13
12188,treatment,mobile,1,178.52,25.35
9060,control,mobile,0,244.86,31.63
9445,control,mobile,0,209.44,40.8
7147,control,mobile,0,231.54,36.06
7892,control,mobile,0,220.35,5420.96
4759,treatment,desktop,0,166.4,62.07
11442,treatment,mobile,0,204.44,32.92
3290,treatment,desktop,0,239.88,42.61
8448,control,mobile,1,236.71,95.39
10430,treatment,mobile,0,210.39,36.35
9615,control,mobile,0,183.84,42.56
1444,control,desktop,0,196.6,30.34
9380,control,mobile,0,214.05,66.55
1439,control,desktop,0,221.2,46.61
5443,treatment,desktop,1,198.56,25.55
8265,control,mobile,1,240.0,73.4
14773,control,tablet,0,238.33,34.93
9722,control,mobile,0,214.05,41.5
12235,treatment,mobile,0,204.34,21.65
611,control,desktop,0,255.11,46.35
806,control,desktop,0,230.31,65.58
5360,treatment,desktop,0,191.21,20.78
12883,treatment,mobile,0,282.64,40.49
3055,control,desktop,0,269.2,54.94
13513,treatment,mobile,1,230.15,124.77
3087,control,desktop,1,228.54,44.0
7155,control,mobile,0,228.24,74.26
13429,treatment,mobile,0,247.86,44.48
10231,treatment,mobile,0,212.22,87.07
1523,control,desktop,0,204.43,126.98
14274,control,tablet,0,233.67,40.98
9474,control,mobile,0,229.26,91.5
15374,treatment,tablet,0,247.44,58.44
11885,treatment,mobile,1,150.13,51.12
6401,control,mobile,0,203.84,23.98
941,control,desktop,0,203.37,45.25
10820,treatment,mobile,0,189.59,37.01
2142,control,desktop,1,255.34,28.46
13792,control,tablet,0,279.95,59.94
5243,treatment,desktop,0,223.2,63.48
5131,treatment,desktop,0,236.45,42.97
7628,control,mobile,0,208.0,115.91
10440,treatment,mobile,1,197.53,85.31
13896,control,tablet,0,209.6,40.03
15684,treatment,tablet,0,182.12,72.73
2939,control,desktop,0,177.99,80.65
15031,treatment,tablet,0,239.48,30.11
11889,treatment,mobile,0,204.91,25.22
3378,treatment,desktop,0,170.13,106.35
389,control,desktop,1,287.18,44.63
4118,treatment,desktop,1,211.75,70.9
11617,treatment,mobile,0,246.22,29.95
15680,treatment,tablet,0,274.53,67.62
15440,treatment,tablet,0,260.27,40.49
10558,treatment,mobile,0,188.93,69.05
3160,control,desktop,0,152.16,23.21
9594,control,mobile,0,203.1,175.51
4433,treatment,desktop,0,248.39,24.71
6742,control,mobile,0,249.84,68.77
5009,treatment,desktop,0,209.22,72.56
6195,treatment,desktop,0,221.35,60.96
12964,treatment,mobile,0,240.2,33.4
11833,treatment,mobile,0,236.95,99.7
138,control,desktop,1,211.03,41.46
11380,treatment,mobile,0,218.29,37.35
15349,treatment,tablet,0,296.02,60.2
4100,treatment,desktop,0,202.3,63.15
5081,treatment,desktop,0,227.39,22.18
4855,treatment,desktop,0,215.52,38.43
8891,control,mobile,0,200.02,180.15
2465,control,desktop,0,202.02,69.17
14467,control,tablet,0,200.73,35.35
3256,treatment,desktop,0,245.12,39.79
9904,control,mobile,0,235.07,23.89
8794,control,mobile,0,261.31,26.72
15561,treatment,tablet,0,209.6,37.68
4314,treatment,desktop,0,235.52,113.47
1084,control,desktop,0,213.29,121.79
15048,treatment,tablet,0,208.42,101.22
14310,control,tablet,0,201.94,42.23
5068,treatment,desktop,0,190.89,87.99
13370,treatment,mobile,0,198.71,45.03
15356,treatment,tablet,0,185.37,103.71
2853,control,desktop,0,224.36,92.61
12306,treatment,mobile,0,210.74,41.37
1361,control,desktop,0,213.28,103.5
13857,control,tablet,0,204.52,62.75
6753,control,mobile,0,253.71,56.89
10961,treatment,mobile,0,184.19,29.44
3443,treatment,desktop,0,233.49,20.13
4812,treatment,desktop,0,162.7,73.45
15754,treatment,tablet,0,206.34,52.25
13958,control,tablet,0,218.3,30.1
7738,control,mobile,0,194.61,49.97
15850,treatment,tablet,0,219.45,46.72
3610,treatment,desktop,0,182.58,43.33
14938,treatment,tablet,0,184.58,45.85
5763,treatment,desktop,0,193.14,42.43
2587,control,desktop,0,251.71,50.92
2524,control,desktop,1,220.75,86.98
296,control,desktop,0,250.65,33.29
6507,control,mobile,0,235.48,108.95
6337,treatment,desktop,0,178.73,17.84
15612,treatment,tablet,0,193.23,34.81
2197,control,desktop,0,185.6,93.31
8889,control,mobile,0,194.48,97.63
6929,control,mobile,0,201.82,95.04
2001,control,desktop,0,259.29,45.69
5336,treatment,desktop,0,234.6,26.34
2421,control,desktop,0,223.41,97.09
10791,treatment,mobile,0,176.49,32.45
12426,treatment,mobile,0,266.69,96.46
15058,treatment,tablet,0,182.42,91.6
8855,control,mobile,0,178.85,146.57
2779,control,desktop,0,188.04,43.31
13860,control,tablet,0,234.06,49.49
7497,control,mobile,0,267.94,30.02
2280,control,desktop,0,242.82,28.87
5315,treatment,desktop,0,261.11,34.17
2470,control,desktop,0,202.18,45.88
15582,treatment,tablet,0,215.41,207.2
11188,treatment,mobile,1,158.16,39.79
11136,treatment,mobile,0,200.86,68.57
12862,treatment,mobile,0,229.24,32.95
2935,control,desktop,0,202.63,78.82
10292,treatment,mobile,0,238.41,97.3
4959,treatment,desktop,1,199.77,130.43
13823,control,tablet,0,211.18,96.68
7528,control,mobile,0,190.32,34.84
12946,treatment,mobile,1,254.69,48.12
6157,treatment,desktop,0,215.17,50.48
14021,control,tablet,1,207.1,92.56
2988,control,desktop,0,230.42,55.7
7087,control,mobile,0,196.0,74.37
6191,treatment,desktop,0,195.25,129.16
1385,control,desktop,0,212.87,33.44
13594,treatment,mobile,1,235.37,191.17
2649,control,desktop,0,237.4,92.94
6940,control,mobile,1,211.43,60.17
14343,control,tablet,0,226.24,45.93
4890,treatment,desktop,0,202.66,103.27
13676,control,tablet,0,209.35,88.28
4103,treatment,desktop,0,168.74,78.63
11069,treatment,mobile,0,192.62,86.66
8653,control,mobile,0,216.84,39.44
3609,treatment,desktop,0,208.51,47.71
2275,control,desktop,1,243.41,71.99
9111,control,mobile,0,275.81,49.16
5402,treatment,desktop,0,240.36,61.0
8584,control,mobile,0,191.95,66.06
11129,treatment,mobile,0,249.15,39.12
9533,control,mobile,0,215.36,31.77
1685,control,desktop,1,209.49,55.58
7871,control,mobile,0,230.96,45.99
3291,treatment,desktop,0,209.11,44.68
15407,treatment,tablet,1,281.07,24.29
10249,treatment,mobile,0,195.49,109.59
15859,treatment,tablet,0,240.82,91.66
3036,control,desktop,0,251.39,55.09
5099,treatment,desktop,0,225.08,42.93
15686,treatment,tablet,0,226.34,72.8
15427,treatment,tablet,0,181.92,70.01
4068,treatment,desktop,0,244.5,62.12
14648,control,tablet,0,233.79,46.41
14944,treatment,tablet,0,248.54,23.28
1865,control,desktop,0,223.06,55.02
13002,treatment,mobile,0,193.99,54.07
1600,control,desktop,1,171.68,35.5
7192,control,mobile,0,195.63,36.97
4251,treatment,desktop,0,181.41,40.32
3847,treatment,desktop,0,180.63,53.92
3230,treatment,desktop,0,221.69,26.93
6993,control,mobile,0,223.96,28.04
11358,treatment,mobile,0,229.96,55.38
7055,control,mobile,0,249.65,25.69
5251,treatment,desktop,0,286.6,47.37
1200,control,desktop,0,253.94,60.41
6935,control,mobile,0,234.98,28.9
13293,treatment,mobile,1,201.95,35.23
9867,control,mobile,0,174.95,80.59
4040,treatment,desktop,0,252.9,71.67
522,control,desktop,0,251.91,39.6
13972,control,tablet,0,273.93,69.07
2455,control,desktop,0,231.45,45.03
2484,control,desktop,0,198.27,81.82
12683,treatment,mobile,0,231.73,60.61
1226,control,desktop,0,206.27,50.04
1742,control,desktop,1,222.4,71.18
4017,treatment,desktop,0,198.52,69.27
5549,treatment,desktop,0,204.7,30.8
3797,treatment,desktop,0,216.11,27.15
1727,control,desktop,1,248.51,69.6
7060,control,mobile,0,258.5,46.49
1920,control,desktop,1,206.0,45.58
15596,treatment,tablet,1,267.43,53.02
14151,control,tablet,0,213.63,22.73
8782,control,mobile,0,236.35,20.72
972,control,desktop,0,163.14,47.12
10623,treatment,mobile,0,235.77,84.65
2176,control,desktop,0,232.39,32.61
9913,control,mobile,0,232.32,17.03
4192,treatment,desktop,1,259.13,42.9
8931,control,mobile,0,237.73,18.72
7889,control,mobile,0,210.59,87.97
4649,treatment,desktop,0,346.03,61.41
13481,treatment,mobile,1,182.41,22.45
7260,control,mobile,0,206.35,73.66
5397,treatment,desktop,0,192.33,46.63
10747,treatment,mobile,0,213.58,22.44
2241,control,desktop,0,248.55,63.48
9132,control,mobile,1,207.36,59.73
2733,control,desktop,0,252.48,35.6
14850,treatment,tablet,0,228.88,64.49
1746,control,desktop,0,203.71,24.12
15081,treatment,tablet,1,229.5,60.8
5043,treatment,desktop,0,222.43,106.52
8322,control,mobile,0,187.53,106.86
5156,treatment,desktop,0,239.27,38.69
9849,control,mobile,0,211.49,61.72
2554,control,desktop,0,222.6,95.66
8821,control,mobile,0,198.6,118.76
10150,treatment,mobile,0,215.14,43.7
711,control,desktop,0,236.17,49.28
1669,control,desktop,0,232.25,30.76
3863,treatment,desktop,0,211.64,82.28
3338,treatment,desktop,0,259.72,73.48
587,control,desktop,0,210.99,63.14
11046,treatment,mobile,0,265.0,44.62
13551,treatment,mobile,0,182.79,36.74
2547,control,desktop,0,200.79,62.26
10594,treatment,mobile,0,199.6,33.79
2274,control,desktop,1,169.6,163.29
4452,treatment,desktop,0,266.48,40.6
5047,treatment,desktop,1,175.5,20.57
14722,control,tablet,0,258.36,33.8
2495,control,desktop,0,198.0,38.11
1728,control,desktop,1,211.6,57.64
14685,control,tablet,0,158.13,104.28
9540,control,mobile,0,198.71,31.37
10727,treatment,mobile,0,262.28,40.79
6514,control,mobile,1,196.15,94.77
4259,treatment,desktop,0,242.19,44.2
1322,control,desktop,0,230.87,56.5
3066,control,desktop,0,187.81,50.43
4330,treatment,desktop,0,195.15,25.86
719,control,desktop,0,249.67,40.01
6914,control,mobile,0,250.03,35.24
10403,treatment,mobile,0,214.62,59.02
5107,treatment,desktop,0,214.68,101.48
12346,treatment,mobile,0,267.26,29.58
2682,control,desktop,0,213.18,31.1
3967,treatment,desktop,0,241.95,34.63
11332,treatment,mobile,0,171.78,52.6
73,control,desktop,0,218.15,75.15
14087,control,tablet,0,207.52,36.09
12199,treatment,mobile,0,178.46,46.47
10680,treatment,mobile,1,226.07,27.98
2184,control,desktop,0,257.55,57.0
5085,treatment,desktop,1,191.89,37.19
14711,control,tablet,0,265.01,87.1
14051,control,tablet,0,183.88,30.84
14535,control,tablet,0,273.61,29.29
12936,treatment,mobile,0,214.08,88.33
4879,treatment,desktop,0,202.74,36.85
13287,treatment,mobile,1,243.76,40.57
85,control,desktop,0,229.99,54.29
1937,control,desktop,1,197.95,85.16
1417,control,desktop,0,220.68,35.48
6604,control,mobile,0,217.72,59.49
15781,treatment,tablet,0,234.61,44.93
8385,control,mobile,0,225.15,58.75
6994,control,mobile,0,237.23,119.55
9638,control,mobile,0,262.96,43.24
9158,control,mobile,0,225.69,49.7
9949,control,mobile,0,209.03,42.93
12795,treatment,mobile,0,186.61,74.73
13717,control,tablet,0,270.17,19.98
6530,control,mobile,0,147.4,123.75
10546,treatment,mobile,0,213.77,42.61
4019,treatment,desktop,0,163.32,28.21
14981,treatment,tablet,0,217.47,55.02
11168,treatment,mobile,0,185.89,31.6
8984,control,mobile,0,245.11,63.11
12421,treatment,mobile,0,265.16,51.25
13072,treatment,mobile,1,197.66,105.45
14286,control,tablet,1,201.96,43.44
1729,control,desktop,1,206.36,65.19
6112,treatment,desktop,0,204.98,50.48
8657,control,mobile,0,189.7,75.65
236,control,desktop,0,233.7,22.66
4114,treatment,desktop,0,248.74,61.6
11638,treatment,mobile,0,257.85,130.08
12310,treatment,mobile,0,234.12,63.55
4573,treatment,desktop,0,205.44,78.73
1575,control,desktop,0,151.68,64.04
7306,control,mobile,0,256.93,22.22
12642,treatment,mobile,0,247.53,44.1
3763,treatment,desktop,0,254.6,92.78
2268,control,desktop,1,213.29,49.98
3516,treatment,desktop,0,188.06,19.71
4177,treatment,desktop,0,213.66,30.43
14456,control,tablet,0,268.47,27.19
1921,control,desktop,0,208.5,108.57
10155,treatment,mobile,0,200.0,106.86
12209,treatment,mobile,0,249.25,33.54
6452,control,mobile,0,166.54,85.7
2851,control,desktop,0,251.63,78.13
4751,treatment,desktop,1,206.14,105.19
13588,treatment,mobile,0,217.51,59.74
5504,treatment,desktop,1,256.7,90.3
11077,treatment,mobile,1,267.95,65.53
2575,control,desktop,0,211.42,83.3
7474,control,mobile,0,196.94,59.22
15283,treatment,tablet,0,223.49,105.4
3532,treatment,desktop,0,200.5,36.66
3702,treatment,desktop,0,204.14,63.17
7792,control,mobile,0,184.38,16.2
5591,treatment,desktop,1,223.6,23.9
2412,control,desktop,0,203.62,109.44
1105,control,desktop,0,188.87,56.4
5171,treatment,desktop,0,221.26,45.36
2919,control,desktop,0,229.47,29.39
2138,control,desktop,0,234.59,34.27
6751,control,mobile,0,239.65,38.55
10022,treatment,mobile,0,259.6,91.2
12738,treatment,mobile,0,218.44,18.46
4901,treatment,desktop,0,235.48,56.21
11670,treatment,mobile,0,238.17,44.79
3468,treatment,desktop,0,269.26,55.86
6984,control,mobile,0,216.88,33.5
11178,treatment,mobile,0,237.94,29.37
1829,control,desktop,0,181.15,27.22
11699,treatment,mobile,0,276.6,32.45
11518,treatment,mobile,0,219.22,45.4
516,control,desktop,0,209.5,81.4
1019,control,desktop,0,220.34,65.78
9507,control,mobile,0,224.46,36.91
10569,treatment,mobile,0,167.04,93.9
13848,control,tablet,0,143.66,60.02
13491,treatment,mobile,0,194.05,73.43
7916,control,mobile,0,213.3,16.22
5071,treatment,desktop,0,174.18,28.92
4482,treatment,desktop,0,197.97,52.74
1094,control,desktop,0,230.07,16.36
14855,treatment,tablet,0,210.78,63.39
15643,treatment,tablet,0,268.84,35.37
11376,treatment,mobile,0,223.43,23.46
3511,treatment,desktop,0,231.02,36.78
7880,control,mobile,0,258.06,27.66
5508,treatment,desktop,1,225.57,41.47
2244,control,desktop,0,218.85,35.15
1538,control,desktop,0,246.68,38.61
10873,treatment,mobile,0,232.41,50.82
9252,control,mobile,1,225.28,46.89
11816,treatment,mobile,0,206.59,27.23
6412,control,mobile,0,200.37,13.5
12482,treatment,mobile,0,231.31,38.73
2285,control,desktop,0,316.25,72.37
5121,treatment,desktop,0,191.09,84.92
10914,treatment,mobile,0,204.1,29.44
12727,treatment,mobile,0,219.44,46.21
8454,control,mobile,0,253.3,66.84
5740,treatment,desktop,0,248.64,43.35
9974,control,mobile,0,287.45,54.03
11199,treatment,mobile,0,262.31,48.83
8029,control,mobile,0,242.49,59.03
1179,control,desktop,0,194.81,59.27
5982,treatment,desktop,0,213.9,30.46
7205,control,mobile,0,213.53,49.93
15278,treatment,tablet,1,240.29,26.34
14160,control,tablet,0,187.88,24.33
4496,treatment,desktop,0,231.34,39.87
3626,treatment,desktop,0,159.34,51.6
10221,treatment,mobile,0,206.56,54.06
6064,treatment,desktop,0,231.18,70.63
5222,treatment,desktop,0,227.39,53.85
80,control,desktop,0,173.07,55.25
3964,treatment,desktop,0,206.6,76.51
10104,treatment,mobile,0,220.35,16.04
15877,treatment,tablet,0,259.25,58.77
13347,treatment,mobile,0,164.89,80.48
13168,treatment,mobile,1,254.08,29.37
803,control,desktop,0,209.32,59.47
3655,treatment,desktop,0,262.65,74.55
99,control,desktop,0,242.12,53.16
9115,control,mobile,1,245.75,71.95
672,control,desktop,1,202.75,41.88
15079,treatment,tablet,0,199.82,22.57
3040,control,desktop,0,171.78,25.15
4035,treatment,desktop,0,220.5,79.81
1690,control,desktop,0,210.09,44.9
15914,treatment,tablet,0,203.49,53.45
135,control,desktop,0,192.6,49.55
1292,control,desktop,0,252.99,49.51
15157,treatment,tablet,0,231.15,113.92
215,control,desktop,0,239.84,44.15
523,control,desktop,0,282.0,34.6
8646,control,mobile,0,199.17,19.36
15415,treatment,tablet,1,223.53,35.62
14434,control,tablet,0,237.09,46.79
15613,treatment,tablet,1,265.03,57.22
13334,treatment,mobile,0,301.67,57.81
13817,control,tablet,0,227.71,53.8
1472,control,desktop,0,230.76,37.0
15515,treatment,tablet,0,257.71,37.16
2187,control,desktop,0,184.29,16.37
14641,control,tablet,0,224.59,30.37
9429,control,mobile,0,227.47,54.31
4608,treatment,desktop,0,258.88,67.51
4705,treatment,desktop,0,231.51,41.6
10698,treatment,mobile,1,249.02,41.84
8296,control,mobile,0,224.05,54.69
7020,control,mobile,0,255.24,85.94
13547,treatment,mobile,0,237.4,100.8
13047,treatment,mobile,0,190.15,30.05
14656,control,tablet,0,222.11,53.83
6057,treatment,desktop,0,203.43,45.41
3065,control,desktop,0,162.56,32.59
15436,treatment,tablet,0,212.67,102.92
932,control,desktop,0,239.37,41.37
15867,treatment,tablet,0,226.31,140.44
8077,control,mobile,1,184.27,20.15
7846,control,mobile,0,238.08,31.89
5264,treatment,desktop,0,226.32,21.72
2529,control,desktop,0,165.58,115.98
2327,control,desktop,0,250.04,34.3
15968,treatment,tablet,0,242.77,42.86
12699,treatment,mobile,0,201.86,61.24
8728,control,mobile,0,246.13,24.59
7747,control,mobile,0,190.27,55.61
10993,treatment,mobile,0,202.02,120.41
11413,treatment,mobile,0,236.09,94.21
824,control,desktop,0,246.28,48.94
15842,treatment,tablet,0,212.2,38.58
4942,treatment,desktop,0,273.99,24.99
4284,treatment,desktop,0,197.07,74.78
9688,control,mobile,0,194.93,38.14
6783,control,mobile,0,267.97,55.85
6322,treatment,desktop,0,203.42,67.39
5395,treatment,desktop,0,142.33,28.36
10894,treatment,mobile,0,195.46,45.44
14683,control,tablet,1,233.18,37.14
1137,control,desktop,0,218.45,63.42
10417,treatment,mobile,0,196.59,49.38
15474,treatment,tablet,0,216.87,36.56
12873,treatment,mobile,0,203.05,27.3
983,control,desktop,0,240.19,46.8
10145,treatment,mobile,0,220.97,40.2
1485,control,desktop,0,173.17,63.76
5475,treatment,desktop,0,228.1,86.39
8016,control,mobile,0,218.0,40.67
11657,treatment,mobile,0,235.49,118.5
14626,control,tablet,0,234.15,69.41
5147,treatment,desktop,0,233.68,74.36
6278,treatment,desktop,0,180.71,37.64
14912,treatment,tablet,0,291.11,66.11
1145,control,desktop,0,183.11,79.54
12154,treatment,mobile,0,191.29,56.76
14402,control,tablet,1,270.63,48.07
9341,control,mobile,0,234.82,84.07
11479,treatment,mobile,1,196.5,36.6
5347,treatment,desktop,0,214.49,21.76
395,control,desktop,0,222.75,43.86
9477,control,mobile,0,225.02,113.19
5232,treatment,desktop,0,239.47,79.2
4702,treatment,desktop,0,194.61,84.46
15840,treatment,tablet,0,263.78,35.76
9759,control,mobile,0,232.57,28.65
6512,control,mobile,0,215.85,45.37
11091,treatment,mobile,0,246.99,59.01
10863,treatment,mobile,0,228.83,67.47
4478,treatment,desktop,1,199.55,24.65
6183,treatment,desktop,0,291.94,23.67
9050,control,mobile,0,194.59,49.57
10416,treatment,mobile,0,206.94,61.91
2767,control,desktop,0,252.1,29.13
15087,treatment,tablet,0,173.17,69.42
8879,control,mobile,0,256.95,58.65
1133,control,desktop,1,236.51,13.08
6989,control,mobile,0,246.94,48.04
14129,control,tablet,0,291.15,57.57
10709,treatment,mobile,0,239.34,49.51
10923,treatment,mobile,0,199.23,32.86
13987,control,tablet,0,244.25,58.96
7023,control,mobile,0,172.06,23.58
825,control,desktop,0,187.29,40.3
12823,treatment,mobile,0,247.22,65.88
4933,treatment,desktop,0,245.33,60.34
14600,control,tablet,1,229.58,50.87
5167,treatment,desktop,0,193.44,58.26
8180,control,mobile,0,236.6,71.63
1192,control,desktop,0,200.14,56.17
2251,control,desktop,0,284.81,68.92
15339,treatment,tablet,0,195.47,51.96
6101,treatment,desktop,0,191.93,17.2
9769,control,mobile,0,250.32,56.13
12944,treatment,mobile,1,192.52,44.71
8128,control,mobile,0,214.0,55.46
14131,control,tablet,0,197.92,58.14
12192,treatment,mobile,1,213.97,39.82
6185,treatment,desktop,0,217.26,43.59
11371,treatment,mobile,0,156.43,91.31
5415,treatment,desktop,0,234.88,46.88
5989,treatment,desktop,0,257.79,79.58
1947,control,desktop,0,220.53,30.43
14756,control,tablet,0,237.99,126.98
11827,treatment,mobile,0,239.63,95.5
10857,treatment,mobile,0,216.27,44.88
647,control,desktop,0,237.93,40.67
12631,treatment,mobile,1,142.24,45.87
8071,control,mobile,0,211.16,81.85
747,control,desktop,0,218.54,75.35
7220,control,mobile,1,217.02,38.06
13811,control,tablet,0,231.01,42.87
7680,control,mobile,1,211.21,154.42
15293,treatment,tablet,0,191.37,40.82
14187,control,tablet,0,162.07,96.11
2728,control,desktop,0,195.18,26.25
9824,control,mobile,1,221.39,37.67
1943,control,desktop,0,262.48,58.54
11994,treatment,mobile,0,192.01,75.48
5879,treatment,desktop,1,229.52,50.62
7440,control,mobile,0,241.16,52.35
4843,treatment,desktop,0,249.38,58.51
4288,treatment,desktop,0,223.1,75.53
2450,control,desktop,0,227.16,75.25
12869,treatment,mobile,0,161.44,71.46
7199,control,mobile,0,222.68,51.36
5365,treatment,desktop,0,220.86,27.54
2768,control,desktop,0,213.98,16.74
1873,control,desktop,0,233.51,61.32
12035,treatment,mobile,0,261.9,48.71
969,control,desktop,1,240.95,90.42
4480,treatment,desktop,0,200.98,117.26
3552,treatment,desktop,0,201.1,46.22
1650,control,desktop,0,234.07,65.14
13698,control,tablet,0,235.74,23.82
6501,control,mobile,0,264.44,58.5
3345,treatment,desktop,0,201.07,46.9
9988,control,mobile,0,277.34,47.54
8210,control,mobile,0,233.79,30.45
3008,control,desktop,0,222.76,36.89
14596,control,tablet,0,262.04,44.67
5756,treatment,desktop,0,201.11,29.72
12623,treatment,mobile,0,130.07,30.38
13888,control,tablet,0,244.55,32.86
13068,treatment,mobile,0,203.46,54.63
6647,control,mobile,0,266.48,93.92
3547,treatment,desktop,0,261.15,59.34
3993,treatment,desktop,1,165.33,43.48
10351,treatment,mobile,0,174.8,63.15
12665,treatment,mobile,0,230.62,30.7
15858,treatment,tablet,0,225.71,29.21
5139,treatment,desktop,1,236.71,76.03
12763,treatment,mobile,0,177.83,72.84
14859,treatment,tablet,0,205.04,42.49
579,control,desktop,0,250.29,42.93
8264,control,mobile,0,231.26,61.59
791,control,desktop,0,221.06,21.46
9869,control,mobile,0,237.95,65.53
4214,treatment,desktop,0,261.85,22.08
2800,control,desktop,0,216.21,61.28
8394,control,mobile,0,250.45,36.55
10911,treatment,mobile,0,165.87,43.76
13104,treatment,mobile,1,215.87,37.35
3418,treatment,desktop,0,168.3,42.41
3023,control,desktop,0,163.07,44.8
12294,treatment,mobile,0,215.05,30.51
875,control,desktop,0,227.03,84.33
5317,treatment,desktop,0,246.57,32.71
11306,treatment,mobile,0,200.56,22.44
6851,control,mobile,0,192.24,59.08
6495,control,mobile,1,235.22,62.78
11432,treatment,mobile,1,210.17,52.96
6900,control,mobile,0,225.1,60.69
7460,control,mobile,1,172.54,40.31
13409,treatment,mobile,0,254.24,52.55
9288,control,mobile,0,254.58,67.81
7973,control,mobile,0,211.82,43.21
14266,control,tablet,0,164.69,54.34
3457,treatment,desktop,0,236.48,33.03
3546,treatment,desktop,1,254.06,27.55
13311,treatment,mobile,0,226.05,29.03
4811,treatment,desktop,0,223.17,48.93
7949,control,mobile,0,190.96,37.95
7576,control,mobile,1,197.59,68.98
3659,treatment,desktop,0,232.86,47.13
1799,control,desktop,0,228.64,36.48
3119,control,desktop,0,217.06,33.69
3222,treatment,desktop,0,209.75,33.86
776,control,desktop,0,180.85,38.18
4993,treatment,desktop,0,288.56,20.55
7485,control,mobile,0,297.79,60.33
10157,treatment,mobile,0,200.16,94.64
5815,treatment,desktop,0,222.38,95.19
9482,control,mobile,0,187.98,36.72
1539,control,desktop,0,223.79,30.45
7276,control,mobile,0,236.7,36.56
3678,treatment,desktop,0,232.97,4443.27
13362,treatment,mobile,1,245.96,51.05
14753,control,tablet,0,197.55,40.1
14638,control,tablet,0,214.22,16.1
13616,control,tablet,0,254.99,63.45
9446,control,mobile,0,129.4,38.84
14808,treatment,tablet,0,226.66,20.38
1554,control,desktop,0,208.23,61.33
12187,treatment,mobile,0,206.34,72.41
12661,treatment,mobile,0,189.0,79.22
2683,control,desktop,0,182.3,57.41
7959,control,mobile,0,279.32,15.55
2636,control,desktop,0,197.44,27.76
9915,control,mobile,0,241.06,61.11
7107,control,mobile,0,220.46,71.2
2757,control,desktop,0,204.49,55.69
8043,control,mobile,0,264.04,50.26
8762,control,mobile,0,236.62,39.63
2515,control,desktop,0,193.79,118.81
8723,control,mobile,0,270.89,87.6
9628,control,mobile,0,252.56,99.05
13207,treatment,mobile,0,291.85,70.64
8421,control,mobile,0,221.58,67.86
3575,treatment,desktop,0,197.96,36.44
7412,control,mobile,0,238.55,84.45
5016,treatment,desktop,0,228.2,66.26
8038,control,mobile,0,215.21,132.99
8776,control,mobile,0,196.51,98.56
8530,control,mobile,0,242.78,28.67
2671,control,desktop,0,246.09,50.24
13998,control,tablet,0,264.76,58.64
15646,treatment,tablet,0,249.2,62.29
1260,control,desktop,0,258.67,14.86
7040,control,mobile,0,226.07,43.47
5973,treatment,desktop,0,177.27,36.69
15162,treatment,tablet,0,245.37,17.96
14320,control,tablet,0,231.1,65.33
4650,treatment,desktop,0,184.0,25.88
4922,treatment,desktop,0,259.03,47.49
3693,treatment,desktop,0,250.31,33.57
14303,control,tablet,0,239.05,55.79
6538,control,mobile,0,198.03,54.63
13561,treatment,mobile,0,213.53,64.87
1933,control,desktop,1,190.9,39.7
10532,treatment,mobile,0,189.82,143.27
5206,treatment,desktop,0,207.24,65.16
14926,treatment,tablet,1,202.73,70.66
15663,treatment,tablet,0,224.07,46.33
10167,treatment,mobile,0,186.9,74.3
10652,treatment,mobile,0,147.34,71.54
384,control,desktop,0,210.08,125.37
9776,control,mobile,0,199.76,34.4
12704,treatment,mobile,0,174.78,27.21
6164,treatment,desktop,1,167.3,30.81
7613,control,mobile,0,199.9,91.58
8771,control,mobile,1,196.65,66.28
7008,control,mobile,0,236.1,42.93
565,control,desktop,1,225.53,54.86
10030,treatment,mobile,0,233.55,39.85
11317,treatment,mobile,0,162.87,19.95
8923,control,mobile,0,228.82,47.66
5362,treatment,desktop,0,251.91,51.52
11468,treatment,mobile,1,238.79,56.36
13022,treatment,mobile,0,154.89,127.44
9557,control,mobile,0,252.43,77.32
10630,treatment,mobile,0,260.87,86.08
7383,control,mobile,0,200.77,68.92
10646,treatment,mobile,0,204.58,53.21
6346,treatment,desktop,0,208.74,14.38
139,control,desktop,0,193.12,33.75
3313,treatment,desktop,0,195.02,67.73
628,control,desktop,0,255.45,54.33
2550,control,desktop,1,226.39,55.75
9148,control,mobile,0,253.09,108.06
11920,treatment,mobile,0,235.8,102.94
14762,control,tablet,0,167.15,93.45
3501,treatment,desktop,0,295.71,52.42
3746,treatment,desktop,0,214.08,113.22
10212,treatment,mobile,1,223.3,46.48
737,control,desktop,0,223.29,58.74
15522,treatment,tablet,0,206.31,63.19
10627,treatment,mobile,0,257.18,112.39
975,control,desktop,0,238.71,21.5
3131,control,desktop,0,217.08,39.57
2126,control,desktop,0,251.57,82.38
7530,control,mobile,0,254.82,113.31
2072,control,desktop,0,175.83,49.65
15291,treatment,tablet,0,232.7,92.75
8291,control,mobile,0,223.92,19.3
10125,treatment,mobile,1,181.28,64.62
14446,control,tablet,0,225.9,27.12
2905,control,desktop,0,203.53,41.19
4522,treatment,desktop,0,192.8,45.21
3035,control,desktop,0,228.49,118.75
3254,treatment,desktop,0,210.38,40.61
3508,treatment,desktop,0,229.45,41.32
14493,control,tablet,0,241.41,34.05
10565,treatment,mobile,0,141.45,45.97
5305,treatment,desktop,0,211.58,41.98
13579,treatment,mobile,0,226.96,30.48
2522,control,desktop,0,200.3,42.91
14409,control,tablet,1,241.73,48.98
46,control,desktop,0,226.48,49.19
1148,control,desktop,0,209.23,31.99
10072,treatment,mobile,0,213.32,53.67
4344,treatment,desktop,1,248.73,29.51
6474,control,mobile,0,208.05,35.25
8715,control,mobile,1,212.1,77.8
752,control,desktop,1,221.75,48.08
15925,treatment,tablet,0,217.91,35.09
14739,control,tablet,0,163.92,37.69
10470,treatment,mobile,0,247.24,58.91
8269,control,mobile,0,165.6,101.17
12687,treatment,mobile,0,194.84,47.85
10901,treatment,mobile,0,163.94,69.15
9956,control,mobile,0,193.73,34.42
13803,control,tablet,0,230.93,91.97
13381,treatment,mobile,0,239.53,29.16
1466,control,desktop,0,200.79,46.11
11636,treatment,mobile,1,254.2,35.19
9672,control,mobile,0,198.66,113.43
1525,control,desktop,1,269.84,75.02
6805,control,mobile,0,190.47,37.2
5919,treatment,desktop,0,209.1,19.57
204,control,desktop,0,275.69,91.83
15640,treatment,tablet,0,177.24,42.42
9138,control,mobile,0,256.27,84.15
10621,treatment,mobile,0,267.93,37.91
8802,control,mobile,0,271.41,22.42
5293,treatment,desktop,1,194.73,26.38
5521,treatment,desktop,0,199.73,76.92
10442,treatment,mobile,0,199.83,42.43
9547,control,mobile,0,237.92,50.52
2088,control,desktop,0,182.36,28.66
14153,control,tablet,0,197.58,41.73
12856,treatment,mobile,0,225.37,42.04
3298,treatment,desktop,0,228.86,43.55
12598,treatment,mobile,0,274.1,22.74
1951,control,desktop,0,178.66,26.72
2441,control,desktop,0,235.9,107.06
8553,control,mobile,0,209.88,177.06
4197,treatment,desktop,1,202.85,137.21
10534,treatment,mobile,0,146.84,41.01
7385,control,mobile,0,203.78,70.39
11966,treatment,mobile,0,226.36,95.89
4070,treatment,desktop,0,199.14,37.89
12895,treatment,mobile,0,262.08,28.07
2425,control,desktop,0,201.0,35.63
8612,control,mobile,1,220.1,27.23
6235,treatment,desktop,0,248.85,35.29
11260,treatment,mobile,0,226.42,49.57
10536,treatment,mobile,0,218.3,42.75
14942,treatment,tablet,0,215.63,52.89
1427,control,desktop,0,195.43,57.21
10582,treatment,mobile,0,196.77,75.19
14719,control,tablet,0,172.12,26.01
2870,control,desktop,0,161.39,32.45
2506,control,desktop,0,243.46,37.37
11589,treatment,mobile,0,220.08,81.07
15279,treatment,tablet,0,243.81,52.4
5056,treatment,desktop,0,196.28,63.03
6554,control,mobile,0,230.48,43.33
3236,treatment,desktop,1,229.09,87.29
5943,treatment,desktop,0,182.1,93.42
15046,treatment,tablet,0,225.93,60.97
5550,treatment,desktop,1,253.49,58.86
8447,control,mobile,0,259.0,50.96
12860,treatment,mobile,0,204.12,66.61
13509,treatment,mobile,0,232.02,3794.25
7156,control,mobile,0,202.1,56.38
625,control,desktop,0,239.93,47.21
9466,control,mobile,0,233.93,209.09
11108,treatment,mobile,0,201.42,37.37
526,control,desktop,0,182.39,44.13
6340,treatment,desktop,1,220.99,38.54
4532,treatment,desktop,0,208.1,45.87
1703,control,desktop,0,245.05,38.8
2952,control,desktop,0,186.75,47.05
1878,control,desktop,0,233.69,66.45
9079,control,mobile,0,226.92,49.9
5223,treatment,desktop,1,248.56,68.11
9920,control,mobile,1,232.98,53.74
14106,control,tablet,0,185.86,33.76
10003,treatment,mobile,0,168.47,49.47
9210,control,mobile,0,193.78,57.6
10476,treatment,mobile,0,250.75,72.04
1460,control,desktop,0,203.39,46.49
9646,control,mobile,0,263.49,21.02
69,control,desktop,0,233.73,44.72
5965,treatment,desktop,0,217.23,75.98
14331,control,tablet,1,177.65,138.64
9237,control,mobile,0,220.11,14.4
10866,treatment,mobile,0,264.59,45.64
5114,treatment,desktop,0,241.26,51.19
14710,control,tablet,0,240.61,65.37
10055,treatment,mobile,0,212.03,26.22
8533,control,mobile,0,229.01,61.66
7340,control,mobile,0,250.09,64.45
188,control,desktop,0,221.5,100.1
11400,treatment,mobile,0,261.96,29.27
8350,control,mobile,0,266.33,56.05
9244,control,mobile,0,198.43,3832.12
12787,treatment,mobile,0,254.98,57.91
1996,control,desktop,1,250.18,39.64
563,control,desktop,0,207.34,47.81
1411,control,desktop,0,221.39,20.71
5873,treatment,desktop,0,182.54,15.18
15324,treatment,tablet,0,302.16,62.5
10276,treatment,mobile,1,220.69,55.04
5789,treatment,desktop,1,279.97,19.16
10739,treatment,mobile,0,188.31,46.57
14444,control,tablet,1,206.53,33.36
733,control,desktop,0,206.3,40.12
13961,control,tablet,0,196.93,44.46
895,control,desktop,1,182.73,64.01
12015,treatment,mobile,0,186.01,113.63
1718,control,desktop,0,214.35,40.41
1970,control,desktop,0,225.79,65.7
4799,treatment,desktop,0,249.4,56.9
4126,treatment,desktop,1,225.67,66.21
8367,control,mobile,1,215.6,139.51
9201,control,mobile,0,199.14,133.5
7806,control,mobile,0,183.61,59.12
13510,treatment,mobile,0,281.31,35.51
4298,treatment,desktop,0,269.97,50.31
813,control,desktop,0,211.46,132.62
11974,treatment,mobile,0,236.29,64.96
2,control,desktop,0,190.84,75.28
15183,treatment,tablet,0,246.07,88.99
4469,treatment,desktop,0,242.98,36.1
3855,treatment,desktop,0,202.9,108.25
3784,treatment,desktop,0,190.26,36.67
1022,control,desktop,0,167.21,52.53
1637,control,desktop,0,187.99,111.59
14076,control,tablet,0,226.04,21.52
4097,treatment,desktop,0,204.57,55.17
4641,treatment,desktop,0,193.69,36.11
5812,treatment,desktop,0,248.85,33.87
5383,treatment,desktop,0,223.81,19.31
3371,treatment,desktop,0,239.37,70.08
13715,control,tablet,0,235.53,68.66
3097,control,desktop,0,202.6,30.53
3141,control,desktop,0,185.85,61.45
14412,control,tablet,0,221.35,44.73
11750,treatment,mobile,0,207.88,39.56
6581,control,mobile,0,208.98,28.91
1614,control,desktop,0,249.19,22.02
11121,treatment,mobile,0,254.5,56.78
1936,control,desktop,0,195.03,45.89
15037,treatment,tablet,0,229.77,48.87
9249,control,mobile,0,206.36,162.73
9731,control,mobile,0,194.36,47.51
2360,control,desktop,1,172.63,87.12
6849,control,mobile,0,212.5,72.07
6272,treatment,desktop,0,272.0,64.59
1109,control,desktop,0,188.03,85.5
12730,treatment,mobile,0,248.21,71.12
8167,control,mobile,0,175.32,37.48
14918,treatment,tablet,0,210.87,34.93
387,control,desktop,0,224.47,77.47
10956,treatment,mobile,0,209.85,48.02
1462,control,desktop,1,203.25,66.92
8001,control,mobile,0,255.1,26.5
11768,treatment,mobile,1,199.44,49.57
15092,treatment,tablet,0,207.31,32.93
13819,control,tablet,0,177.49,48.6
11569,treatment,mobile,0,210.99,81.53
4018,treatment,desktop,0,207.44,107.68
7796,control,mobile,0,203.85,54.33
2496,control,desktop,0,211.0,54.12
1599,control,desktop,0,217.4,33.77
7760,control,mobile,0,204.68,45.85
6911,control,mobile,0,263.82,35.24
6482,control,mobile,0,216.34,24.3
7832,control,mobile,0,237.76,62.91
7128,control,mobile,0,281.14,38.45
11311,treatment,mobile,0,249.48,35.82
3843,treatment,desktop,0,210.95,30.86
3427,treatment,desktop,0,259.23,54.84
13926,control,tablet,0,239.51,17.19
15899,treatment,tablet,0,260.76,24.65
435,control,desktop,0,250.48,46.14
9879,control,mobile,0,242.42,101.34
12360,treatment,mobile,0,208.07,18.95
9874,control,mobile,0,218.97,26.72
3591,treatment,desktop,0,155.88,76.62
665,control,desktop,0,179.07,71.94
8465,control,mobile,0,216.14,19.33
5958,treatment,desktop,0,242.9,110.18
11736,treatment,mobile,0,188.7,48.45
365,control,desktop,0,214.1,28.48
2365,control,desktop,0,192.73,33.85
13670,control,tablet,0,289.14,61.62
6886,control,mobile,0,216.48,32.73
539,control,desktop,0,249.84,121.39
9216,control,mobile,0,243.61,79.97
15481,treatment,tablet,0,184.59,23.1
11545,treatment,mobile,0,230.09,66.52
11813,treatment,mobile,0,157.58,53.85
10990,treatment,mobile,0,217.65,78.08
9378,control,mobile,0,243.78,130.35
13789,control,tablet,0,200.69,38.17
14048,control,tablet,0,128.66,3041.68
1277,control,desktop,0,206.36,39.9
9909,control,mobile,0,261.14,37.54
5744,treatment,desktop,0,196.5,24.23
8857,control,mobile,1,155.02,57.89
350,control,desktop,1,212.8,61.41
9606,control,mobile,0,198.32,67.41
8618,control,mobile,1,211.3,27.8
15286,treatment,tablet,0,198.27,56.68
3560,treatment,desktop,1,199.04,36.88
6166,treatment,desktop,0,235.01,33.71
1000,control,desktop,0,225.98,41.79
4688,treatment,desktop,0,266.43,26.29
15236,treatment,tablet,0,253.1,56.74
15259,treatment,tablet,0,228.76,21.67
11042,treatment,mobile,0,226.07,46.41
12484,treatment,mobile,0,174.11,50.47
3270,treatment,desktop,0,269.43,75.9
6027,treatment,desktop,0,256.29,52.01
6279,treatment,desktop,1,250.24,56.15
9980,control,mobile,0,255.78,32.05
1752,control,desktop,0,223.4,53.77
7605,control,mobile,0,194.44,63.38
10252,treatment,mobile,1,233.22,55.94
700,control,desktop,0,219.65,33.35
1743,control,desktop,0,235.27,55.26
2809,control,desktop,0,253.0,63.9
13842,control,tablet,0,289.72,36.42
1998,control,desktop,0,177.04,47.64
3574,treatment,desktop,0,200.42,43.57
11513,treatment,mobile,0,247.5,54.43
9560,control,mobile,0,258.41,137.17
3617,treatment,desktop,0,258.32,42.26
9966,control,mobile,1,251.12,63.67
9768,control,mobile,0,219.29,200.48
1620,control,desktop,0,188.3,71.53
3579,treatment,desktop,0,215.35,55.48
6809,control,mobile,0,183.31,54.05
9202,control,mobile,0,196.66,35.5
7,control,desktop,0,261.41,71.08
9885,control,mobile,0,230.99,14.54
6260,treatment,desktop,0,216.4,5260.29
3447,treatment,desktop,0,247.0,66.02
14424,control,tablet,0,203.98,32.64
8037,control,mobile,0,285.71,17.28
14788,control,tablet,0,229.79,40.06
10792,treatment,mobile,0,219.76,62.11
12861,treatment,mobile,0,285.86,42.77
11202,treatment,mobile,0,201.62,68.88
921,control,desktop,0,258.18,87.36
600,control,desktop,0,240.81,69.09
14400,control,tablet,0,221.84,31.21
3653,treatment,desktop,0,238.06,41.9
696,control,desktop,0,190.82,155.01
3804,treatment,desktop,0,214.32,53.14
1325,control,desktop,0,223.91,104.83
9403,control,mobile,0,278.35,37.14
11797,treatment,mobile,1,244.15,21.59
14388,control,tablet,0,211.64,82.63
3063,control,desktop,0,251.05,33.52
1441,control,desktop,0,246.88,58.32
9305,control,mobile,0,205.93,134.25
6269,treatment,desktop,0,202.2,60.19
8303,control,mobile,0,240.48,47.51
1854,control,desktop,0,225.79,30.39
10082,treatment,mobile,1,229.55,61.09
8543,control,mobile,0,267.15,120.51
9169,control,mobile,0,224.01,71.89
9700,control,mobile,0,253.29,21.2
3132,control,desktop,0,215.1,57.69
15809,treatment,tablet,0,206.84,150.94
11359,treatment,mobile,1,233.54,19.17
9855,control,mobile,0,246.42,47.33
5261,treatment,desktop,0,267.64,94.08
7972,control,mobile,0,244.58,44.56
514,control,desktop,0,257.4,63.94
13720,control,tablet,1,206.34,40.73
8132,control,mobile,0,248.18,56.89
13598,treatment,mobile,0,221.14,63.89
10494,treatment,mobile,0,182.93,154.12
15988,treatment,tablet,0,208.37,37.9
5289,treatment,desktop,0,237.35,63.92
3937,treatment,desktop,0,203.62,71.06
10839,treatment,mobile,0,269.08,37.97
13077,treatment,mobile,0,200.82,44.01
15217,treatment,tablet,1,201.58,41.37
10368,treatment,mobile,0,264.78,22.72
15475,treatment,tablet,1,196.31,18.12
6435,control,mobile,0,240.72,59.85
8335,control,mobile,0,233.04,39.94
9124,control,mobile,0,188.05,44.58
11023,treatment,mobile,0,205.11,42.55
4948,treatment,desktop,0,180.68,41.48
1492,control,desktop,0,176.29,43.72
10726,treatment,mobile,1,250.43,89.64
8578,control,mobile,0,224.85,43.41
13055,treatment,mobile,0,224.52,33.78
13851,control,tablet,0,251.39,47.66
8412,control,mobile,0,160.93,24.77
7872,control,mobile,0,188.24,39.84
3648,treatment,desktop,0,228.67,51.58
11393,treatment,mobile,0,179.24,114.55
14411,control,tablet,0,266.91,59.15
1822,control,desktop,0,170.17,191.12
2467,control,desktop,0,213.93,95.58
3088,control,desktop,0,174.1,74.19
5664,treatment,desktop,0,210.13,47.55
5245,treatment,desktop,0,232.6,32.92
12430,treatment,mobile,0,298.24,36.79
5389,treatment,desktop,1,267.5,54.14
3045,control,desktop,0,231.09,21.31
5373,treatment,desktop,0,203.34,69.83
14316,control,tablet,0,145.86,83.59
620,control,desktop,0,201.59,102.66
2527,control,desktop,0,241.88,24.31
15032,treatment,tablet,0,150.65,35.4
15526,treatment,tablet,0,204.61,76.62
7214,control,mobile,0,191.3,35.75
10192,treatment,mobile,0,203.34,44.09
8571,control,mobile,0,253.54,44.87
3274,treatment,desktop,0,241.25,71.34
7938,control,mobile,0,242.24,50.77
9763,control,mobile,1,236.59,62.23
14537,control,tablet,1,195.28,27.46
11741,treatment,mobile,0,218.05,26.12
1541,control,desktop,1,253.19,21.92
811,control,desktop,0,206.92,37.79
13537,treatment,mobile,0,193.22,88.92
6897,control,mobile,0,193.7,51.44
142,control,desktop,0,223.08,30.43
15797,treatment,tablet,0,223.33,45.12
9010,control,mobile,0,246.27,171.48
6924,control,mobile,0,270.94,31.73
3070,control,desktop,0,240.33,102.28
12322,treatment,mobile,0,260.85,40.48
4071,treatment,desktop,0,175.15,52.74
10408,treatment,mobile,1,206.41,34.58
4303,treatment,desktop,0,227.13,30.72
4582,treatment,desktop,0,209.93,97.65
6651,control,mobile,0,264.23,47.65
120,control,desktop,0,215.11,109.34
6617,control,mobile,0,234.74,84.65
4198,treatment,desktop,0,233.11,96.75
10861,treatment,mobile,0,186.71,95.43
9221,control,mobile,0,218.91,51.97
11337,treatment,mobile,0,180.86,36.82
13315,treatment,mobile,0,196.19,48.56
15460,treatment,tablet,0,239.92,70.65
1339,control,desktop,0,223.97,28.5
14264,control,tablet,0,189.83,70.47
1735,control,desktop,0,286.55,29.53
6605,control,mobile,1,237.17,57.58
14668,control,tablet,0,215.89,48.5
8865,control,mobile,0,204.34,32.32
4463,treatment,desktop,0,250.67,53.91
4593,treatment,desktop,0,185.49,85.21
12091,treatment,mobile,1,229.32,81.88
13386,treatment,mobile,0,233.46,20.76
14539,control,tablet,0,265.09,54.53
7807,control,mobile,0,172.49,52.47
12041,treatment,mobile,0,186.91,27.96
6284,treatment,desktop,0,223.39,53.15
8418,control,mobile,0,247.67,85.33
1305,control,desktop,0,251.47,43.38
2725,control,desktop,1,221.06,47.33
8581,control,mobile,0,255.68,24.88
9402,control,mobile,0,249.88,54.87
13695,control,tablet,0,179.97,57.5
11093,treatment,mobile,0,251.97,25.29
6979,control,mobile,0,194.27,58.93
5400,treatment,desktop,0,208.72,29.38
15360,treatment,tablet,0,198.2,61.13
10666,treatment,mobile,0,227.37,31.98
6060,treatment,desktop,0,208.09,14.61
15871,treatment,tablet,0,263.72,83.02
5096,treatment,desktop,0,210.07,56.5
8852,control,mobile,0,178.57,48.84
10286,treatment,mobile,0,232.03,67.64
11221,treatment,mobile,0,210.89,42.36
1957,control,desktop,0,200.07,90.46
9361,control,mobile,1,216.16,33.43
9127,control,mobile,0,248.85,89.32
4637,treatment,desktop,1,216.05,34.51
1717,control,desktop,1,230.22,105.94
8818,control,mobile,1,199.17,37.99
14786,control,tablet,0,230.96,28.18
11857,treatment,mobile,1,194.94,148.84
2430,control,desktop,0,194.39,46.65
2713,control,desktop,0,192.08,38.92
7063,control,mobile,0,210.17,48.18
5942,treatment,desktop,0,204.95,31.13
13359,treatment,mobile,0,239.69,27.53
4657,treatment,desktop,0,190.35,10.61
11752,treatment,mobile,0,212.78,49.28
7729,control,mobile,0,222.04,116.03
12193,treatment,mobile,1,220.14,41.21
9171,control,mobile,0,187.38,25.21
9696,control,mobile,0,206.47,64.43
3608,treatment,desktop,1,187.8,76.22
13340,treatment,mobile,0,256.68,27.17
1891,control,desktop,0,179.25,38.72
4246,treatment,desktop,0,207.67,37.69
9396,control,mobile,0,236.24,48.09
2128,control,desktop,0,213.79,101.92
5666,treatment,desktop,1,230.61,65.29
9778,control,mobile,1,216.47,145.28
11026,treatment,mobile,0,253.61,49.58
9588,control,mobile,0,217.41,71.06
1394,control,desktop,0,224.56,62.78
3687,treatment,desktop,0,222.66,27.14
7329,control,mobile,0,213.7,31.86
4975,treatment,desktop,0,221.94,46.02
149,control,desktop,0,187.06,99.34
10729,treatment,mobile,0,265.01,88.04
11767,treatment,mobile,0,234.5,77.47
5140,treatment,desktop,1,242.09,104.59
2552,control,desktop,0,257.18,79.9
8511,control,mobile,1,210.7,15.26
13968,control,tablet,0,164.95,14.08
1926,control,desktop,1,218.59,120.64
10465,treatment,mobile,1,252.91,53.83
5200,treatment,desktop,0,204.84,70.66
1005,control,desktop,0,238.87,47.24
3885,treatment,desktop,0,195.37,42.38
4539,treatment,desktop,0,289.33,44.74
10011,treatment,mobile,0,220.15,38.97
3801,treatment,desktop,0,225.47,68.6
1114,control,desktop,0,213.04,195.75
9667,control,mobile,1,271.18,40.15
15722,treatment,tablet,0,255.99,51.85
3814,treatment,desktop,0,206.23,110.08
1432,control,desktop,0,212.32,51.22
9712,control,mobile,0,223.32,49.73
12316,treatment,mobile,1,181.51,15.37
5601,treatment,desktop,0,200.65,85.46
9744,control,mobile,0,229.59,55.16
9293,control,mobile,0,207.88,57.1
4337,treatment,desktop,0,234.79,40.92
5561,treatment,desktop,1,196.42,99.52
762,control,desktop,1,221.47,35.25
15598,treatment,tablet,0,233.92,66.88
6748,control,mobile,0,200.21,25.39
6601,control,mobile,0,193.71,90.25
2272,control,desktop,0,225.73,21.04
7868,control,mobile,0,277.79,56.2
11686,treatment,mobile,0,244.83,45.07
1723,control,desktop,0,169.38,58.35
6628,control,mobile,0,218.28,48.46
11399,treatment,mobile,0,223.99,45.19
11045,treatment,mobile,0,247.7,87.06
7169,control,mobile,0,310.33,54.71
11326,treatment,mobile,0,183.69,81.66
15952,treatment,tablet,0,216.87,37.44
15897,treatment,tablet,0,269.95,31.71
8900,control,mobile,0,254.36,72.0
11882,treatment,mobile,0,258.95,37.75
13523,treatment,mobile,0,220.98,55.28
14077,control,tablet,0,237.89,56.84
12731,treatment,mobile,0,189.29,77.08
12415,treatment,mobile,0,185.97,25.95
11599,treatment,mobile,0,213.53,26.05
282,control,desktop,0,263.23,33.9
15045,treatment,tablet,0,227.33,29.59
10068,treatment,mobile,0,227.16,59.85
2997,control,desktop,0,246.02,57.74
12813,treatment,mobile,0,249.19,33.57
14141,control,tablet,0,248.57,39.15
12456,treatment,mobile,1,238.75,52.6
13253,treatment,mobile,0,193.71,52.3
1222,control,desktop,0,211.7,54.21
279,control,desktop,0,245.26,102.82
12293,treatment,mobile,0,267.31,32.44
11079,treatment,mobile,1,210.5,42.22
2537,control,desktop,0,237.49,42.77
585,control,desktop,0,227.88,78.72
10694,treatment,mobile,0,183.53,31.84
3833,treatment,desktop,0,200.8,74.82
11070,treatment,mobile,0,234.95,89.4
9189,control,mobile,0,255.53,50.84
7466,control,mobile,0,233.15,98.99
15078,treatment,tablet,0,188.68,39.3
10777,treatment,mobile,0,201.72,25.16
7716,control,mobile,0,203.97,38.19
840,control,desktop,0,248.65,21.41
14231,control,tablet,0,272.84,40.0
867,control,desktop,0,248.71,22.64
13468,treatment,mobile,0,240.66,60.35
2130,control,desktop,0,261.13,99.46
3275,treatment,desktop,0,214.35,29.41
2538,control,desktop,0,178.94,45.38
13818,control,tablet,1,170.99,21.3
7590,control,mobile,0,223.14,129.3
9800,control,mobile,0,207.14,38.32
11083,treatment,mobile,0,241.09,111.94
4262,treatment,desktop,0,229.52,51.04
11102,treatment,mobile,0,237.2,95.68
4776,treatment,desktop,0,164.24,49.13
1529,control,desktop,1,241.21,36.46
4924,treatment,desktop,0,237.82,31.84
6669,control,mobile,1,194.85,51.67
13251,treatment,mobile,0,223.26,59.59
9187,control,mobile,1,243.12,38.54
3424,treatment,desktop,0,185.73,40.53
13696,control,tablet,0,183.23,77.03
7439,control,mobile,0,209.62,58.03
13197,treatment,mobile,0,235.69,29.34
148,control,desktop,0,226.37,28.22
8937,control,mobile,0,238.69,18.18
3736,treatment,desktop,0,220.18,25.72
9730,control,mobile,0,173.27,56.59
656,control,desktop,0,226.66,97.8
5623,treatment,desktop,0,260.0,72.11
8051,control,mobile,1,254.01,73.73
11514,treatment,mobile,0,217.35,62.31
8613,control,mobile,0,170.07,24.72
12494,treatment,mobile,0,230.3,19.75
6966,control,mobile,1,183.22,138.64
12810,treatment,mobile,0,221.31,21.29
5496,treatment,desktop,0,226.43,41.58
5736,treatment,desktop,0,198.05,42.55
1954,control,desktop,0,191.57,35.91
6189,treatment,desktop,0,206.34,18.96
9395,control,mobile,0,163.54,79.45
3401,treatment,desktop,0,206.94,18.64
14417,control,tablet,0,232.77,55.99
7366,control,mobile,1,199.09,36.57
10224,treatment,mobile,0,255.97,46.39
15503,treatment,tablet,0,248.1,37.78
5476,treatment,desktop,0,214.81,60.96
13494,treatment,mobile,0,202.04,62.12
7082,control,mobile,0,208.41,19.08
12234,treatment,mobile,0,179.77,129.75
1217,control,desktop,1,247.56,44.88
12358,treatment,mobile,0,216.18,30.91
2585,control,desktop,0,185.45,61.16
9428,control,mobile,0,210.78,46.17
6776,control,mobile,1,211.16,86.61
13001,treatment,mobile,0,231.02,35.88
15343,treatment,tablet,0,213.41,25.55
8569,control,mobile,0,191.68,26.84
4279,treatment,desktop,0,240.36,38.7
10552,treatment,mobile,0,266.54,37.78
9029,control,mobile,0,241.54,102.9
285,control,desktop,0,238.56,83.51
8876,control,mobile,0,216.23,71.8
6831,control,mobile,0,223.42,128.93
13822,control,tablet,0,269.09,55.82
1649,control,desktop,0,181.23,75.58
15942,treatment,tablet,0,267.14,29.47
566,control,desktop,0,112.71,24.7
2160,control,desktop,0,276.12,34.4
12276,treatment,mobile,0,184.12,44.72
8681,control,mobile,0,226.21,54.93
613,control,desktop,0,166.87,120.5
6307,treatment,desktop,1,232.31,129.1
13147,treatment,mobile,0,225.96,87.44
5301,treatment,desktop,0,263.38,44.82
8780,control,mobile,0,202.79,38.72
12057,treatment,mobile,0,243.51,62.27
2222,control,desktop,0,162.97,115.72
10283,treatment,mobile,0,237.85,68.42
14663,control,tablet,0,204.25,31.12
12630,treatment,mobile,0,232.45,35.02
11021,treatment,mobile,0,205.26,67.81
14194,control,tablet,0,184.11,29.38
15583,treatment,tablet,0,175.69,119.92
14308,control,tablet,1,266.84,58.18
9536,control,mobile,0,264.78,25.3
3067,control,desktop,0,236.61,35.0
10407,treatment,mobile,0,235.4,68.06
2185,control,desktop,1,263.06,36.8
4517,treatment,desktop,0,215.88,43.18
12997,treatment,mobile,0,263.83,20.98
64,control,desktop,1,235.97,64.98
6680,control,mobile,0,205.74,28.27
13142,treatment,mobile,0,178.25,59.09
7456,control,mobile,0,246.99,35.13
4977,treatment,desktop,1,245.84,52.82
8205,control,mobile,0,219.61,127.62
10480,treatment,mobile,0,232.52,94.69
15270,treatment,tablet,0,199.42,42.99
13186,treatment,mobile,0,192.43,36.41
13814,control,tablet,0,210.42,82.8
2093,control,desktop,0,303.27,58.98
4422,treatment,desktop,0,289.57,23.19
6796,control,mobile,1,190.68,86.09
9895,control,mobile,0,190.19,139.28
8634,control,mobile,0,184.7,38.3
8684,control,mobile,0,245.4,42.66
7015,control,mobile,0,223.54,31.7
12364,treatment,mobile,0,237.65,89.22
14265,control,tablet,1,244.95,49.6
5605,treatment,desktop,0,220.94,38.39
14488,control,tablet,0,242.9,67.5
7223,control,mobile,0,251.1,45.51
1780,control,desktop,0,254.89,58.27
4999,treatment,desktop,0,240.12,21.31
12695,treatment,mobile,0,207.21,46.99
12417,treatment,mobile,0,253.4,53.71
1467,control,desktop,1,243.99,19.15
2271,control,desktop,0,216.25,41.89
8283,control,mobile,0,218.01,40.96
13615,control,tablet,0,230.78,110.36
3408,treatment,desktop,0,252.14,29.15
8696,control,mobile,0,173.18,33.1
7112,control,mobile,0,255.51,49.98
5152,treatment,desktop,0,242.04,40.26
3196,control,desktop,0,220.33,16.29
10761,treatment,mobile,0,257.54,127.74
3200,control,desktop,0,215.45,81.32
5432,treatment,desktop,0,235.86,46.35
4712,treatment,desktop,0,200.69,82.82
5459,treatment,desktop,1,221.08,121.53
12302,treatment,mobile,0,212.96,105.12
12804,treatment,mobile,0,222.76,69.48
8832,control,mobile,0,264.95,50.55
12755,treatment,mobile,0,191.25,43.98
14790,control,tablet,0,233.74,84.37
2194,control,desktop,0,236.11,49.34
680,control,desktop,0,243.83,46.93
2530,control,desktop,0,210.45,58.07
6376,treatment,desktop,0,234.74,77.22
8868,control,mobile,1,259.53,22.91
12703,treatment,mobile,0,184.0,30.03
7269,control,mobile,0,205.37,12.46
5409,treatment,desktop,0,219.98,37.64
9495,control,mobile,0,256.63,71.41
4003,treatment,desktop,0,230.87,48.34
624,control,desktop,0,209.81,29.7
6465,control,mobile,0,243.57,79.97
3633,treatment,desktop,0,170.19,32.51
6013,treatment,desktop,0,253.27,96.73
15731,treatment,tablet,0,192.75,57.36
5029,treatment,desktop,0,264.54,43.16
14998,treatment,tablet,1,196.92,29.96
450,control,desktop,0,189.65,61.41
4568,treatment,desktop,0,171.86,52.57
7018,control,mobile,0,220.27,21.32
9509,control,mobile,0,187.25,69.88
6502,control,mobile,0,241.36,77.28
12317,treatment,mobile,0,229.67,66.76
6422,control,mobile,0,265.46,66.64
11288,treatment,mobile,0,228.9,73.4
13838,control,tablet,0,285.98,31.98
14091,control,tablet,1,190.31,57.88
2133,control,desktop,0,170.39,28.52
14515,control,tablet,0,221.22,41.36
1052,control,desktop,0,233.08,39.28
14780,control,tablet,0,272.17,37.64
4202,treatment,desktop,1,212.24,47.71
6319,treatment,desktop,1,199.95,42.66
14930,treatment,tablet,0,230.06,35.74
5160,treatment,desktop,0,228.93,38.23
7975,control,mobile,0,224.27,36.1
13642,control,tablet,0,222.72,94.18
9992,control,mobile,1,242.24,118.14
14352,control,tablet,1,205.62,28.93
13913,control,tablet,0,266.05,46.16
9864,control,mobile,0,212.8,45.34
3975,treatment,desktop,0,289.74,58.34
14289,control,tablet,0,202.96,59.68
10309,treatment,mobile,0,197.55,96.16
12985,treatment,mobile,1,217.68,58.28
6007,treatment,desktop,0,198.16,18.51
4063,treatment,desktop,0,264.65,21.54
12647,treatment,mobile,0,225.53,34.43
10801,treatment,mobile,0,186.62,51.35
6557,control,mobile,0,238.52,120.06
7002,control,mobile,0,249.91,64.02
1378,control,desktop,0,230.16,80.56
980,control,desktop,0,314.53,55.16
6309,treatment,desktop,0,179.71,24.99
9661,control,mobile,0,160.12,28.77
8714,control,mobile,0,231.45,112.76
3976,treatment,desktop,0,181.34,118.35
10350,treatment,mobile,0,256.52,47.25
8968,control,mobile,0,214.66,64.96
3683,treatment,desktop,0,194.91,61.8
4272,treatment,desktop,0,253.12,39.66
11706,treatment,mobile,0,174.08,37.76
945,control,desktop,0,237.6,92.17
3873,treatment,desktop,1,177.7,173.12
15271,treatment,tablet,0,224.04,34.3
781,control,desktop,0,228.03,64.31
14532,control,tablet,0,224.64,58.5
9331,control,mobile,0,180.04,35.95
9059,control,mobile,0,204.04,46.14
10529,treatment,mobile,0,228.87,55.61
2424,control,desktop,0,237.28,48.72
11387,treatment,mobile,0,280.71,15.84
8101,control,mobile,0,213.96,47.2
7396,control,mobile,0,208.15,36.14
15566,treatment,tablet,0,198.36,52.76
3174,control,desktop,0,252.18,45.22
14735,control,tablet,0,176.33,44.11
15228,treatment,tablet,0,225.46,33.48
10783,treatment,mobile,0,218.55,110.02
995,control,desktop,0,218.88,75.41
9295,control,mobile,0,253.07,24.21
5154,treatment,desktop,0,212.01,58.21
1442,control,desktop,0,167.96,56.92
13944,control,tablet,0,228.72,71.47
4486,treatment,desktop,0,181.63,40.22
10352,treatment,mobile,0,193.56,37.07
13693,control,tablet,0,189.07,54.08
1286,control,desktop,0,284.64,24.65
5005,treatment,desktop,0,250.93,105.23
15400,treatment,tablet,0,221.75,76.09
10251,treatment,mobile,0,238.04,85.72
14393,control,tablet,0,239.51,42.63
11499,treatment,mobile,0,203.26,52.69
144,control,desktop,0,198.25,47.72
3311,treatment,desktop,0,189.48,35.69
4544,treatment,desktop,0,193.39,92.13
3453,treatment,desktop,0,301.61,26.43
4634,treatment,desktop,0,212.99,69.8
4500,treatment,desktop,0,164.14,39.1
13971,control,tablet,0,248.36,18.71
13307,treatment,mobile,0,249.7,38.86
9900,control,mobile,0,200.46,37.05
335,control,desktop,0,213.61,49.81
15768,treatment,tablet,0,225.84,67.78
784,control,desktop,0,233.22,86.08
5892,treatment,desktop,0,272.97,54.15
6463,control,mobile,0,245.27,92.27
14597,control,tablet,0,239.09,31.56
4092,treatment,desktop,0,181.93,42.12
518,control,desktop,0,224.87,31.49
10831,treatment,mobile,0,181.11,145.57
7493,control,mobile,0,259.1,30.88
5914,treatment,desktop,0,178.15,37.07
8241,control,mobile,0,221.52,39.92
7742,control,mobile,0,224.59,33.86
10703,treatment,mobile,1,229.08,46.45
13417,treatment,mobile,0,145.33,60.0
2300,control,desktop,0,259.45,45.92
1021,control,desktop,0,222.29,33.41
9756,control,mobile,0,222.17,123.52
13974,control,tablet,0,217.94,68.4
11124,treatment,mobile,1,204.81,53.37
9077,control,mobile,0,201.04,34.64
11235,treatment,mobile,0,224.15,30.82
4427,treatment,desktop,0,216.1,50.04
12379,treatment,mobile,0,197.1,55.16
14502,control,tablet,1,235.88,31.52
9035,control,mobile,1,231.48,38.28
15020,treatment,tablet,0,243.37,31.9
12012,treatment,mobile,0,224.62,37.38
6061,treatment,desktop,1,258.93,47.55
657,control,desktop,0,224.56,37.47
14828,treatment,tablet,0,203.15,76.41
15377,treatment,tablet,0,243.28,41.81
2118,control,desktop,0,237.36,53.24
2413,control,desktop,0,201.23,31.85
271,control,desktop,0,220.28,27.53
7181,control,mobile,0,231.68,84.88
6257,treatment,desktop,0,231.68,102.57
6738,control,mobile,0,204.43,138.29
15091,treatment,tablet,1,206.05,64.29
13059,treatment,mobile,0,198.53,33.07
2965,control,desktop,0,226.34,42.55
15930,treatment,tablet,1,228.05,36.35
6536,control,mobile,1,204.6,16.64
14556,control,tablet,0,210.36,107.87
14943,treatment,tablet,0,160.64,38.29
13075,treatment,mobile,0,223.12,62.21
14517,control,tablet,1,196.82,42.43
9436,control,mobile,0,207.75,27.57
12159,treatment,mobile,0,245.55,23.82
3787,treatment,desktop,0,183.06,52.08
4876,treatment,desktop,0,228.61,37.22
3170,control,desktop,0,182.89,117.39
14659,control,tablet,0,176.74,48.49
7934,control,mobile,0,225.47,33.13
260,control,desktop,0,240.18,39.52
7674,control,mobile,0,218.33,68.0
509,control,desktop,1,199.95,26.17
9994,control,mobile,0,196.71,71.06
8783,control,mobile,0,243.16,16.43
948,control,desktop,0,224.05,121.47
8607,control,mobile,0,190.74,50.93
5711,treatment,desktop,0,185.83,56.85
416,control,desktop,0,216.34,89.28
4464,treatment,desktop,0,187.04,71.74
9592,control,mobile,0,207.76,49.96
2715,control,desktop,0,239.3,52.74
13624,control,tablet,1,196.21,40.44
15611,treatment,tablet,0,246.12,19.79
8737,control,mobile,0,208.4,28.84
13258,treatment,mobile,1,254.07,58.14
15206,treatment,tablet,0,197.69,44.3
12337,treatment,mobile,0,212.94,62.58
8914,control,mobile,0,263.55,43.73
12968,treatment,mobile,0,164.03,91.29
6313,treatment,desktop,0,180.52,36.13
1601,control,desktop,0,256.97,32.33
9978,control,mobile,0,267.91,22.82
4124,treatment,desktop,0,235.35,73.19
9259,control,mobile,0,250.26,56.02
13062,treatment,mobile,0,255.26,117.7
8890,control,mobile,0,261.31,38.38
12711,treatment,mobile,0,183.25,48.84
13137,treatment,mobile,0,228.92,28.04
13465,treatment,mobile,0,227.88,51.67
3192,control,desktop,0,225.23,24.15
1866,control,desktop,0,221.69,112.85
13994,control,tablet,0,205.81,25.14
862,control,desktop,0,230.94,44.5
2513,control,desktop,0,261.43,18.91
6810,control,mobile,0,183.36,61.72
1561,control,desktop,0,153.88,44.99
9723,control,mobile,0,224.61,32.67
9670,control,mobile,0,194.94,62.21
13668,control,tablet,0,190.83,66.9
3409,treatment,desktop,0,221.72,65.17
3082,control,desktop,0,237.37,47.68
12707,treatment,mobile,0,172.93,29.19
2762,control,desktop,0,202.93,23.97
14917,treatment,tablet,0,219.88,26.24
6020,treatment,desktop,0,255.86,58.43
12774,treatment,mobile,0,180.26,36.11
8701,control,mobile,0,227.62,59.03
8772,control,mobile,0,162.6,24.34
15954,treatment,tablet,0,256.11,37.93
3923,treatment,desktop,0,230.31,134.14
15208,treatment,tablet,0,214.14,48.72
10903,treatment,mobile,0,183.58,61.9
15724,treatment,tablet,0,229.61,37.21
3359,treatment,desktop,0,242.79,58.74
10764,treatment,mobile,0,228.69,76.44
12246,treatment,mobile,0,235.77,21.8
663,control,desktop,0,187.92,40.83
553,control,desktop,0,159.04,68.82
1583,control,desktop,0,205.04,114.54
14842,treatment,tablet,0,185.4,34.33
2255,control,desktop,0,186.37,32.65
6510,control,mobile,0,241.36,25.02
11082,treatment,mobile,0,225.45,123.36
2948,control,desktop,0,246.07,31.71
10383,treatment,mobile,0,285.48,112.87
6854,control,mobile,0,188.84,51.02
178,control,desktop,0,178.83,64.52
7968,control,mobile,0,218.69,54.73
5118,treatment,desktop,0,212.14,169.8
2358,control,desktop,0,208.53,17.6
3152,control,desktop,1,214.7,66.35
4253,treatment,desktop,1,199.2,32.83
13883,control,tablet,1,143.51,75.8
6782,control,mobile,0,184.72,62.65
1036,control,desktop,0,181.58,81.02
366,control,desktop,0,181.78,100.48
12066,treatment,mobile,0,197.8,51.08
6821,control,mobile,1,218.74,89.96
3249,treatment,desktop,0,207.99,29.8
2149,control,desktop,0,279.09,102.51
4541,treatment,desktop,0,173.86,90.43
9741,control,mobile,0,203.92,43.37
11482,treatment,mobile,0,229.39,85.08
14504,control,tablet,0,257.87,48.03
9650,control,mobile,0,273.33,36.21
11731,treatment,mobile,0,233.44,51.66
2829,control,desktop,0,211.01,36.73
3630,treatment,desktop,0,191.77,31.23
5829,treatment,desktop,0,225.58,58.24
6004,treatment,desktop,0,207.69,44.17
3877,treatment,desktop,1,235.91,70.43
10009,treatment,mobile,0,228.53,40.51
8046,control,mobile,0,176.09,55.21
10271,treatment,mobile,0,228.35,44.37
1367,control,desktop,0,188.71,54.96
2729,control,desktop,0,219.73,40.25
13439,treatment,mobile,0,220.7,37.01
7668,control,mobile,1,198.95,70.87
3209,treatment,desktop,0,195.28,172.92
13571,treatment,mobile,0,238.2,115.04
13092,treatment,mobile,1,245.38,47.85
15027,treatment,tablet,0,218.79,37.7
2641,control,desktop,0,219.37,71.14
13982,control,tablet,0,197.54,26.98
13578,treatment,mobile,0,243.6,140.46
2558,control,desktop,0,220.81,62.48
4820,treatment,desktop,1,251.97,18.5
9697,control,mobile,0,221.37,33.23
2225,control,desktop,0,257.23,46.14
286,control,desktop,0,244.35,37.44
106,control,desktop,0,193.3,33.53
4173,treatment,desktop,0,251.06,47.96
742,control,desktop,0,229.72,49.84
3289,treatment,desktop,0,242.68,33.85
3918,treatment,desktop,0,159.3,164.12
5436,treatment,desktop,0,218.17,41.52
5922,treatment,desktop,0,266.43,69.76
15934,treatment,tablet,0,237.68,19.66
6034,treatment,desktop,0,214.66,87.83
5568,treatment,desktop,0,192.15,25.01
11310,treatment,mobile,0,215.22,43.83
12780,treatment,mobile,0,237.46,57.91
2405,control,desktop,0,210.07,70.9
15580,treatment,tablet,0,193.99,35.75
5944,treatment,desktop,1,176.62,60.52
5972,treatment,desktop,0,228.77,103.01
6645,control,mobile,0,228.83,30.06
888,control,desktop,0,218.63,53.6
11355,treatment,mobile,0,248.08,29.27
9015,control,mobile,0,222.5,80.79
7572,control,mobile,1,284.15,91.64
10342,treatment,mobile,0,243.15,13.31
10380,treatment,mobile,0,236.98,62.7
13880,control,tablet,0,245.51,56.63
3334,treatment,desktop,0,155.87,38.12
15576,treatment,tablet,0,187.04,32.66
10662,treatment,mobile,0,223.71,17.42
12418,treatment,mobile,0,229.02,33.47
14179,control,tablet,0,241.64,39.15
11107,treatment,mobile,0,230.28,28.53
6786,control,mobile,0,246.05,128.96
4583,treatment,desktop,0,205.64,86.44
13559,treatment,mobile,0,233.11,37.47
25,control,desktop,0,158.48,64.31
11183,treatment,mobile,1,284.38,28.57
5037,treatment,desktop,0,261.53,29.92
3576,treatment,desktop,0,237.29,41.59
13441,treatment,mobile,0,243.97,22.71
4685,treatment,desktop,0,258.45,80.06
6363,treatment,desktop,1,214.97,80.88
14651,control,tablet,0,206.84,27.83
977,control,desktop,0,226.65,25.91
15729,treatment,tablet,0,172.45,48.52
3472,treatment,desktop,0,206.52,32.4
7207,control,mobile,0,210.29,16.11
1568,control,desktop,0,257.01,53.0
1058,control,desktop,0,247.37,20.34
10044,treatment,mobile,0,271.59,46.63
11028,treatment,mobile,0,233.33,33.44
15985,treatment,tablet,0,207.27,45.71
8406,control,mobile,0,239.54,95.71
1037,control,desktop,0,202.15,35.54
7980,control,mobile,0,173.68,45.27
12140,treatment,mobile,0,260.44,27.85
15502,treatment,tablet,0,210.38,24.39
13176,treatment,mobile,1,241.4,70.19
1117,control,desktop,0,222.03,45.76
1452,control,desktop,0,201.05,73.48
11426,treatment,mobile,0,187.99,75.53
10786,treatment,mobile,0,215.31,18.34
3671,treatment,desktop,0,200.46,141.87
11404,treatment,mobile,0,167.3,55.36
247,control,desktop,0,214.97,33.47
1834,control,desktop,1,157.46,55.6
4159,treatment,desktop,0,216.5,77.86
12365,treatment,mobile,0,209.38,43.83
3121,control,desktop,0,223.1,80.96
6779,control,mobile,1,211.89,77.82
5191,treatment,desktop,0,212.04,60.62
11128,treatment,mobile,0,222.49,86.0
4554,treatment,desktop,1,207.53,46.43
12325,treatment,mobile,0,234.01,159.26
5485,treatment,desktop,0,240.22,38.83
10088,treatment,mobile,0,236.69,43.52
14906,treatment,tablet,0,213.51,25.59
11902,treatment,mobile,0,269.49,44.14
6343,treatment,desktop,1,250.27,51.26
1223,control,desktop,0,255.41,55.46
1344,control,desktop,0,192.05,42.21
15250,treatment,tablet,0,275.02,72.64
15710,treatment,tablet,0,235.93,42.7
12656,treatment,mobile,0,213.14,110.71
14585,control,tablet,0,214.34,35.83
15847,treatment,tablet,0,185.45,28.15
7437,control,mobile,0,279.82,30.14
7258,control,mobile,0,171.12,66.95
15061,treatment,tablet,0,204.03,75.88
4338,treatment,desktop,0,180.08,57.39
393,control,desktop,0,205.07,77.54
14324,control,tablet,0,165.66,25.33
12785,treatment,mobile,1,225.71,50.31
15661,treatment,tablet,0,250.75,36.35
3244,treatment,desktop,1,191.9,84.7
4145,treatment,desktop,0,201.3,27.49
6802,control,mobile,0,193.99,69.47
12200,treatment,mobile,0,226.35,55.7
8639,control,mobile,0,243.64,47.02
5342,treatment,desktop,0,238.36,21.36
9106,control,mobile,0,169.24,56.42
11809,treatment,mobile,0,168.7,61.33
7897,control,mobile,1,160.11,76.5
13729,control,tablet,0,165.4,57.47
6835,control,mobile,0,226.76,44.11
11033,treatment,mobile,0,200.96,61.04
14221,control,tablet,0,262.77,53.68
5151,treatment,desktop,0,240.33,81.31
1306,control,desktop,1,187.24,73.53
6254,treatment,desktop,0,236.15,22.04
189,control,desktop,0,191.58,43.07
10338,treatment,mobile,0,246.34,40.76
12143,treatment,mobile,0,190.8,56.66
13404,treatment,mobile,0,210.66,108.24
5526,treatment,desktop,0,252.26,50.61
4512,treatment,desktop,0,174.56,32.58
12777,treatment,mobile,0,216.74,19.96
6578,control,mobile,0,200.02,31.38
13170,treatment,mobile,0,238.61,53.61
11308,treatment,mobile,0,226.22,31.2
9634,control,mobile,0,226.09,67.4
907,control,desktop,0,233.72,45.54
6627,control,mobile,0,229.94,75.93
3892,treatment,desktop,0,238.87,68.59
1164,control,desktop,0,225.24,92.72
8152,control,mobile,0,235.27,50.27
4980,treatment,desktop,0,243.72,66.17
15388,treatment,tablet,0,255.11,36.1
10568,treatment,mobile,0,227.89,106.83
3664,treatment,desktop,0,211.36,60.79
8025,control,mobile,0,243.06,78.39
3159,control,desktop,0,172.76,64.07
970,control,desktop,0,249.2,42.77
10824,treatment,mobile,1,202.26,88.9
4067,treatment,desktop,0,233.26,42.71
7310,control,mobile,0,224.75,105.29
15970,treatment,tablet,0,212.97,35.88
11606,treatment,mobile,0,181.38,44.48
11255,treatment,mobile,0,226.02,51.32
1287,control,desktop,1,196.63,76.28
8445,control,mobile,0,213.88,77.87
15153,treatment,tablet,0,216.88,75.69
9182,control,mobile,0,205.1,92.89
13044,treatment,mobile,0,247.14,19.07
8687,control,mobile,0,216.99,100.28
10135,treatment,mobile,0,252.53,32.58
4437,treatment,desktop,0,218.64,78.86
7918,control,mobile,0,214.24,51.87
14253,control,tablet,0,190.75,53.49
10589,treatment,mobile,0,255.78,72.37
9301,control,mobile,0,193.6,124.36
3757,treatment,desktop,0,173.11,30.51
3522,treatment,desktop,0,302.98,46.67
2666,control,desktop,0,172.45,70.78
3570,treatment,desktop,0,176.58,58.95
2976,control,desktop,0,286.09,47.81
1522,control,desktop,0,185.42,35.21
12978,treatment,mobile,0,185.15,22.09
13217,treatment,mobile,0,223.4,29.18
13240,treatment,mobile,0,242.04,31.15
8325,control,mobile,0,201.37,88.61
14715,control,tablet,0,226.06,48.3
6804,control,mobile,0,285.92,26.05
9175,control,mobile,0,180.07,47.51
12604,treatment,mobile,0,216.29,36.01
685,control,desktop,0,203.37,46.39
1276,control,desktop,0,212.75,91.37
6829,control,mobile,0,227.73,30.6
9086,control,mobile,0,234.42,124.0
1875,control,desktop,0,219.67,73.21
2571,control,desktop,0,187.73,31.59
10931,treatment,mobile,0,282.05,49.48
2080,control,desktop,0,256.58,114.13
13418,treatment,mobile,0,249.32,45.84
10720,treatment,mobile,0,251.72,101.27
5903,treatment,desktop,0,223.34,45.6
1463,control,desktop,0,258.11,47.47
3869,treatment,desktop,0,216.04,42.52
758,control,desktop,0,229.82,47.03
11169,treatment,mobile,0,177.4,21.22
11341,treatment,mobile,0,201.63,39.56
12851,treatment,mobile,0,238.78,81.65
11799,treatment,mobile,0,211.35,58.4
6904,control,mobile,0,217.78,95.89
3652,treatment,desktop,0,187.33,79.49
7545,control,mobile,0,205.24,35.8
6754,control,mobile,0,258.97,41.17
14028,control,tablet,0,241.59,27.57
8979,control,mobile,0,216.51,34.96
83,control,desktop,0,251.39,39.19
13635,control,tablet,0,171.27,92.07
7967,control,mobile,0,269.51,34.52
10624,treatment,mobile,1,205.25,69.4
7950,control,mobile,0,153.76,24.71
8707,control,mobile,0,190.48,27.93
6567,control,mobile,0,261.35,38.93
9704,control,mobile,0,165.43,77.73
14867,treatment,tablet,0,256.7,46.97
2098,control,desktop,0,243.66,65.98
6681,control,mobile,0,254.53,50.4
7849,control,mobile,0,274.5,26.3
7165,control,mobile,0,180.11,57.78
13139,treatment,mobile,0,240.6,75.57
141,control,desktop,1,220.42,48.04
10482,treatment,mobile,0,223.84,11.05
8721,control,mobile,0,243.23,59.49
4446,treatment,desktop,0,184.07,55.99
1465,control,desktop,0,201.15,24.92
15221,treatment,tablet,0,200.52,55.25
5502,treatment,desktop,0,200.03,80.42
2953,control,desktop,0,229.21,102.27
8536,control,mobile,0,234.08,40.09
11625,treatment,mobile,0,234.3,47.49
8317,control,mobile,0,174.75,49.71
3531,treatment,desktop,0,283.91,61.18
10725,treatment,mobile,0,190.38,49.84
11958,treatment,mobile,1,239.98,65.24
4180,treatment,desktop,0,138.73,54.62
14725,control,tablet,0,224.14,58.92
10924,treatment,mobile,0,214.86,26.32
1157,control,desktop,0,203.95,15.36
8631,control,mobile,0,253.24,43.54
11917,treatment,mobile,0,240.87,76.62
6490,control,mobile,0,236.85,69.87
13010,treatment,mobile,0,228.96,36.88
11019,treatment,mobile,0,234.28,26.14
7654,control,mobile,0,233.75,29.24
13622,control,tablet,0,184.85,22.47
4535,treatment,desktop,0,227.68,64.16
11366,treatment,mobile,0,222.04,69.33
6471,control,mobile,0,199.16,41.61
1892,control,desktop,0,158.5,25.39
3602,treatment,desktop,0,212.59,42.19
432,control,desktop,0,251.28,42.86
2215,control,desktop,0,215.95,65.48
7843,control,mobile,0,248.67,68.41
6671,control,mobile,0,245.48,75.01
7604,control,mobile,0,248.7,34.79
207,control,desktop,0,192.9,23.17
1240,control,desktop,0,212.01,73.48
10441,treatment,mobile,0,291.73,143.78
15016,treatment,tablet,0,176.94,34.99
541,control,desktop,0,190.3,66.46
14768,control,tablet,0,191.09,15.51
13231,treatment,mobile,0,243.58,80.92
14980,treatment,tablet,0,191.1,33.91
7739,control,mobile,0,238.3,71.27
11669,treatment,mobile,0,188.63,53.4
14510,control,tablet,0,235.36,45.45
7863,control,mobile,0,217.83,26.08
12817,treatment,mobile,0,218.63,60.87
3206,treatment,desktop,0,216.08,59.34
12652,treatment,mobile,0,167.8,54.37
1787,control,desktop,0,228.61,59.05
14831,treatment,tablet,0,285.14,160.1
9797,control,mobile,1,241.5,55.23
10378,treatment,mobile,0,250.41,46.39
7956,control,mobile,0,274.24,55.91
3448,treatment,desktop,0,197.23,110.73
1290,control,desktop,0,240.6,71.22
670,control,desktop,0,250.62,86.6
4417,treatment,desktop,1,181.68,22.56
3319,treatment,desktop,0,179.15,113.44
709,control,desktop,0,205.55,33.66
12888,treatment,mobile,0,244.29,50.23
6960,control,mobile,0,265.6,30.3
5795,treatment,desktop,0,222.56,19.09
7893,control,mobile,0,182.11,67.68
5570,treatment,desktop,0,204.79,25.08
14448,control,tablet,0,184.33,40.49
1508,control,desktop,0,186.93,53.5
13226,treatment,mobile,0,170.37,36.84
675,control,desktop,0,280.18,35.69
11693,treatment,mobile,0,207.66,80.13
14833,treatment,tablet,0,252.44,31.03
3593,treatment,desktop,0,197.33,102.67
6274,treatment,desktop,0,211.47,122.31
8813,control,mobile,0,190.35,37.6
15998,treatment,tablet,0,218.04,70.92
14120,control,tablet,0,241.85,25.59
8112,control,mobile,0,238.97,38.57
9206,control,mobile,0,290.32,43.97
15662,treatment,tablet,0,292.42,26.81
1010,control,desktop,0,215.5,33.7
4730,treatment,desktop,0,224.32,74.62
8904,control,mobile,0,205.01,35.49
12726,treatment,mobile,0,264.22,193.97
2967,control,desktop,0,278.51,59.33
15321,treatment,tablet,1,202.7,44.81
9391,control,mobile,0,201.92,35.12
1438,control,desktop,0,181.94,22.99
15756,treatment,tablet,1,220.11,101.47
12866,treatment,mobile,0,230.17,46.99
10121,treatment,mobile,1,214.95,70.39
15084,treatment,tablet,0,264.01,50.41
6331,treatment,desktop,0,201.17,37.72
8738,control,mobile,0,241.2,41.71
11660,treatment,mobile,0,211.7,38.25
3154,control,desktop,0,266.6,38.05
12524,treatment,mobile,0,224.82,77.83
4934,treatment,desktop,0,233.4,16.88
2822,control,desktop,0,245.37,29.7
12307,treatment,mobile,0,204.04,77.15
13339,treatment,mobile,0,226.04,20.17
7503,control,mobile,0,182.5,33.23
4212,treatment,desktop,0,211.25,21.32
1594,control,desktop,1,194.46,72.44
15149,treatment,tablet,1,217.41,60.02
3316,treatment,desktop,0,239.96,40.33
3741,treatment,desktop,0,207.68,15.99
14809,treatment,tablet,0,204.29,76.16
4725,treatment,desktop,0,256.83,90.3
216,control,desktop,0,193.38,104.28
12264,treatment,mobile,0,233.41,66.7
9884,control,mobile,0,206.78,44.08
12406,treatment,mobile,0,288.72,85.14
4813,treatment,desktop,0,254.96,36.31
10250,treatment,mobile,0,145.15,66.77
6528,control,mobile,0,250.53,49.42
15224,treatment,tablet,0,257.16,24.58
4769,treatment,desktop,0,280.42,25.55
12478,treatment,mobile,0,226.49,43.87
8258,control,mobile,0,182.9,36.67
9941,control,mobile,0,218.23,50.27
11904,treatment,mobile,0,273.11,59.16
15018,treatment,tablet,0,231.24,64.23
11978,treatment,mobile,1,233.3,74.54
14328,control,tablet,0,220.97,52.73
9623,control,mobile,0,215.07,49.6
9808,control,mobile,0,187.56,26.36
5324,treatment,desktop,0,189.02,39.74
8608,control,mobile,0,213.36,89.84
15405,treatment,tablet,0,219.03,55.66
9186,control,mobile,1,198.94,65.8
8528,control,mobile,0,221.85,138.93
1907,control,desktop,0,199.49,42.95
13738,control,tablet,0,186.53,71.39
4818,treatment,desktop,1,254.35,62.75
5174,treatment,desktop,0,204.81,57.39
11674,treatment,mobile,0,242.06,68.83
2720,control,desktop,0,171.26,31.12
13191,treatment,mobile,0,208.42,137.15
8198,control,mobile,0,256.69,131.68
8278,control,mobile,0,227.72,79.81
11755,treatment,mobile,0,276.93,47.36
1501,control,desktop,1,245.78,40.09
15964,treatment,tablet,0,202.01,44.1
4709,treatment,desktop,0,188.51,43.0
4355,treatment,desktop,0,225.84,39.72
8050,control,mobile,0,229.56,57.35
9758,control,mobile,0,176.6,50.46
4368,treatment,desktop,0,247.45,64.22
7086,control,mobile,0,204.1,50.33
14796,control,tablet,0,247.64,19.82
8929,control,mobile,0,208.43,15.55
15691,treatment,tablet,0,277.39,38.86
7153,control,mobile,0,229.61,11.46
13380,treatment,mobile,1,237.98,57.23
6638,control,mobile,0,177.16,51.09
9762,control,mobile,0,219.73,56.52
2688,control,desktop,0,222.67,44.18
2321,control,desktop,1,208.87,62.66
4661,treatment,desktop,0,251.35,19.06
13045,treatment,mobile,0,212.08,156.8
8435,control,mobile,0,247.52,26.35
3948,treatment,desktop,0,171.88,39.89
12250,treatment,mobile,1,220.22,76.84
9242,control,mobile,0,219.0,59.76
9561,control,mobile,0,199.17,82.4
7682,control,mobile,0,277.91,92.25
5644,treatment,desktop,1,208.76,84.13
555,control,desktop,0,219.14,57.31
4521,treatment,desktop,0,186.28,41.57
3530,treatment,desktop,0,252.82,43.57
810,control,desktop,0,193.2,51.82
8950,control,mobile,0,270.61,67.27
10740,treatment,mobile,0,244.84,61.18
14905,treatment,tablet,0,196.71,53.53
3079,control,desktop,1,218.75,34.86
427,control,desktop,0,153.36,55.8
2228,control,desktop,0,231.55,134.73
5479,treatment,desktop,0,245.68,103.26
12592,treatment,mobile,0,233.64,30.03
404,control,desktop,0,201.56,79.93
734,control,desktop,0,240.16,45.24
5916,treatment,desktop,1,233.87,67.58
7475,control,mobile,0,273.91,52.97
7773,control,mobile,0,181.96,39.19
15121,treatment,tablet,0,182.71,63.49
8387,control,mobile,0,213.11,43.41
9156,control,mobile,0,184.44,46.26
11640,treatment,mobile,0,264.46,64.02
15029,treatment,tablet,1,235.78,54.36
6083,treatment,desktop,0,214.61,57.68
222,control,desktop,0,211.06,43.72
5613,treatment,desktop,0,227.43,37.38
4419,treatment,desktop,1,254.08,35.95
8758,control,mobile,0,191.13,120.78
8989,control,mobile,0,243.07,31.74
5083,treatment,desktop,0,178.95,41.61
13144,treatment,mobile,0,226.95,52.01
15168,treatment,tablet,0,124.24,74.65
14495,control,tablet,0,204.81,58.98
13488,treatment,mobile,0,256.05,29.44
8932,control,mobile,0,253.45,58.57
8079,control,mobile,0,232.67,52.24
414,control,desktop,0,253.06,50.15
6115,treatment,desktop,0,236.63,38.14
13932,control,tablet,0,171.15,37.29
5781,treatment,desktop,0,205.58,53.06
4307,treatment,desktop,0,201.6,51.83
3364,treatment,desktop,0,254.9,33.05
8364,control,mobile,0,252.15,122.54
15828,treatment,tablet,0,210.1,18.88
9421,control,mobile,0,218.78,51.4
14832,treatment,tablet,0,276.17,77.99
10717,treatment,mobile,0,193.06,52.62
7879,control,mobile,0,220.28,54.94
6618,control,mobile,0,261.61,23.93
12394,treatment,mobile,0,241.27,62.8
4973,treatment,desktop,0,188.58,146.52
5298,treatment,desktop,0,233.85,20.3
1730,control,desktop,0,206.44,59.63
2294,control,desktop,0,183.83,17.11
6355,treatment,desktop,0,230.88,42.55
291,control,desktop,0,176.22,88.65
4317,treatment,desktop,0,217.72,126.04
1142,control,desktop,0,183.05,49.59
3868,treatment,desktop,0,240.16,32.0
2192,control,desktop,0,261.17,38.8
12597,treatment,mobile,0,198.1,96.53
3628,treatment,desktop,0,223.85,49.73
9024,control,mobile,0,219.36,62.73
3085,control,desktop,0,211.51,51.02
4454,treatment,desktop,0,169.18,25.37
589,control,desktop,0,241.54,85.59
12120,treatment,mobile,0,206.48,39.87
4736,treatment,desktop,0,204.19,24.57
8674,control,mobile,0,152.92,94.01
503,control,desktop,0,164.22,19.8
2865,control,desktop,0,244.92,36.09
13084,treatment,mobile,0,200.34,53.93
4962,treatment,desktop,0,242.27,62.53
9827,control,mobile,0,233.07,42.4
8486,control,mobile,0,186.83,54.21
3134,control,desktop,0,239.13,31.82
1219,control,desktop,0,187.62,104.32
4164,treatment,desktop,1,200.22,27.64
7022,control,mobile,0,242.69,176.81
5094,treatment,desktop,0,199.07,40.18
10147,treatment,mobile,1,219.33,32.57
9303,control,mobile,0,260.42,40.02
5503,treatment,desktop,0,199.32,91.04
9944,control,mobile,0,260.6,77.43
6995,control,mobile,0,224.5,75.63
4515,treatment,desktop,1,205.06,46.06
15587,treatment,tablet,0,188.4,33.92
2457,control,desktop,0,188.5,94.36
1208,control,desktop,0,232.0,61.06
10811,treatment,mobile,0,193.55,61.15
9530,control,mobile,0,256.56,68.98
2297,control,desktop,0,186.24,46.1
12156,treatment,mobile,0,204.73,45.94
10314,treatment,mobile,0,188.7,54.49
3162,control,desktop,0,203.8,43.41
10644,treatment,mobile,1,243.91,31.68
10959,treatment,mobile,0,228.4,72.25
919,control,desktop,1,191.47,39.86
7266,control,mobile,0,211.3,25.21
15838,treatment,tablet,0,194.82,28.88
15670,treatment,tablet,0,225.47,43.89
6336,treatment,desktop,1,226.35,17.02
13747,control,tablet,0,171.53,63.78
14986,treatment,tablet,0,250.66,29.03
5061,treatment,desktop,0,176.26,20.3
11170,treatment,mobile,0,269.64,131.99
12948,treatment,mobile,0,212.79,122.6
971,control,desktop,0,192.14,57.23
2307,control,desktop,0,172.41,35.3
5024,treatment,desktop,0,281.48,20.9
11348,treatment,mobile,0,187.49,40.95
14497,control,tablet,0,195.32,54.49
8301,control,mobile,1,219.21,78.78
1416,control,desktop,0,230.21,93.02
3953,treatment,desktop,1,192.18,67.87
1371,control,desktop,0,224.59,83.21
408,control,desktop,0,266.71,67.2
6246,treatment,desktop,0,175.52,35.39
14769,control,tablet,0,242.95,27.09
12528,treatment,mobile,0,214.05,32.35
8886,control,mobile,0,209.86,86.86
1797,control,desktop,0,278.06,22.48
4804,treatment,desktop,1,209.11,57.86
4141,treatment,desktop,0,170.21,104.55
4083,treatment,desktop,0,236.51,35.6
370,control,desktop,0,199.5,34.45
351,control,desktop,0,235.93,63.06
8711,control,mobile,0,161.16,54.42
3963,treatment,desktop,0,223.16,26.33
2478,control,desktop,0,169.51,50.51
13288,treatment,mobile,0,273.89,54.43
7264,control,mobile,0,237.32,138.69
11801,treatment,mobile,0,233.08,46.56
13790,control,tablet,0,197.91,39.29
9022,control,mobile,0,246.21,31.06
15951,treatment,tablet,0,216.6,60.65
8398,control,mobile,1,246.22,36.61
7274,control,mobile,0,222.93,26.08
2434,control,desktop,0,188.57,39.19
3646,treatment,desktop,0,242.67,48.73
3569,treatment,desktop,0,189.26,65.9
12746,treatment,mobile,0,196.67,123.17
7856,control,mobile,0,247.66,98.04
10670,treatment,mobile,0,240.5,120.3
14948,treatment,tablet,0,241.31,70.62
12472,treatment,mobile,0,186.62,25.44
9409,control,mobile,0,272.62,68.75
8718,control,mobile,0,226.11,67.98
6444,control,mobile,0,241.99,44.01
10376,treatment,mobile,0,243.23,31.36
11277,treatment,mobile,1,206.47,23.93
2744,control,desktop,0,202.09,30.29
6187,treatment,desktop,1,223.19,48.05
5014,treatment,desktop,0,210.25,25.99
14822,treatment,tablet,0,223.31,86.72
11624,treatment,mobile,0,269.14,19.56
1334,control,desktop,0,250.73,65.26
9886,control,mobile,0,240.79,48.55
12819,treatment,mobile,0,195.49,33.9
6652,control,mobile,0,215.43,65.75
9715,control,mobile,0,214.25,75.82
1895,control,desktop,0,240.67,73.04
13422,treatment,mobile,0,243.77,76.22
1027,control,desktop,0,225.04,39.44
6036,treatment,desktop,0,155.09,53.35
2885,control,desktop,0,234.31,51.47
12002,treatment,mobile,0,274.51,85.22
15573,treatment,tablet,0,229.81,28.23
12019,treatment,mobile,0,174.11,39.56
4357,treatment,desktop,0,232.54,36.69
10960,treatment,mobile,0,287.68,63.76
727,control,desktop,0,239.61,25.56
2330,control,desktop,0,209.98,133.26
14071,control,tablet,0,231.3,53.99
1949,control,desktop,0,251.94,55.84
5279,treatment,desktop,1,194.05,38.47
13302,treatment,mobile,0,229.09,50.81
6038,treatment,desktop,0,153.76,50.01
8842,control,mobile,0,201.93,69.44
10693,treatment,mobile,0,171.28,23.96
15699,treatment,tablet,0,232.6,46.13
15257,treatment,tablet,0,211.94,110.84
15581,treatment,tablet,0,156.59,22.46
8253,control,mobile,1,171.69,57.06
11853,treatment,mobile,0,237.99,94.14
14364,control,tablet,0,236.81,44.91
7878,control,mobile,0,242.87,124.05
11521,treatment,mobile,0,187.51,56.83
10454,treatment,mobile,0,220.78,63.72
14608,control,tablet,0,208.95,34.12
8992,control,mobile,0,252.73,76.08
2586,control,desktop,0,183.02,76.7
11385,treatment,mobile,0,261.44,39.82
14058,control,tablet,1,238.62,38.11
11898,treatment,mobile,0,259.14,33.86
8107,control,mobile,0,215.4,31.26
14121,control,tablet,0,219.14,29.48
14459,control,tablet,0,230.87,45.22
4537,treatment,desktop,0,226.18,48.54
2687,control,desktop,0,188.34,54.97
2753,control,desktop,0,235.17,46.98
9164,control,mobile,0,217.71,134.05
11215,treatment,mobile,0,218.41,33.35
10323,treatment,mobile,0,162.47,77.65
4436,treatment,desktop,0,219.15,40.89
11834,treatment,mobile,0,217.9,74.33
13936,control,tablet,0,185.0,75.32
4678,treatment,desktop,0,271.88,32.93
14687,control,tablet,0,233.07,94.13
12693,treatment,mobile,0,277.99,50.21
13272,treatment,mobile,0,224.36,38.1
10263,treatment,mobile,0,229.67,48.94
8304,control,mobile,0,213.7,97.25
2106,control,desktop,0,218.02,126.74
3286,treatment,desktop,0,274.43,21.13
7803,control,mobile,0,232.22,62.46
14848,treatment,tablet,0,209.6,34.18
13604,control,tablet,0,188.31,149.6
4148,treatment,desktop,0,230.74,63.05
5612,treatment,desktop,0,198.89,73.3
10419,treatment,mobile,0,187.66,40.67
14802,treatment,tablet,0,160.78,74.56
460,control,desktop,0,235.72,42.78
8774,control,mobile,1,206.89,48.33
13180,treatment,mobile,0,210.27,42.84
7795,control,mobile,0,278.82,61.61
326,control,desktop,0,239.53,69.05
11727,treatment,mobile,0,201.39,63.34
4923,treatment,desktop,0,233.92,17.16
1220,control,desktop,0,203.26,36.27
14591,control,tablet,0,222.02,111.38
10521,treatment,mobile,0,229.19,55.4
3395,treatment,desktop,0,235.98,66.46
2608,control,desktop,0,256.41,33.04
1348,control,desktop,0,244.15,76.0
9173,control,mobile,0,226.31,81.08
6992,control,mobile,0,209.92,227.39
4791,treatment,desktop,0,213.77,137.05
14992,treatment,tablet,0,225.41,60.83
6477,control,mobile,0,215.7,62.02
1100,control,desktop,0,186.33,45.96
7299,control,mobile,1,216.76,28.17
1942,control,desktop,0,219.69,124.6
9936,control,mobile,0,214.25,53.98
8044,control,mobile,0,170.78,27.49
10062,treatment,mobile,0,259.32,26.25
14372,control,tablet,0,162.75,23.84
15715,treatment,tablet,0,190.66,55.36
12679,treatment,mobile,0,247.67,111.32
3113,control,desktop,0,180.64,62.55
10604,treatment,mobile,0,265.83,71.1
7178,control,mobile,0,250.1,22.2
3543,treatment,desktop,1,199.08,34.15
9011,control,mobile,1,199.03,102.85
31,control,desktop,0,200.91,5589.5
15229,treatment,tablet,0,167.51,36.84
1437,control,desktop,1,178.22,73.0
11781,treatment,mobile,0,213.95,33.04
6388,treatment,desktop,0,196.93,33.18
9531,control,mobile,0,230.22,123.32
13997,control,tablet,0,228.53,56.31
1757,control,desktop,1,203.18,29.57
14107,control,tablet,0,235.41,68.99
10850,treatment,mobile,0,184.64,80.08
8234,control,mobile,0,210.82,38.2
2217,control,desktop,0,223.04,31.86
11096,treatment,mobile,0,197.62,47.0
2140,control,desktop,0,218.29,35.05
2462,control,desktop,0,231.25,60.23
7297,control,mobile,0,216.61,95.27
3734,treatment,desktop,0,248.41,94.09
14527,control,tablet,0,223.34,42.0
8537,control,mobile,0,224.13,43.88
14191,control,tablet,0,243.11,65.65
5799,treatment,desktop,0,178.82,54.14
4299,treatment,desktop,0,284.2,26.99
6320,treatment,desktop,0,188.18,40.41
4562,treatment,desktop,1,192.69,48.88
7626,control,mobile,0,217.69,49.58
10896,treatment,mobile,0,221.12,30.13
9278,control,mobile,0,218.6,60.26
7746,control,mobile,1,231.97,41.51
543,control,desktop,0,271.81,51.45
10185,treatment,mobile,0,266.87,38.02
14373,control,tablet,0,214.21,66.97
13538,treatment,mobile,0,227.02,75.1
1913,control,desktop,0,253.11,35.77
615,control,desktop,1,280.87,83.26
1542,control,desktop,0,135.67,34.31
15247,treatment,tablet,0,250.32,98.09
13858,control,tablet,0,225.72,32.91
8252,control,mobile,0,274.5,84.25
9543,control,mobile,0,240.37,31.97
12459,treatment,mobile,0,317.06,75.55
8935,control,mobile,1,190.15,66.01
5351,treatment,desktop,1,182.49,37.68
5053,treatment,desktop,0,287.99,91.95
12798,treatment,mobile,0,217.26,46.78
4320,treatment,desktop,0,241.58,35.06
14743,control,tablet,0,225.18,47.44
15391,treatment,tablet,0,198.09,66.66
4654,treatment,desktop,0,217.41,53.74
3549,treatment,desktop,0,224.22,17.39
12718,treatment,mobile,0,233.02,123.37
6403,control,mobile,0,254.06,88.92
13952,control,tablet,0,198.55,22.84
11596,treatment,mobile,0,233.98,52.79
14516,control,tablet,0,226.81,43.07
8166,control,mobile,0,220.58,27.9
4341,treatment,desktop,0,204.33,41.0
3350,treatment,desktop,0,205.01,55.1
14583,control,tablet,0,263.81,22.43
4834,treatment,desktop,0,206.55,69.06
6687,control,mobile,1,214.77,65.24
4566,treatment,desktop,0,230.7,102.41
192,control,desktop,0,230.45,43.48
2897,control,desktop,0,247.64,96.27
8974,control,mobile,0,252.87,57.71
14014,control,tablet,0,243.66,51.07
10439,treatment,mobile,0,232.84,39.73
5460,treatment,desktop,0,222.73,90.16
10005,treatment,mobile,0,198.51,54.38
12054,treatment,mobile,0,201.99,98.17
8752,control,mobile,0,194.96,78.69
13328,treatment,mobile,0,184.94,87.09
2144,control,desktop,0,224.45,69.84
994,control,desktop,0,233.58,45.98
6679,control,mobile,0,270.13,46.84
1622,control,desktop,0,214.83,60.22
1963,control,desktop,1,227.71,38.47
5593,treatment,desktop,0,238.14,31.47
2886,control,desktop,0,209.42,45.37
8870,control,mobile,0,252.77,37.55
8913,control,mobile,0,188.67,106.29
1423,control,desktop,1,189.22,74.66
3112,control,desktop,0,222.2,36.98
13862,control,tablet,0,187.82,71.33
14227,control,tablet,0,214.06,29.22
1536,control,desktop,0,239.58,72.04
15378,treatment,tablet,0,259.13,42.54
12374,treatment,mobile,0,239.91,48.69
4875,treatment,desktop,1,231.64,116.45
10149,treatment,mobile,0,215.52,27.23
13565,treatment,mobile,0,236.81,34.98
3553,treatment,desktop,0,288.8,51.06
1369,control,desktop,1,242.96,40.75
8860,control,mobile,0,291.64,42.24
8682,control,mobile,0,252.36,58.98
10981,treatment,mobile,0,270.82,129.89
12987,treatment,mobile,0,239.3,57.99
6436,control,mobile,0,247.76,60.34
1215,control,desktop,0,253.89,5967.66
14565,control,tablet,0,258.32,63.38
7736,control,mobile,0,246.11,47.36
9071,control,mobile,0,237.2,69.81
2492,control,desktop,0,179.03,162.03
7279,control,mobile,0,257.29,62.57
10113,treatment,mobile,0,214.8,73.44
2427,control,desktop,0,167.68,84.94
3116,control,desktop,0,185.06,72.54
5294,treatment,desktop,0,275.78,39.77
6119,treatment,desktop,0,243.18,81.06
9333,control,mobile,0,263.82,52.54
9549,control,mobile,0,195.39,91.71
1404,control,desktop,0,233.1,60.36
1795,control,desktop,0,120.68,28.91
9622,control,mobile,0,265.66,27.25
3605,treatment,desktop,0,192.77,43.48
15545,treatment,tablet,0,233.34,47.49
13833,control,tablet,0,248.06,86.89
14595,control,tablet,0,206.18,49.33
9286,control,mobile,0,222.5,25.12
6040,treatment,desktop,0,263.9,24.54
12389,treatment,mobile,0,183.19,69.12
3533,treatment,desktop,0,229.64,40.8
4952,treatment,desktop,0,188.5,37.59
15245,treatment,tablet,0,254.84,73.54
15174,treatment,tablet,0,209.89,35.54
15917,treatment,tablet,0,206.45,112.88
12723,treatment,mobile,0,258.82,19.81
11365,treatment,mobile,0,193.24,14.16
2416,control,desktop,0,208.63,64.68
12947,treatment,mobile,0,222.89,31.56
6906,control,mobile,0,277.67,39.17
8451,control,mobile,0,195.92,42.2
3979,treatment,desktop,0,221.9,40.12
6410,control,mobile,0,225.4,47.73
15709,treatment,tablet,1,233.32,68.21
5404,treatment,desktop,0,176.98,55.72
802,control,desktop,0,229.35,183.96
1098,control,desktop,0,229.0,32.19
12194,treatment,mobile,0,242.37,64.9
5699,treatment,desktop,0,233.37,112.05
477,control,desktop,0,209.09,42.58
8362,control,mobile,0,216.92,61.13
6503,control,mobile,0,270.94,10.99
15182,treatment,tablet,0,205.94,42.5
6800,control,mobile,0,297.08,28.49
12549,treatment,mobile,1,191.72,29.51
3599,treatment,desktop,0,221.69,90.15
12011,treatment,mobile,0,198.79,53.93
12461,treatment,mobile,0,227.24,74.76
3017,control,desktop,0,188.9,22.66
10885,treatment,mobile,0,221.13,52.68
4428,treatment,desktop,0,207.55,14.69
13298,treatment,mobile,0,254.21,49.7
7203,control,mobile,0,209.42,33.99
14990,treatment,tablet,0,251.4,18.7
7633,control,mobile,0,196.68,52.71
9308,control,mobile,0,262.07,24.47
7936,control,mobile,0,240.11,45.6
15650,treatment,tablet,0,185.2,29.24
14323,control,tablet,0,256.82,66.13
2447,control,desktop,0,207.65,64.28
4113,treatment,desktop,1,261.99,47.03
12305,treatment,mobile,0,225.19,29.98
2304,control,desktop,0,234.31,68.53
15805,treatment,tablet,0,197.08,83.2
8295,control,mobile,0,153.81,119.3
7182,control,mobile,0,216.55,46.88
1119,control,desktop,0,196.18,28.79
13694,control,tablet,0,223.08,48.78
116,control,desktop,0,209.72,13.4
7291,control,mobile,0,234.4,125.88
3372,treatment,desktop,0,181.82,46.33
2793,control,desktop,0,215.94,106.64
3997,treatment,desktop,0,279.48,44.4
224,control,desktop,0,173.02,54.66
4026,treatment,desktop,0,194.79,30.29
10102,treatment,mobile,0,200.22,74.5
9565,control,mobile,0,203.74,55.46
8084,control,mobile,0,213.84,23.32
12089,treatment,mobile,0,227.53,48.86
9524,control,mobile,0,153.26,188.14
8159,control,mobile,0,173.93,115.21
12605,treatment,mobile,0,221.66,68.22
6694,control,mobile,0,233.46,42.15
5697,treatment,desktop,0,185.26,38.08
9037,control,mobile,0,234.33,52.21
15444,treatment,tablet,0,206.36,44.94
6441,control,mobile,0,180.13,26.56
1085,control,desktop,0,225.75,175.94
7776,control,mobile,0,215.5,49.96
15975,treatment,tablet,0,217.34,84.59
11161,treatment,mobile,0,188.44,70.05
13343,treatment,mobile,0,213.31,22.42
8941,control,mobile,0,218.56,31.51
1863,control,desktop,0,262.14,42.9
4984,treatment,desktop,0,196.35,34.68
13552,treatment,mobile,0,194.85,22.72
13921,control,tablet,0,184.55,70.37
8690,control,mobile,0,208.87,109.38
9959,control,mobile,0,256.81,42.58
15948,treatment,tablet,0,210.97,72.92
12802,treatment,mobile,0,242.3,31.43
8099,control,mobile,0,213.08,37.1
12662,treatment,mobile,0,191.92,66.27
6774,control,mobile,0,230.37,53.2
11162,treatment,mobile,0,207.04,55.3
13314,treatment,mobile,1,168.98,24.27
15298,treatment,tablet,0,205.32,58.78
9736,control,mobile,0,217.15,61.27
2871,control,desktop,0,204.95,64.17
7933,control,mobile,0,249.11,82.65
4082,treatment,desktop,0,191.02,87.83
11154,treatment,mobile,0,268.35,48.98
15492,treatment,tablet,0,192.28,89.52
15130,treatment,tablet,0,234.02,81.89
2269,control,desktop,1,211.25,50.05
11861,treatment,mobile,0,163.48,58.19
4322,treatment,desktop,0,256.81,36.29
6175,treatment,desktop,0,192.31,37.84
5405,treatment,desktop,0,222.48,42.51
1791,control,desktop,0,218.87,18.7
10859,treatment,mobile,0,203.93,104.77
12096,treatment,mobile,0,265.85,22.54
8514,control,mobile,0,224.78,57.77
5535,treatment,desktop,0,149.4,34.64
7115,control,mobile,0,170.62,35.06
4982,treatment,desktop,0,198.24,29.08
3064,control,desktop,0,202.46,34.41
14858,treatment,tablet,0,199.1,34.94
15494,treatment,tablet,0,230.45,32.06
12118,treatment,mobile,0,213.66,28.52
15808,treatment,tablet,0,263.82,43.78
8181,control,mobile,0,206.58,69.95
14436,control,tablet,0,210.16,90.39
8954,control,mobile,0,202.61,25.17
6103,treatment,desktop,1,181.17,26.58
730,control,desktop,0,197.92,35.13
11309,treatment,mobile,0,186.63,31.27
14422,control,tablet,0,215.83,47.98
15856,treatment,tablet,0,168.83,54.19
533,control,desktop,0,200.53,36.03
2025,control,desktop,0,217.31,24.92
461,control,desktop,0,205.33,42.47
8036,control,mobile,0,196.6,81.52
2559,control,desktop,1,246.32,65.26
5170,treatment,desktop,0,153.35,25.24
7920,control,mobile,0,201.24,80.97
13587,treatment,mobile,0,279.23,49.3
446,control,desktop,0,170.8,98.13
1985,control,desktop,0,237.2,57.58
770,control,desktop,0,195.12,79.11
2048,control,desktop,0,163.53,30.14
8455,control,mobile,0,242.29,28.9
5142,treatment,desktop,0,225.43,23.99
9373,control,mobile,0,247.62,39.9
12541,treatment,mobile,0,242.79,107.31
3430,treatment,desktop,0,194.9,84.27
9141,control,mobile,0,196.78,26.77
8512,control,mobile,0,200.22,41.4
11724,treatment,mobile,0,254.42,12.79
5326,treatment,desktop,0,169.23,77.57
8255,control,mobile,0,223.16,31.67
6397,treatment,desktop,0,251.21,68.37
777,control,desktop,1,255.29,35.45
5209,treatment,desktop,0,242.09,61.14
6209,treatment,desktop,0,212.62,20.92
2624,control,desktop,0,221.65,137.52
4359,treatment,desktop,0,225.24,55.04
10163,treatment,mobile,0,203.89,50.65
14883,treatment,tablet,1,163.11,28.23
8990,control,mobile,0,188.62,39.15
976,control,desktop,0,275.2,35.43
13821,control,tablet,0,209.23,29.8
4758,treatment,desktop,0,244.7,97.56
13780,control,tablet,0,262.38,29.97
7424,control,mobile,0,234.71,41.73
13846,control,tablet,0,218.38,106.16
13788,control,tablet,0,220.76,40.23
10890,treatment,mobile,0,141.46,65.7
10920,treatment,mobile,0,192.56,125.59
5822,treatment,desktop,0,246.91,28.0
5468,treatment,desktop,0,238.86,32.32
7665,control,mobile,0,185.63,23.97
14439,control,tablet,1,242.07,37.46
7753,control,mobile,1,186.17,29.01
2362,control,desktop,0,173.79,55.48
6660,control,mobile,0,190.86,30.67
5953,treatment,desktop,0,215.74,47.14
11998,treatment,mobile,0,252.51,73.44
10576,treatment,mobile,0,245.07,169.4
3492,treatment,desktop,0,206.9,47.03
6332,treatment,desktop,0,209.43,79.72
6413,control,mobile,0,205.8,50.99
15009,treatment,tablet,0,272.91,29.56
14326,control,tablet,0,178.82,49.64
7458,control,mobile,0,218.08,26.95
935,control,desktop,0,226.95,128.06
5976,treatment,desktop,1,219.99,30.66
10773,treatment,mobile,0,265.16,26.39
15434,treatment,tablet,0,223.15,47.04
14322,control,tablet,0,195.93,70.2
12635,treatment,mobile,0,169.14,56.63
10655,treatment,mobile,0,216.93,16.57
9285,control,mobile,0,226.75,36.98
1661,control,desktop,0,223.17,55.78
7782,control,mobile,0,217.45,33.5
3389,treatment,desktop,0,217.04,27.65
6698,control,mobile,0,177.74,15.64
8123,control,mobile,0,209.8,25.26
13541,treatment,mobile,0,252.68,32.1
2872,control,desktop,0,225.27,48.51
14489,control,tablet,1,213.21,41.33
13532,treatment,mobile,0,232.08,67.46
2664,control,desktop,0,212.45,40.55
7645,control,mobile,1,242.66,29.94
6054,treatment,desktop,0,188.69,48.95
12332,treatment,mobile,0,232.4,40.15
6080,treatment,desktop,0,197.65,61.56
11763,treatment,mobile,0,221.12,27.59
9209,control,mobile,0,233.28,160.23
3294,treatment,desktop,0,213.6,30.09
3312,treatment,desktop,0,215.62,37.65
14977,treatment,tablet,0,189.64,65.62
6845,control,mobile,0,280.05,36.51
3645,treatment,desktop,0,170.54,27.22
9645,control,mobile,0,206.94,76.67
7113,control,mobile,0,202.84,69.34
5311,treatment,desktop,0,207.16,79.47
3268,treatment,desktop,0,219.2,59.63
1258,control,desktop,0,209.13,46.3
14395,control,tablet,0,181.17,73.67
13003,treatment,mobile,0,230.52,24.14
8401,control,mobile,0,252.3,78.01
8257,control,mobile,0,190.78,30.42
2256,control,desktop,1,212.49,49.14
6565,control,mobile,0,198.99,22.25
1643,control,desktop,0,174.52,32.42
10287,treatment,mobile,0,231.55,101.52
5649,treatment,desktop,0,262.96,98.94
12127,treatment,mobile,0,186.93,56.03
8689,control,mobile,0,196.59,59.36
13337,treatment,mobile,0,194.19,151.42
8048,control,mobile,0,199.22,57.71
10110,treatment,mobile,0,230.81,33.76
7625,control,mobile,0,256.87,50.69
2638,control,desktop,1,228.79,67.29
4441,treatment,desktop,1,214.56,57.72
5077,treatment,desktop,0,246.08,25.66
9274,control,mobile,0,252.73,18.9
11543,treatment,mobile,0,217.95,142.27
15106,treatment,tablet,0,165.68,156.19
5507,treatment,desktop,0,204.03,102.65
9338,control,mobile,0,228.42,54.38
3770,treatment,desktop,0,196.2,40.21
1971,control,desktop,0,236.25,142.92
2508,control,desktop,1,190.83,88.8
9339,control,mobile,0,196.66,55.48
9326,control,mobile,0,226.8,72.49
5857,treatment,desktop,0,305.62,44.65
7840,control,mobile,0,261.63,42.23
2277,control,desktop,1,234.78,97.92
15122,treatment,tablet,0,201.3,43.31
12628,treatment,mobile,1,283.87,75.24
11370,treatment,mobile,0,272.29,25.9
12326,treatment,mobile,0,221.72,33.79
9430,control,mobile,0,194.33,18.22
3486,treatment,desktop,0,167.39,74.15
12286,treatment,mobile,0,186.63,112.57
6432,control,mobile,0,195.51,39.25
12575,treatment,mobile,0,209.1,105.72
10852,treatment,mobile,0,268.44,55.91
12645,treatment,mobile,0,214.1,40.03
841,control,desktop,0,156.36,27.58
6338,treatment,desktop,0,199.81,93.69
